song_id,artist_id,lyrics
593105,213513,"[Letra de ""Maldades"" ft. Seko El Real]

[Intro: D. Gómez]
No me digas tu edad, que no la quiero saber
Dime si quieres quedar, si me quieres ver
Que a mi ya me da igual si eres menor o mujer
Quiero poderte besar, te quiero joder

[Verso 1: D. Gómez]
No me digas tu edad, que no la quiero saber
Dime si quieres quedar, si me quieres ver
Que a mi ya me da igual si eres menor o mujer
Quiero poderte besar, te quiero joder
La estoy mirando, tiene la cara linda
Está goliendo así que no puede ser mu' niña pero no lo sé
La verdad parece un ángel pero yo que sé
Yo sólo pienso en maldades
Ella me mira, me dice que estoy heavy
Mami, lo que estoy es ready así que tráete el peri'
Está muy rica, ya no me aguanto más
Esta noche la voy a joder sin preguntar la edad
Se fuma el porro sin que te des ni cuenta
Se pone rayas que parecen la M-30
Dice que ya ha estado jodiendo con muchos antes que yo
¿Cómo va a ser una menor?

[Verso 2: Yung Beef]
Yo quiero estar contigo ombligo con ombligo
A ver cómo lo digo, mami, tú dame un motivo y me tiro (Oh-oh-oh)
La Mafia del Amor
Dile a la gatita que hoy estamos ready
La botella la consigue Daddy Sevi
La yerba está pestosa, huele heavy (Heavy)
Tírame la pista, Steve (Ah)
Estoy con las gatitas, perreando
'Tan hasta abajo, al demonio están despertando
Tenemo' a la competencia mamando
Los sellos están pujando mientras yo estoy empujando
Ja' me maten, las doy el jaque mate
Ese buyate e' ninety percent de aguacate (Tate)
Tu jevo e' coge cate, tú ya no le quieres como antes

[Refrán: Yung Beef]
Pichoncitos sólo saben piar (Uh)
Yo ya salí del nido, estoy sonando en PR
Las ratchets quieren coco, yo las pongo a esquiar (Azúcar)
Me da igual si tiene novio, yo la voy a hostilar (Argh)
Pichoncitos sólo saben piar (Uh)
Yo ya salí del nido, estoy sonando en PR
Las ratchets quieren coco, yo las pongo a esquiar (Azúcar)
Me da igual si tiene novio, yo la voy a hostilar (Argh)

[Verso 3: Khaled]
Qoli 3lash mshiti
Qoli 3lash khalitini
Mli kan fkar fik qalbi ki bkili
Lwalida kat qoli
Khaled shof kifesh weliti
Lwalida kat qoli Allah yhdik a wldi
T–T–'Toy fumando cheese
Tengo a las morillas poniéndose la mini
Y a to' esas gitanillas llamándome ""habibi""
Qoli 3lash mshiti
Qoli 3lash khalitini
Mli kan fkar fik qalbi ki bkili

[Verso 4: Seko El Real]
Hoy la clica está revoluciona'
Yo te traigo la mandanga que se escucha en la ciuda'
PXXR GVNG, La Mafia del Amor
Facturando con rap y bailando reggaetón
En la noche los gatos son to's pardos
Es lo mismo taxista que comisario
Si nos vemos por la Trap House de guateque
Delante de tu niño vas a salir perreando
Hoy la clica está revoluciona'
Yo te traigo la mandanga que se escucha en la ciuda'
PXXR GVNG, La Mafia del Amor
Facturando con rap y bailando reggaetón"
712823,213513,"[Letra de ""Los Foreign""]

[Intro: Khaled]
808 Mafia
Prra (808 Mafia)
Agreesive zebi
Yumas 7arragas ash gandek, jaja
Ay, ay, ay, ay, ay
C'est la—, c'est la classe
Jaja (Steve Lean)

[Verso 1: Khaled]
C'est la classe, moviendo placas
Tengo dijunas, tengo kahbas
Bodas gitanas cantando con patriarcas
Lléname la copa, Samara
Que mis pena' no se van con la ganja
Classic como la Tarara
Gitanas con pañuelo y moras con la chilaba
Mi pa'e es de Huelva, la mamá de Tánger
Al-Andalus mi raza, wallah pa' la Nujaila
'Toy con los Yumas y los harraga, cria'o con los tanjawas
C'e bon qualité, hardala
Hey mon frere, sir thawak
Aghi mkawed au au3andek y 3atek
'Toy con los Yumas y los harraga
Criao' con los tanjawas
C'e bon qualité, hardala
Hey mon frere, sir thawak
Aghi mkawed au au3andek y 3atek

[Verso 2: Cuban Bling]
0.3 por fifty (Prr)
Ibuprofeno y medio (Skrrt; 
808 Mafia
)
Tengo los días contados (Prr)
M y Jägermeister (Uh)
Necesito dormir (Skrrt), pero también vivir (Bang)
Lo mantengo en el joseo (Po-po-po-po)
Solo le vendo a guiri' (Bang)
Jodo con G's, no con MC's
Metido en el after, mi vida es un party (Prr)
Spanish skill, solo for cheese
Money over pussy, no te jodo gratis
Enamora'o de mí (Prr), tengo dónde elegir (Skrrt)
Si lo quieres OG (Po-po), llama a Cuban Bling (Po-po-po-po)

[Puente]
808 Mafia
808 Mafia

[Estribillo: Kaydy Cain]
Que no descanso tranquilo si no es en un coño como hace Lil Wayne
Tú te haces muy bien la tonta, pero vas a saber quién es Kaydy Cain
Hemos venido de fuera y me siento en mi casa, ahora todo va bien
Estás escuchando Los Yuma', Zafiros, PXXR GVNG
Que no descanso tranquilo si no es en un coño como hace Lil Wayne
Tú te haces muy bien la tonta, pero vas a saber quién es Kaydy Cain
Hemos venido de fuera y me siento en mi casa, ahora todo va bien
Estás escuchando Los Yuma', Zafiros, PXXR GVNG

[Verso 3: Yung Beef]
Esto e' Los Yuma' y yo soy el Seco
España, Cuba y Marrueco' (808 Mafia)
Están esperando a que me quite el chaleco
Y yo con su gata llenándole el hueco
Prrr, stick 'em, dando palo' 'esde los tiempo' de Paquito
Yo 'toy con Lo' Yuma', tu culero en ayuna'
Los nuestro' están nutri'o, loco, kilo' 'e aceituna'
Con las Puma, haciendo sumas
Follando djinunas, tu novia e' una digimona
Se lo echo en la besuna (Wuh), se lo echo en la—
Yuma'

[Estribillo: Kaydy Cain]
Que no descanso tranquilo si no es en un coño como hace Lil Wayne
Tú te haces muy bien la tonta, pero vas a saber quién es Kaydy Cain
Hemos venido de fuera y me siento en mi casa, ahora todo va bien
Estás escuchando Los Yuma', Zafiros, PXXR GVNG

[Verso 4: Papi Trujillo]
Lla-Lla-Llama la popo la snitch (La snitch)
E-En mi barrio se callan, for real (Snitch)
Si vienen los payos don't cry (Don't cry)
No-No-No se habla, no se vende hachís
Motherfucking Jay (Ey), están los birds
Ya no estamo' en eso, otros los van a mover (Prr)
A-A-Ahora estoy haciendo cheese (Cheese!)
To' sale bien porque money over bitch
Por eso las putas te traen el brick
Las ratchets están on my dick
Ya-Ya-Ya-Ya recargué el móvil pa' cerrar el deal
Los babalao' velando por mí
Tengo a los santos a mi vera (My nigga), my nigga
El dinero viene por la santera (Prr)
Virgencita de Altagracia, que me crucé la frontera

[Estribillo: Kaydy Cain]
Que no descanso tranquilo si no es en un coño como hace Lil Wayne (808 Mafia)
Tú te haces muy bien la tonta, pero vas a saber quién es Kaydy Cain
Hemos venido de fuera y me siento en mi casa, ahora todo va bien
Estás escuchando Los Yuma', Zafiros, PXXR GVNG"
529457,213513,"[Letra de ""PIMPIN""]

[Verso 1: Kaydy Cain]
Mucha clase en el ghetto, puedes verlo
Somos gitano' y nos juntamos con modelos
Créelo, tengo tus jevas en celo
Y aunque hablen mal de mí, yo las quiero
Tus ojos no sirven de na' si tu cerebro es ciego
Los pobres nacen con na' pero también sin miedo
Pienso pegarme, pero antes seguro que muero
Ya paso de josear, quiero ser rapero
Quiero viajar por el mundo entero
Solo volver al barrio, hacer llover dinero
Vamo' a robar a to' esos maricones
Y a comprar comida y ropa para los pobres

[Estribillo: Kaydy Cain]
No tengo nada, así que no pidas
No tengo nada, pero me busco la vida
No tengo nada y lo tengo to'
Me follo un culo valorado en un millón
No tengo nada, así que no pidas
No tengo nada, pero me busco la vida
No tengo nada y lo tengo to'
Me follo un culo valorado en un millón

[Refrán: Kaydy Cain]
Y es que yo quiero a tu mujer más que tú
Y ella me prefiere a mí, por mi actitud
¿Qué le voy a hacer si tengo el alma de Romeo?
Y le pongo una bachata mientras se lo meneo
Y es que yo quiero a tu mujer más que tú
Y ella me prefiere a mí, por mi actitud
¿Qué le voy a hacer si tengo el alma de Romeo?
Y le pongo una bachata mientras se lo meneo
Eso sí es rapero (Ja)

[Interludio: Yung Beef]
(Ah, ah) Yung Beef
Aye, you Biggie, what up?
Stevie, uh

[Verso 2: Yung Beef]
Ya no jodo con Jesucristo (Nah)
Al demonio le gusta como visto (Wah)
Yo quiero que se peleen, que haya conflicto (Uh)
Loco, te cojo un Winston
Con el conjuntillo rosa, Killa Cam (Deeper)
Yo estoy haciendo guita, lo que tú hagas me da igual ya (Swa')
El Khaled, el Dani, el Seco (PXXR GVNG)
Viviendo lo que tú no vas a vivir por mamahuevo (Mamahueish)
Lila, tú no puede' ser un salsero (Ay)
Si nunca has parti'o un par de panderos (Pa)
Si nunca has vendi'o uno entero (Hmm)
Esto es música pa' contar dinero (Count music)
Tengo a tu gatita ronroneando (Miau)
Con mi lana por el suelo, rodando (Uf)
'Tá empezando a llamarme Fernando (Oye)
De primera era guasa, ahora no sé, me está gustando
Porque a la verdad hace buenos deep throat
La estoy follando sin quitarle el gistro
Me pone crazy killa', negro gi'tro (Oh)
Le hago un par de fotito' sin filtro (Selfie)

[Verso 3: Khaled]
Quiero gritar ""socorro"" y me tapa la boca el demonio
Pero ahora, por lo menos, cuando pienso en ti no lloro
Pero ahora, por lo menos, cuando pasa la patrulla, no me escondo
Que to' lo que soñaba lo están viendo mi' ojo'
Ojalá que el que esté arriba se apiade de nosotros
عيينا من الخدمه
Pa' alguno' he toca'o cima, pa' otro' fondo
Decidme dónde pollas está el camino, que lo cojo
PXXR GVNG, no' vamo' a quedar con todo
Clocker' de Torro, aka Marlboro
Sabéis que cuando quiera os corto el rollo
Por eso tengo al triste en to'as las listas de moroso
Quiero quitarle a Booba el trono
Mama, no vo'a pisar más los calabozos"
2330474,213513,"[Letra de ""Nike Tiburon""]

[Intro]
COKE

[Verso 1: Khaled]
Nunca he teni'o trabajo, mi perfil no era legal
Siempre me paran los payo', puta, abuso policial (Ja)
Ahora soy famoso y me escuchan en to' la'o (Ouh)
Ahora soy famoso puta, I don't give a fuck
Real trap, Taker' y PXXR GVNG son familia
Yo vo'a morir tranquilo, tú muerto de envidia
Yo 'toy en la cima, pe'azo 'e lila (Lila)
No he mira'o pa'tras en mi vida, [?]

[Verso 2: Israel B & Yung Beef]
Me hago una L con una china de gramo (China de gramo)
Y si no lo pides, mi hermano, pues no te lo paso (No te lo paso)
Llevo los ojos china'os, como un Camboyano (Camboyano)
Acabo a palos con mis hermanos, por un par de calos (Por un par de palos)
Menos mal que tengo to' el día a mi lado al Marko (Al Marcos)
Porque si no ya no recuerdo ni como me llamo (Ni como me llamo)
Fuck that
La puta, la droga te va a matar (Te va a matar)
Como a mi primo Antonio, descanse en paz (Que descanse en paz)
Escupo esta mierda, pa' salir de esta mierda (Pa' salir de esta mierda)
Pa' cenar con tu paya y que no me invite ella (No me invite ella)
Mira mama, estoy single, no tengo novia (No tengo novia; you, los Taker'; los PXXR)
Mira mama estoy casa'o con la paranoia (Uh)

[Verso 3: Yung Beef]
Mami 'toy en el trap, y si rapeo es porque veo money (Cash)
Un joseador, na' que ve' a esos huevone'
Cocaína y cordones, las TN sin cordone' (Cordone')
Me la' han quita'o para que no me ahorque esos maricone'
Yo soy pobre pero si quiero algo lo cojo (A Taker)
Yo soy pobre como el fuckin' Chavo 'el 8 (Money maker)
Yo soy pobre pero hacemos fajos gordo' (Yeah)
Yo no corro puta, voy andando cojo (Ja)
A ti te han chapea'o, eres un pato laquea'o
Yo estoy fumando loud, damn, huele de exagera'o (Jaja)
Ten cuidado manin, como es que estás pega'o
Si no eres de los míos, keloke you talk about?, pussy

[Estribillo: Hakim]
Con las Nike Tiburón, a 200 en el León
Cortándole inyección, 2 kilos, fuckin' combustión
Con las Nike Tiburón, a 200 en el León
Cortándole inyección, 2 kilos, fuckin' combustión

[Verso 4: Kaydy Cain]
Encuéntrame en el trap, Kaydy Cain
Que viva El Chapo, free Gucci Mane
Encuentrame en tu casa con tu mujer
Mientras hablo de negocios me hace de comer (COKE)
Lo estoy vendiendo bien, lo estoy vendiendo fácil, easy
Y el disco está en la calle
Nos patrocina Puma como a Balotelli
Tu vives una movie, una peli
Te-Te-Tengo niños en la calle trabajando el beef
Te pisaron la cabeza, por fin
¿Cómo te atreves a tirarme? Si yo como de esto
Y ahora estamos más ballin' que en baloncesto

[Verso 5: Marko Italia]
Con 16 se me ahogaba el skipper en la pira
Tu mujer me funde el móvil, piensas que es mentira
Yo le doy gracias a Dios, por la vida que he lleva'o
Que en la vida he madrugado na' mas que pa' bajar al juzga'o
De esa vida me he quita'o, ¿no me ves que ya estoy calma'o?
Ahora quiero mi trabajo y mi mujer tenerla al la'o
Solo vacila de piquetes si estas en mi bando
Tú eres un sapo con las Gucci de contrabando
Menos mal que no soy guapo
Que aunque vacile de ser pobre a la que quiera me la cargo

[Estribillo: Hakim]
Con las Nike Tiburón, a 200 en el León
Cortandole inyección, 2 kilos, fuckin' combustión
Con las Nike Tiburón, a 200 en el León
Cortandole inyección, 2 kilos, fuckin' combustión"
494689,213513,"[Letra de ""Pxxrin""]

[Estribillo: Kaydy Cain & Yung Beef]
Sus beefeos me dan lache
Pero ya verás cuando te enganche
Te hacemos correr por tu calle
Hacemos bailar a las ratchet'
Tú quieres ser pobre sin faltarte na'
Yo quiero ser rico, pero soy PXXR GVNG
Las menore' quieren que seamos su' papá'
Sus padre' nos juran los muertos
Sus madre' nos quieren ver muertos
Porque las ponemo' a perrear en los conciertos (Skrrt, skrrt)
Somos los niños sin miedo
Somos los niños del medio

[Verso 1: Yung Beef]
Vamos a surtir, ya eso pa' que loki (Beefie)
El primer check-in y ya la cosa está apretá' (Ah)
Ya me la han querí'o jugar
Quiero irme bien lejos, donde no pueda' envidiarme (Na)
Nunca he deja'o de buscarme
Maricón, tú no eres calle (PXXR GVNG, baby)
Los más duro' en mi ciudad (Mi ciuda')
Y si voy pa' la tuya me lo tienes que mama'
La racheta está empapá'
La tenemo' haciendo twerk como si lo fuera a cobrar (Skii)
En la trap house una dispuesta siempre lo quiere cobrar
Di-Di-Dice que lo va a probar, pero no sabe si podrá (Ah)
Medio por el bollo y lo que quede por detrás (-Trá')
Y es que shorty, sabes que lo qué
Imagina que es 50 Cent
Dice que si se lo hacemos atrás, le va a entrar bien (Más bien, más bien)

[Interludio: Yung Beef]
Los más sweet
Los pobre', baby
El Dani, el Khaled
Yung Beef, baby

[Verso 2: Khaled]
Primo, ¿qué está' hablando?
Si pasa' al la'o mío y miras pa' abajo
Mientras tu novia me hace un gesto pa' que la llame en un rato
Me ha dicho que pa' que le dieras bien tiene' que pillar un gramo (Sahbo)
Yo me la llevo a perrea' y ya se está mordiendo los labios (Ay)
Pu-Puta, ¿qué está' hablando, a quién estás buscando?
Si voy sin camiseta y dando palmas por tu barrio
Me come la polla el más malo
Una semana en el Raval y parece que llevo do' año'
A mí me quieren en to' lado'
Los gypsies me dicen: ""Vente al cristo con lo' gitano'""
PXXR GVNG haciendo esto porque no hay trabajo

[Estribillo: Kaydy Cain]
Sus beefeos me dan lache
Pero ya verás cuando te enganche
Te hacemos correr por tu calle
Hacemos bailar a las ratchet'
Tú quieres ser pobre sin faltarte na'
Yo quiero ser rico, pero soy PXXR GVNG
Las menore' quieren que seamos su' papá'"
2250284,213513,"[Letra de ""Cigala""]

[Pre-Estribillo: Yung Beef]
Co-co-coca y marihuana, nos vamos de gala
Te convierto el club en una boda gitana
Tangos y fandangos, tirando de pala
Lléname de oro, puta, soy el Cigala
Lléname de oro, puta, soy el Cigala

[Estribillo: Yung Beef]
Coca y marihuana, puta, soy el Cigala
Bodas gitanas, puta, soy el Cigala
Tangos y fandangos, puta, soy el Cigala
Treinta cadenas, puta, soy el Cigala
La gigi mueve el chocho con lo' 808 (Ay)
La gigi mueve el chocho con lo' 808 (Ay)
La gigi mueve el chocho con lo' 808 (Ay)
La gigi mueve el chocho con lo' 808 (Skrrt)

[Verso 1: Khaled]
Mi pa'e es Camarón y mi ma'e Cleopatra
Me creo el Cigala, siempre voy en chándal
Aunque haya gala, voy a seguir dando palmas
Bailando sevillanas con las payas
¿Qué sus pasa? pa' arrancarme tiene que haber grasa
Toma loco, póntela en mi guitarra
Que verás como me parto la garganta
Corto el aire como la cachaba
Mama, no quiero más drama
Quiero una gitana que se llame Samara
Cantar como si fuera el Cigala
Hacer conciertos por el Almanjayar
Comprarle a toda la familia un plasma
Jawa, PXXR GVNG son los que chanan
Ata la jaca a la estaca que si no te la clavan, mama
Me voy a comprar una esclava
Y un cordón de oro con tu cara

[Verso 2: Yung Beef]
Lléname de oro, puta, soy el Cigala
La puta, gitana, la coca, Guatemala
Dice que la pongo mala, yallah yallah
Que la lleve al Caribe pa' una cala
Tera, mira, sonando en la carretera
No soy un cualquiera, tengo money en la cartera
Estamos en el party con la gigi má' santera
Me la suda si es casá' o soltera
Tengo sortijas, tengo cadenas
Tengo burro' y cocaína
Gano en la música, lo invierto en la esquina
Pa' que lo baile tu prima
Esa gitana llora lágrima' negra'
Cuando le digo que voy pa' la guerra
Esa gitana llora lágrima' negra'
Con lo' flamenco' armao' y de fiesta

[Estribillo: Yung Beef]
Coca y marihuana, puta, soy el Cigala
Bodas gitanas, puta, soy el Cigala
Tangos y fandangos, puta, soy el Cigala
Treinta cadenas, puta, soy el Cigala
La gigi mueve el chocho con lo' 808 (Ay)
La gigi mueve el chocho con lo' 808 (Ay)
La gigi mueve el chocho con lo' 808 (Ay)
La gigi mueve el chocho con lo' 808 (Skrrt)

[Verso 3: Kaydy Cain]
Que la chupe 2 Chainz, yo soy el Cigala
Llevo nueve cadenas y ninguna es mala
Undebel, qué bonita es la mañana
Salgo a la calle con los oros y en pijama
Las niñas me tocan las palmas, soy el Cigala
La coca me la traen a casa, soy el Cigala
La party dura 3 días, cantando alegrías
Que dios bendiga a la mama mía
Que la chupe 2 Chainz, yo soy el Cigala
Llevo 9 cadenas y ninguna es mala
Undebel, que bonita es la mañana
Salgo a la calle con los oros y en pijama

[Estribillo: Yung Beef]
Coca y marihuana, puta, soy el Cigala
Bodas gitanas, puta, soy el Cigala
Tangos y fandangos, puta, soy el Cigala
Treinta cadenas, puta, soy el Cigala
La gigi mueve el chocho con lo' 808 (Ay)
La gigi mueve el chocho con lo' 808 (Ay)
La gigi mueve el chocho con lo' 808 (Ay)
La gigi mueve el chocho con lo' 808 (Skrrt)"
4258162,213513,"[Letra de ""Ya Noi""]

[Intro: Yung Beef]
Uuuuuuh
Yeeeeeh
La Mafia del Amor, bebé

[Estribillo: Yung Beef]
No sé que ha pasa'o, me encantabas tantísimo (Oh)
Me pongo a pensarlo y me siento tontísimo (Oh)
Muchas veces me he pensa'o de irnos tu y yo lejísimos (Ah)
Ahora no quiero ni verte, porque me quedao loquísimo

No sé que ha pasa'o, me encantabas tantísimo (Oh)
Me pongo a pensarlo y me siento tontísimo (Bebé)
Muchas veces me he pensa'o de irnos tu y yo lejísimos
Ahora no quiero ni verte, porque me quedao loquísimo

[Puente: Yung Beef]
Uui, ya no
Me dejas traumatiza'o
Uuu, ya no
Dime mamasita que nos ha pasa'o
Uuu, ya no
Me siento destroza'o
Uuu, ya no

[Verso 1: Yung Beef]
Mami me pone loquísimo damn me lleva crazy
Yo tenía clarísimo que tú ibas a ser mi baby
Pero no se qué ha pasa'o, siento el corazón lazy
Sin ganas de quererte pero pienso en tí daily
Y a lo mejor a la vida le da el capricho
De tanto alejarnos acabamos en el mismo sitio
El mundo es redondo cabe posibilidad
Pero también cabe, que no nos volvamos a cruzar

[Estribillo: Yung Beef]
No sé que ha pasa'o, me encantabas tantísimo
Me pongo a pensarlo y me siento tontísimo
Muchas veces me he pensa'o de irnos tu y yo lejísimos
Ahora no quiero ni verte, porque me queda'o loquísimo

No sé que ha pasa'o, me encantabas tantísimo
Me pongo a pensarlo y me siento tontísimo
Muchas veces me he pensa'o de irnos tu y yo lejísimos
Ahora no quiero ni verte, porque me queda'o loquísimo

[Puente: Yung Beef]
Uui, ya no
Me dejas traumatiza'o
Uuu, ya noo
Dime mamasita que nos ha pasa'o
Uuu, ya noo
Me siento destrozado
Uuu, ya no

[Verso 2 (Kaydy Cain)]
Sí que has perdido el tiempo porque lo has pasao conmigo
Porque no he sabío' tratarte cómo te trata un amigo
Lo siento, lo siento
Que yo amo las mujeres y ahora soy reggaetonero
Cómo no voy a perrear si ahora hasta gano dinero
Lo siento, lo siento
Nunca he estado enamorado
Pero me gustabas demasiado
Ese culo era desproporcionado
A mi me tenía marcado
Tu culo claro que se ve por los lados
Parece que es de goma, ma' parece operado
Por eso tú te crees que me ibas a tener atado
Yo te pido perdon pero te has equivocado
Sí que has perdido el tiempo porque lo has pasao conmigo
Porque no he sabío' tratarte cómo te trata un amigo
Lo siento, lo siento
Que yo amo las mujeres y ahora soy reggaetonero
Cómo no voy a perrear si ahora hasta gano dinero
Lo siento, lo siento

[Estribillo: Yung Beef]
No sé que ha pasa'o, me encantabas tantísimo
Me pongo a pensarlo y me siento tontísimo
Muchas veces me he pensa'o de irnos tu y yo lejísimos
Ahora no quiero ni verte, porque me queda'o loquísimo

No sé que ha pasa'o, me encantabas tantísimo
Me pongo a pensarlo y me siento tontísimo
Muchas veces me he pensa'o de irnos tu y yo lejísimos
Ahora no quiero ni verte, porque me queda'o loquísimo

[Puente: Yung Beef]
Uui, ya no
Me dejas traumatiza'o
Uuu, ya noo
Dime mamasita que nos ha pasa'o
Uuu, ya noo
Me siento destrozado
Uuu, ya no

[Verso 3: Khaled]
De tenerte a no tenerte (Po)
Ahora estoy solo en mi sofá viendo la tele
Estoy arrepentío' por perderte
Estoy arrepentío' por echar a los que me quieren
Ya nadie viene a verme
A mi no hay quién me camele
Estoy triste aunque los días sean alegres
Que soy de carne y hueso porque hay cosas que me duelen
Acúerdate (?)

[Estribillo: Yung Beef]
No sé que ha pasa'o, me encantabas tantísimo
Me pongo a pensarlo y me siento tontísimo
Muchas veces me he pensa'o de irnos tu y yo lejísimos
Ahora no quiero ni verte, porque me queda'o loquísimo

No sé que ha pasa'o, me encantabas tantísimo
Me pongo a pensarlo y me siento tontísimo
Muchas veces me he pensa'o de irnos tu y yo lejísimos
Ahora no quiero ni verte, porque me queda'o loquísimo

[Puente: Yung Beef]
Uui, ya no
Me dejas traumatiza'o
Uuu, ya noo
Dime mamasita que nos ha pasa'o
Uuu, ya noo
Me siento destrozado
Uuu, ya no

[Outro]"
3959335,213513,"[Letra de ""Multiorgasmica""]

[Intro: Yung Beef]
Proud mama
'Tá pesá' (Pipo Beatz)
Oh, yeah, yo

[Pre-Estribillo: Kaydy Cain & Yung Beef]
Na' más que le he dado un par de besos
Después la he metío' la mano y ya lo tenía mojado (Dile, dile, yeah)
Al principio no me decía mucho
Pero en cuanto supe su secreto estaba enamorado (La Mafia del Amor)
Tuve que decirle al resto de la putas
Con las que quedaba que lo nuestro se ha acabado (¿Por qué?)
Oh, porque ahora

[Estribillo: Kaydy Cain & Yung Beef]
Mi gatita multiorgásmica
Ella es mi chica fantástica, mi puta multiorgásmica
La tuya va triste y vacía, es una puta plástica
La mía siempre va llena y encima es mucho más práctica (She's a bad bitch)
Mi gatita multiorgásmica
Ella es mi chica fantástica, mi puta multiorgásmica
La tuya va triste y vacía (Woah), es una puta plástica
La mía siempre va llena y encima es mucho más práctica (Oh-oh, yo)

[Verso 1: Yung Beef]
Mi gatita multiorgásmica (Ah-ah)
Se viene cuatro veces y si no le doy otra más me pone carita 'e lástima (Lástima, lástima)
Me tiene chingando hasta las seis de la mañana
En la cama es una sádica (Oh-oh; yao)
Y si no se lo hago bien, a la mañana está antipática
Mi gatita multiorgásmica (Oh-oh, oh-oh)
Mi gatita multiorgásmica (Oh-oh)
Mi gatita multiorgásmi—

[Verso 2: AC3]
La que se viene si le agarro las costillas
Yo sé que eso solo le hace más que cosquillas
Yo te juro que no hay muchas como esa
Ella se viene si le mamo las tetas
Dejando la cama mojá', oh
Every time we fuck, (Ey, mmm) every time we fuck
Le como el toto y la pongo a temblar
She keep going aunque le di (Wuh), yeah
Yo le doy hasta que no aguanta más (Duro)
She call me ""daddy"" y no soy su papá (Rubia, jajaja, mua; La Mafia del Amor)

[Estribillo: Kaydy Cain & Yung Beef]
Ella es mi chica fantástica, mi puta multiorgásmica
La tuya va triste y vacía, es una puta plástica
La mía siempre va llena y encima es mucho más práctica (She's a bad bitch)
Mi gatita multiorgásmica
Ella es mi chica fantástica, mi puta multiorgásmica
La tuya va triste y vacía (Woah), es una puta plástica
La mía siempre va llena y encima es mucho más práctica (Oh-oh; yo, she's a nympho)

[Verso 3: Khaled]
Yo quiero bailar contigo pegaíto' a tu cuerpo
Que bebamos to' la noche hasta que nos pongamos cerdos
Mami, yo quiero perrear hasta que nos partamos los huesos
Como sigas haciendo esto, te secuestro
Mami, tú vente conmigo, olvídate 'e los sentimientos
Si te llama tu marío' no le cojas el teléfono
Cuando estás conmigo siempre te dejo empapá'
Y cuando estás con el palomo nunca te sientes acabá'

[Pre-Estribillo: Kaydy Cain & Yung Beef]
Mi gatita multiorgásmica
Na' más que le he dado un par de besos
Después la he meti'o la mano y ya lo tenía mojado (Dile, dile, yeah)
Al principio no me decía mucho
Pero en cuanto supe su secreto estaba enamorado (La Mafia del Amor)
Tuve que decirle al resto de la putas
Con las que quedaba que lo nuestro se ha acabado (¿Por qué?)
Oh, porque ahora

[Estribillo: Kaydy Cain & Yung Beef]
Mi gatita multiorgásmica
Ella es mi chica fantástica, mi puta multiorgásmica
La tuya va triste y vacía, es una puta plástica
La mía siempre va llena y encima es mucho más práctica (She's a bad bitch)
Mi gatita multiorgásmica

[Outro: Yung Beef & Ms. Nina]
Ay, papi, dame más
Mi gatita multiorgásmica
Mi gatita multiorgásmica
Mi gatita multiorgásmica"
12388491,213513,"[Letra de ""Ruina""]

[Intro: Fernandezz]
La-La-La-La Vendicion, papi
Ah, ah-ah-ah-ah-ah-ah
Y es una ruina na' má' que tu padre ya no me quiera
Será que voy con traquetos que llevan tola y cadena'

[Estribillo: Fernandezz]
Porque (Baby) quizás tal ve' se fueran
Esos besito', mami, de malas maneras
Tal vez quizá' es que no quieras
Acordarte, mami, de esa bellaquera (Brr)

[Verso 1: Fernandezz]
Son grise' (Brr)
Esos ojitos hacen que me freeze (Uh-uh)
Mami tira tacón, Carolina Herrera
Modélame, Roberto Piquera' (Rrah)
Y mai, si no me quiere'
Dímelo ahora, quе yo tengo más mujere'
Dímеlo ahora que no estoy en el tra' (Tra')
Bellaqueamo' y te choco detrá' (Prr)
Y nos fugamo', baby, en Panamera
Cruzamo' frontera (Ah, ah, ah-ah)

[Verso 2: Yung Beef]
Son empresario' y traficantes, sus quedantes
Eso e' de nadie, tú conmigo va' a quedarte
Tú sabes, baby, rico vo'a tratarte
Y es que tú eres mía y de nadie más
Me mira', te leo
'Ta noche no te aguanto un fronteo
No quiere dinero
Esta noche solo quiere' un vaceo
Y soon, soon, ey, tú (Ja)
Ay, cómo mueve' esa chapita
Uh, es imposible que te resista'

[Estribillo: Fernandezz & Quevedo]
Porque quizá' tal ve' se fueran
Esos besito', mami, de malas maneras (Yeah)
Tal vez quizá' es que no quiera'
Acordarte, mami, de esa bellaquera

[Verso 3: Quevedo]
Tú eres mala, me tiene' en la ruina (Sí)
Comprándote Victoria y Carolina pa' ti (Ah-ah-ah)
Estas prenda' y este lujo, mami, aquí son gratis (Ey)
Si llama', llego rapi' pa' darte un plaki-plaki-plaki-plaki-plakito
Ese culito en la calle, mami, para el tránsito (Hmm)
Y tú me lo modelabas
Te comía el coochie mientras que tú cocinaba'
Si me encuentro a tu pai le digo que yo no sé nada de ti
Pero disculpe, caballero, déjeme serle sincero
Su hija no quiere poli, prefiere reggaetonero'
Que le escriban cancione' y la lleven pa' la disco
Que la tenga enganchá' por si alguien se pasa de listo
Es una ruina na' má' que tus padre' ya no me quieran
Será que voy con traquetos que llevan tola y cadena'

[Verso 4: Xiyo]
Mientras se me trepa, yo la toco, la toco, la toco
Su tota y su culo, la exploto, lo exploto
La llevo a lo oscuro mientras me la cojo, la cojo, la cojo
Dímelo ahora que no estoy en el tra'
Bellaqueamo' y te choco detrá'
Le di tan duro, que rompí el sofá
La Percocet y la puse a volar, y se puso mojá'
Y la di sin parar, la presión la puso a vibrar
Vente conmigo a la nave a volar
Ah-ah-ah (Vente conmigo a la nave a volar)

[Estribillo: Fernandezz & Quevedo]
Porque quizás tal ve' se fueran
Esos besito', mami, de malas maneras
Tal vez quizá' es que no quieras
Acordarte, mami, de esa bellaquera (Bellaquera, mami)

[Outro]
Pipo Beatz"
2419547,213513,"[Letra de ""No Es Por El Dinero""]

[Verso 1: M. Ramírez]
Nos criamos en la calle, donde nadie vale un cheli
Donde todo lo que pasa de esquina a esquina es la poli
Y si sales, no sabes lo que te depara
Cuando juegas en la calle no sabes con quién te casas
He vivido y he crecido con los míos hasta que la chiva entró como el desvío de un tiro en medio de la habitación
Con tu chica rogándome, que le estás dando a la pipa
Que haga algo con tu vida, que ella todavía confía
El Trece estaba esperando a Carlitos
Y le sacaron a tiritos, un dominico, por chivata
Ahora te das cuenta de lo que vale la vida
Ahora no me atracan pa' fumar crack en la pira
Fichando al narco, de las diez hasta las cuatro
Cuidando mi Colombia, viajando volvió sin mano
Nos arriesgamos a perderlo todo por un puñao' de jalleres
Apostamos por la única frontera de la calle
Yo soy rap de verdad, no me perdí esa clase
Ellos no son productores pero hacen base
Ahora sólo pido paz para los que se fueron
Desde el trece de la orden, allá donde mis canelos

[Estribillo: Marko Italia]
Dime qué está pasando, what's goin' on?
Chavales de mi edad en academias policiales
Dime qué está pasando, what's goin' on?
Los críos de mi barrio empotrándose en cristales

[Verso 2: Marko Italia]
Dime qué esta pasando, what's goin' on?
Soy Marvin, te estoy contando la situación
Este era yo hace quince años, antes de dar mil palos
Ahora ya estoy pegao', primo, y me he puesto un piano
Hablas de Chevy Impala
Mientras tu puta va contando por ahí que es de las caras
Se junta con mi banda, la reina de las arcadas
Si se cruza con tu clicka ni con 1000 euros la pagas (Marko Italia)
Tengo pendientes varios juicios, todos por tu vicio
Pero sigo vivo
Viendo desde arriba qué tristes sois tos' mis enemigos
Sumo y sigo
Y por mucho que te joda, maricón, he acabao' contigo

[Verso 3: Markés/Israel B]
Siempre voy en chándal como si me apellido Ruggiero
Y entro al evento sin mirar ni al portero
Porque sé dónde vengo, porque sé a dónde voy
Aunque no sé donde estaré mañana, sé dónde estoy hoy
Con OG's certificaos', pa' mi ganar está chupao'
He perdido diez kilos, tu bitch me está dejando chupao'
No es la droga aunque te joda
Yo en dos años, Singapur; tú, amoniaco en el carrete Kodak
Mami, sólo pienso en conseguir money
Como cuando estaba en la street con las running
Como cuando estaba en la street con el runner
Ahora ya ni tengo el runner, sólo planes, bitch
Sacar al booty a hacer millones, bitch
Hacerme rich, sólo pa' que tú lo veas, bitch
No te quiero prima pero te quiero partir
Multiplicar lo poco que teníamos, fácil like parchís

[Verso 4: Kaydy Cain]
Estamos cambiando el juego, eso es cierto
Pero no puedo dejar de decir ""lo siento""
Lo tiro al suelo por mis presos, por mis muertos
No salgo a la calle si no me ha da'o un beso
Yo estaba perdido en el callejón
Ahora ayudamos que otros salgan, esto es La Vendición
Tengo a las gatitas escuchando mi oración
Y tenemos a los menores haciendo otra canción
Hace dos años nunca había cogido un avión
Ahora tengo pasaporte y también un jet lag cabrón
Bendiciones, para la gente que se escucha mis canciones
Y quieren meterme preso aunque ya me haya quitado
Aunque tenga a mis hermanos trabajando en ese lado
Yo estoy con La Vendición, yo ya casi me he quitado
Ahora estoy ayudando a mis hermanos

[Verso 5: Khaled]
Estoy algare'
A mí no me quiere naide, sólo tengo la calle
Mi mae' enfadá' conmigo porque estoy hecho un desastre
Me ha dejao' hasta la parien', compa're
Si no has pasao' hambre, aquí no cabes
Que tú ni robabas ni vendías, te lo daban tus padres
Pa' qué tiraros beef, si al final to' se sabe
Al final mato a alguien
Que tengo puñalás' pero ninguna echa sangre

[Verso 6: Yung Beef]
Yo hace años lo juré, voy a vivir del cante
Me escribía cancioncillas pa' intentar buscarme
Escribía lo que veía cuando salía a buscarme
Estaba perdí'o, dando pena en la calle
Andé caminos que nunca debí de andar
Chingándome a demonias que nunca debí chingar
Le dí comida a falsos y no me arrepiento
Yo soy de barrio, yo vivo del sufrimiento
Y mama, que no es por el dinero
Porque con eso no se cura la penica que tenemos
Y mama, que no es por el orgullo
Que si los he mata'o es pa' poder decir a mi baby
Que to' esto es tuyo
Y mama, que no es por el dinero
Porque eso no nos cura la penica que tenemos
Y mama, que no es por el orgullo
Que es pa' decirle a mi hijo: ¿ves to' esto? Ahora es tuyo

[Estribillo: Marko Italia]
Dime qué está pasando, what's goin' on?
Chavales de mi edad en academias policiales
Dime qué está pasando, what's goin' on?
Los críos de mi barrio empotrándose en cristales"
2344482,213513,"[Letra de ""Tu Coño Es Mi Droga""]

[Coro: Kaydy Cain]
Tu coño es mi droga, tu coño es mi droga
Tu coño es mi droga, tu coño es mi droga
Tu coño es mi droga, tu coño es mi droga
Tu coño es mi droga, tu coño es mi droga
Tu coño es mi droga, tu coño es mi droga
Tu coño es mi droga, tu coño es mi droga
Tu coño es mi droga, tu coño es mi droga
Tu coño es mi droga, tu coño es mi droga
Tu coño es mi droga, tu coño es mi droga
Tu coño es mi droga, tu coño es mi droga
Tu coño es mi droga, tu coño es mi droga
Tu coño es mi droga, tu coño es mi droga
Tu coño es mi droga, tu coño es mi droga
Tu coño es mi droga, tu coño es mi droga
Tu coño es mi droga, tu coño es mi droga
Tu coño es mi droga, tu coño es mi droga

[Verso 1: Yung Beef]
Tu coño es mi droga, tengo baking soda (Skrrt)
Vamo' a cocinar to' eso mamá, vamo' a hacer dollar
Me tiene jukiao como pajarico
Me tiene engancha'o como Paco al pico
Te entro con otro tema pero tú sa'e quiero droga
En la mirada me se nota, yo lo que quiero es tota
Tu coño me produce fucking drogadicción
Quiero darte duro a toa's horas
Hold up, tu coño es mi droga

[Coro: Kaydy Cain]
Tu coño es mi droga, tu coño es mi droga
Tu coño es mi droga, tu coño es mi droga
Tu coño es mi droga, tu coño es mi droga
Tu coño es mi droga, tu coño es mi droga
Tu coño es mi droga, tu coño es mi droga
Tu coño es mi droga, tu coño es mi droga
Tu coño es mi droga, tu coño es mi droga
Tu coño es mi droga, tu coño es mi droga
Tu coño es mi droga, tu coño es mi droga
Tu coño es mi droga, tu coño es mi droga
Tu coño es mi droga, tu coño es mi droga
Tu coño es mi droga, tu coño es mi droga
Tu coño es mi droga, tu coño es mi droga
Tu coño es mi droga, tu coño es mi droga
Tu coño es mi droga, tu coño es mi droga
Tu coño es mi droga, tu coño es mi droga

[Verso 2: Kaydy Cain]
Tu coño es mi droga, me chupa la polla hasta que se ahoga
La unto el toto en momo y se lo chupo
Soy un cliente fijo, siempre me da mucho
Porque sabe que no voy a fallar
Que la voy a follar, que la voy a hacer gozar, aah, aah (Aaah)

[Puente: Kaydy Cain]
Si ella lo mueve tiembla el suelo, estoy enganchado
Si me la chupa veo el cielo, estoy enganchado
Y es que yo no sé, qué tengo que hacer pa' quitarme sin enloquecer
Si ella lo mueve tiembla el suelo, estoy enganchado
Si me la chupa veo el cielo, estoy enganchado
Y es que yo no sé, qué tengo que hacer pa' quitarme sin enloquecer

[Coro: Kaydy Cain]
Tu coño es mi droga, tu coño es mi droga
Tu coño es mi droga, tu coño es mi droga
Tu coño es mi droga, tu coño es mi droga
Tu coño es mi droga, tu coño es mi droga
Tu coño es mi droga, tu coño es mi droga
Tu coño es mi droga, tu coño es mi droga
Tu coño es mi droga, tu coño es mi droga
Tu coño es mi droga, tu coño es mi droga
Tu coño es mi droga, tu coño es mi droga
Tu coño es mi droga, tu coño es mi droga
Tu coño es mi droga, tu coño es mi droga
Tu coño es mi droga, tu coño es mi droga
Tu coño es mi droga, tu coño es mi droga
Tu coño es mi droga, tu coño es mi droga
Tu coño es mi droga, tu coño es mi droga
Tu coño es mi droga, tu coño es mi droga"
696120,213513,"[Letra de ""La Disco Resplandece""]

[Intro: Sergi Gil]
La disco está caliente
Subele a la música pa' esas nenas que se mueven
Si me ves en la disco yo te digo que lo intentes
No pienses que soy cómo el resto de la gente

[Coro: Sergi Gil]
Yo no sé que pasó, pero la disco resplandece
Cuando llega esa mujer, con su cuerpo de indecente
Yo no sé que pasó, pero la disco resplandece

[Verso 1: Yung Beef]
A ella le gusta el roneo (Uhh)
Le gusta el trambolikeo (Ay-Ay-Ay-Ay)
Y yo que bien me veo
Que me veo que la voy a tirar
Y si yo te tiro ma'i, no tienes choice
Nos vamos pa' mi cama a despertar al demonio
Y hasta las mallas ya la tienes moist
Solo maldades, mami, nada de matrimonio

[Verso 2: Unai Sanchez]
Quiere que la llame, que le compre un par de rosas
Ella es diferente, ella pa' mí es otra cosa
De todas las niñas ella es la más hermosa
Tranquila, mi niña, no te pongas celosa
Llego a la disco y te veo con tus amigas
Tú eres la más linda, no hace falta que lo diga
Vente conmigo en esta noche prohibida
Te voy a hacer mía, mami, no to cohíbas

[Coro: Sergi Gil]
Yo no sé que pasó, pero la disco resplandece
Cuando llega esa mujer, con su cuerpo de indecente
Yo no sé que pasó, pero la disco resplandece

[Verso 3: Kaydy Cain]
No me importa si ella es gorda o flaca
No me importa si ella es guapa o fea
A mí me importa como ella lo baila
A mí me importa como lo menea
No me importa si ella es gorda o flaca
No me importa si ella es guapa o fea
A mí me importa como ella lo baila
A mí me importa como lo menea
En la discoteca, buscando a la que mejor se mueva
No me importa si ella es guapa o si es fea
Sólo quiero que parta la biela
Que tengo a las bonitas en espera
Porque estoy perreando a la fea
Que cuando lo mueve tiembla la Tierra
Por eso estoy perreando a la fea

[Coro: Sergi Gil]
Yo no sé qué pasó, pero la disco resplandece
Cuando llega esa mujer, con su cuerpo de indecente
Yo no sé qué pasó, pero la disco resplandece

[Verso 4: Khaled]
Yo ya no voy detrás del queso, ya no vendo
Mis contactos llorando porque me he salio' del gremio
Las payas de mi barrio echándome de menos
Y la mía dice que soy un cerdo
Mami, lo siento, te juro que el dinero ya no viene del joseo
Te lo prometo, si no estás tú en la disco no perreo
Mami, dime si te espero
Quiero comerte entera, hasta chuparme los de'os
Vamos a vivir bien, porque nos lo merecemos
Que yo ya no voy detrás del queso, ya no vendo
Voy a darle a tu madre veinte nietos
Te voy a comprar un Mercedes pa' que me saques del ghetto
Mami muévelo

[Coro: Sergi Gil]
Yo no sé que pasó, pero la disco resplandece
Cuando llega esa mujer, con su cuerpo de indecente
Yo no sé que pasó, pero la disco resplandece"
593105,654902,"[Letra de ""Maldades"" ft. Seko El Real]

[Intro: D. Gómez]
No me digas tu edad, que no la quiero saber
Dime si quieres quedar, si me quieres ver
Que a mi ya me da igual si eres menor o mujer
Quiero poderte besar, te quiero joder

[Verso 1: D. Gómez]
No me digas tu edad, que no la quiero saber
Dime si quieres quedar, si me quieres ver
Que a mi ya me da igual si eres menor o mujer
Quiero poderte besar, te quiero joder
La estoy mirando, tiene la cara linda
Está goliendo así que no puede ser mu' niña pero no lo sé
La verdad parece un ángel pero yo que sé
Yo sólo pienso en maldades
Ella me mira, me dice que estoy heavy
Mami, lo que estoy es ready así que tráete el peri'
Está muy rica, ya no me aguanto más
Esta noche la voy a joder sin preguntar la edad
Se fuma el porro sin que te des ni cuenta
Se pone rayas que parecen la M-30
Dice que ya ha estado jodiendo con muchos antes que yo
¿Cómo va a ser una menor?

[Verso 2: Yung Beef]
Yo quiero estar contigo ombligo con ombligo
A ver cómo lo digo, mami, tú dame un motivo y me tiro (Oh-oh-oh)
La Mafia del Amor
Dile a la gatita que hoy estamos ready
La botella la consigue Daddy Sevi
La yerba está pestosa, huele heavy (Heavy)
Tírame la pista, Steve (Ah)
Estoy con las gatitas, perreando
'Tan hasta abajo, al demonio están despertando
Tenemo' a la competencia mamando
Los sellos están pujando mientras yo estoy empujando
Ja' me maten, las doy el jaque mate
Ese buyate e' ninety percent de aguacate (Tate)
Tu jevo e' coge cate, tú ya no le quieres como antes

[Refrán: Yung Beef]
Pichoncitos sólo saben piar (Uh)
Yo ya salí del nido, estoy sonando en PR
Las ratchets quieren coco, yo las pongo a esquiar (Azúcar)
Me da igual si tiene novio, yo la voy a hostilar (Argh)
Pichoncitos sólo saben piar (Uh)
Yo ya salí del nido, estoy sonando en PR
Las ratchets quieren coco, yo las pongo a esquiar (Azúcar)
Me da igual si tiene novio, yo la voy a hostilar (Argh)

[Verso 3: Khaled]
Qoli 3lash mshiti
Qoli 3lash khalitini
Mli kan fkar fik qalbi ki bkili
Lwalida kat qoli
Khaled shof kifesh weliti
Lwalida kat qoli Allah yhdik a wldi
T–T–'Toy fumando cheese
Tengo a las morillas poniéndose la mini
Y a to' esas gitanillas llamándome ""habibi""
Qoli 3lash mshiti
Qoli 3lash khalitini
Mli kan fkar fik qalbi ki bkili

[Verso 4: Seko El Real]
Hoy la clica está revoluciona'
Yo te traigo la mandanga que se escucha en la ciuda'
PXXR GVNG, La Mafia del Amor
Facturando con rap y bailando reggaetón
En la noche los gatos son to's pardos
Es lo mismo taxista que comisario
Si nos vemos por la Trap House de guateque
Delante de tu niño vas a salir perreando
Hoy la clica está revoluciona'
Yo te traigo la mandanga que se escucha en la ciuda'
PXXR GVNG, La Mafia del Amor
Facturando con rap y bailando reggaetón"
4258162,654902,"[Letra de ""Ya Noi""]

[Intro: Yung Beef]
Uuuuuuh
Yeeeeeh
La Mafia del Amor, bebé

[Estribillo: Yung Beef]
No sé que ha pasa'o, me encantabas tantísimo (Oh)
Me pongo a pensarlo y me siento tontísimo (Oh)
Muchas veces me he pensa'o de irnos tu y yo lejísimos (Ah)
Ahora no quiero ni verte, porque me quedao loquísimo

No sé que ha pasa'o, me encantabas tantísimo (Oh)
Me pongo a pensarlo y me siento tontísimo (Bebé)
Muchas veces me he pensa'o de irnos tu y yo lejísimos
Ahora no quiero ni verte, porque me quedao loquísimo

[Puente: Yung Beef]
Uui, ya no
Me dejas traumatiza'o
Uuu, ya no
Dime mamasita que nos ha pasa'o
Uuu, ya no
Me siento destroza'o
Uuu, ya no

[Verso 1: Yung Beef]
Mami me pone loquísimo damn me lleva crazy
Yo tenía clarísimo que tú ibas a ser mi baby
Pero no se qué ha pasa'o, siento el corazón lazy
Sin ganas de quererte pero pienso en tí daily
Y a lo mejor a la vida le da el capricho
De tanto alejarnos acabamos en el mismo sitio
El mundo es redondo cabe posibilidad
Pero también cabe, que no nos volvamos a cruzar

[Estribillo: Yung Beef]
No sé que ha pasa'o, me encantabas tantísimo
Me pongo a pensarlo y me siento tontísimo
Muchas veces me he pensa'o de irnos tu y yo lejísimos
Ahora no quiero ni verte, porque me queda'o loquísimo

No sé que ha pasa'o, me encantabas tantísimo
Me pongo a pensarlo y me siento tontísimo
Muchas veces me he pensa'o de irnos tu y yo lejísimos
Ahora no quiero ni verte, porque me queda'o loquísimo

[Puente: Yung Beef]
Uui, ya no
Me dejas traumatiza'o
Uuu, ya noo
Dime mamasita que nos ha pasa'o
Uuu, ya noo
Me siento destrozado
Uuu, ya no

[Verso 2 (Kaydy Cain)]
Sí que has perdido el tiempo porque lo has pasao conmigo
Porque no he sabío' tratarte cómo te trata un amigo
Lo siento, lo siento
Que yo amo las mujeres y ahora soy reggaetonero
Cómo no voy a perrear si ahora hasta gano dinero
Lo siento, lo siento
Nunca he estado enamorado
Pero me gustabas demasiado
Ese culo era desproporcionado
A mi me tenía marcado
Tu culo claro que se ve por los lados
Parece que es de goma, ma' parece operado
Por eso tú te crees que me ibas a tener atado
Yo te pido perdon pero te has equivocado
Sí que has perdido el tiempo porque lo has pasao conmigo
Porque no he sabío' tratarte cómo te trata un amigo
Lo siento, lo siento
Que yo amo las mujeres y ahora soy reggaetonero
Cómo no voy a perrear si ahora hasta gano dinero
Lo siento, lo siento

[Estribillo: Yung Beef]
No sé que ha pasa'o, me encantabas tantísimo
Me pongo a pensarlo y me siento tontísimo
Muchas veces me he pensa'o de irnos tu y yo lejísimos
Ahora no quiero ni verte, porque me queda'o loquísimo

No sé que ha pasa'o, me encantabas tantísimo
Me pongo a pensarlo y me siento tontísimo
Muchas veces me he pensa'o de irnos tu y yo lejísimos
Ahora no quiero ni verte, porque me queda'o loquísimo

[Puente: Yung Beef]
Uui, ya no
Me dejas traumatiza'o
Uuu, ya noo
Dime mamasita que nos ha pasa'o
Uuu, ya noo
Me siento destrozado
Uuu, ya no

[Verso 3: Khaled]
De tenerte a no tenerte (Po)
Ahora estoy solo en mi sofá viendo la tele
Estoy arrepentío' por perderte
Estoy arrepentío' por echar a los que me quieren
Ya nadie viene a verme
A mi no hay quién me camele
Estoy triste aunque los días sean alegres
Que soy de carne y hueso porque hay cosas que me duelen
Acúerdate (?)

[Estribillo: Yung Beef]
No sé que ha pasa'o, me encantabas tantísimo
Me pongo a pensarlo y me siento tontísimo
Muchas veces me he pensa'o de irnos tu y yo lejísimos
Ahora no quiero ni verte, porque me queda'o loquísimo

No sé que ha pasa'o, me encantabas tantísimo
Me pongo a pensarlo y me siento tontísimo
Muchas veces me he pensa'o de irnos tu y yo lejísimos
Ahora no quiero ni verte, porque me queda'o loquísimo

[Puente: Yung Beef]
Uui, ya no
Me dejas traumatiza'o
Uuu, ya noo
Dime mamasita que nos ha pasa'o
Uuu, ya noo
Me siento destrozado
Uuu, ya no

[Outro]"
3959335,654902,"[Letra de ""Multiorgasmica""]

[Intro: Yung Beef]
Proud mama
'Tá pesá' (Pipo Beatz)
Oh, yeah, yo

[Pre-Estribillo: Kaydy Cain & Yung Beef]
Na' más que le he dado un par de besos
Después la he metío' la mano y ya lo tenía mojado (Dile, dile, yeah)
Al principio no me decía mucho
Pero en cuanto supe su secreto estaba enamorado (La Mafia del Amor)
Tuve que decirle al resto de la putas
Con las que quedaba que lo nuestro se ha acabado (¿Por qué?)
Oh, porque ahora

[Estribillo: Kaydy Cain & Yung Beef]
Mi gatita multiorgásmica
Ella es mi chica fantástica, mi puta multiorgásmica
La tuya va triste y vacía, es una puta plástica
La mía siempre va llena y encima es mucho más práctica (She's a bad bitch)
Mi gatita multiorgásmica
Ella es mi chica fantástica, mi puta multiorgásmica
La tuya va triste y vacía (Woah), es una puta plástica
La mía siempre va llena y encima es mucho más práctica (Oh-oh, yo)

[Verso 1: Yung Beef]
Mi gatita multiorgásmica (Ah-ah)
Se viene cuatro veces y si no le doy otra más me pone carita 'e lástima (Lástima, lástima)
Me tiene chingando hasta las seis de la mañana
En la cama es una sádica (Oh-oh; yao)
Y si no se lo hago bien, a la mañana está antipática
Mi gatita multiorgásmica (Oh-oh, oh-oh)
Mi gatita multiorgásmica (Oh-oh)
Mi gatita multiorgásmi—

[Verso 2: AC3]
La que se viene si le agarro las costillas
Yo sé que eso solo le hace más que cosquillas
Yo te juro que no hay muchas como esa
Ella se viene si le mamo las tetas
Dejando la cama mojá', oh
Every time we fuck, (Ey, mmm) every time we fuck
Le como el toto y la pongo a temblar
She keep going aunque le di (Wuh), yeah
Yo le doy hasta que no aguanta más (Duro)
She call me ""daddy"" y no soy su papá (Rubia, jajaja, mua; La Mafia del Amor)

[Estribillo: Kaydy Cain & Yung Beef]
Ella es mi chica fantástica, mi puta multiorgásmica
La tuya va triste y vacía, es una puta plástica
La mía siempre va llena y encima es mucho más práctica (She's a bad bitch)
Mi gatita multiorgásmica
Ella es mi chica fantástica, mi puta multiorgásmica
La tuya va triste y vacía (Woah), es una puta plástica
La mía siempre va llena y encima es mucho más práctica (Oh-oh; yo, she's a nympho)

[Verso 3: Khaled]
Yo quiero bailar contigo pegaíto' a tu cuerpo
Que bebamos to' la noche hasta que nos pongamos cerdos
Mami, yo quiero perrear hasta que nos partamos los huesos
Como sigas haciendo esto, te secuestro
Mami, tú vente conmigo, olvídate 'e los sentimientos
Si te llama tu marío' no le cojas el teléfono
Cuando estás conmigo siempre te dejo empapá'
Y cuando estás con el palomo nunca te sientes acabá'

[Pre-Estribillo: Kaydy Cain & Yung Beef]
Mi gatita multiorgásmica
Na' más que le he dado un par de besos
Después la he meti'o la mano y ya lo tenía mojado (Dile, dile, yeah)
Al principio no me decía mucho
Pero en cuanto supe su secreto estaba enamorado (La Mafia del Amor)
Tuve que decirle al resto de la putas
Con las que quedaba que lo nuestro se ha acabado (¿Por qué?)
Oh, porque ahora

[Estribillo: Kaydy Cain & Yung Beef]
Mi gatita multiorgásmica
Ella es mi chica fantástica, mi puta multiorgásmica
La tuya va triste y vacía, es una puta plástica
La mía siempre va llena y encima es mucho más práctica (She's a bad bitch)
Mi gatita multiorgásmica

[Outro: Yung Beef & Ms. Nina]
Ay, papi, dame más
Mi gatita multiorgásmica
Mi gatita multiorgásmica
Mi gatita multiorgásmica"
696120,654902,"[Letra de ""La Disco Resplandece""]

[Intro: Sergi Gil]
La disco está caliente
Subele a la música pa' esas nenas que se mueven
Si me ves en la disco yo te digo que lo intentes
No pienses que soy cómo el resto de la gente

[Coro: Sergi Gil]
Yo no sé que pasó, pero la disco resplandece
Cuando llega esa mujer, con su cuerpo de indecente
Yo no sé que pasó, pero la disco resplandece

[Verso 1: Yung Beef]
A ella le gusta el roneo (Uhh)
Le gusta el trambolikeo (Ay-Ay-Ay-Ay)
Y yo que bien me veo
Que me veo que la voy a tirar
Y si yo te tiro ma'i, no tienes choice
Nos vamos pa' mi cama a despertar al demonio
Y hasta las mallas ya la tienes moist
Solo maldades, mami, nada de matrimonio

[Verso 2: Unai Sanchez]
Quiere que la llame, que le compre un par de rosas
Ella es diferente, ella pa' mí es otra cosa
De todas las niñas ella es la más hermosa
Tranquila, mi niña, no te pongas celosa
Llego a la disco y te veo con tus amigas
Tú eres la más linda, no hace falta que lo diga
Vente conmigo en esta noche prohibida
Te voy a hacer mía, mami, no to cohíbas

[Coro: Sergi Gil]
Yo no sé que pasó, pero la disco resplandece
Cuando llega esa mujer, con su cuerpo de indecente
Yo no sé que pasó, pero la disco resplandece

[Verso 3: Kaydy Cain]
No me importa si ella es gorda o flaca
No me importa si ella es guapa o fea
A mí me importa como ella lo baila
A mí me importa como lo menea
No me importa si ella es gorda o flaca
No me importa si ella es guapa o fea
A mí me importa como ella lo baila
A mí me importa como lo menea
En la discoteca, buscando a la que mejor se mueva
No me importa si ella es guapa o si es fea
Sólo quiero que parta la biela
Que tengo a las bonitas en espera
Porque estoy perreando a la fea
Que cuando lo mueve tiembla la Tierra
Por eso estoy perreando a la fea

[Coro: Sergi Gil]
Yo no sé qué pasó, pero la disco resplandece
Cuando llega esa mujer, con su cuerpo de indecente
Yo no sé qué pasó, pero la disco resplandece

[Verso 4: Khaled]
Yo ya no voy detrás del queso, ya no vendo
Mis contactos llorando porque me he salio' del gremio
Las payas de mi barrio echándome de menos
Y la mía dice que soy un cerdo
Mami, lo siento, te juro que el dinero ya no viene del joseo
Te lo prometo, si no estás tú en la disco no perreo
Mami, dime si te espero
Quiero comerte entera, hasta chuparme los de'os
Vamos a vivir bien, porque nos lo merecemos
Que yo ya no voy detrás del queso, ya no vendo
Voy a darle a tu madre veinte nietos
Te voy a comprar un Mercedes pa' que me saques del ghetto
Mami muévelo

[Coro: Sergi Gil]
Yo no sé que pasó, pero la disco resplandece
Cuando llega esa mujer, con su cuerpo de indecente
Yo no sé que pasó, pero la disco resplandece"
7560503,2842692,"[Letra de ""Cayó La Noche (Remix)"" ft. Cruz Cafuné, Abhir Hathi, Bejo, EL IMA]

[Intro: EL IMA, La Pantera & Juseph]
This is the motherfucking remix
BDP Music, mami
Este es el remix, baby
Pow, pow
Si no se acuerda no pasó, ese es su lema
Trajo una botella para ahogar las pena'
Su amiguita pa' to's la'os la acompaña
Hace tiempo que por hombres no se raya

[Pre-Estribillo: La Pantera]
Si no se acuerda no pasó, pero esta vez se arrebató
Se puso pa' la vuelta cuando la noche cayó
Baby, ahora no digas que no que tú ya sabes quiénes somos, seh
Y este remix es pa' que el booty te bote solo, mai

[Estribillo: Quevedo & Bejo]
Ya cayó la noche
Las gatas se bajaron del coche, ahora toca pecar
Hace que no me conoce (Eh-eh)
Y me la imagino en mil poses al verla bailar
Por eso cuando lo hacemos ella se viene y rápido se va (El Bejote)
Quiere estar conmigo y a la misma vez no estar amarrá' (Wow, woh)

[Verso 1: Bejo & La Pantera]
Ella se prende como la pinocha
Las flores que le regalaron se pusieron pochas
Con su cora jugaron como quien juega a las bochas
Por eso es que conmigo en la noche se desabrocha el
Pantalón, botón por botón
Ese booty bom-bom, tú me tienes tonto
Escándalo, escoge su posición
Si la vuelvo a probar voy a acabar con una adicción (¿Qué será?)
¿Será que tiene un cuerpo de delito? (Quizá)
Por ti me estoy volviendo pajarito (No má')
Loco con tus teta', con tu totito
Tú lo tienes todo tan bonito, ¿me explico?
Woh-woh, tú no estás buena, estás buenísima (Yeah)
No te hagas la difícil, esto es easy, ma' (Woh)
En la intimidad no eras tan tímida (Ey)
Loquísima, mmm

[Verso 2: La Pantera]
Volvió a caer la noche y quiere que se repita
Pusimos las luces rojas a juego con sus nalguitas
Y, baby, yo sé que ya tú estabas maldita
Al momento lo pensé: ""Imposible que sea buena estando tan rica""
Eran mil poses diferentes pero baby, dale, ven
Que voy a ponerte en hora cuando te meta el Big Ben
Uh, arrebatá' en una Cayenne
Es de las que siempre se porta mal pero te lo mama bien
Y baby, yo no sé tú, pero yo estoy bien piquetú
Y me entraron ganas de verte ese culo hijo 'e la gran pu
Es tremenda bellaca, se transforma ca' vez que apaga la luz

[Verso 3: Abhir Hathi]
La nueva de Las Palmas
No quieres pleito con la ganga, no
Por si quedas mancha'o como dálmata
Blanquita, se camufla entre las sábanas
No quiere estar amarrá' pero le gusta que la amarren
Aburrí'a de la isla, ven, mami, te meto un viaje
No quiere cenar conmigo, pero sí hacer de to' (Oh-oh-oh)
Y distraer al conductor
Vo'a tener que reclinar el asiento 'el copiloto en el Corolla
Pídeme to' lo que pienses cuando estás sola
Pon la playlist ""Malianteo"" mientras me montas
Te gusta escuchar Anuel pa' entrar en la zona (Eh, wow)
Y te gustan exóticos por lo que veo (Yeah)
Y góticas culonas, baby, yo te entiendo (Yeah)
Tienes tu par de fetiches, flaca, yo me presto (What?)
Díselo, Quevedo

[Estribillo: Quevedo & Cruz Cafuné]
Ya cayó la noche
Las gatas se bajaron del coche, ahora toca pecar
Hace que no me conoce (Eh-eh)
Y me la imagino en mil poses al verla bailar (Yeah, Cruzzi)
Por eso cuando lo hacemos ella se viene y rápido se va (922, 928, yeah)
Quiere estar conmigo y a la misma vez no estar amarrá'

[Verso 4: Cruz Cafuné]
Me hizo un amarre con esas nalgotas
No hace falsete y le sube la nota
Tanga XS, le aprieta la tota
No quiere un bobo que fume cachimba en el Sota
Si no jangueo con una en el Q1
Fumando de camino pa'l Batán
Paramo' en lo oscuro, entre risas y humo
Podemos notar la complicidad
Mami, logras que me azore
Cuando lo mueves llevando esos shortes
Hotel cinco estrella' en las islas Azores
Pichó a las demás como en ligas mayores
Ya cayó la noche, estamos golfos
Cuando se lo desabrocho me hace un ocho
Dios bendiga a mi suegra por tenerte
Qué prontito llegó el día de mi suerte
(Izak, de vuelta al perreo)

[Verso 5: Juseph]
No estudia en Las Encinas pero, papi, ella es la élite (Tra)
No quiero hijos pero sirvo pa' que practique'
Ponte contra la pared, quiere un polvo y le doy tres (Tres)
La pongo a estirar las piernas como en el ballet
Carita de Kendall, el culo de Kylie
Con una actitud demoledora como Miley
Le rezo a ese culo y yo antes era ateo
Acabo 'e salir 'e la discoteca, qué mareo (Tra, tra, tra, tra, tra)
Porque me subió la nota, casi no te veo
Quiero ve' en persona lo que mandaste en video
Avisa a tu novio que esta noche te retrasas
Rompimos la cama, menos mal que no es mi casa (Seh, seh, eh)

[Verso 6: EL IMA]
Ya cayó la noche y yo soy una gárgola
De noche salimos pa' resolver, del carro pa'l hotel
Nadie me verá en la calle (Pow), a no ser un cartel (Jaja)
Contigo me pongo firme como si fuera el cuartel
Si nos desvestimos se le nota la maldad (Oh-oh; oh-oh)
Cómo es en realidad, 'tá puesta pa' pecar (Ah-ah-ah; oh-oh)
Y lo hicimo', pusimo' una serie y ni la vimo' (Pow; oh-oh)
Es que lo de nosotros, mami, es una serie aparte (Plo, plo; oh-oh-oh)
Yo quiero disfrutarte los capítulos por parte' (Oh-oh-oh; eh-eh-eh)
Solo quiere conmigo, por eso no me comparte (Oh-oh-oh)
Pero solo de la cama es que quiere amarrarse, yeah-yeah (Oh-oh-oh)

[Estribillo: EL IMA]
Ya cayó la noche
Las nenas se bajaron del coche, ahora toca pecar
Hace que no me conoce (No)
Y me la imagino en mil pose' al verla bailar
Por eso cuando lo hacemos ella se viene y rápido se va
Quiere estar conmigo y a la misma vez no estar amarrá'

[Interludio: La Pantera & EL IMA]
Céntrate en mejorar, cabrón, y busca un bien común (Eh, eh, EL IMA)
Encuentra tu equipo, baby, despunta, que lo diferente es lo que brilla
Hace un año soñábamos en una habitación sin luz y míranos ahora

[Verso 7: Quevedo]
Bolsito de Dior cuando sale
Y un blinblineo que hace que pite el detector de metales
El terror de las gyales
Un blunt y botellas, y se van to' los male'
Ya cayó la noche
La nena me dijo que no tose, pues la puse a fumar
Y la prefiero a ella aunque tiren un par
Quiere repetir la noche de la que hablé en la original
Con ese flow, flow, flow, flow
Me hace ir a buscarla na' más salir del show
Esta noche voy a hacerte el remix, you know
Pero tú sabes de sobra, bebé, que lo nuestro ya lleva unos cuantos meses
Y sin que nadie se entere
También lo hemos hecho unas cuantas veces
No te has ido y ya quiero que regreses a mi habitación
Dale, prende, y pasemo' a la acción
Tú y yo, y una botella de ron"
11095536,2842692,"[Letra de ""HALO""]

[Intro: Quevedo]
Cuando te conocí
Tú estabas soltera, salías con cualquiera
Alguno que tuviera llena la cartera y cadena' por fuera
Pero ahora to' eso no es así
Ya no está soltera, ahora tiene un gatito y cuando él no se entera
Viene a verme al show con tal de que la viera
Dice que si me ve se va a formar la balacera, pero

[Estribillo: Quevedo]
Tu noviecito que se quite el guille 'e malo
Pregúntale por qué me dio unfollow, mmm-mmm-mmm-mmm
Sabe que de vez en cuando te lo instalo
Y que no se me ponga bruto, que aquí las balas son halo, prr-prr
Dile que se quite el guille 'e malo
Pregúntale por qué me dio unfollow, mmm-mmm-mmm-mmm
Sabe que de vez en cuando te lo instalo
Y que no se me ponga bruto, que aquí las balas son halo, prr-prr

[Verso 1: La Pantera]
Parqueé la G-Wagon Brabus
Al la'o de tu jevo ""el gángster"" y no se le ve tan malo
Las bala' halo, oh-oh, los outfit caro', oh-oh
Tú estás pa' un cantante, ma, hablándote claro, oh-oh
Bésame por si me cogen los disparo', plo-plo
Pa' cuidarte a ti fue que compré mi primera Glock, yeah
En mi VIP siempre están tú y el CÎROC
Dile que a ese bobo que deje de buscar donde no hay que
Si se confunde responde la .45, ¡brr!
Que si quiere guerra, guerra es la que hay (Mmm), yeah
Que no busque, bobo, que estoy en mi prime
Por ti lo ventilo, te lo juro por mi mai

[Estribillo: La Pantera & Quevedo]
Que dile a ese tonto que no me mire raro
Y pregúntale por qué me dio unfollow, mmm-mmm-mmm-mmm
Sabe que de vez en cuando te lo instalo
Y que no se me ponga bruto, que aquí las balas son halo, prr-prr
Tu noviecito que se quite el guille 'e malo
Pregúntale por qué me dio unfollow, mmm-mmm-mmm-mmm
Sabe que de vez en cuando te lo instalo
Y que no se me ponga bruto, que aquí las balas son halo, prr-prr
Dile que se quite el guille 'e malo
Pregúntale por qué me dio unfollow, mmm-mmm-mmm-mmm
Sabe que de vez en cuando te lo instalo
Y que no se me ponga bruto, que aquí las balas son halo, prr-prra, ja

[Verso 2: Quevedo]
Yo no soy malean, no tengo pistola ni na' de eso
Pero me como esa pussy, no como ese tolete que es vegetarian
El bobo está sapeando, ese es un guardia
Y si ese cabrón se mete, se vuelve a casa en sandalia'
Mami, indícame, por dónde quieres que entre
Y si es de frente, limítate
A ponerte cómoda, que yo sí te lo doy
Toda posh girl necesita un bad boy
Y eso que yo no soy malo, pero tengo un palo
Que si abre' la boca, te va a dejar un regalo
Ese culo está grande, eso no es humano
Pa' agarrarlo bien tengo que usar las dos mano'
Ese pussy está clean, me tiene comiendo sano
Bad Gyal, en el toto siempre lleva un gramo, prr-prr-prr
Ponte tonto y te buscamo'
Y nos diferencia' por los oro' en el cuello como El Vaticano, ma

[Estribillo: Quevedo]
Tu noviecito que se quite el guille 'e malo
Pregúntale por qué me dio unfollow, mmm-mmm-mmm-mmm
Sabe que de vez en cuando te lo instalo
Y que no se me ponga bruto, que aquí las balas son halo, prr-prr
Dile que se quite el guille 'e malo
Pregúntale por qué me dio unfollow, mmm-mmm-mmm-mmm
Sabe que de vez en cuando te lo instalo
Y que no se me ponga bruto, que aquí las balas son halo, prr-prr

[Outro: Quevedo]
Las balas son halo, las ba—las balas son halo
Las balas son halo, las ba—las balas son—
Las balas son halo, las ba—las balas son halo
Las balas son halo, las ba—las balas son—
Prr-prr"
7083237,2842692,"[Letra de ""Piel de Cordero""]

[Verso 1: Quevedo]
No sé cómo empezó la noche pero sé que terminaste tú en mi casa mojada
Me decías que siguiera dándote aunque tú te sintieras cansada
Lo peor de toda esta historia es que no le dijiste que no a nada
Pensando en que me echaría para atrás como si esa mierda me importara
Desde que ya no estás ya no siento nada

[Estribillo: Quevedo]
Las noches cuando son sin ti son más frías que el propio hielo
No puedo еvitar en pensar en cuando tе jalaba del pelo
Intento olvidarte pero es que no puedo, ni tampoco quiero
Comiéndote con piel de lobo y tú con tu piel de cordero
Las noches cuando son sin ti son más frías que el propio hielo
No puedo evitar en pensar en cuando te jalaba del pelo
Intento olvidarte pero es que no puedo, ni tampoco quiero
Comiéndote con piel de lobo y tú con tu piel—

[Verso 2: La Pantera]
Hey, hey
Nena, por más que los demás te tiren sabes que tú eres para mí
Aunque no to'as las noches me acueste contigo y no to's los días amanezca feliz
Es imposible olvidar la noche en la que te conocí
Bebiendo y fumando en aquel VIP
Te propuse mil cosas y a todas dijiste que sí
Eres mala pero porque te apetece
Y te alejas de quien no te trata como te mereces
Entrabas a las discotecas con 13
Y con 19 ya no le bajas hasta que amanece
Baby, dime qué te parece
Que solo nos comamos un par de veces
Sé que no quieres volver
Yo tampoco lo haría si pudiese (Si pudiese)
Hey, baby, no puedo olvidar la forma en la que tú me gemías
Los besos que yo te daba más los besos que tú a mí me pedías
Sabes que ahora estoy liándola como un bala perdida
Porque se cumplió lo que yo más temía
La Pantera, baby, hey

[Verso 3: Quevedo]
Hola, ¿cómo estás? Dime, ¿dónde estás?
Solo me gusta repetirlo contigo aunque sabes de sobra que hay veinte más
Las noches sin ti son eternas
Si cuando son contigo te lo hago diez veces antes de que duermas
Tú tan sana pa' mi mente tan enferma
—Ñana será otro día, bebé, hagámoslo que extraño cómo hueles
Pensaba que estabas debajo de la cama pero en mi mente estabas debajo de estas pieles
Seamos lo que seamos, no sé lo que contigo me sucede
Que aunque ninguna me importe, ese culito me puede
Debería volverte a complacer
Aunque solamente paso noches y pensando
Te tenían que probar para entender
Que mi cora es un cristal, que aún se puede romper

[Estribillo: Quevedo]
Las noches cuando son sin ti son más frías que el propio hielo
No puedo evitar en pensar en cuando te jalaba del pelo
Intento olvidarte pero es que no puedo, ni tampoco quiero
Comiéndote con piel de lobo y tú con tu piel de cordero
Las noches cuando son sin ti son más frías que el propio hielo
No puedo evitar en pensar en cuando te jalaba del pelo
Intento olvidarte pero es que no puedo, ni tampoco quiero
Comiéndote con piel de lobo y tú con tu piel—

[Outro: La Pantera & Quevedo]
Hey, baby, no puedo olvidar la forma en la que tú me gemías
Los besos que yo te daba más los besos que tú a mí me pedías (L-I, L-I)
Sabes que ahora estoy liándola como un bala perdida porque se cumplió lo que yo más temía
La Pantera, baby, hey (Free Lion)
Quevedo con BDP Music, mai
Yeah-eah-eah-eah, yeah-eah-eah-eah
Los Rookies comin' soon, mai"
712823,1992812,"[Letra de ""Los Foreign""]

[Intro: Khaled]
808 Mafia
Prra (808 Mafia)
Agreesive zebi
Yumas 7arragas ash gandek, jaja
Ay, ay, ay, ay, ay
C'est la—, c'est la classe
Jaja (Steve Lean)

[Verso 1: Khaled]
C'est la classe, moviendo placas
Tengo dijunas, tengo kahbas
Bodas gitanas cantando con patriarcas
Lléname la copa, Samara
Que mis pena' no se van con la ganja
Classic como la Tarara
Gitanas con pañuelo y moras con la chilaba
Mi pa'e es de Huelva, la mamá de Tánger
Al-Andalus mi raza, wallah pa' la Nujaila
'Toy con los Yumas y los harraga, cria'o con los tanjawas
C'e bon qualité, hardala
Hey mon frere, sir thawak
Aghi mkawed au au3andek y 3atek
'Toy con los Yumas y los harraga
Criao' con los tanjawas
C'e bon qualité, hardala
Hey mon frere, sir thawak
Aghi mkawed au au3andek y 3atek

[Verso 2: Cuban Bling]
0.3 por fifty (Prr)
Ibuprofeno y medio (Skrrt; 
808 Mafia
)
Tengo los días contados (Prr)
M y Jägermeister (Uh)
Necesito dormir (Skrrt), pero también vivir (Bang)
Lo mantengo en el joseo (Po-po-po-po)
Solo le vendo a guiri' (Bang)
Jodo con G's, no con MC's
Metido en el after, mi vida es un party (Prr)
Spanish skill, solo for cheese
Money over pussy, no te jodo gratis
Enamora'o de mí (Prr), tengo dónde elegir (Skrrt)
Si lo quieres OG (Po-po), llama a Cuban Bling (Po-po-po-po)

[Puente]
808 Mafia
808 Mafia

[Estribillo: Kaydy Cain]
Que no descanso tranquilo si no es en un coño como hace Lil Wayne
Tú te haces muy bien la tonta, pero vas a saber quién es Kaydy Cain
Hemos venido de fuera y me siento en mi casa, ahora todo va bien
Estás escuchando Los Yuma', Zafiros, PXXR GVNG
Que no descanso tranquilo si no es en un coño como hace Lil Wayne
Tú te haces muy bien la tonta, pero vas a saber quién es Kaydy Cain
Hemos venido de fuera y me siento en mi casa, ahora todo va bien
Estás escuchando Los Yuma', Zafiros, PXXR GVNG

[Verso 3: Yung Beef]
Esto e' Los Yuma' y yo soy el Seco
España, Cuba y Marrueco' (808 Mafia)
Están esperando a que me quite el chaleco
Y yo con su gata llenándole el hueco
Prrr, stick 'em, dando palo' 'esde los tiempo' de Paquito
Yo 'toy con Lo' Yuma', tu culero en ayuna'
Los nuestro' están nutri'o, loco, kilo' 'e aceituna'
Con las Puma, haciendo sumas
Follando djinunas, tu novia e' una digimona
Se lo echo en la besuna (Wuh), se lo echo en la—
Yuma'

[Estribillo: Kaydy Cain]
Que no descanso tranquilo si no es en un coño como hace Lil Wayne
Tú te haces muy bien la tonta, pero vas a saber quién es Kaydy Cain
Hemos venido de fuera y me siento en mi casa, ahora todo va bien
Estás escuchando Los Yuma', Zafiros, PXXR GVNG

[Verso 4: Papi Trujillo]
Lla-Lla-Llama la popo la snitch (La snitch)
E-En mi barrio se callan, for real (Snitch)
Si vienen los payos don't cry (Don't cry)
No-No-No se habla, no se vende hachís
Motherfucking Jay (Ey), están los birds
Ya no estamo' en eso, otros los van a mover (Prr)
A-A-Ahora estoy haciendo cheese (Cheese!)
To' sale bien porque money over bitch
Por eso las putas te traen el brick
Las ratchets están on my dick
Ya-Ya-Ya-Ya recargué el móvil pa' cerrar el deal
Los babalao' velando por mí
Tengo a los santos a mi vera (My nigga), my nigga
El dinero viene por la santera (Prr)
Virgencita de Altagracia, que me crucé la frontera

[Estribillo: Kaydy Cain]
Que no descanso tranquilo si no es en un coño como hace Lil Wayne (808 Mafia)
Tú te haces muy bien la tonta, pero vas a saber quién es Kaydy Cain
Hemos venido de fuera y me siento en mi casa, ahora todo va bien
Estás escuchando Los Yuma', Zafiros, PXXR GVNG"
529457,1992812,"[Letra de ""PIMPIN""]

[Verso 1: Kaydy Cain]
Mucha clase en el ghetto, puedes verlo
Somos gitano' y nos juntamos con modelos
Créelo, tengo tus jevas en celo
Y aunque hablen mal de mí, yo las quiero
Tus ojos no sirven de na' si tu cerebro es ciego
Los pobres nacen con na' pero también sin miedo
Pienso pegarme, pero antes seguro que muero
Ya paso de josear, quiero ser rapero
Quiero viajar por el mundo entero
Solo volver al barrio, hacer llover dinero
Vamo' a robar a to' esos maricones
Y a comprar comida y ropa para los pobres

[Estribillo: Kaydy Cain]
No tengo nada, así que no pidas
No tengo nada, pero me busco la vida
No tengo nada y lo tengo to'
Me follo un culo valorado en un millón
No tengo nada, así que no pidas
No tengo nada, pero me busco la vida
No tengo nada y lo tengo to'
Me follo un culo valorado en un millón

[Refrán: Kaydy Cain]
Y es que yo quiero a tu mujer más que tú
Y ella me prefiere a mí, por mi actitud
¿Qué le voy a hacer si tengo el alma de Romeo?
Y le pongo una bachata mientras se lo meneo
Y es que yo quiero a tu mujer más que tú
Y ella me prefiere a mí, por mi actitud
¿Qué le voy a hacer si tengo el alma de Romeo?
Y le pongo una bachata mientras se lo meneo
Eso sí es rapero (Ja)

[Interludio: Yung Beef]
(Ah, ah) Yung Beef
Aye, you Biggie, what up?
Stevie, uh

[Verso 2: Yung Beef]
Ya no jodo con Jesucristo (Nah)
Al demonio le gusta como visto (Wah)
Yo quiero que se peleen, que haya conflicto (Uh)
Loco, te cojo un Winston
Con el conjuntillo rosa, Killa Cam (Deeper)
Yo estoy haciendo guita, lo que tú hagas me da igual ya (Swa')
El Khaled, el Dani, el Seco (PXXR GVNG)
Viviendo lo que tú no vas a vivir por mamahuevo (Mamahueish)
Lila, tú no puede' ser un salsero (Ay)
Si nunca has parti'o un par de panderos (Pa)
Si nunca has vendi'o uno entero (Hmm)
Esto es música pa' contar dinero (Count music)
Tengo a tu gatita ronroneando (Miau)
Con mi lana por el suelo, rodando (Uf)
'Tá empezando a llamarme Fernando (Oye)
De primera era guasa, ahora no sé, me está gustando
Porque a la verdad hace buenos deep throat
La estoy follando sin quitarle el gistro
Me pone crazy killa', negro gi'tro (Oh)
Le hago un par de fotito' sin filtro (Selfie)

[Verso 3: Khaled]
Quiero gritar ""socorro"" y me tapa la boca el demonio
Pero ahora, por lo menos, cuando pienso en ti no lloro
Pero ahora, por lo menos, cuando pasa la patrulla, no me escondo
Que to' lo que soñaba lo están viendo mi' ojo'
Ojalá que el que esté arriba se apiade de nosotros
عيينا من الخدمه
Pa' alguno' he toca'o cima, pa' otro' fondo
Decidme dónde pollas está el camino, que lo cojo
PXXR GVNG, no' vamo' a quedar con todo
Clocker' de Torro, aka Marlboro
Sabéis que cuando quiera os corto el rollo
Por eso tengo al triste en to'as las listas de moroso
Quiero quitarle a Booba el trono
Mama, no vo'a pisar más los calabozos"
2330474,1992812,"[Letra de ""Nike Tiburon""]

[Intro]
COKE

[Verso 1: Khaled]
Nunca he teni'o trabajo, mi perfil no era legal
Siempre me paran los payo', puta, abuso policial (Ja)
Ahora soy famoso y me escuchan en to' la'o (Ouh)
Ahora soy famoso puta, I don't give a fuck
Real trap, Taker' y PXXR GVNG son familia
Yo vo'a morir tranquilo, tú muerto de envidia
Yo 'toy en la cima, pe'azo 'e lila (Lila)
No he mira'o pa'tras en mi vida, [?]

[Verso 2: Israel B & Yung Beef]
Me hago una L con una china de gramo (China de gramo)
Y si no lo pides, mi hermano, pues no te lo paso (No te lo paso)
Llevo los ojos china'os, como un Camboyano (Camboyano)
Acabo a palos con mis hermanos, por un par de calos (Por un par de palos)
Menos mal que tengo to' el día a mi lado al Marko (Al Marcos)
Porque si no ya no recuerdo ni como me llamo (Ni como me llamo)
Fuck that
La puta, la droga te va a matar (Te va a matar)
Como a mi primo Antonio, descanse en paz (Que descanse en paz)
Escupo esta mierda, pa' salir de esta mierda (Pa' salir de esta mierda)
Pa' cenar con tu paya y que no me invite ella (No me invite ella)
Mira mama, estoy single, no tengo novia (No tengo novia; you, los Taker'; los PXXR)
Mira mama estoy casa'o con la paranoia (Uh)

[Verso 3: Yung Beef]
Mami 'toy en el trap, y si rapeo es porque veo money (Cash)
Un joseador, na' que ve' a esos huevone'
Cocaína y cordones, las TN sin cordone' (Cordone')
Me la' han quita'o para que no me ahorque esos maricone'
Yo soy pobre pero si quiero algo lo cojo (A Taker)
Yo soy pobre como el fuckin' Chavo 'el 8 (Money maker)
Yo soy pobre pero hacemos fajos gordo' (Yeah)
Yo no corro puta, voy andando cojo (Ja)
A ti te han chapea'o, eres un pato laquea'o
Yo estoy fumando loud, damn, huele de exagera'o (Jaja)
Ten cuidado manin, como es que estás pega'o
Si no eres de los míos, keloke you talk about?, pussy

[Estribillo: Hakim]
Con las Nike Tiburón, a 200 en el León
Cortándole inyección, 2 kilos, fuckin' combustión
Con las Nike Tiburón, a 200 en el León
Cortándole inyección, 2 kilos, fuckin' combustión

[Verso 4: Kaydy Cain]
Encuéntrame en el trap, Kaydy Cain
Que viva El Chapo, free Gucci Mane
Encuentrame en tu casa con tu mujer
Mientras hablo de negocios me hace de comer (COKE)
Lo estoy vendiendo bien, lo estoy vendiendo fácil, easy
Y el disco está en la calle
Nos patrocina Puma como a Balotelli
Tu vives una movie, una peli
Te-Te-Tengo niños en la calle trabajando el beef
Te pisaron la cabeza, por fin
¿Cómo te atreves a tirarme? Si yo como de esto
Y ahora estamos más ballin' que en baloncesto

[Verso 5: Marko Italia]
Con 16 se me ahogaba el skipper en la pira
Tu mujer me funde el móvil, piensas que es mentira
Yo le doy gracias a Dios, por la vida que he lleva'o
Que en la vida he madrugado na' mas que pa' bajar al juzga'o
De esa vida me he quita'o, ¿no me ves que ya estoy calma'o?
Ahora quiero mi trabajo y mi mujer tenerla al la'o
Solo vacila de piquetes si estas en mi bando
Tú eres un sapo con las Gucci de contrabando
Menos mal que no soy guapo
Que aunque vacile de ser pobre a la que quiera me la cargo

[Estribillo: Hakim]
Con las Nike Tiburón, a 200 en el León
Cortandole inyección, 2 kilos, fuckin' combustión
Con las Nike Tiburón, a 200 en el León
Cortandole inyección, 2 kilos, fuckin' combustión"
494689,1992812,"[Letra de ""Pxxrin""]

[Estribillo: Kaydy Cain & Yung Beef]
Sus beefeos me dan lache
Pero ya verás cuando te enganche
Te hacemos correr por tu calle
Hacemos bailar a las ratchet'
Tú quieres ser pobre sin faltarte na'
Yo quiero ser rico, pero soy PXXR GVNG
Las menore' quieren que seamos su' papá'
Sus padre' nos juran los muertos
Sus madre' nos quieren ver muertos
Porque las ponemo' a perrear en los conciertos (Skrrt, skrrt)
Somos los niños sin miedo
Somos los niños del medio

[Verso 1: Yung Beef]
Vamos a surtir, ya eso pa' que loki (Beefie)
El primer check-in y ya la cosa está apretá' (Ah)
Ya me la han querí'o jugar
Quiero irme bien lejos, donde no pueda' envidiarme (Na)
Nunca he deja'o de buscarme
Maricón, tú no eres calle (PXXR GVNG, baby)
Los más duro' en mi ciudad (Mi ciuda')
Y si voy pa' la tuya me lo tienes que mama'
La racheta está empapá'
La tenemo' haciendo twerk como si lo fuera a cobrar (Skii)
En la trap house una dispuesta siempre lo quiere cobrar
Di-Di-Dice que lo va a probar, pero no sabe si podrá (Ah)
Medio por el bollo y lo que quede por detrás (-Trá')
Y es que shorty, sabes que lo qué
Imagina que es 50 Cent
Dice que si se lo hacemos atrás, le va a entrar bien (Más bien, más bien)

[Interludio: Yung Beef]
Los más sweet
Los pobre', baby
El Dani, el Khaled
Yung Beef, baby

[Verso 2: Khaled]
Primo, ¿qué está' hablando?
Si pasa' al la'o mío y miras pa' abajo
Mientras tu novia me hace un gesto pa' que la llame en un rato
Me ha dicho que pa' que le dieras bien tiene' que pillar un gramo (Sahbo)
Yo me la llevo a perrea' y ya se está mordiendo los labios (Ay)
Pu-Puta, ¿qué está' hablando, a quién estás buscando?
Si voy sin camiseta y dando palmas por tu barrio
Me come la polla el más malo
Una semana en el Raval y parece que llevo do' año'
A mí me quieren en to' lado'
Los gypsies me dicen: ""Vente al cristo con lo' gitano'""
PXXR GVNG haciendo esto porque no hay trabajo

[Estribillo: Kaydy Cain]
Sus beefeos me dan lache
Pero ya verás cuando te enganche
Te hacemos correr por tu calle
Hacemos bailar a las ratchet'
Tú quieres ser pobre sin faltarte na'
Yo quiero ser rico, pero soy PXXR GVNG
Las menore' quieren que seamos su' papá'"
2250284,1992812,"[Letra de ""Cigala""]

[Pre-Estribillo: Yung Beef]
Co-co-coca y marihuana, nos vamos de gala
Te convierto el club en una boda gitana
Tangos y fandangos, tirando de pala
Lléname de oro, puta, soy el Cigala
Lléname de oro, puta, soy el Cigala

[Estribillo: Yung Beef]
Coca y marihuana, puta, soy el Cigala
Bodas gitanas, puta, soy el Cigala
Tangos y fandangos, puta, soy el Cigala
Treinta cadenas, puta, soy el Cigala
La gigi mueve el chocho con lo' 808 (Ay)
La gigi mueve el chocho con lo' 808 (Ay)
La gigi mueve el chocho con lo' 808 (Ay)
La gigi mueve el chocho con lo' 808 (Skrrt)

[Verso 1: Khaled]
Mi pa'e es Camarón y mi ma'e Cleopatra
Me creo el Cigala, siempre voy en chándal
Aunque haya gala, voy a seguir dando palmas
Bailando sevillanas con las payas
¿Qué sus pasa? pa' arrancarme tiene que haber grasa
Toma loco, póntela en mi guitarra
Que verás como me parto la garganta
Corto el aire como la cachaba
Mama, no quiero más drama
Quiero una gitana que se llame Samara
Cantar como si fuera el Cigala
Hacer conciertos por el Almanjayar
Comprarle a toda la familia un plasma
Jawa, PXXR GVNG son los que chanan
Ata la jaca a la estaca que si no te la clavan, mama
Me voy a comprar una esclava
Y un cordón de oro con tu cara

[Verso 2: Yung Beef]
Lléname de oro, puta, soy el Cigala
La puta, gitana, la coca, Guatemala
Dice que la pongo mala, yallah yallah
Que la lleve al Caribe pa' una cala
Tera, mira, sonando en la carretera
No soy un cualquiera, tengo money en la cartera
Estamos en el party con la gigi má' santera
Me la suda si es casá' o soltera
Tengo sortijas, tengo cadenas
Tengo burro' y cocaína
Gano en la música, lo invierto en la esquina
Pa' que lo baile tu prima
Esa gitana llora lágrima' negra'
Cuando le digo que voy pa' la guerra
Esa gitana llora lágrima' negra'
Con lo' flamenco' armao' y de fiesta

[Estribillo: Yung Beef]
Coca y marihuana, puta, soy el Cigala
Bodas gitanas, puta, soy el Cigala
Tangos y fandangos, puta, soy el Cigala
Treinta cadenas, puta, soy el Cigala
La gigi mueve el chocho con lo' 808 (Ay)
La gigi mueve el chocho con lo' 808 (Ay)
La gigi mueve el chocho con lo' 808 (Ay)
La gigi mueve el chocho con lo' 808 (Skrrt)

[Verso 3: Kaydy Cain]
Que la chupe 2 Chainz, yo soy el Cigala
Llevo nueve cadenas y ninguna es mala
Undebel, qué bonita es la mañana
Salgo a la calle con los oros y en pijama
Las niñas me tocan las palmas, soy el Cigala
La coca me la traen a casa, soy el Cigala
La party dura 3 días, cantando alegrías
Que dios bendiga a la mama mía
Que la chupe 2 Chainz, yo soy el Cigala
Llevo 9 cadenas y ninguna es mala
Undebel, que bonita es la mañana
Salgo a la calle con los oros y en pijama

[Estribillo: Yung Beef]
Coca y marihuana, puta, soy el Cigala
Bodas gitanas, puta, soy el Cigala
Tangos y fandangos, puta, soy el Cigala
Treinta cadenas, puta, soy el Cigala
La gigi mueve el chocho con lo' 808 (Ay)
La gigi mueve el chocho con lo' 808 (Ay)
La gigi mueve el chocho con lo' 808 (Ay)
La gigi mueve el chocho con lo' 808 (Skrrt)"
2419547,1992812,"[Letra de ""No Es Por El Dinero""]

[Verso 1: M. Ramírez]
Nos criamos en la calle, donde nadie vale un cheli
Donde todo lo que pasa de esquina a esquina es la poli
Y si sales, no sabes lo que te depara
Cuando juegas en la calle no sabes con quién te casas
He vivido y he crecido con los míos hasta que la chiva entró como el desvío de un tiro en medio de la habitación
Con tu chica rogándome, que le estás dando a la pipa
Que haga algo con tu vida, que ella todavía confía
El Trece estaba esperando a Carlitos
Y le sacaron a tiritos, un dominico, por chivata
Ahora te das cuenta de lo que vale la vida
Ahora no me atracan pa' fumar crack en la pira
Fichando al narco, de las diez hasta las cuatro
Cuidando mi Colombia, viajando volvió sin mano
Nos arriesgamos a perderlo todo por un puñao' de jalleres
Apostamos por la única frontera de la calle
Yo soy rap de verdad, no me perdí esa clase
Ellos no son productores pero hacen base
Ahora sólo pido paz para los que se fueron
Desde el trece de la orden, allá donde mis canelos

[Estribillo: Marko Italia]
Dime qué está pasando, what's goin' on?
Chavales de mi edad en academias policiales
Dime qué está pasando, what's goin' on?
Los críos de mi barrio empotrándose en cristales

[Verso 2: Marko Italia]
Dime qué esta pasando, what's goin' on?
Soy Marvin, te estoy contando la situación
Este era yo hace quince años, antes de dar mil palos
Ahora ya estoy pegao', primo, y me he puesto un piano
Hablas de Chevy Impala
Mientras tu puta va contando por ahí que es de las caras
Se junta con mi banda, la reina de las arcadas
Si se cruza con tu clicka ni con 1000 euros la pagas (Marko Italia)
Tengo pendientes varios juicios, todos por tu vicio
Pero sigo vivo
Viendo desde arriba qué tristes sois tos' mis enemigos
Sumo y sigo
Y por mucho que te joda, maricón, he acabao' contigo

[Verso 3: Markés/Israel B]
Siempre voy en chándal como si me apellido Ruggiero
Y entro al evento sin mirar ni al portero
Porque sé dónde vengo, porque sé a dónde voy
Aunque no sé donde estaré mañana, sé dónde estoy hoy
Con OG's certificaos', pa' mi ganar está chupao'
He perdido diez kilos, tu bitch me está dejando chupao'
No es la droga aunque te joda
Yo en dos años, Singapur; tú, amoniaco en el carrete Kodak
Mami, sólo pienso en conseguir money
Como cuando estaba en la street con las running
Como cuando estaba en la street con el runner
Ahora ya ni tengo el runner, sólo planes, bitch
Sacar al booty a hacer millones, bitch
Hacerme rich, sólo pa' que tú lo veas, bitch
No te quiero prima pero te quiero partir
Multiplicar lo poco que teníamos, fácil like parchís

[Verso 4: Kaydy Cain]
Estamos cambiando el juego, eso es cierto
Pero no puedo dejar de decir ""lo siento""
Lo tiro al suelo por mis presos, por mis muertos
No salgo a la calle si no me ha da'o un beso
Yo estaba perdido en el callejón
Ahora ayudamos que otros salgan, esto es La Vendición
Tengo a las gatitas escuchando mi oración
Y tenemos a los menores haciendo otra canción
Hace dos años nunca había cogido un avión
Ahora tengo pasaporte y también un jet lag cabrón
Bendiciones, para la gente que se escucha mis canciones
Y quieren meterme preso aunque ya me haya quitado
Aunque tenga a mis hermanos trabajando en ese lado
Yo estoy con La Vendición, yo ya casi me he quitado
Ahora estoy ayudando a mis hermanos

[Verso 5: Khaled]
Estoy algare'
A mí no me quiere naide, sólo tengo la calle
Mi mae' enfadá' conmigo porque estoy hecho un desastre
Me ha dejao' hasta la parien', compa're
Si no has pasao' hambre, aquí no cabes
Que tú ni robabas ni vendías, te lo daban tus padres
Pa' qué tiraros beef, si al final to' se sabe
Al final mato a alguien
Que tengo puñalás' pero ninguna echa sangre

[Verso 6: Yung Beef]
Yo hace años lo juré, voy a vivir del cante
Me escribía cancioncillas pa' intentar buscarme
Escribía lo que veía cuando salía a buscarme
Estaba perdí'o, dando pena en la calle
Andé caminos que nunca debí de andar
Chingándome a demonias que nunca debí chingar
Le dí comida a falsos y no me arrepiento
Yo soy de barrio, yo vivo del sufrimiento
Y mama, que no es por el dinero
Porque con eso no se cura la penica que tenemos
Y mama, que no es por el orgullo
Que si los he mata'o es pa' poder decir a mi baby
Que to' esto es tuyo
Y mama, que no es por el dinero
Porque eso no nos cura la penica que tenemos
Y mama, que no es por el orgullo
Que es pa' decirle a mi hijo: ¿ves to' esto? Ahora es tuyo

[Estribillo: Marko Italia]
Dime qué está pasando, what's goin' on?
Chavales de mi edad en academias policiales
Dime qué está pasando, what's goin' on?
Los críos de mi barrio empotrándose en cristales"
2344482,1992812,"[Letra de ""Tu Coño Es Mi Droga""]

[Coro: Kaydy Cain]
Tu coño es mi droga, tu coño es mi droga
Tu coño es mi droga, tu coño es mi droga
Tu coño es mi droga, tu coño es mi droga
Tu coño es mi droga, tu coño es mi droga
Tu coño es mi droga, tu coño es mi droga
Tu coño es mi droga, tu coño es mi droga
Tu coño es mi droga, tu coño es mi droga
Tu coño es mi droga, tu coño es mi droga
Tu coño es mi droga, tu coño es mi droga
Tu coño es mi droga, tu coño es mi droga
Tu coño es mi droga, tu coño es mi droga
Tu coño es mi droga, tu coño es mi droga
Tu coño es mi droga, tu coño es mi droga
Tu coño es mi droga, tu coño es mi droga
Tu coño es mi droga, tu coño es mi droga
Tu coño es mi droga, tu coño es mi droga

[Verso 1: Yung Beef]
Tu coño es mi droga, tengo baking soda (Skrrt)
Vamo' a cocinar to' eso mamá, vamo' a hacer dollar
Me tiene jukiao como pajarico
Me tiene engancha'o como Paco al pico
Te entro con otro tema pero tú sa'e quiero droga
En la mirada me se nota, yo lo que quiero es tota
Tu coño me produce fucking drogadicción
Quiero darte duro a toa's horas
Hold up, tu coño es mi droga

[Coro: Kaydy Cain]
Tu coño es mi droga, tu coño es mi droga
Tu coño es mi droga, tu coño es mi droga
Tu coño es mi droga, tu coño es mi droga
Tu coño es mi droga, tu coño es mi droga
Tu coño es mi droga, tu coño es mi droga
Tu coño es mi droga, tu coño es mi droga
Tu coño es mi droga, tu coño es mi droga
Tu coño es mi droga, tu coño es mi droga
Tu coño es mi droga, tu coño es mi droga
Tu coño es mi droga, tu coño es mi droga
Tu coño es mi droga, tu coño es mi droga
Tu coño es mi droga, tu coño es mi droga
Tu coño es mi droga, tu coño es mi droga
Tu coño es mi droga, tu coño es mi droga
Tu coño es mi droga, tu coño es mi droga
Tu coño es mi droga, tu coño es mi droga

[Verso 2: Kaydy Cain]
Tu coño es mi droga, me chupa la polla hasta que se ahoga
La unto el toto en momo y se lo chupo
Soy un cliente fijo, siempre me da mucho
Porque sabe que no voy a fallar
Que la voy a follar, que la voy a hacer gozar, aah, aah (Aaah)

[Puente: Kaydy Cain]
Si ella lo mueve tiembla el suelo, estoy enganchado
Si me la chupa veo el cielo, estoy enganchado
Y es que yo no sé, qué tengo que hacer pa' quitarme sin enloquecer
Si ella lo mueve tiembla el suelo, estoy enganchado
Si me la chupa veo el cielo, estoy enganchado
Y es que yo no sé, qué tengo que hacer pa' quitarme sin enloquecer

[Coro: Kaydy Cain]
Tu coño es mi droga, tu coño es mi droga
Tu coño es mi droga, tu coño es mi droga
Tu coño es mi droga, tu coño es mi droga
Tu coño es mi droga, tu coño es mi droga
Tu coño es mi droga, tu coño es mi droga
Tu coño es mi droga, tu coño es mi droga
Tu coño es mi droga, tu coño es mi droga
Tu coño es mi droga, tu coño es mi droga
Tu coño es mi droga, tu coño es mi droga
Tu coño es mi droga, tu coño es mi droga
Tu coño es mi droga, tu coño es mi droga
Tu coño es mi droga, tu coño es mi droga
Tu coño es mi droga, tu coño es mi droga
Tu coño es mi droga, tu coño es mi droga
Tu coño es mi droga, tu coño es mi droga
Tu coño es mi droga, tu coño es mi droga"
3572038,356622,"[Letra de ""Déjala Que Baile"" ft. Alejandro Sanz, Arkano]

[Verso 1: Melendi]
Hoy que la tierra no es plana
Ni la ciencia ya es de herejes
Hoy que no marcan tendencia
Más las pinturas rupestres
Hoy que no tienen sentido
Las palomas mensajeras
Ahora que por fin las redes unen al planeta

[Pre-Coro: Alejandro Sanz]
Ella no es la princesa delicada
Que ha venido a este party a estar sentada
Ella no es solamente lo que ves
A ella ni tú ni nadie le para los pies

[Coro: Melendi & Alejandro Sanz]
Déjala que baile con otros zapatos
Unos que no aprieten cuando quiera dar sus pasos
Déjala que baile con faldas de vuelo
Con los pies descalzos dibujando un mundo nuevo
Déjala que baile

[Verso 2: Melendi, Alejandro Sanz]
Ella es destino, ella es origen
Es el relato y la escritura que conviven
Ella es principio y ella es final
Baila con ella en esta fiesta que es global

Hoy que no hay duelos a muerte
Cada vez que alguien te irrite
Para poder desahogarnos
Hemos inventado Twitter
Si pensamos diferente
Ya no huele a disputa
Los filósofos no brindan con cicuta

[Pre-Coro: Melendi]
Ella no es la princesa delicada
Que ha venido a este party a estar sentada
Ella no es solamente lo que ves
A ella ni tú ni nadie le para los pies

Coro: Melendi & Alejandro [Sanz]
Déjala que baile con otros zapatos
Unos que no aprieten cuando quiera dar sus pasos
Déjala que baile con faldas de vuelo
Con los pies descalzos dibujando un mundo nuevo
Déjala que baile

[Verso 3: Melendi, Arkano]
Ella es destino, ella es origen
Es el relato y la escritura que conviven
Ella es principio y ella es final
Baila con ella en esta fiesta que es global

Oye, escucha
Es la lucha
A rimar
Déjala que baile en esta fiesta
Con la idea de liberarse de una moral impuesta
De no culpabilizarse por buscar la respuesta
Si tiene que casarse que sea con su protesta
Este solo es mi humilde modo de decir
Que aquel que busca un florero es que no cuida su jardín
Así que olvida todo lo aprendido y sal a bailar
Pues ninguna estrella pide permiso para brillar

[Coro: Melendi & Alejandro Sanz]
Déjala que baile con otros zapatos
Unos que no aprieten cuando quiera dar sus pasos
Déjala que baile con faldas de vuelo
Con los pies descalzos dibujando un mundo nuevo
Déjala que baile
Déjala que baile"
5413768,356622,"[Letra de ""Resistiré (2020)""]

Cuando pierda todas las partidas
Cuando duerma con la soledad
Cuando se me cierren las salidas
Y la noche no me deje en paz

Cuando tenga miedo del silencio
Cuando cueste mantenerse en pie
Cuando se rebelen los recuerdos
Y me pongan contra la pared

Resistiré erguido frente a todo
Me volveré de hierro
Para endurecer la piel
Y aunque los vientos de la vida soplen fuerte
Soy como el junco que se dobla
Pero siempre sigue en pie

Resistiré para seguir viviendo
Soportaré
Los golpes y jamás me rendiré
Y aunque los sueños se me rompan en pedazos
Resistiré, resistiré

Cuando el mundo pierda toda magia
Cuando mi enemigo sea yo
Cuando me apuñale la nostalgia
Y no reconozca ni mi voz

Cuando me amenace la locura
Cuando en mi moneda salga cruz
Cuando el diablo pase la factura
O si alguna vez me faltas tú

Resistiré erguido frente a todo
Me volveré de hierro
Para endurecer la piel
Y aunque los vientos de la vida soplen fuerte
Soy como el junco que se dobla
Pero siempre sigue en pie

Resistiré para seguir viviendo
Soportaré
Los golpes y jamás me rendiré
Y aunque los sueños se me rompan en pedazos
Resistiré, resistiré... eh

Cuando pierda todas las partidas
Cuando duerma con la soledad
Cuando se me cierren las salidas
Y la noche no me deje en paz

Resistiré erguido frente a todo
Me volveré de hierro
Para endurecer la piel
Y aunque los vientos de la vida soplen fuerte
Soy como el junco que se dobla
Pero siempre sigue en pie

Resistiré para seguir viviendo
Soportaré
Los golpes y jamás me rendiré
Y aunque los sueños se me rompan en pedazos
Resistiré, resistiré... eh"
6708196,356622,"[Letra de ""Himno A La Alegría"" ft. Alejandro Lerner, Alessia Cara, Álex Ubago, Ana Mena, Andrés Calamaro, Andrés Ceballos, Brian May, Camilo, Carlos Rivera, David Bisbal, Draco, Dulce Pontes, Fher, India Martínez, Joy Huerta, Juanes, Lali, Laura Pausini, Leire Martínez, Macaco, Malú, Manolo García, Manuel Carrasco, Mau y Ricky, Melendi, Miguel Ríos, Mikel Izal, Nathy Peluso, Pablo Alborán, Rosario, Rozalén, Sebastián Yatra & Vanesa Martín]

[Verso 1]
Escucha hermano la canción de la alegría
El canto alegre del que espera un nuevo día

[Coro]
Ven, canta, sueña cantando
Vive soñando el nuevo sol
En que los hombres volverán a ser hermanos
Ven, canta, sueña cantando
Vive soñando el nuevo sol
En que los hombres volverán a ser hermanos

[Instrumental]

[Verso 2]
Si en tu camino solo existe la tristeza
Y el llanto amargo de la soledad completa

[Coro]
Ven, canta, sueña cantando
Vive soñando el nuеvo sol
En que los hombres volverán a sеr hermanos

[Instrumental]

[Verso 3]
Si es que no encuentras la alegría en esta Tierra
Busca al hermano más allá de las estrellas

[Coro]
Ven, canta, sueña cantando
Vive soñando el nuevo sol
En que los hombres volverán a ser hermanos
Ven, canta, sueña cantando
Vive soñando el nuevo sol
En que los hombres volverán a ser hermanos

[Outro]
Si es que no encuentras la alegría en esta Tierra
Busca al hermano más allá de las estrellas"
1413629,344604,"[Letra de ""Lo Noto""]

Lo noto
Sé que nos pasa algo
Aunque selles tus labios
El mal rollito entre los dos
Lo noto

Tú siempre estás cansada
Y nunca dices nada
Sé que no estoy loco
Y lo noto

Me está matando poco a poco
Y lo noto, lo noto
Me lo dicen tus ojos
Y esos besos tan flojos
Que dejan un sabor amargo y roto
Aunque tú me lo niegues
No queda más que nieve
Donde hubo calor y yo lo noto
Puedo ser un cabrón pero no un tonto
Y lo noto

Noto que mi corazón
No sé, no va
Que las miradas se caen
Y que muere el mar
Tú y yo tenemos que hablar
Porque
Ya se va acabando el aire entre nosotros
Y lo noto

Lo noto
Noto que me esquivas
Que evitas mis caricias
Que pones mala cara si te toco
Y yo que estoy perdido
No puedo hablar contigo
Y cada día me siento más sólo
Me voy hundiendo poco a poco
Todo se va a la mierda entre nosotros
Y lo noto

Noto que mi corazón
No sé, no va
Que las miradas se caen
Y que muere el mar
Tú y yo tenemos que hablar
Porque
Ya se va acabando el aire entre nosotros
Y lo noto"
1935022,344604,"[Letra de ""Ay Haiti!""]

[David Summers]
¿Hay alguien por ahí?
¿Alguien que me pueda oír?
¿Queda algo por decir?
¿Un milagro que nos convierta en ti?

[Najwa]
Tendrán muy pocos años
Desde hace mucho tiempo
Tendrán muy pocos años
Desde hace mucho tiempo

[Bebe]
Ahí tiene' lo que queda, ahí tiene' la tierra
Pa' volvé a ará, pa' limpiá, plantá, con'truí...
Ahí e'tá vacía sin ná
Con tó dipue'to a volverse a llená

[Alejandro Sanz]
Hay amor, hay en ti, hay en mi voz, ay ay Haití
Hay amor, hay en ti, hay en mi voz, ay ay Haití

[Miguel Bosé & Shakira]
Hay amor, hay amor, hay en ti, hay en ti
Y en mi voz, y en mi voz, ay ay Haití

[Miguel Bosé & Zahara]
Hay amor, hay amor, hay en ti, hay en ti
Y en mi voz, y en mi voz

[Daniel Forlán]
Oh, hay tierras que no tienen sueños
Hay tierras que tiemblan de miedo

[Juanes]
Hay tierras que tienen paz
Haití sólo quiere ser normal

[Juanes]
Aún hay tiempo de renacer
De cabalgar sobre el hambre y el hierro
Aún hay tiempo de dar amor
Borrar el miedo y la destrucción

[Todos]
Hay amor, hay en ti, y en mi voz, ay Haití
Hay amor, hay en ti, y en mi voz, ay Haití

[Marta Sánchez]
Ay Haití, ay Haití
Hay un suspiro en tu voz que despierta mi corazón

[Miguel Bosé]
Una vida se detiene a su espalda la desolación
Es un niño de mirada perdida
Que desde el polvo ilumina con su luz

[Leire (LOVG)]
Hay tierras que no tienen sueños
Hay tierras que tiemblan de miedo

[Estopa]
Deja que este llanto desentierre nuestra fe
Enterrada en la mi'ma tierra que no' vio nacer

[Belinda & todos]
Hay amor, hay en ti, y en mi voz, ay Haití

[Todos]
Hay amor, hay en ti, y en mi voz, ay Haití

[Aleks Syntek]
Ay Haití... ay Haití...
Que no hay silencio en mi voz
Que soy ladrillo en tu construcción

[Macaco]
Y way ay ay ay Haití
Hoy contigo quiero e'tar junto a ti
Beredi-bombeando todo' los corazones hoy aquí

[La Mala Rodríguez]
Ha nasío' de la' cenisa' Barón Samedí
Yo vivo por mi gente, no deja de sentir
Devuélveme lo' hombre' que se fueron a pelear por su suerte
Por su propia dignidad
¿Ha'ta cuándo la deuda por ser negro siendo rico?
No le' ba'ta el e'sedente pa' llená el hosico
E'cucha mi' plegaria', Barón Samedí
Quiero resucitá pa' volver a ver Haití

[Shakira & Bebe]
Hay que volver a nacer, perderse otra vez
Volver a creer, empezar otra vez
Hay que volver a nacer
Aquí hay argo má' que uno' cuanto' vivo' perderse otra vez
Metido' dentro de su cuerpo, perderse otra vez
Volver a creer, empezar otra vez

[Bebe]
Porque eso e' lo que hay, no hay más que hacerlo
Eso es lo que hay, proceso de inversión
No queda más opción que volver a con'truir
Todo lo que se derrumbó

[Najwa & Carlos Jean]
Hay que volver a nacer, perderse otra vez y en Haití
Volver a creer, empezar otra vez en Haití
Hay que volver a nacer en la amor
Perderse otra vez en y en Haití
Volver a creer y en la one

[Todos& Alejandro Sanz]
Ay Haití, hay amor, hay amor
Hay en ti, hay en ti
Y en mi voz hay en mi voz, ay Haití ay ay Haití

[ Todos  & Shakira]
Hay amor, hay amor
Hay en ti, hay en ti
Y en mi voz hay en mi voz, ay Haití ay ay Haití

[ Todos  & José Mercé]
Ay Haití, hay amor ay amor
Hay en tiHay en ti
Con mi voz y en mi voz ay ay Haití ay Haití

[Todos & Sandra Carrasco]
Se e'cuchan la', hay amor campana' que
Hay en ti y en mi voz redoblan ay Haití

[Todos & Marta Sánchez]
Mmm, ay Haitíii hay amor
Hay en ti
 aaoohhh 
y en mi voz, ay Haití"
3395401,1344687,"[Mireya]
Dieciséis almas y un sueño
Muchos miedos que contar
[Roi]
Dando pasos conseguimos
Que se hiciera realidad

[Marina]
Llegamos con las maletas
Una meta que alcanzar
[Ricky]
Y una caja de canciones
Que no dejan de sonar

[Ana Guerra]
Y cuando pienses que no puedes más
[Ana Guerra + Mimi]
Grita fuerte y lucha hasta el final

[Aitana + Cepeda]
Seré tus alas, tu vuelo
No mires al suelo
Que esto acaba de empezar

[Miriam + Nerea]
Y te espero en medio de una eterna despedida

[Todos]
Camina
Da un paso al frente y respira
Es un regalo de la vida
Nada nos puede frenar

Y siente que la música nunca termina
Sigue creando melodías
Que lo bueno está por llegar

[Raoul]
Aquí nos conocimos
Una extraña realidad
[Aitana]
En un mundo paralelo
Imposible de explicar

[Mimi]
Compartiendo nuestras letras
Se compuso esta canción
[Nerea]
Dos acordes mal tocados
Pero mucho corazón

[Alfred]
Seré tus ganas, tu risa
Tu fuerza me inspira
[Amaia]
Si no sabes cómo seguir
Improvisa

[Alfred + Amaia + Nerea]
Que yo estoy contigo
En cada estrofa de tu día

[Todos]
Camina
Da un paso al frente y respira
Es un regalo de la vida
Nada nos puede frenar

Y siente que la música nunca termina
Sigue creando melodías
Que lo bueno está por llegar

[Cepeda]
Camina, conmigo
Y sueña en voz alta
Seré tus alas, tú solo salta y canta
Acompáñame en este viaje de la vida
Tu voz es lo único que me hace falta

[Mimi]
Y siente que esta música no tiene final
Cada nota, cada golpe de la instrumental
Es un latido, que sin cada uno de vosotros
No tendría sentido

[Juan Antonio]
Las palabras en la mesa
Derramaban ilusión

[Thalía]
Uniendo nuestras voces
Esperando ver el sol

[Miriam]
Casi había amanecido
Y la luna apareció

[Agoney + Nerea]
Soñando despiertos
Al ritmo de una emoción

[Todos]
Camina
Da un paso al frente y respira
Es un regalo de la vida
Nada nos puede frenar (nada nos puede frenar)

[Todos]
Y siente que la música nunca termina
Sigue creando melodías
Que lo bueno está por llegar (lo bueno está por llegar)
Camina"
5082105,1344687,"[Letra de ""+""]

[Verso 1: Aitana]
Que no volveré, que no volverás
Que después de un sol, no te veré más
Dime que es mentira, que me lo soñé, que tú ya no te vas
Que a partir de hoy todo es recordar
No te olvidaré, no me olvidarás
Dime que no es cierto y que este amor tan grande no se acabará
Hoy no me voy a dormir para que al reloj no le pasen las horas
Sonrisas por fuera, aunque por dentro lloras
Yo voy a quedarme y tú te vas a ir (Tú te vas a ir)
¿Qué más te puedo decir?
Si el primer amor durará para siempre
Sobrarán recuerdos, faltará tenerte
Dejas una historia en mí por escribir

[Estribillo: Aitana]
Si yo te quiero, te quiero y te quiero
Y por tu culpa febrero me duele de más
¿Dónde guardaré este amor si tú te vas?
Si no es mentira que te echo de menos
Si yo no te echo de menos te extraño de más
Y aunque sé muy bien que tú no volverás (No volverás)
¿Cómo pretendo no echarte de menos si te amé de más?

[Verso 2: Cali, El Dandee]
Más te amo, menos tiempo
Más te alejas, más lo siento
Restas tus ojos cafés pero le sumas sufrimiento
Más besos imaginarios, más peleo en solitario
Yo estoy mal pero te miento más de lo que es necesario
¿Cómo le explico a tu diario que yo ya me he acabado el abecedario por llorar canciones que te escribo a diario?
Quererte no es imposible, soñarte es involuntario
Un amor que es irreversible no lo borran ni los meses ni los años
Yo te extraño

Te extraño con locura y no hay cura para esta historia de un amor extraordinario
¿Y qué le hacen un par de besos? Te quiero por dentro con cada hueso, y si tú me quieres no me digas lo contrario
Pero lo que más me duele
Es llegar segundo si te vi primero
Entregarlo todo y quedarme con cero
Por sumarle aniversarios a un amor que siempre será pasajero

[Estribillo: Aitana]
Si yo te quiero, te quiero y te quiero
Y por tu culpa febrero me duele de más
¿Dónde guardaré este amor si tú te vas?
Si no es mentira que te echo de menos
Si yo no te echo de menos te extraño de más
Y aunque sé muy bien que tú no volverás (No volverás)
¿Cómo pretendo no echarte de menos si te amé de más?

[Puente: El Dandee, Aitana]
No te has ido y ya te extraño de más
Yo no te olvidaré jamás
Yo no te olvidaré jamás
Tú júrame que volverás
No te has ido y ya te extraño de más
Yo no te olvidaré jamás
Yo no te olvidaré jamás
Tú júrame que volverás

[Estribillo: Aitana]
Si yo te quiero, te quiero y te quiero
Y por tu culpa febrero me duele de más
¿Dónde guardaré este amor si tú te vas?
Si no es mentira que te echo de menos
Si yo no te echo de menos te extraño de más
Y aunque sé muy bien que tú no volverás (No volverás)

[Outro: Aitana]
Y aunque ya sé que todas las historias tienen su final
Ya no me pidas que de ti me olvide, que no soy capaz
¿Cómo pretendo no echarte de menos si te amé de más?"
8974604,1344687,"[Letra de ""GRAN VÍA""]

[Intro: Quevedo & Aitana]
(Diré que no fuiste tú)
(La que me besaba con inquietud)
Jejeje
Ah-ah
Ey, Aitana
Buenas noches, buenas noches, yeah
Buenas noches, buenas noches, yeah
Eh, eh

[Pre-Estribillo: Quevedo]
Vive en Madrid, pero no suele salir
Que lo de anoche fue una excepción
Nos vimo' en un pre y todo comenzó ahí
Bebiendo hablábamo’ de nada y a la vez de to'
Y na' más llegar al party nos besamo’
Pero mе pidió que to' fuera a escondida'
Quе no debían enterarse sus amiga' (Ah-ah)
Y yo no sé por qué, pero si preguntan, bebé

[Estribillo: Quevedo]
Diré que no fuiste tú
La que me besaba con inquietud
Mami, me tiene' bellaco, pero, ¿por qué tanto misterio?
Con la nota no sé cómo tomarme to' esto en serio
Lo que yo sé es que sí fuiste tú
La que me perreaba con ese cu
La confusión me tiene dándole vuelta', mala mía
Y si te esperan en casa, ¿por qué duerme' en la mía?

[Verso 1: Aitana]
Yo solo quiero verte otra vez pa’ que en secreto me des
En ese hotel en la Gran Vía recógeme a las 3
Si quieres, a mí tu corazón no me lo des, eh
Porque esto no es amor, es solo sex, yeah
Tremenda fantasía tú y yo sin parar
Si no te llamo, no lo tomes personal
Mi cama sigue fría, ven a calentarme
Tranquilo, tú confía, nadie va a enterarse
Guardé con otro nombre tu tel
Nadie puede saber, nadie puede saber
Lo que esta noche hagamo’ los dos nadie lo puede ver

[Estribillo: Quevedo & Aitana]
Diré que no fuiste tú
La que me besaba con inquietud
Mami, me tiene' bellaco, ¿pero por qué tanto misterio?
Con la nota no sé cómo tomarme to’ esto en serio
Yo sé que sí fuiste túEl que te volvía loco con mi cu
En el coche vamos dándole vueltas a Gran Vía
Tú no duermes en tu casa, tú duermes en la mía (Ey)

[Verso 2: Quevedo]
Esa gata e' una gyal, bichiyal, como Bad Bo
Pide lo que quiera', yo me encargo (Sí)
Uñas hecha', mami, y el pelito largo
Estoy esperando que me diga’ de hacer algo
Pa' caerle a donde esté', yeah
Que yo me conformo con darte una ve' al mes
Esa noche no se va de, yeah (Yeah, yeah)
Mi mente, entonces, ¿por qué no repetirla otra ve'?
Yo no sé cuál es tu fantasía, pero sí cuál es la mía
Y no hay sitio, fecha, ni hora, pero estás tú, bebé
Sé que no me conocía' y que lo meno' que quería'
Era enamorarme, pero es que ya es tarde, bebé

[Puente: Aitana & Quevedo]
Sorry, bebé
Pero no creo en amores, no
Dime si quieres pasarla bien
Pero no le pongas corazón, pongámosle la piel (La piel; jejeje)

[Estribillo: Aitana & Quevedo]
Diré que no fuiste tú
El que me besaba con inquietud
Te tengo bellaco, pero, ¿por qué tanto misterio?
Bebé, baja la nota, no lo tomes tan en serio
Diré que sí fuiste tú
La que me perreaba con ese cuLa confusión me tiene dándole vuelta', mala mía
Y si te esperan en casa, ¿por qué duerme' en la mía?

[Outro: Aitana]
(Tú no duermes en tu casa, tú duermes en la mía)"
5405380,1344687,"[Letra de ""Si Tú La Quieres""]

[Verso 1: David Bisbal & Aitana]
Si ella te quiere
Tendrás por dentro esa sensación de tenerlo todo (Uh-uh-uh)
Tendrás la suerte que solo tienen algunos locos
Si ella te quiere qué suerte tienes
Si ella te quiere (Si ella te quiere)
Verás al mundo bailar despacio bajo su foco
Tendrás la fuerza de reponerte de cualquier proto
Si ella te quiere qué suerte tienes (Qué suerte tienes)

[Pre-Coro: David Bisbal, David Bisbal & Aitana]
Si ella te quiere has tocado el cielo
Se abren las puertas del universo
Cuando te quiere
Ya solo hay una dirección
El desenlace de cualquier sueño
Está en su boca si tú la tocas
Ella te quiere, se pinta el mundo de color

[Coro: Aitana & David Bisbal, Ambos]
Si tú la quieres
No dejes nunca que en la distancia se apague el fuego
Y cuídala como cuida el pájaro de su vuelo
Si tú la quieres qué suerte tienes
Si tú la quieres (Si tú la quieres)
Querrás que el sol se retrase toda una vida entera
Y que las calles nos dejen solos cuando amanezca
Si tú la quieres, si ella te quiere (¡No!)

[Post-Coro: David Bisbal, Aitana, Ambos]
Celos, el mundo entero tiene celos
Juego perfecto del destino, oh
Nada lo puede superar (Nada lo puede superar)

[Verso 2: David Bisbal & Aitana]
Si tú la quieres
La magia siempre estará en tus manos cuando despiertes (Mmm)
Ni en siete vidas se ha visto un gato con tanta suerte
Si tú la quieres y ella te quiere (Ah-ah)

[Pre-Coro: David Bisbal & Aitana, David Bisbal]
El desenlace de cualquier sueño
Está en su boca si tú la tocas
Ella te quiere
Se pinta el mundo de color

[Coro: Aitana & David Bisbal]
Si tú la quieres
No dejes nunca que en la distancia se apague el fuego
Y cuídala como cuida el pájaro de su vuelo
Si tú la quieres qué suerte tienes
Si tú la quieres (Si tú la quieres)
Querrás que el sol se retrase toda una vida entera
Y que las calles nos dejen solos cuando amanezca
Si tú la quieres, si ella te quiere

[Post-Coro: David Bisbal, Aitana, Ambos]
Celos, el mundo entero tiene celos
Juego perfecto del destino, oh
Nada lo puede superar (Nada lo puede superar)
Celos, el mundo entero tiene celos
Juego perfecto del destino, oh
Nada lo puede superar (Nada lo puede superar)

[Outro: David Bisbal]
Si ella te quiere"
6009939,1344687,"[Letra de ""Corazón Sin Vida""]

[Intro: Aitana]
Tú me dejaste, pero nunca te dije nada
Me enamoraste, pero nunca te dije nada
¿Para qué me curaste cuando estaba herida?
Si me dejas de nuevo un corazón sin vida, ah

[Pre-Coro: Aitana]
Toma tus besos (Oh-oh), te los regreso (Oh-oh)
No será fácil olvidarte, lo confieso
Toma tus cartas (Oh-oh), te las regreso (Oh-oh)
Con las palabras que escribiste en cada verso

[Coro: Aitana]
Dime para qué me curaste cuando estaba herida
Si me dejas dе nuevo un corazón sin vida, ah
Un corazón que no te olvida, ah-ah-ah (Ah-ah-ah)
Un corazón quе no te olvida, ah-ah-ah, ah (Ah-ah-ah)

[Verso: Sebastián Yatra & Aitana]
Tanto daño que hace el mar cuando está a la mitad
Yo nunca aprendí a nadar, tú tampoco a volar
Cuando dejamos de hablar se nos fue la ilusión
Cuántas ganas de llamarte me da esta canción
Quizás faltó decirte que lo siento (Oh-oh-oh)
Que fui yo el que me alejé y me llevó el viento (Oh-oh-oh)
Y aunque sé que estás con alguien de momento (Oh-oh-oh)
Te buscas en mis canciones todo el tiempo (Oh-oh-oh)
Hoy me vuelves a escribir como si nada
Y otra vez te vuelvo a hablar como si nada
Como si nadar en lágrimas curara
Y ese mar que te alejó no se acercara

[Pre-Coro: Aitana, Aitana & Sebastián Yatra]
Toma tus besos (Oh-oh), te los regreso (Oh-oh)
No será fácil olvidarte, lo confieso
Toma tus cartas (Oh-oh), te las regreso (Oh-oh)
Con las palabras que escribiste en cada verso

[Coro: Aitana & Sebastián Yatra, Aitana]
Dime para qué me curaste cuando estaba herida
Si me dejas de nuevo un corazón sin vida, ah
Un corazón que no te olvida, ah-ah-ah (Ah-ah-ah)
Un corazón que no te olvida, ah-ah-ah, ah-ah (Ah-ah-ah)
Un corazón que no te olvida, ah-ah-ah-ah-ah
Un corazón que no te olvida, ah-ah-ah-ah

[Pre-Coro: Aitana, Aitana & Sebastián Yatra]
Toma tus besos, te los regreso
No será fácil olvidarte, lo confieso (Oh-oh-oh, oh-oh-oh)
Toma tus cartas, te las regreso (Oh-oh)
Con las palabras que escribiste en cada verso

[Coro: Aitana & Sebastián Yatra, Aitana]
Dime para qué me curaste cuando estaba herida
Si me dejas de nuevo un corazón sin vida, ah
Un corazón que no te olvida, ah-ah-ah (Ah-ah-ah)
Un corazón que no te olvida, ah-ah-ah, ah-ah (Ah-ah-ah)"
8203224,1344687,"[Letra de ""Quieres""]

[Verso 1: Aitana & Emilia]
Tengo la curiosidad de saber cómo besas, ey
Y me marea que siempre dé vueltas en mi cabeza, ey
No hice la tarea de olvidarte
Porque siempre fui mala estudiante
Y sigo todo el día imaginándote, ey

[Coro: Aitana]
Dime si me quieres
Si quieres algo conmigo
Conmigo, si quieres, puedes
Puedes ser más atrevido, y yo lo sé
Dime si te atrеves
Atrévete a algo conmigo
Conmigo, si quiеres, debes
Debes ser más atrevido, y yo lo sé

[Verso 2: Emilia]
Atrévete como René
Sabe' que tiene' el okay, ponle play
Tú y yo estamos en la misma wave
Te doy la password pa' que tú te conectes a mi red
Me tiene' entre la espada y la pared
E-e-esa figura está pa' una escultura
Si fuera Frida, pongo tu cuerpo en una pintura
A ese bombón quiero sacarle la envoltura
Trae las llaves pa' abrir esta cerradura
E-e-esa figura está pa' una escultura (Ah)
Si fuera Frida, pongo tu cuerpo en una pintura
A ese bombón quiero sacarle la envoltura
Trae las llaves pa' abrir esta cerradura

[Coro: Aitana]
Dime si me quieres
Si quieres algo conmigo
Conmigo, si quieres, puedes
Puedes ser más atrevido, y yo lo sé
Dime si te atreves
Atrévete a algo conmigo
Conmigo, si quieres, debes
Debes ser más atrevido, y yo lo sé

[Verso 3: Ptazeta]
Y si tú quiere' volver, mami, dime y te llevo de viaje
Tú estás pa' pasarla rico, no llevamo' ni equipaje
Contigo sale el sol y se van to' los male'
Baby, pon la condición y yo te demuestro que vale
Ve-ve-ve-vente, dale, mami, vente
No quiero presionarte, pero tus ojo' no mienten, ma
Vente, dale, mami, vente
Y quiero bailar contigo y olvidarme de la gente
Así que zumba, que la vida lo que pide es rumba
Yo te voy a dar Pumba
Si tú quieres que vayamo' aparte y te dé a probar rumba
Baby, si esas gana' que tú tiene' son curiosa'
Te las voy a quitar

[Coro: Aitana & Ptazeta]
Dime si me quieres
Si quieres algo conmigo
Conmigo, si quieres, puedes
Puedes ser más atrevida, y yo lo sé
Dime si te atreves
Atrévete a algo conmigo
Conmigo, si quieres, debes
Debes ser más atrevida, yo lo sé

[Verso 4: Aitana]
Esta noche solo quiero verme con él
Y que nadie pueda ver
Y que no sepan dónde estamos ni el nombre del hotel
Ahí, encerraditos como en 2020
Los dos sabemos bien lo que se siente
Así, así, así, y en esa cama nadie va a dormir
Ahí, ahí, de lejos se te nota lo que sientes, dilo de frente
Siempre me porto bien, hoy es diferente, ey
Así, así, así, y en esa cama nadie va a dormir
Ahí, ahí, de lejos se te nota lo que sientes, dilo de frente
Siempre me porto bien, hoy es diferente

[Coro: Emilia & Aitana]
Dime si tú quieres
Si quieres algo conmigo
Conmigo, papi, tú puedes
Puedes ser más atrevido, y yo lo sé
Dime si te atreves
Atrévete a algo conmigo
Conmigo, si quieres, debes
Debes ser más atrevido, y yo lo sé

[Outro: Aitana]
Lo sé, yo lo sé"
7560503,2613457,"[Letra de ""Cayó La Noche (Remix)"" ft. Cruz Cafuné, Abhir Hathi, Bejo, EL IMA]

[Intro: EL IMA, La Pantera & Juseph]
This is the motherfucking remix
BDP Music, mami
Este es el remix, baby
Pow, pow
Si no se acuerda no pasó, ese es su lema
Trajo una botella para ahogar las pena'
Su amiguita pa' to's la'os la acompaña
Hace tiempo que por hombres no se raya

[Pre-Estribillo: La Pantera]
Si no se acuerda no pasó, pero esta vez se arrebató
Se puso pa' la vuelta cuando la noche cayó
Baby, ahora no digas que no que tú ya sabes quiénes somos, seh
Y este remix es pa' que el booty te bote solo, mai

[Estribillo: Quevedo & Bejo]
Ya cayó la noche
Las gatas se bajaron del coche, ahora toca pecar
Hace que no me conoce (Eh-eh)
Y me la imagino en mil poses al verla bailar
Por eso cuando lo hacemos ella se viene y rápido se va (El Bejote)
Quiere estar conmigo y a la misma vez no estar amarrá' (Wow, woh)

[Verso 1: Bejo & La Pantera]
Ella se prende como la pinocha
Las flores que le regalaron se pusieron pochas
Con su cora jugaron como quien juega a las bochas
Por eso es que conmigo en la noche se desabrocha el
Pantalón, botón por botón
Ese booty bom-bom, tú me tienes tonto
Escándalo, escoge su posición
Si la vuelvo a probar voy a acabar con una adicción (¿Qué será?)
¿Será que tiene un cuerpo de delito? (Quizá)
Por ti me estoy volviendo pajarito (No má')
Loco con tus teta', con tu totito
Tú lo tienes todo tan bonito, ¿me explico?
Woh-woh, tú no estás buena, estás buenísima (Yeah)
No te hagas la difícil, esto es easy, ma' (Woh)
En la intimidad no eras tan tímida (Ey)
Loquísima, mmm

[Verso 2: La Pantera]
Volvió a caer la noche y quiere que se repita
Pusimos las luces rojas a juego con sus nalguitas
Y, baby, yo sé que ya tú estabas maldita
Al momento lo pensé: ""Imposible que sea buena estando tan rica""
Eran mil poses diferentes pero baby, dale, ven
Que voy a ponerte en hora cuando te meta el Big Ben
Uh, arrebatá' en una Cayenne
Es de las que siempre se porta mal pero te lo mama bien
Y baby, yo no sé tú, pero yo estoy bien piquetú
Y me entraron ganas de verte ese culo hijo 'e la gran pu
Es tremenda bellaca, se transforma ca' vez que apaga la luz

[Verso 3: Abhir Hathi]
La nueva de Las Palmas
No quieres pleito con la ganga, no
Por si quedas mancha'o como dálmata
Blanquita, se camufla entre las sábanas
No quiere estar amarrá' pero le gusta que la amarren
Aburrí'a de la isla, ven, mami, te meto un viaje
No quiere cenar conmigo, pero sí hacer de to' (Oh-oh-oh)
Y distraer al conductor
Vo'a tener que reclinar el asiento 'el copiloto en el Corolla
Pídeme to' lo que pienses cuando estás sola
Pon la playlist ""Malianteo"" mientras me montas
Te gusta escuchar Anuel pa' entrar en la zona (Eh, wow)
Y te gustan exóticos por lo que veo (Yeah)
Y góticas culonas, baby, yo te entiendo (Yeah)
Tienes tu par de fetiches, flaca, yo me presto (What?)
Díselo, Quevedo

[Estribillo: Quevedo & Cruz Cafuné]
Ya cayó la noche
Las gatas se bajaron del coche, ahora toca pecar
Hace que no me conoce (Eh-eh)
Y me la imagino en mil poses al verla bailar (Yeah, Cruzzi)
Por eso cuando lo hacemos ella se viene y rápido se va (922, 928, yeah)
Quiere estar conmigo y a la misma vez no estar amarrá'

[Verso 4: Cruz Cafuné]
Me hizo un amarre con esas nalgotas
No hace falsete y le sube la nota
Tanga XS, le aprieta la tota
No quiere un bobo que fume cachimba en el Sota
Si no jangueo con una en el Q1
Fumando de camino pa'l Batán
Paramo' en lo oscuro, entre risas y humo
Podemos notar la complicidad
Mami, logras que me azore
Cuando lo mueves llevando esos shortes
Hotel cinco estrella' en las islas Azores
Pichó a las demás como en ligas mayores
Ya cayó la noche, estamos golfos
Cuando se lo desabrocho me hace un ocho
Dios bendiga a mi suegra por tenerte
Qué prontito llegó el día de mi suerte
(Izak, de vuelta al perreo)

[Verso 5: Juseph]
No estudia en Las Encinas pero, papi, ella es la élite (Tra)
No quiero hijos pero sirvo pa' que practique'
Ponte contra la pared, quiere un polvo y le doy tres (Tres)
La pongo a estirar las piernas como en el ballet
Carita de Kendall, el culo de Kylie
Con una actitud demoledora como Miley
Le rezo a ese culo y yo antes era ateo
Acabo 'e salir 'e la discoteca, qué mareo (Tra, tra, tra, tra, tra)
Porque me subió la nota, casi no te veo
Quiero ve' en persona lo que mandaste en video
Avisa a tu novio que esta noche te retrasas
Rompimos la cama, menos mal que no es mi casa (Seh, seh, eh)

[Verso 6: EL IMA]
Ya cayó la noche y yo soy una gárgola
De noche salimos pa' resolver, del carro pa'l hotel
Nadie me verá en la calle (Pow), a no ser un cartel (Jaja)
Contigo me pongo firme como si fuera el cuartel
Si nos desvestimos se le nota la maldad (Oh-oh; oh-oh)
Cómo es en realidad, 'tá puesta pa' pecar (Ah-ah-ah; oh-oh)
Y lo hicimo', pusimo' una serie y ni la vimo' (Pow; oh-oh)
Es que lo de nosotros, mami, es una serie aparte (Plo, plo; oh-oh-oh)
Yo quiero disfrutarte los capítulos por parte' (Oh-oh-oh; eh-eh-eh)
Solo quiere conmigo, por eso no me comparte (Oh-oh-oh)
Pero solo de la cama es que quiere amarrarse, yeah-yeah (Oh-oh-oh)

[Estribillo: EL IMA]
Ya cayó la noche
Las nenas se bajaron del coche, ahora toca pecar
Hace que no me conoce (No)
Y me la imagino en mil pose' al verla bailar
Por eso cuando lo hacemos ella se viene y rápido se va
Quiere estar conmigo y a la misma vez no estar amarrá'

[Interludio: La Pantera & EL IMA]
Céntrate en mejorar, cabrón, y busca un bien común (Eh, eh, EL IMA)
Encuentra tu equipo, baby, despunta, que lo diferente es lo que brilla
Hace un año soñábamos en una habitación sin luz y míranos ahora

[Verso 7: Quevedo]
Bolsito de Dior cuando sale
Y un blinblineo que hace que pite el detector de metales
El terror de las gyales
Un blunt y botellas, y se van to' los male'
Ya cayó la noche
La nena me dijo que no tose, pues la puse a fumar
Y la prefiero a ella aunque tiren un par
Quiere repetir la noche de la que hablé en la original
Con ese flow, flow, flow, flow
Me hace ir a buscarla na' más salir del show
Esta noche voy a hacerte el remix, you know
Pero tú sabes de sobra, bebé, que lo nuestro ya lleva unos cuantos meses
Y sin que nadie se entere
También lo hemos hecho unas cuantas veces
No te has ido y ya quiero que regreses a mi habitación
Dale, prende, y pasemo' a la acción
Tú y yo, y una botella de ron"
8974604,2613457,"[Letra de ""GRAN VÍA""]

[Intro: Quevedo & Aitana]
(Diré que no fuiste tú)
(La que me besaba con inquietud)
Jejeje
Ah-ah
Ey, Aitana
Buenas noches, buenas noches, yeah
Buenas noches, buenas noches, yeah
Eh, eh

[Pre-Estribillo: Quevedo]
Vive en Madrid, pero no suele salir
Que lo de anoche fue una excepción
Nos vimo' en un pre y todo comenzó ahí
Bebiendo hablábamo’ de nada y a la vez de to'
Y na' más llegar al party nos besamo’
Pero mе pidió que to' fuera a escondida'
Quе no debían enterarse sus amiga' (Ah-ah)
Y yo no sé por qué, pero si preguntan, bebé

[Estribillo: Quevedo]
Diré que no fuiste tú
La que me besaba con inquietud
Mami, me tiene' bellaco, pero, ¿por qué tanto misterio?
Con la nota no sé cómo tomarme to' esto en serio
Lo que yo sé es que sí fuiste tú
La que me perreaba con ese cu
La confusión me tiene dándole vuelta', mala mía
Y si te esperan en casa, ¿por qué duerme' en la mía?

[Verso 1: Aitana]
Yo solo quiero verte otra vez pa’ que en secreto me des
En ese hotel en la Gran Vía recógeme a las 3
Si quieres, a mí tu corazón no me lo des, eh
Porque esto no es amor, es solo sex, yeah
Tremenda fantasía tú y yo sin parar
Si no te llamo, no lo tomes personal
Mi cama sigue fría, ven a calentarme
Tranquilo, tú confía, nadie va a enterarse
Guardé con otro nombre tu tel
Nadie puede saber, nadie puede saber
Lo que esta noche hagamo’ los dos nadie lo puede ver

[Estribillo: Quevedo & Aitana]
Diré que no fuiste tú
La que me besaba con inquietud
Mami, me tiene' bellaco, ¿pero por qué tanto misterio?
Con la nota no sé cómo tomarme to’ esto en serio
Yo sé que sí fuiste túEl que te volvía loco con mi cu
En el coche vamos dándole vueltas a Gran Vía
Tú no duermes en tu casa, tú duermes en la mía (Ey)

[Verso 2: Quevedo]
Esa gata e' una gyal, bichiyal, como Bad Bo
Pide lo que quiera', yo me encargo (Sí)
Uñas hecha', mami, y el pelito largo
Estoy esperando que me diga’ de hacer algo
Pa' caerle a donde esté', yeah
Que yo me conformo con darte una ve' al mes
Esa noche no se va de, yeah (Yeah, yeah)
Mi mente, entonces, ¿por qué no repetirla otra ve'?
Yo no sé cuál es tu fantasía, pero sí cuál es la mía
Y no hay sitio, fecha, ni hora, pero estás tú, bebé
Sé que no me conocía' y que lo meno' que quería'
Era enamorarme, pero es que ya es tarde, bebé

[Puente: Aitana & Quevedo]
Sorry, bebé
Pero no creo en amores, no
Dime si quieres pasarla bien
Pero no le pongas corazón, pongámosle la piel (La piel; jejeje)

[Estribillo: Aitana & Quevedo]
Diré que no fuiste tú
El que me besaba con inquietud
Te tengo bellaco, pero, ¿por qué tanto misterio?
Bebé, baja la nota, no lo tomes tan en serio
Diré que sí fuiste tú
La que me perreaba con ese cuLa confusión me tiene dándole vuelta', mala mía
Y si te esperan en casa, ¿por qué duerme' en la mía?

[Outro: Aitana]
(Tú no duermes en tu casa, tú duermes en la mía)"
11095536,2613457,"[Letra de ""HALO""]

[Intro: Quevedo]
Cuando te conocí
Tú estabas soltera, salías con cualquiera
Alguno que tuviera llena la cartera y cadena' por fuera
Pero ahora to' eso no es así
Ya no está soltera, ahora tiene un gatito y cuando él no se entera
Viene a verme al show con tal de que la viera
Dice que si me ve se va a formar la balacera, pero

[Estribillo: Quevedo]
Tu noviecito que se quite el guille 'e malo
Pregúntale por qué me dio unfollow, mmm-mmm-mmm-mmm
Sabe que de vez en cuando te lo instalo
Y que no se me ponga bruto, que aquí las balas son halo, prr-prr
Dile que se quite el guille 'e malo
Pregúntale por qué me dio unfollow, mmm-mmm-mmm-mmm
Sabe que de vez en cuando te lo instalo
Y que no se me ponga bruto, que aquí las balas son halo, prr-prr

[Verso 1: La Pantera]
Parqueé la G-Wagon Brabus
Al la'o de tu jevo ""el gángster"" y no se le ve tan malo
Las bala' halo, oh-oh, los outfit caro', oh-oh
Tú estás pa' un cantante, ma, hablándote claro, oh-oh
Bésame por si me cogen los disparo', plo-plo
Pa' cuidarte a ti fue que compré mi primera Glock, yeah
En mi VIP siempre están tú y el CÎROC
Dile que a ese bobo que deje de buscar donde no hay que
Si se confunde responde la .45, ¡brr!
Que si quiere guerra, guerra es la que hay (Mmm), yeah
Que no busque, bobo, que estoy en mi prime
Por ti lo ventilo, te lo juro por mi mai

[Estribillo: La Pantera & Quevedo]
Que dile a ese tonto que no me mire raro
Y pregúntale por qué me dio unfollow, mmm-mmm-mmm-mmm
Sabe que de vez en cuando te lo instalo
Y que no se me ponga bruto, que aquí las balas son halo, prr-prr
Tu noviecito que se quite el guille 'e malo
Pregúntale por qué me dio unfollow, mmm-mmm-mmm-mmm
Sabe que de vez en cuando te lo instalo
Y que no se me ponga bruto, que aquí las balas son halo, prr-prr
Dile que se quite el guille 'e malo
Pregúntale por qué me dio unfollow, mmm-mmm-mmm-mmm
Sabe que de vez en cuando te lo instalo
Y que no se me ponga bruto, que aquí las balas son halo, prr-prra, ja

[Verso 2: Quevedo]
Yo no soy malean, no tengo pistola ni na' de eso
Pero me como esa pussy, no como ese tolete que es vegetarian
El bobo está sapeando, ese es un guardia
Y si ese cabrón se mete, se vuelve a casa en sandalia'
Mami, indícame, por dónde quieres que entre
Y si es de frente, limítate
A ponerte cómoda, que yo sí te lo doy
Toda posh girl necesita un bad boy
Y eso que yo no soy malo, pero tengo un palo
Que si abre' la boca, te va a dejar un regalo
Ese culo está grande, eso no es humano
Pa' agarrarlo bien tengo que usar las dos mano'
Ese pussy está clean, me tiene comiendo sano
Bad Gyal, en el toto siempre lleva un gramo, prr-prr-prr
Ponte tonto y te buscamo'
Y nos diferencia' por los oro' en el cuello como El Vaticano, ma

[Estribillo: Quevedo]
Tu noviecito que se quite el guille 'e malo
Pregúntale por qué me dio unfollow, mmm-mmm-mmm-mmm
Sabe que de vez en cuando te lo instalo
Y que no se me ponga bruto, que aquí las balas son halo, prr-prr
Dile que se quite el guille 'e malo
Pregúntale por qué me dio unfollow, mmm-mmm-mmm-mmm
Sabe que de vez en cuando te lo instalo
Y que no se me ponga bruto, que aquí las balas son halo, prr-prr

[Outro: Quevedo]
Las balas son halo, las ba—las balas son halo
Las balas son halo, las ba—las balas son—
Las balas son halo, las ba—las balas son halo
Las balas son halo, las ba—las balas son—
Prr-prr"
7083237,2613457,"[Letra de ""Piel de Cordero""]

[Verso 1: Quevedo]
No sé cómo empezó la noche pero sé que terminaste tú en mi casa mojada
Me decías que siguiera dándote aunque tú te sintieras cansada
Lo peor de toda esta historia es que no le dijiste que no a nada
Pensando en que me echaría para atrás como si esa mierda me importara
Desde que ya no estás ya no siento nada

[Estribillo: Quevedo]
Las noches cuando son sin ti son más frías que el propio hielo
No puedo еvitar en pensar en cuando tе jalaba del pelo
Intento olvidarte pero es que no puedo, ni tampoco quiero
Comiéndote con piel de lobo y tú con tu piel de cordero
Las noches cuando son sin ti son más frías que el propio hielo
No puedo evitar en pensar en cuando te jalaba del pelo
Intento olvidarte pero es que no puedo, ni tampoco quiero
Comiéndote con piel de lobo y tú con tu piel—

[Verso 2: La Pantera]
Hey, hey
Nena, por más que los demás te tiren sabes que tú eres para mí
Aunque no to'as las noches me acueste contigo y no to's los días amanezca feliz
Es imposible olvidar la noche en la que te conocí
Bebiendo y fumando en aquel VIP
Te propuse mil cosas y a todas dijiste que sí
Eres mala pero porque te apetece
Y te alejas de quien no te trata como te mereces
Entrabas a las discotecas con 13
Y con 19 ya no le bajas hasta que amanece
Baby, dime qué te parece
Que solo nos comamos un par de veces
Sé que no quieres volver
Yo tampoco lo haría si pudiese (Si pudiese)
Hey, baby, no puedo olvidar la forma en la que tú me gemías
Los besos que yo te daba más los besos que tú a mí me pedías
Sabes que ahora estoy liándola como un bala perdida
Porque se cumplió lo que yo más temía
La Pantera, baby, hey

[Verso 3: Quevedo]
Hola, ¿cómo estás? Dime, ¿dónde estás?
Solo me gusta repetirlo contigo aunque sabes de sobra que hay veinte más
Las noches sin ti son eternas
Si cuando son contigo te lo hago diez veces antes de que duermas
Tú tan sana pa' mi mente tan enferma
—Ñana será otro día, bebé, hagámoslo que extraño cómo hueles
Pensaba que estabas debajo de la cama pero en mi mente estabas debajo de estas pieles
Seamos lo que seamos, no sé lo que contigo me sucede
Que aunque ninguna me importe, ese culito me puede
Debería volverte a complacer
Aunque solamente paso noches y pensando
Te tenían que probar para entender
Que mi cora es un cristal, que aún se puede romper

[Estribillo: Quevedo]
Las noches cuando son sin ti son más frías que el propio hielo
No puedo evitar en pensar en cuando te jalaba del pelo
Intento olvidarte pero es que no puedo, ni tampoco quiero
Comiéndote con piel de lobo y tú con tu piel de cordero
Las noches cuando son sin ti son más frías que el propio hielo
No puedo evitar en pensar en cuando te jalaba del pelo
Intento olvidarte pero es que no puedo, ni tampoco quiero
Comiéndote con piel de lobo y tú con tu piel—

[Outro: La Pantera & Quevedo]
Hey, baby, no puedo olvidar la forma en la que tú me gemías
Los besos que yo te daba más los besos que tú a mí me pedías (L-I, L-I)
Sabes que ahora estoy liándola como un bala perdida porque se cumplió lo que yo más temía
La Pantera, baby, hey (Free Lion)
Quevedo con BDP Music, mai
Yeah-eah-eah-eah, yeah-eah-eah-eah
Los Rookies comin' soon, mai"
12388491,2613457,"[Letra de ""Ruina""]

[Intro: Fernandezz]
La-La-La-La Vendicion, papi
Ah, ah-ah-ah-ah-ah-ah
Y es una ruina na' má' que tu padre ya no me quiera
Será que voy con traquetos que llevan tola y cadena'

[Estribillo: Fernandezz]
Porque (Baby) quizás tal ve' se fueran
Esos besito', mami, de malas maneras
Tal vez quizá' es que no quieras
Acordarte, mami, de esa bellaquera (Brr)

[Verso 1: Fernandezz]
Son grise' (Brr)
Esos ojitos hacen que me freeze (Uh-uh)
Mami tira tacón, Carolina Herrera
Modélame, Roberto Piquera' (Rrah)
Y mai, si no me quiere'
Dímelo ahora, quе yo tengo más mujere'
Dímеlo ahora que no estoy en el tra' (Tra')
Bellaqueamo' y te choco detrá' (Prr)
Y nos fugamo', baby, en Panamera
Cruzamo' frontera (Ah, ah, ah-ah)

[Verso 2: Yung Beef]
Son empresario' y traficantes, sus quedantes
Eso e' de nadie, tú conmigo va' a quedarte
Tú sabes, baby, rico vo'a tratarte
Y es que tú eres mía y de nadie más
Me mira', te leo
'Ta noche no te aguanto un fronteo
No quiere dinero
Esta noche solo quiere' un vaceo
Y soon, soon, ey, tú (Ja)
Ay, cómo mueve' esa chapita
Uh, es imposible que te resista'

[Estribillo: Fernandezz & Quevedo]
Porque quizá' tal ve' se fueran
Esos besito', mami, de malas maneras (Yeah)
Tal vez quizá' es que no quiera'
Acordarte, mami, de esa bellaquera

[Verso 3: Quevedo]
Tú eres mala, me tiene' en la ruina (Sí)
Comprándote Victoria y Carolina pa' ti (Ah-ah-ah)
Estas prenda' y este lujo, mami, aquí son gratis (Ey)
Si llama', llego rapi' pa' darte un plaki-plaki-plaki-plaki-plakito
Ese culito en la calle, mami, para el tránsito (Hmm)
Y tú me lo modelabas
Te comía el coochie mientras que tú cocinaba'
Si me encuentro a tu pai le digo que yo no sé nada de ti
Pero disculpe, caballero, déjeme serle sincero
Su hija no quiere poli, prefiere reggaetonero'
Que le escriban cancione' y la lleven pa' la disco
Que la tenga enganchá' por si alguien se pasa de listo
Es una ruina na' má' que tus padre' ya no me quieran
Será que voy con traquetos que llevan tola y cadena'

[Verso 4: Xiyo]
Mientras se me trepa, yo la toco, la toco, la toco
Su tota y su culo, la exploto, lo exploto
La llevo a lo oscuro mientras me la cojo, la cojo, la cojo
Dímelo ahora que no estoy en el tra'
Bellaqueamo' y te choco detrá'
Le di tan duro, que rompí el sofá
La Percocet y la puse a volar, y se puso mojá'
Y la di sin parar, la presión la puso a vibrar
Vente conmigo a la nave a volar
Ah-ah-ah (Vente conmigo a la nave a volar)

[Estribillo: Fernandezz & Quevedo]
Porque quizás tal ve' se fueran
Esos besito', mami, de malas maneras
Tal vez quizá' es que no quieras
Acordarte, mami, de esa bellaquera (Bellaquera, mami)

[Outro]
Pipo Beatz"
1935022,358146,"[Letra de ""Ay Haiti!""]

[David Summers]
¿Hay alguien por ahí?
¿Alguien que me pueda oír?
¿Queda algo por decir?
¿Un milagro que nos convierta en ti?

[Najwa]
Tendrán muy pocos años
Desde hace mucho tiempo
Tendrán muy pocos años
Desde hace mucho tiempo

[Bebe]
Ahí tiene' lo que queda, ahí tiene' la tierra
Pa' volvé a ará, pa' limpiá, plantá, con'truí...
Ahí e'tá vacía sin ná
Con tó dipue'to a volverse a llená

[Alejandro Sanz]
Hay amor, hay en ti, hay en mi voz, ay ay Haití
Hay amor, hay en ti, hay en mi voz, ay ay Haití

[Miguel Bosé & Shakira]
Hay amor, hay amor, hay en ti, hay en ti
Y en mi voz, y en mi voz, ay ay Haití

[Miguel Bosé & Zahara]
Hay amor, hay amor, hay en ti, hay en ti
Y en mi voz, y en mi voz

[Daniel Forlán]
Oh, hay tierras que no tienen sueños
Hay tierras que tiemblan de miedo

[Juanes]
Hay tierras que tienen paz
Haití sólo quiere ser normal

[Juanes]
Aún hay tiempo de renacer
De cabalgar sobre el hambre y el hierro
Aún hay tiempo de dar amor
Borrar el miedo y la destrucción

[Todos]
Hay amor, hay en ti, y en mi voz, ay Haití
Hay amor, hay en ti, y en mi voz, ay Haití

[Marta Sánchez]
Ay Haití, ay Haití
Hay un suspiro en tu voz que despierta mi corazón

[Miguel Bosé]
Una vida se detiene a su espalda la desolación
Es un niño de mirada perdida
Que desde el polvo ilumina con su luz

[Leire (LOVG)]
Hay tierras que no tienen sueños
Hay tierras que tiemblan de miedo

[Estopa]
Deja que este llanto desentierre nuestra fe
Enterrada en la mi'ma tierra que no' vio nacer

[Belinda & todos]
Hay amor, hay en ti, y en mi voz, ay Haití

[Todos]
Hay amor, hay en ti, y en mi voz, ay Haití

[Aleks Syntek]
Ay Haití... ay Haití...
Que no hay silencio en mi voz
Que soy ladrillo en tu construcción

[Macaco]
Y way ay ay ay Haití
Hoy contigo quiero e'tar junto a ti
Beredi-bombeando todo' los corazones hoy aquí

[La Mala Rodríguez]
Ha nasío' de la' cenisa' Barón Samedí
Yo vivo por mi gente, no deja de sentir
Devuélveme lo' hombre' que se fueron a pelear por su suerte
Por su propia dignidad
¿Ha'ta cuándo la deuda por ser negro siendo rico?
No le' ba'ta el e'sedente pa' llená el hosico
E'cucha mi' plegaria', Barón Samedí
Quiero resucitá pa' volver a ver Haití

[Shakira & Bebe]
Hay que volver a nacer, perderse otra vez
Volver a creer, empezar otra vez
Hay que volver a nacer
Aquí hay argo má' que uno' cuanto' vivo' perderse otra vez
Metido' dentro de su cuerpo, perderse otra vez
Volver a creer, empezar otra vez

[Bebe]
Porque eso e' lo que hay, no hay más que hacerlo
Eso es lo que hay, proceso de inversión
No queda más opción que volver a con'truir
Todo lo que se derrumbó

[Najwa & Carlos Jean]
Hay que volver a nacer, perderse otra vez y en Haití
Volver a creer, empezar otra vez en Haití
Hay que volver a nacer en la amor
Perderse otra vez en y en Haití
Volver a creer y en la one

[Todos& Alejandro Sanz]
Ay Haití, hay amor, hay amor
Hay en ti, hay en ti
Y en mi voz hay en mi voz, ay Haití ay ay Haití

[ Todos  & Shakira]
Hay amor, hay amor
Hay en ti, hay en ti
Y en mi voz hay en mi voz, ay Haití ay ay Haití

[ Todos  & José Mercé]
Ay Haití, hay amor ay amor
Hay en tiHay en ti
Con mi voz y en mi voz ay ay Haití ay Haití

[Todos & Sandra Carrasco]
Se e'cuchan la', hay amor campana' que
Hay en ti y en mi voz redoblan ay Haití

[Todos & Marta Sánchez]
Mmm, ay Haitíii hay amor
Hay en ti
 aaoohhh 
y en mi voz, ay Haití"
5479316,56991,"[Letra de ""Nunca Estoy""]

[Intro]
(Vamos a repetir esta conversación 35 veces)
(35 veces vamos a hablar de la misma mierda)

[Verso 1]
No me has llama'o
Van dos semanas fuera y ni te has molesta'o
To' lo que sé
De ti es lo que sale en las redes si escribo tu nombre
Y otra vez vas a perder el avión
Y otra vez soy una imbécil esperando a su hombre

[Estribillo]
¿Cómo quieres que te quiera si no estás aquí?
¿Cómo quieres que te quiera si no estás aquí? (Eres tú la que no lo entiendes)
¿Cómo quieres que te quiera si no estás aquí?
(Hasta que estemos juntos los dos vamos a resolver lo de esta relación)

[Verso 2]
Dime qué quieres hacer, solo sabes correr pa'lante
Engañarme otra vez no va a salvarte
Estás enfermo de ti, cállate
Esto no va a ninguna parte
Estoy harta de hablar
Y de esperarte
Y de mirar el móvil hasta tan tarde

[Estribillo]
¿Cómo quieres que te quiera si no estás aquí?
¿Cómo quieres que te quiera si no estás aquí?
¿Cómo quieres que te quiera si no estás aquí?

[Verso 3]
Pienso en con quién estás cuando no estás conmigo
Odio que mis planes no sean tu camino
Y haberlo negado por estar contigo
¿Y quién me va a curar el corazón partío'?
Me dan miedo los meses que se van volando
Me he queda'o flaquita de esperarte tanto

[Estribillo]
¿Cómo quieres que te quiera si no estás aquí?
¿Cómo quieres que te quiera si no estás aquí?
¿Cómo?

[Outro Instrumental]"
7261199,56991,"[Letra de ""Ateo""]

[Intro: Nathy Peluso]
Este amor es como una religión

[Pre-Estribillo: C. Tangana]
Asuntos peligrosos del pasado me persiguen todavía
Historias que la gente no olvidó y que me recuerdan cada día
Si llegué vivo aquí no me va a matar una vieja herida
Déjales que hablen mal, se mueran de envidia

[Estribillo: C. Tangana & Nathy Peluso, Ambos]
Yo era ateo, pero ahora creo
Porque un milagro como tú ha tenido que bajar del cielo
Yo era ateo, pero ahora creo
Porque un milagro como tú ha tenido que bajar dеl cielo
Yo era ateo, pеro ahora creo
Porque un milagro bajó del cielo
Yo era ateo, pero ahora creo (Ahora creo)

[Verso 1: Nathy Peluso & C. Tangana, Ambos]
Hablan de mi vida como si hubieran pasa'o todos por ella, eh-eh-eh
Y mientras cuentan cuentos, tú y yo solos, bachatas y una botella
Quiero hacerle religión a tu melena, a tu boca y a tu cara
Y que me perdone la Virgen de la Almudena
Las cosa' que hago en tu cama

[Pre-Estribillo: Nathy Peluso]
Si llegué vivo aquí no me va a matar una vieja herida
Déjales que hablen mal, se mueran de envidia (Que hablen)

[Estribillo: C. Tangana, Ambos]
Yo era ateo, pero ahora creo
Porque un milagro como tú ha tenido que bajar del cielo
Yo era ateo, pero ahora creo
Porque un milagro como tú ha tenido que bajar del cielo
Yo era ateo, pero ahora creo
Porque un milagro bajó del cielo
Yo era ateo, pero ahora creo

[Puente: Nathy Peluso]
Se mueran de envidia
Eh-eh-eh
Se mueran de envidia

[Verso 2: Nathy Peluso & C. Tangana]
Me sacaste de la oscuridad
Somos un asunto 'e gravedad
Tú despierta' ese diablo mío que me roba toda espiritualidad
Ya no sé lo que me pasa
Ahora nada te reemplaza
Tu boca es como mi casa
Lo que ellos dicen parece veneno
Si me preguntan, yo le' diré que no lo sé
Quiero gritar que te echo de menos
Dame del agua bendita que calma mi sed
El último romántico (¡El Madrileño!)

[Estribillo: C. Tangana, Ambos]
Yo era ateo  (Eso es), pero ahora creo
Porque un milagro como tú ha tenido que bajar del cielo
Yo era ateo, pero ahora creo
Porque un milagro como tú ha tenido que bajar del cielo
Yo era ateo, pero ahora creo
Porque un milagro bajó del cielo
Yo era ateo, pero ahora creo"
5479316,118792,"[Letra de ""Nunca Estoy""]

[Intro]
(Vamos a repetir esta conversación 35 veces)
(35 veces vamos a hablar de la misma mierda)

[Verso 1]
No me has llama'o
Van dos semanas fuera y ni te has molesta'o
To' lo que sé
De ti es lo que sale en las redes si escribo tu nombre
Y otra vez vas a perder el avión
Y otra vez soy una imbécil esperando a su hombre

[Estribillo]
¿Cómo quieres que te quiera si no estás aquí?
¿Cómo quieres que te quiera si no estás aquí? (Eres tú la que no lo entiendes)
¿Cómo quieres que te quiera si no estás aquí?
(Hasta que estemos juntos los dos vamos a resolver lo de esta relación)

[Verso 2]
Dime qué quieres hacer, solo sabes correr pa'lante
Engañarme otra vez no va a salvarte
Estás enfermo de ti, cállate
Esto no va a ninguna parte
Estoy harta de hablar
Y de esperarte
Y de mirar el móvil hasta tan tarde

[Estribillo]
¿Cómo quieres que te quiera si no estás aquí?
¿Cómo quieres que te quiera si no estás aquí?
¿Cómo quieres que te quiera si no estás aquí?

[Verso 3]
Pienso en con quién estás cuando no estás conmigo
Odio que mis planes no sean tu camino
Y haberlo negado por estar contigo
¿Y quién me va a curar el corazón partío'?
Me dan miedo los meses que se van volando
Me he queda'o flaquita de esperarte tanto

[Estribillo]
¿Cómo quieres que te quiera si no estás aquí?
¿Cómo quieres que te quiera si no estás aquí?
¿Cómo?

[Outro Instrumental]"
3572038,118792,"[Letra de ""Déjala Que Baile"" ft. Alejandro Sanz, Arkano]

[Verso 1: Melendi]
Hoy que la tierra no es plana
Ni la ciencia ya es de herejes
Hoy que no marcan tendencia
Más las pinturas rupestres
Hoy que no tienen sentido
Las palomas mensajeras
Ahora que por fin las redes unen al planeta

[Pre-Coro: Alejandro Sanz]
Ella no es la princesa delicada
Que ha venido a este party a estar sentada
Ella no es solamente lo que ves
A ella ni tú ni nadie le para los pies

[Coro: Melendi & Alejandro Sanz]
Déjala que baile con otros zapatos
Unos que no aprieten cuando quiera dar sus pasos
Déjala que baile con faldas de vuelo
Con los pies descalzos dibujando un mundo nuevo
Déjala que baile

[Verso 2: Melendi, Alejandro Sanz]
Ella es destino, ella es origen
Es el relato y la escritura que conviven
Ella es principio y ella es final
Baila con ella en esta fiesta que es global

Hoy que no hay duelos a muerte
Cada vez que alguien te irrite
Para poder desahogarnos
Hemos inventado Twitter
Si pensamos diferente
Ya no huele a disputa
Los filósofos no brindan con cicuta

[Pre-Coro: Melendi]
Ella no es la princesa delicada
Que ha venido a este party a estar sentada
Ella no es solamente lo que ves
A ella ni tú ni nadie le para los pies

Coro: Melendi & Alejandro [Sanz]
Déjala que baile con otros zapatos
Unos que no aprieten cuando quiera dar sus pasos
Déjala que baile con faldas de vuelo
Con los pies descalzos dibujando un mundo nuevo
Déjala que baile

[Verso 3: Melendi, Arkano]
Ella es destino, ella es origen
Es el relato y la escritura que conviven
Ella es principio y ella es final
Baila con ella en esta fiesta que es global

Oye, escucha
Es la lucha
A rimar
Déjala que baile en esta fiesta
Con la idea de liberarse de una moral impuesta
De no culpabilizarse por buscar la respuesta
Si tiene que casarse que sea con su protesta
Este solo es mi humilde modo de decir
Que aquel que busca un florero es que no cuida su jardín
Así que olvida todo lo aprendido y sal a bailar
Pues ninguna estrella pide permiso para brillar

[Coro: Melendi & Alejandro Sanz]
Déjala que baile con otros zapatos
Unos que no aprieten cuando quiera dar sus pasos
Déjala que baile con faldas de vuelo
Con los pies descalzos dibujando un mundo nuevo
Déjala que baile
Déjala que baile"
6009939,118792,"[Letra de ""Corazón Sin Vida""]

[Intro: Aitana]
Tú me dejaste, pero nunca te dije nada
Me enamoraste, pero nunca te dije nada
¿Para qué me curaste cuando estaba herida?
Si me dejas de nuevo un corazón sin vida, ah

[Pre-Coro: Aitana]
Toma tus besos (Oh-oh), te los regreso (Oh-oh)
No será fácil olvidarte, lo confieso
Toma tus cartas (Oh-oh), te las regreso (Oh-oh)
Con las palabras que escribiste en cada verso

[Coro: Aitana]
Dime para qué me curaste cuando estaba herida
Si me dejas dе nuevo un corazón sin vida, ah
Un corazón que no te olvida, ah-ah-ah (Ah-ah-ah)
Un corazón quе no te olvida, ah-ah-ah, ah (Ah-ah-ah)

[Verso: Sebastián Yatra & Aitana]
Tanto daño que hace el mar cuando está a la mitad
Yo nunca aprendí a nadar, tú tampoco a volar
Cuando dejamos de hablar se nos fue la ilusión
Cuántas ganas de llamarte me da esta canción
Quizás faltó decirte que lo siento (Oh-oh-oh)
Que fui yo el que me alejé y me llevó el viento (Oh-oh-oh)
Y aunque sé que estás con alguien de momento (Oh-oh-oh)
Te buscas en mis canciones todo el tiempo (Oh-oh-oh)
Hoy me vuelves a escribir como si nada
Y otra vez te vuelvo a hablar como si nada
Como si nadar en lágrimas curara
Y ese mar que te alejó no se acercara

[Pre-Coro: Aitana, Aitana & Sebastián Yatra]
Toma tus besos (Oh-oh), te los regreso (Oh-oh)
No será fácil olvidarte, lo confieso
Toma tus cartas (Oh-oh), te las regreso (Oh-oh)
Con las palabras que escribiste en cada verso

[Coro: Aitana & Sebastián Yatra, Aitana]
Dime para qué me curaste cuando estaba herida
Si me dejas de nuevo un corazón sin vida, ah
Un corazón que no te olvida, ah-ah-ah (Ah-ah-ah)
Un corazón que no te olvida, ah-ah-ah, ah-ah (Ah-ah-ah)
Un corazón que no te olvida, ah-ah-ah-ah-ah
Un corazón que no te olvida, ah-ah-ah-ah

[Pre-Coro: Aitana, Aitana & Sebastián Yatra]
Toma tus besos, te los regreso
No será fácil olvidarte, lo confieso (Oh-oh-oh, oh-oh-oh)
Toma tus cartas, te las regreso (Oh-oh)
Con las palabras que escribiste en cada verso

[Coro: Aitana & Sebastián Yatra, Aitana]
Dime para qué me curaste cuando estaba herida
Si me dejas de nuevo un corazón sin vida, ah
Un corazón que no te olvida, ah-ah-ah (Ah-ah-ah)
Un corazón que no te olvida, ah-ah-ah, ah-ah (Ah-ah-ah)"
3432448,118792,"[Letra de ""Y, ¿Si Fuera Ella? (+ Es +)""]

[Pablo Alborán]
Ella se desliza y me atropella
Y aunque a veces no me importe

[Niña Pastori]
Sé que el día que la pierda volveré a sufrir por ella
Que aparece y que se esconde

[Abel Pintos]
Que se marcha y que se queda

[Rozalén]
Que es pregunta y es respuesta
Que es mi oscuridad, estrella

[Antonio Carmona]
Ella me peina el alma y me la enreda

[Antonio Carmona + Laura Pausini]
Va conmigo pero no sé dónde va

[Laura Pausini]
Mi rival, mi compañera
Que está tan dentro de mi vida
Y la vez, está tan fuera

[Shakira]
Sé que volveré a perderme
Y la encontraré de nuevo
Pero con otro rostro y otro nombre diferente y otro cuerpo

[Antonio Orozco]
Pero sigue siendo ella
Que otra vez me lleva
Nunca me responde

[Juanes]
Si al girar la rueda
Ella se hace fría y se hace eterna

[Tommy Torres]
Un suspiro en la tormenta, a la que tantas veces le cambió la voz

[Pablo Alborán]
Gente que va y que viene y siempre es ella

[Manuel Carrasco]
Que me miente y me lo niega
Que me olvida y me recuerda
Pero si mi boca se equivoca

[Jesse & Joy]
Pero si mi boca se equivoca
Y al llamarla nombro a otra

[Joy]
A veces siente compasión

[India Martínez]
Por este loco, ciego y loco corazón

[Pablo López]
Sea lo que quiera Dios que sea
Mi delito es la torpeza de ignorar que hay quien no tiene corazón

[Malú]
Y va quemando, va quemándome y me quema
No, no
Y, ¿si fuera ella?
No, no, no...

[Vanesa Martín]
A veces siente compasión por este loco, ciego y loco corazón
¿Era?

[David Bisbal]
¿Quién me dice si era ella?
Y  si la vida es una rueda y va girando y nadie sabe cuándo tiene que saltar
Y la miro...

[India Martínez]
Y, ¿si fuera ella?
Y, ¿si fuera ella?"
4819963,118792,"[Letra de ""El Último Adiós""]

[Ricky Martin]
Se quebró la calma
Y el silencio en ruido se volvió

[Alejandro Sanz]
Quedaron desnudos
Nuestra imagen y nuestro dolor

[Thalia]
Se mezclaba el cielo

[Juan Luis Guerra & Gloria Estefan]
Junto con la calle y el rencor

[Celia Cruz]
Nos llenó de miedo

[Juan Luis Guerra, Gloria Estefan & Olga Tañon]
Dónde fue el amor

[Ricardo Montaner]
Dime si el dolor despierta el alma

[Ana Gabriel]
Dime si es capaz de despertar el corazón

[Jorge Hernandez & Alicia Villareal]
Ni todo el rencor, ni la venganza

[Alejandro Fernandez]
Nos va a poder calmar las ganas
De ver de nuevo aquellas caras

[Carlos Vives]
Dime si el dolor abre una puerta

[Jaci Velasquez]
Dime si es capaz de despertar el corazón

[Jose Luis Rodriguez]
Juzga tú señor a quién tú quieras

[Marco Antonio Solis]
Quién iba a pensar
Que esa mañana era el último

[José José & Lucia Mendez]
Adiós

[Jennifer Lopez]
Nadie va a cambiarnos

[Emanuelle]
Nadie nos va hacer perder la fe

[Chayanne]
Nadie va a callarnos

[Chayanne & Gliberto Santarosa]
Nuestra fuerza vuelve a renacer

[Paulina Rubio]
Hoy me siento libre

[Beto Cuevas]
Y estamos unidos por amor

[Ana Barbara]
Hoy todo ha cambiado

[Carlos Ponce]
Creo más en ti

[Jon Secada]
Señor

[Shakira]
Dime si el dolor despierta el alma

[Gian Marco]
Dime si es capaz de despertar el corazón

[Luis Fonsi]
Ni todo el rencor, ni la venganza

[Yuri & Miguel Bosé]
Nos va a poder calmar las ganas

[Wilkins, Giselle & Melina Leon, Ramiro]
De ver de nuevo aquellas caras

[Christina Aguilera]
Oh oh, dime

[Todos]
Dime si el dolor despierta el alma
Dime si es capaz de despertar el corazón
Ni todo el rencor, ni la venganza (Oh yeah)
Nos va a poder calmar las ganas
De ver de nuevo aquellas caras
Dime si el dolor abre una puerta
Dime si es capaz de despertar el corazón (Despertar el corazón)
Juzga tú Señor a quién tú quieras

[José Feliciano]
Quién iba a pensar

[Alejandro Sanz]
Quién iba a pensar

[José Feliciano]
Que esa mañana era el último adiós"
1935022,118792,"[Letra de ""Ay Haiti!""]

[David Summers]
¿Hay alguien por ahí?
¿Alguien que me pueda oír?
¿Queda algo por decir?
¿Un milagro que nos convierta en ti?

[Najwa]
Tendrán muy pocos años
Desde hace mucho tiempo
Tendrán muy pocos años
Desde hace mucho tiempo

[Bebe]
Ahí tiene' lo que queda, ahí tiene' la tierra
Pa' volvé a ará, pa' limpiá, plantá, con'truí...
Ahí e'tá vacía sin ná
Con tó dipue'to a volverse a llená

[Alejandro Sanz]
Hay amor, hay en ti, hay en mi voz, ay ay Haití
Hay amor, hay en ti, hay en mi voz, ay ay Haití

[Miguel Bosé & Shakira]
Hay amor, hay amor, hay en ti, hay en ti
Y en mi voz, y en mi voz, ay ay Haití

[Miguel Bosé & Zahara]
Hay amor, hay amor, hay en ti, hay en ti
Y en mi voz, y en mi voz

[Daniel Forlán]
Oh, hay tierras que no tienen sueños
Hay tierras que tiemblan de miedo

[Juanes]
Hay tierras que tienen paz
Haití sólo quiere ser normal

[Juanes]
Aún hay tiempo de renacer
De cabalgar sobre el hambre y el hierro
Aún hay tiempo de dar amor
Borrar el miedo y la destrucción

[Todos]
Hay amor, hay en ti, y en mi voz, ay Haití
Hay amor, hay en ti, y en mi voz, ay Haití

[Marta Sánchez]
Ay Haití, ay Haití
Hay un suspiro en tu voz que despierta mi corazón

[Miguel Bosé]
Una vida se detiene a su espalda la desolación
Es un niño de mirada perdida
Que desde el polvo ilumina con su luz

[Leire (LOVG)]
Hay tierras que no tienen sueños
Hay tierras que tiemblan de miedo

[Estopa]
Deja que este llanto desentierre nuestra fe
Enterrada en la mi'ma tierra que no' vio nacer

[Belinda & todos]
Hay amor, hay en ti, y en mi voz, ay Haití

[Todos]
Hay amor, hay en ti, y en mi voz, ay Haití

[Aleks Syntek]
Ay Haití... ay Haití...
Que no hay silencio en mi voz
Que soy ladrillo en tu construcción

[Macaco]
Y way ay ay ay Haití
Hoy contigo quiero e'tar junto a ti
Beredi-bombeando todo' los corazones hoy aquí

[La Mala Rodríguez]
Ha nasío' de la' cenisa' Barón Samedí
Yo vivo por mi gente, no deja de sentir
Devuélveme lo' hombre' que se fueron a pelear por su suerte
Por su propia dignidad
¿Ha'ta cuándo la deuda por ser negro siendo rico?
No le' ba'ta el e'sedente pa' llená el hosico
E'cucha mi' plegaria', Barón Samedí
Quiero resucitá pa' volver a ver Haití

[Shakira & Bebe]
Hay que volver a nacer, perderse otra vez
Volver a creer, empezar otra vez
Hay que volver a nacer
Aquí hay argo má' que uno' cuanto' vivo' perderse otra vez
Metido' dentro de su cuerpo, perderse otra vez
Volver a creer, empezar otra vez

[Bebe]
Porque eso e' lo que hay, no hay más que hacerlo
Eso es lo que hay, proceso de inversión
No queda más opción que volver a con'truir
Todo lo que se derrumbó

[Najwa & Carlos Jean]
Hay que volver a nacer, perderse otra vez y en Haití
Volver a creer, empezar otra vez en Haití
Hay que volver a nacer en la amor
Perderse otra vez en y en Haití
Volver a creer y en la one

[Todos& Alejandro Sanz]
Ay Haití, hay amor, hay amor
Hay en ti, hay en ti
Y en mi voz hay en mi voz, ay Haití ay ay Haití

[ Todos  & Shakira]
Hay amor, hay amor
Hay en ti, hay en ti
Y en mi voz hay en mi voz, ay Haití ay ay Haití

[ Todos  & José Mercé]
Ay Haití, hay amor ay amor
Hay en tiHay en ti
Con mi voz y en mi voz ay ay Haití ay Haití

[Todos & Sandra Carrasco]
Se e'cuchan la', hay amor campana' que
Hay en ti y en mi voz redoblan ay Haití

[Todos & Marta Sánchez]
Mmm, ay Haitíii hay amor
Hay en ti
 aaoohhh 
y en mi voz, ay Haití"
5413768,344442,"[Letra de ""Resistiré (2020)""]

Cuando pierda todas las partidas
Cuando duerma con la soledad
Cuando se me cierren las salidas
Y la noche no me deje en paz

Cuando tenga miedo del silencio
Cuando cueste mantenerse en pie
Cuando se rebelen los recuerdos
Y me pongan contra la pared

Resistiré erguido frente a todo
Me volveré de hierro
Para endurecer la piel
Y aunque los vientos de la vida soplen fuerte
Soy como el junco que se dobla
Pero siempre sigue en pie

Resistiré para seguir viviendo
Soportaré
Los golpes y jamás me rendiré
Y aunque los sueños se me rompan en pedazos
Resistiré, resistiré

Cuando el mundo pierda toda magia
Cuando mi enemigo sea yo
Cuando me apuñale la nostalgia
Y no reconozca ni mi voz

Cuando me amenace la locura
Cuando en mi moneda salga cruz
Cuando el diablo pase la factura
O si alguna vez me faltas tú

Resistiré erguido frente a todo
Me volveré de hierro
Para endurecer la piel
Y aunque los vientos de la vida soplen fuerte
Soy como el junco que se dobla
Pero siempre sigue en pie

Resistiré para seguir viviendo
Soportaré
Los golpes y jamás me rendiré
Y aunque los sueños se me rompan en pedazos
Resistiré, resistiré... eh

Cuando pierda todas las partidas
Cuando duerma con la soledad
Cuando se me cierren las salidas
Y la noche no me deje en paz

Resistiré erguido frente a todo
Me volveré de hierro
Para endurecer la piel
Y aunque los vientos de la vida soplen fuerte
Soy como el junco que se dobla
Pero siempre sigue en pie

Resistiré para seguir viviendo
Soportaré
Los golpes y jamás me rendiré
Y aunque los sueños se me rompan en pedazos
Resistiré, resistiré... eh"
5405380,344442,"[Letra de ""Si Tú La Quieres""]

[Verso 1: David Bisbal & Aitana]
Si ella te quiere
Tendrás por dentro esa sensación de tenerlo todo (Uh-uh-uh)
Tendrás la suerte que solo tienen algunos locos
Si ella te quiere qué suerte tienes
Si ella te quiere (Si ella te quiere)
Verás al mundo bailar despacio bajo su foco
Tendrás la fuerza de reponerte de cualquier proto
Si ella te quiere qué suerte tienes (Qué suerte tienes)

[Pre-Coro: David Bisbal, David Bisbal & Aitana]
Si ella te quiere has tocado el cielo
Se abren las puertas del universo
Cuando te quiere
Ya solo hay una dirección
El desenlace de cualquier sueño
Está en su boca si tú la tocas
Ella te quiere, se pinta el mundo de color

[Coro: Aitana & David Bisbal, Ambos]
Si tú la quieres
No dejes nunca que en la distancia se apague el fuego
Y cuídala como cuida el pájaro de su vuelo
Si tú la quieres qué suerte tienes
Si tú la quieres (Si tú la quieres)
Querrás que el sol se retrase toda una vida entera
Y que las calles nos dejen solos cuando amanezca
Si tú la quieres, si ella te quiere (¡No!)

[Post-Coro: David Bisbal, Aitana, Ambos]
Celos, el mundo entero tiene celos
Juego perfecto del destino, oh
Nada lo puede superar (Nada lo puede superar)

[Verso 2: David Bisbal & Aitana]
Si tú la quieres
La magia siempre estará en tus manos cuando despiertes (Mmm)
Ni en siete vidas se ha visto un gato con tanta suerte
Si tú la quieres y ella te quiere (Ah-ah)

[Pre-Coro: David Bisbal & Aitana, David Bisbal]
El desenlace de cualquier sueño
Está en su boca si tú la tocas
Ella te quiere
Se pinta el mundo de color

[Coro: Aitana & David Bisbal]
Si tú la quieres
No dejes nunca que en la distancia se apague el fuego
Y cuídala como cuida el pájaro de su vuelo
Si tú la quieres qué suerte tienes
Si tú la quieres (Si tú la quieres)
Querrás que el sol se retrase toda una vida entera
Y que las calles nos dejen solos cuando amanezca
Si tú la quieres, si ella te quiere

[Post-Coro: David Bisbal, Aitana, Ambos]
Celos, el mundo entero tiene celos
Juego perfecto del destino, oh
Nada lo puede superar (Nada lo puede superar)
Celos, el mundo entero tiene celos
Juego perfecto del destino, oh
Nada lo puede superar (Nada lo puede superar)

[Outro: David Bisbal]
Si ella te quiere"
3432448,344442,"[Letra de ""Y, ¿Si Fuera Ella? (+ Es +)""]

[Pablo Alborán]
Ella se desliza y me atropella
Y aunque a veces no me importe

[Niña Pastori]
Sé que el día que la pierda volveré a sufrir por ella
Que aparece y que se esconde

[Abel Pintos]
Que se marcha y que se queda

[Rozalén]
Que es pregunta y es respuesta
Que es mi oscuridad, estrella

[Antonio Carmona]
Ella me peina el alma y me la enreda

[Antonio Carmona + Laura Pausini]
Va conmigo pero no sé dónde va

[Laura Pausini]
Mi rival, mi compañera
Que está tan dentro de mi vida
Y la vez, está tan fuera

[Shakira]
Sé que volveré a perderme
Y la encontraré de nuevo
Pero con otro rostro y otro nombre diferente y otro cuerpo

[Antonio Orozco]
Pero sigue siendo ella
Que otra vez me lleva
Nunca me responde

[Juanes]
Si al girar la rueda
Ella se hace fría y se hace eterna

[Tommy Torres]
Un suspiro en la tormenta, a la que tantas veces le cambió la voz

[Pablo Alborán]
Gente que va y que viene y siempre es ella

[Manuel Carrasco]
Que me miente y me lo niega
Que me olvida y me recuerda
Pero si mi boca se equivoca

[Jesse & Joy]
Pero si mi boca se equivoca
Y al llamarla nombro a otra

[Joy]
A veces siente compasión

[India Martínez]
Por este loco, ciego y loco corazón

[Pablo López]
Sea lo que quiera Dios que sea
Mi delito es la torpeza de ignorar que hay quien no tiene corazón

[Malú]
Y va quemando, va quemándome y me quema
No, no
Y, ¿si fuera ella?
No, no, no...

[Vanesa Martín]
A veces siente compasión por este loco, ciego y loco corazón
¿Era?

[David Bisbal]
¿Quién me dice si era ella?
Y  si la vida es una rueda y va girando y nadie sabe cuándo tiene que saltar
Y la miro...

[India Martínez]
Y, ¿si fuera ella?
Y, ¿si fuera ella?"
2177890,344442,"[Letra de ""No Hay 2 Sin 3 (Gol)"" ft. David Bisbal]

[Intro: Paco González & José Antonio Camacho]
Centra a Iniesta, para él va ese balón
El— le cae a Cesc Fábregas
Fábregas para Iniesta, ¡Iniesta!
Chuta Iniesta, ¡GOL! (¡GOL!)
¡Gol, gol! ¡Gol de España!
¡A falta de 4 minutos somos campeones del mundo!

[Coro]
Sube la mano y grita gol, -ol, -ol
Oh-oh-oh, -ol, -ol
Oh-oh-oh, -ol, -ol
Oh-oh-oh
Sube la mano y grita gol, -ol, -ol
Oh-oh-oh, -ol, -ol
Oh-oh-oh, -ol, -ol
Oh-oh-oh

[Pos-Coro]
No hay dos sin tres
No-No, No hay dos sin tres

[Verso 1]
Miro para el cielo, me mira la gente
Para ellos yo soy diferente
Los gritos rebotan, las lucen del frente
La pelota me grita ""Te toca""
Las piernas me ruegan que no
Pero el alma me ordena que sí, la vida es así
Y si voy a morir, miré de primero
Sabiendo que soy un guerrero
Mis padre me dieron la raza y la vida, ¿qué pasa?
No pienso perder en mi casa
Yo correo adelante, cronómetro corre de 90 a 0
No importa, yo sé lo quiero
Persigo el balón con las manos en el corazón
Y asustado me mira el portero
Las manos al sol y en mi pierna un impacto certero, yeh

[Coro]
Sube la mano y grita gol, -ol, -ol
Oh-oh-oh, -ol, -ol
Oh-oh-oh, -ol, -ol
Oh-oh-oh
Sube la mano y grita gol, -ol, -ol
Oh-oh-oh, -ol, -ol
Oh-oh-oh, -ol, -ol
Oh-oh-oh
Sube la mano y grita gol

[Pos-Coro]
No hay dos sin tres
No-No, No hay dos sin tres
No hay dos sin tres, eh-eh
No hay dos sin tres
No-No, No hay dos sin tres

[Puente]
Un, deux, trois; no es mi culpa que yo juegue más
Four, five, six; no es mi culpa porque así nací
Eins, zwei, drei; te lo juro que no hay 2 sin 3
Sorry, man, siempre gano y ya me acostumbré
Un, deux, trois; no es mi culpa que yo juegue más
Four, five, six; no es mi culpa porque así nací
Eins, zwei, drei; te lo juro que no hay 2 sin 3
Sorry, man, eh-eh

[Coro]
Sube la mano y grita gol, -ol, -ol
Oh-oh-oh, -ol, -ol
Oh-oh-oh, -ol, -ol
Oh-oh-oh
Sube la mano y grita gol, -ol, -ol
Oh-oh-oh, -ol, -ol
Oh-oh-oh, -ol, -ol
Oh-oh-oh
Sube la mano y grita gol

[Pos-Coro]
No hay dos sin tres
No-No, No hay dos sin tres
No hay dos sin tres, eh-eh
No hay dos sin tres
No-No, No hay dos sin tres

[Verso 2]
Súbele la música que llega la fiesta
Se pone caliente, la casa está llena de gente
Tú sigue bailando, en el aire se siente el ambiente
Lleva las manos al sol, con el alma grita gol, yeah
Dale
Mi patria me ha dado la gloria y la quiero sentir otra vez
No hay dos sin tres
Somos los campeones y cuando nos miras lo ves
No hay dos sin tres
Eh, no hay dos sin tres
Eh, nay dos sin tres, eh-eh

[Coro]
Sube la mano y grita gol, -ol, -ol
Oh-oh-oh, -ol, -ol
Oh-oh-oh, -ol, -ol
Oh-oh-oh
Sube la mano y grita gol, -ol, -ol
Oh-oh-oh, -ol, -ol
Oh-oh-oh, -ol, -ol
Oh-oh-oh
Sube la mano y grita gol, -ol, -ol
Oh-oh-oh, -ol, -ol
Oh-oh-oh, -ol, -ol
Oh-oh-oh
Sube la mano y grita gol, -ol, -ol
Oh-oh-oh, -ol, -ol
Oh-oh-oh, -ol, -ol
Oh-oh-oh
Sube la mano y grita gol

[Pos-Coro]
No hay dos sin tres
No-No, No hay dos sin tres
No hay dos sin tres, eh-eh
No hay dos sin tres
No-No, No hay dos sin tres
Sube la mano y grita gol"
6708196,344442,"[Letra de ""Himno A La Alegría"" ft. Alejandro Lerner, Alessia Cara, Álex Ubago, Ana Mena, Andrés Calamaro, Andrés Ceballos, Brian May, Camilo, Carlos Rivera, David Bisbal, Draco, Dulce Pontes, Fher, India Martínez, Joy Huerta, Juanes, Lali, Laura Pausini, Leire Martínez, Macaco, Malú, Manolo García, Manuel Carrasco, Mau y Ricky, Melendi, Miguel Ríos, Mikel Izal, Nathy Peluso, Pablo Alborán, Rosario, Rozalén, Sebastián Yatra & Vanesa Martín]

[Verso 1]
Escucha hermano la canción de la alegría
El canto alegre del que espera un nuevo día

[Coro]
Ven, canta, sueña cantando
Vive soñando el nuevo sol
En que los hombres volverán a ser hermanos
Ven, canta, sueña cantando
Vive soñando el nuevo sol
En que los hombres volverán a ser hermanos

[Instrumental]

[Verso 2]
Si en tu camino solo existe la tristeza
Y el llanto amargo de la soledad completa

[Coro]
Ven, canta, sueña cantando
Vive soñando el nuеvo sol
En que los hombres volverán a sеr hermanos

[Instrumental]

[Verso 3]
Si es que no encuentras la alegría en esta Tierra
Busca al hermano más allá de las estrellas

[Coro]
Ven, canta, sueña cantando
Vive soñando el nuevo sol
En que los hombres volverán a ser hermanos
Ven, canta, sueña cantando
Vive soñando el nuevo sol
En que los hombres volverán a ser hermanos

[Outro]
Si es que no encuentras la alegría en esta Tierra
Busca al hermano más allá de las estrellas"
8203224,2107585,"[Letra de ""Quieres""]

[Verso 1: Aitana & Emilia]
Tengo la curiosidad de saber cómo besas, ey
Y me marea que siempre dé vueltas en mi cabeza, ey
No hice la tarea de olvidarte
Porque siempre fui mala estudiante
Y sigo todo el día imaginándote, ey

[Coro: Aitana]
Dime si me quieres
Si quieres algo conmigo
Conmigo, si quieres, puedes
Puedes ser más atrevido, y yo lo sé
Dime si te atrеves
Atrévete a algo conmigo
Conmigo, si quiеres, debes
Debes ser más atrevido, y yo lo sé

[Verso 2: Emilia]
Atrévete como René
Sabe' que tiene' el okay, ponle play
Tú y yo estamos en la misma wave
Te doy la password pa' que tú te conectes a mi red
Me tiene' entre la espada y la pared
E-e-esa figura está pa' una escultura
Si fuera Frida, pongo tu cuerpo en una pintura
A ese bombón quiero sacarle la envoltura
Trae las llaves pa' abrir esta cerradura
E-e-esa figura está pa' una escultura (Ah)
Si fuera Frida, pongo tu cuerpo en una pintura
A ese bombón quiero sacarle la envoltura
Trae las llaves pa' abrir esta cerradura

[Coro: Aitana]
Dime si me quieres
Si quieres algo conmigo
Conmigo, si quieres, puedes
Puedes ser más atrevido, y yo lo sé
Dime si te atreves
Atrévete a algo conmigo
Conmigo, si quieres, debes
Debes ser más atrevido, y yo lo sé

[Verso 3: Ptazeta]
Y si tú quiere' volver, mami, dime y te llevo de viaje
Tú estás pa' pasarla rico, no llevamo' ni equipaje
Contigo sale el sol y se van to' los male'
Baby, pon la condición y yo te demuestro que vale
Ve-ve-ve-vente, dale, mami, vente
No quiero presionarte, pero tus ojo' no mienten, ma
Vente, dale, mami, vente
Y quiero bailar contigo y olvidarme de la gente
Así que zumba, que la vida lo que pide es rumba
Yo te voy a dar Pumba
Si tú quieres que vayamo' aparte y te dé a probar rumba
Baby, si esas gana' que tú tiene' son curiosa'
Te las voy a quitar

[Coro: Aitana & Ptazeta]
Dime si me quieres
Si quieres algo conmigo
Conmigo, si quieres, puedes
Puedes ser más atrevida, y yo lo sé
Dime si te atreves
Atrévete a algo conmigo
Conmigo, si quieres, debes
Debes ser más atrevida, yo lo sé

[Verso 4: Aitana]
Esta noche solo quiero verme con él
Y que nadie pueda ver
Y que no sepan dónde estamos ni el nombre del hotel
Ahí, encerraditos como en 2020
Los dos sabemos bien lo que se siente
Así, así, así, y en esa cama nadie va a dormir
Ahí, ahí, de lejos se te nota lo que sientes, dilo de frente
Siempre me porto bien, hoy es diferente, ey
Así, así, así, y en esa cama nadie va a dormir
Ahí, ahí, de lejos se te nota lo que sientes, dilo de frente
Siempre me porto bien, hoy es diferente

[Coro: Emilia & Aitana]
Dime si tú quieres
Si quieres algo conmigo
Conmigo, papi, tú puedes
Puedes ser más atrevido, y yo lo sé
Dime si te atreves
Atrévete a algo conmigo
Conmigo, si quieres, debes
Debes ser más atrevido, y yo lo sé

[Outro: Aitana]
Lo sé, yo lo sé"
3395401,1530427,"[Mireya]
Dieciséis almas y un sueño
Muchos miedos que contar
[Roi]
Dando pasos conseguimos
Que se hiciera realidad

[Marina]
Llegamos con las maletas
Una meta que alcanzar
[Ricky]
Y una caja de canciones
Que no dejan de sonar

[Ana Guerra]
Y cuando pienses que no puedes más
[Ana Guerra + Mimi]
Grita fuerte y lucha hasta el final

[Aitana + Cepeda]
Seré tus alas, tu vuelo
No mires al suelo
Que esto acaba de empezar

[Miriam + Nerea]
Y te espero en medio de una eterna despedida

[Todos]
Camina
Da un paso al frente y respira
Es un regalo de la vida
Nada nos puede frenar

Y siente que la música nunca termina
Sigue creando melodías
Que lo bueno está por llegar

[Raoul]
Aquí nos conocimos
Una extraña realidad
[Aitana]
En un mundo paralelo
Imposible de explicar

[Mimi]
Compartiendo nuestras letras
Se compuso esta canción
[Nerea]
Dos acordes mal tocados
Pero mucho corazón

[Alfred]
Seré tus ganas, tu risa
Tu fuerza me inspira
[Amaia]
Si no sabes cómo seguir
Improvisa

[Alfred + Amaia + Nerea]
Que yo estoy contigo
En cada estrofa de tu día

[Todos]
Camina
Da un paso al frente y respira
Es un regalo de la vida
Nada nos puede frenar

Y siente que la música nunca termina
Sigue creando melodías
Que lo bueno está por llegar

[Cepeda]
Camina, conmigo
Y sueña en voz alta
Seré tus alas, tú solo salta y canta
Acompáñame en este viaje de la vida
Tu voz es lo único que me hace falta

[Mimi]
Y siente que esta música no tiene final
Cada nota, cada golpe de la instrumental
Es un latido, que sin cada uno de vosotros
No tendría sentido

[Juan Antonio]
Las palabras en la mesa
Derramaban ilusión

[Thalía]
Uniendo nuestras voces
Esperando ver el sol

[Miriam]
Casi había amanecido
Y la luna apareció

[Agoney + Nerea]
Soñando despiertos
Al ritmo de una emoción

[Todos]
Camina
Da un paso al frente y respira
Es un regalo de la vida
Nada nos puede frenar (nada nos puede frenar)

[Todos]
Y siente que la música nunca termina
Sigue creando melodías
Que lo bueno está por llegar (lo bueno está por llegar)
Camina"
7261199,1135759,"[Letra de ""Ateo""]

[Intro: Nathy Peluso]
Este amor es como una religión

[Pre-Estribillo: C. Tangana]
Asuntos peligrosos del pasado me persiguen todavía
Historias que la gente no olvidó y que me recuerdan cada día
Si llegué vivo aquí no me va a matar una vieja herida
Déjales que hablen mal, se mueran de envidia

[Estribillo: C. Tangana & Nathy Peluso, Ambos]
Yo era ateo, pero ahora creo
Porque un milagro como tú ha tenido que bajar del cielo
Yo era ateo, pero ahora creo
Porque un milagro como tú ha tenido que bajar dеl cielo
Yo era ateo, pеro ahora creo
Porque un milagro bajó del cielo
Yo era ateo, pero ahora creo (Ahora creo)

[Verso 1: Nathy Peluso & C. Tangana, Ambos]
Hablan de mi vida como si hubieran pasa'o todos por ella, eh-eh-eh
Y mientras cuentan cuentos, tú y yo solos, bachatas y una botella
Quiero hacerle religión a tu melena, a tu boca y a tu cara
Y que me perdone la Virgen de la Almudena
Las cosa' que hago en tu cama

[Pre-Estribillo: Nathy Peluso]
Si llegué vivo aquí no me va a matar una vieja herida
Déjales que hablen mal, se mueran de envidia (Que hablen)

[Estribillo: C. Tangana, Ambos]
Yo era ateo, pero ahora creo
Porque un milagro como tú ha tenido que bajar del cielo
Yo era ateo, pero ahora creo
Porque un milagro como tú ha tenido que bajar del cielo
Yo era ateo, pero ahora creo
Porque un milagro bajó del cielo
Yo era ateo, pero ahora creo

[Puente: Nathy Peluso]
Se mueran de envidia
Eh-eh-eh
Se mueran de envidia

[Verso 2: Nathy Peluso & C. Tangana]
Me sacaste de la oscuridad
Somos un asunto 'e gravedad
Tú despierta' ese diablo mío que me roba toda espiritualidad
Ya no sé lo que me pasa
Ahora nada te reemplaza
Tu boca es como mi casa
Lo que ellos dicen parece veneno
Si me preguntan, yo le' diré que no lo sé
Quiero gritar que te echo de menos
Dame del agua bendita que calma mi sed
El último romántico (¡El Madrileño!)

[Estribillo: C. Tangana, Ambos]
Yo era ateo  (Eso es), pero ahora creo
Porque un milagro como tú ha tenido que bajar del cielo
Yo era ateo, pero ahora creo
Porque un milagro como tú ha tenido que bajar del cielo
Yo era ateo, pero ahora creo
Porque un milagro bajó del cielo
Yo era ateo, pero ahora creo"
5082105,338486,"[Letra de ""+""]

[Verso 1: Aitana]
Que no volveré, que no volverás
Que después de un sol, no te veré más
Dime que es mentira, que me lo soñé, que tú ya no te vas
Que a partir de hoy todo es recordar
No te olvidaré, no me olvidarás
Dime que no es cierto y que este amor tan grande no se acabará
Hoy no me voy a dormir para que al reloj no le pasen las horas
Sonrisas por fuera, aunque por dentro lloras
Yo voy a quedarme y tú te vas a ir (Tú te vas a ir)
¿Qué más te puedo decir?
Si el primer amor durará para siempre
Sobrarán recuerdos, faltará tenerte
Dejas una historia en mí por escribir

[Estribillo: Aitana]
Si yo te quiero, te quiero y te quiero
Y por tu culpa febrero me duele de más
¿Dónde guardaré este amor si tú te vas?
Si no es mentira que te echo de menos
Si yo no te echo de menos te extraño de más
Y aunque sé muy bien que tú no volverás (No volverás)
¿Cómo pretendo no echarte de menos si te amé de más?

[Verso 2: Cali, El Dandee]
Más te amo, menos tiempo
Más te alejas, más lo siento
Restas tus ojos cafés pero le sumas sufrimiento
Más besos imaginarios, más peleo en solitario
Yo estoy mal pero te miento más de lo que es necesario
¿Cómo le explico a tu diario que yo ya me he acabado el abecedario por llorar canciones que te escribo a diario?
Quererte no es imposible, soñarte es involuntario
Un amor que es irreversible no lo borran ni los meses ni los años
Yo te extraño

Te extraño con locura y no hay cura para esta historia de un amor extraordinario
¿Y qué le hacen un par de besos? Te quiero por dentro con cada hueso, y si tú me quieres no me digas lo contrario
Pero lo que más me duele
Es llegar segundo si te vi primero
Entregarlo todo y quedarme con cero
Por sumarle aniversarios a un amor que siempre será pasajero

[Estribillo: Aitana]
Si yo te quiero, te quiero y te quiero
Y por tu culpa febrero me duele de más
¿Dónde guardaré este amor si tú te vas?
Si no es mentira que te echo de menos
Si yo no te echo de menos te extraño de más
Y aunque sé muy bien que tú no volverás (No volverás)
¿Cómo pretendo no echarte de menos si te amé de más?

[Puente: El Dandee, Aitana]
No te has ido y ya te extraño de más
Yo no te olvidaré jamás
Yo no te olvidaré jamás
Tú júrame que volverás
No te has ido y ya te extraño de más
Yo no te olvidaré jamás
Yo no te olvidaré jamás
Tú júrame que volverás

[Estribillo: Aitana]
Si yo te quiero, te quiero y te quiero
Y por tu culpa febrero me duele de más
¿Dónde guardaré este amor si tú te vas?
Si no es mentira que te echo de menos
Si yo no te echo de menos te extraño de más
Y aunque sé muy bien que tú no volverás (No volverás)

[Outro: Aitana]
Y aunque ya sé que todas las historias tienen su final
Ya no me pidas que de ti me olvide, que no soy capaz
¿Cómo pretendo no echarte de menos si te amé de más?"
2177890,338486,"[Letra de ""No Hay 2 Sin 3 (Gol)"" ft. David Bisbal]

[Intro: Paco González & José Antonio Camacho]
Centra a Iniesta, para él va ese balón
El— le cae a Cesc Fábregas
Fábregas para Iniesta, ¡Iniesta!
Chuta Iniesta, ¡GOL! (¡GOL!)
¡Gol, gol! ¡Gol de España!
¡A falta de 4 minutos somos campeones del mundo!

[Coro]
Sube la mano y grita gol, -ol, -ol
Oh-oh-oh, -ol, -ol
Oh-oh-oh, -ol, -ol
Oh-oh-oh
Sube la mano y grita gol, -ol, -ol
Oh-oh-oh, -ol, -ol
Oh-oh-oh, -ol, -ol
Oh-oh-oh

[Pos-Coro]
No hay dos sin tres
No-No, No hay dos sin tres

[Verso 1]
Miro para el cielo, me mira la gente
Para ellos yo soy diferente
Los gritos rebotan, las lucen del frente
La pelota me grita ""Te toca""
Las piernas me ruegan que no
Pero el alma me ordena que sí, la vida es así
Y si voy a morir, miré de primero
Sabiendo que soy un guerrero
Mis padre me dieron la raza y la vida, ¿qué pasa?
No pienso perder en mi casa
Yo correo adelante, cronómetro corre de 90 a 0
No importa, yo sé lo quiero
Persigo el balón con las manos en el corazón
Y asustado me mira el portero
Las manos al sol y en mi pierna un impacto certero, yeh

[Coro]
Sube la mano y grita gol, -ol, -ol
Oh-oh-oh, -ol, -ol
Oh-oh-oh, -ol, -ol
Oh-oh-oh
Sube la mano y grita gol, -ol, -ol
Oh-oh-oh, -ol, -ol
Oh-oh-oh, -ol, -ol
Oh-oh-oh
Sube la mano y grita gol

[Pos-Coro]
No hay dos sin tres
No-No, No hay dos sin tres
No hay dos sin tres, eh-eh
No hay dos sin tres
No-No, No hay dos sin tres

[Puente]
Un, deux, trois; no es mi culpa que yo juegue más
Four, five, six; no es mi culpa porque así nací
Eins, zwei, drei; te lo juro que no hay 2 sin 3
Sorry, man, siempre gano y ya me acostumbré
Un, deux, trois; no es mi culpa que yo juegue más
Four, five, six; no es mi culpa porque así nací
Eins, zwei, drei; te lo juro que no hay 2 sin 3
Sorry, man, eh-eh

[Coro]
Sube la mano y grita gol, -ol, -ol
Oh-oh-oh, -ol, -ol
Oh-oh-oh, -ol, -ol
Oh-oh-oh
Sube la mano y grita gol, -ol, -ol
Oh-oh-oh, -ol, -ol
Oh-oh-oh, -ol, -ol
Oh-oh-oh
Sube la mano y grita gol

[Pos-Coro]
No hay dos sin tres
No-No, No hay dos sin tres
No hay dos sin tres, eh-eh
No hay dos sin tres
No-No, No hay dos sin tres

[Verso 2]
Súbele la música que llega la fiesta
Se pone caliente, la casa está llena de gente
Tú sigue bailando, en el aire se siente el ambiente
Lleva las manos al sol, con el alma grita gol, yeah
Dale
Mi patria me ha dado la gloria y la quiero sentir otra vez
No hay dos sin tres
Somos los campeones y cuando nos miras lo ves
No hay dos sin tres
Eh, no hay dos sin tres
Eh, nay dos sin tres, eh-eh

[Coro]
Sube la mano y grita gol, -ol, -ol
Oh-oh-oh, -ol, -ol
Oh-oh-oh, -ol, -ol
Oh-oh-oh
Sube la mano y grita gol, -ol, -ol
Oh-oh-oh, -ol, -ol
Oh-oh-oh, -ol, -ol
Oh-oh-oh
Sube la mano y grita gol, -ol, -ol
Oh-oh-oh, -ol, -ol
Oh-oh-oh, -ol, -ol
Oh-oh-oh
Sube la mano y grita gol, -ol, -ol
Oh-oh-oh, -ol, -ol
Oh-oh-oh, -ol, -ol
Oh-oh-oh
Sube la mano y grita gol

[Pos-Coro]
No hay dos sin tres
No-No, No hay dos sin tres
No hay dos sin tres, eh-eh
No hay dos sin tres
No-No, No hay dos sin tres
Sube la mano y grita gol"
4819963,344667,"[Letra de ""El Último Adiós""]

[Ricky Martin]
Se quebró la calma
Y el silencio en ruido se volvió

[Alejandro Sanz]
Quedaron desnudos
Nuestra imagen y nuestro dolor

[Thalia]
Se mezclaba el cielo

[Juan Luis Guerra & Gloria Estefan]
Junto con la calle y el rencor

[Celia Cruz]
Nos llenó de miedo

[Juan Luis Guerra, Gloria Estefan & Olga Tañon]
Dónde fue el amor

[Ricardo Montaner]
Dime si el dolor despierta el alma

[Ana Gabriel]
Dime si es capaz de despertar el corazón

[Jorge Hernandez & Alicia Villareal]
Ni todo el rencor, ni la venganza

[Alejandro Fernandez]
Nos va a poder calmar las ganas
De ver de nuevo aquellas caras

[Carlos Vives]
Dime si el dolor abre una puerta

[Jaci Velasquez]
Dime si es capaz de despertar el corazón

[Jose Luis Rodriguez]
Juzga tú señor a quién tú quieras

[Marco Antonio Solis]
Quién iba a pensar
Que esa mañana era el último

[José José & Lucia Mendez]
Adiós

[Jennifer Lopez]
Nadie va a cambiarnos

[Emanuelle]
Nadie nos va hacer perder la fe

[Chayanne]
Nadie va a callarnos

[Chayanne & Gliberto Santarosa]
Nuestra fuerza vuelve a renacer

[Paulina Rubio]
Hoy me siento libre

[Beto Cuevas]
Y estamos unidos por amor

[Ana Barbara]
Hoy todo ha cambiado

[Carlos Ponce]
Creo más en ti

[Jon Secada]
Señor

[Shakira]
Dime si el dolor despierta el alma

[Gian Marco]
Dime si es capaz de despertar el corazón

[Luis Fonsi]
Ni todo el rencor, ni la venganza

[Yuri & Miguel Bosé]
Nos va a poder calmar las ganas

[Wilkins, Giselle & Melina Leon, Ramiro]
De ver de nuevo aquellas caras

[Christina Aguilera]
Oh oh, dime

[Todos]
Dime si el dolor despierta el alma
Dime si es capaz de despertar el corazón
Ni todo el rencor, ni la venganza (Oh yeah)
Nos va a poder calmar las ganas
De ver de nuevo aquellas caras
Dime si el dolor abre una puerta
Dime si es capaz de despertar el corazón (Despertar el corazón)
Juzga tú Señor a quién tú quieras

[José Feliciano]
Quién iba a pensar

[Alejandro Sanz]
Quién iba a pensar

[José Feliciano]
Que esa mañana era el último adiós"
1413629,344667,"[Letra de ""Lo Noto""]

Lo noto
Sé que nos pasa algo
Aunque selles tus labios
El mal rollito entre los dos
Lo noto

Tú siempre estás cansada
Y nunca dices nada
Sé que no estoy loco
Y lo noto

Me está matando poco a poco
Y lo noto, lo noto
Me lo dicen tus ojos
Y esos besos tan flojos
Que dejan un sabor amargo y roto
Aunque tú me lo niegues
No queda más que nieve
Donde hubo calor y yo lo noto
Puedo ser un cabrón pero no un tonto
Y lo noto

Noto que mi corazón
No sé, no va
Que las miradas se caen
Y que muere el mar
Tú y yo tenemos que hablar
Porque
Ya se va acabando el aire entre nosotros
Y lo noto

Lo noto
Noto que me esquivas
Que evitas mis caricias
Que pones mala cara si te toco
Y yo que estoy perdido
No puedo hablar contigo
Y cada día me siento más sólo
Me voy hundiendo poco a poco
Todo se va a la mierda entre nosotros
Y lo noto

Noto que mi corazón
No sé, no va
Que las miradas se caen
Y que muere el mar
Tú y yo tenemos que hablar
Porque
Ya se va acabando el aire entre nosotros
Y lo noto"
1935022,344667,"[Letra de ""Ay Haiti!""]

[David Summers]
¿Hay alguien por ahí?
¿Alguien que me pueda oír?
¿Queda algo por decir?
¿Un milagro que nos convierta en ti?

[Najwa]
Tendrán muy pocos años
Desde hace mucho tiempo
Tendrán muy pocos años
Desde hace mucho tiempo

[Bebe]
Ahí tiene' lo que queda, ahí tiene' la tierra
Pa' volvé a ará, pa' limpiá, plantá, con'truí...
Ahí e'tá vacía sin ná
Con tó dipue'to a volverse a llená

[Alejandro Sanz]
Hay amor, hay en ti, hay en mi voz, ay ay Haití
Hay amor, hay en ti, hay en mi voz, ay ay Haití

[Miguel Bosé & Shakira]
Hay amor, hay amor, hay en ti, hay en ti
Y en mi voz, y en mi voz, ay ay Haití

[Miguel Bosé & Zahara]
Hay amor, hay amor, hay en ti, hay en ti
Y en mi voz, y en mi voz

[Daniel Forlán]
Oh, hay tierras que no tienen sueños
Hay tierras que tiemblan de miedo

[Juanes]
Hay tierras que tienen paz
Haití sólo quiere ser normal

[Juanes]
Aún hay tiempo de renacer
De cabalgar sobre el hambre y el hierro
Aún hay tiempo de dar amor
Borrar el miedo y la destrucción

[Todos]
Hay amor, hay en ti, y en mi voz, ay Haití
Hay amor, hay en ti, y en mi voz, ay Haití

[Marta Sánchez]
Ay Haití, ay Haití
Hay un suspiro en tu voz que despierta mi corazón

[Miguel Bosé]
Una vida se detiene a su espalda la desolación
Es un niño de mirada perdida
Que desde el polvo ilumina con su luz

[Leire (LOVG)]
Hay tierras que no tienen sueños
Hay tierras que tiemblan de miedo

[Estopa]
Deja que este llanto desentierre nuestra fe
Enterrada en la mi'ma tierra que no' vio nacer

[Belinda & todos]
Hay amor, hay en ti, y en mi voz, ay Haití

[Todos]
Hay amor, hay en ti, y en mi voz, ay Haití

[Aleks Syntek]
Ay Haití... ay Haití...
Que no hay silencio en mi voz
Que soy ladrillo en tu construcción

[Macaco]
Y way ay ay ay Haití
Hoy contigo quiero e'tar junto a ti
Beredi-bombeando todo' los corazones hoy aquí

[La Mala Rodríguez]
Ha nasío' de la' cenisa' Barón Samedí
Yo vivo por mi gente, no deja de sentir
Devuélveme lo' hombre' que se fueron a pelear por su suerte
Por su propia dignidad
¿Ha'ta cuándo la deuda por ser negro siendo rico?
No le' ba'ta el e'sedente pa' llená el hosico
E'cucha mi' plegaria', Barón Samedí
Quiero resucitá pa' volver a ver Haití

[Shakira & Bebe]
Hay que volver a nacer, perderse otra vez
Volver a creer, empezar otra vez
Hay que volver a nacer
Aquí hay argo má' que uno' cuanto' vivo' perderse otra vez
Metido' dentro de su cuerpo, perderse otra vez
Volver a creer, empezar otra vez

[Bebe]
Porque eso e' lo que hay, no hay más que hacerlo
Eso es lo que hay, proceso de inversión
No queda más opción que volver a con'truir
Todo lo que se derrumbó

[Najwa & Carlos Jean]
Hay que volver a nacer, perderse otra vez y en Haití
Volver a creer, empezar otra vez en Haití
Hay que volver a nacer en la amor
Perderse otra vez en y en Haití
Volver a creer y en la one

[Todos& Alejandro Sanz]
Ay Haití, hay amor, hay amor
Hay en ti, hay en ti
Y en mi voz hay en mi voz, ay Haití ay ay Haití

[ Todos  & Shakira]
Hay amor, hay amor
Hay en ti, hay en ti
Y en mi voz hay en mi voz, ay Haití ay ay Haití

[ Todos  & José Mercé]
Ay Haití, hay amor ay amor
Hay en tiHay en ti
Con mi voz y en mi voz ay ay Haití ay Haití

[Todos & Sandra Carrasco]
Se e'cuchan la', hay amor campana' que
Hay en ti y en mi voz redoblan ay Haití

[Todos & Marta Sánchez]
Mmm, ay Haitíii hay amor
Hay en ti
 aaoohhh 
y en mi voz, ay Haití"
