song_id,artist_id,lyrics,language,predict,confidence
8916223,213513,"[Letra de ""El Mero Mero 2""]

[Intro: YMN Gus]
I was on a different type of time, on a different level
I be pullin' with my bands, buyin' rock and heavy metal
Me and my old bitch broke up, 'cause we couldn't settle
I been won the race, buyin' get respect, don't no metal

[Verse 1: YMN Gus & Yung Beef]
Yo soy mero mero
If a nigga want that smoke, dale con el fuego
Nigga want that blitz stick, hit him with that cuerno
Yo te doy de la blanca, también del hielo (De todo)
Told you in a year or two, how I was gonna make it (How I was gonna make it)
Yo sé que tan agüita'os, I know that you hate me (I know that you hate mе)
Focus on the money and I had to go chase it (Had to go chasе it)
Even little niggas don't like me, ain't no better replace me (Ain't no beeter)
You woke up, it was hella sunny, but I made it rain (Raint)
Gettin' bitches steady pippin', call me purple rain (Call me purple rain)
Yeah, you can have her back, she done fucked the gang (She done fucked the gang)
I think this bitch a little retarded, 'cause I fucked the brain ('Cause I fucked the brain, nigga; ah, wow-wow)

[Verse 2: Yung Beef]
Siempre ando con cueros, te ves bien culero (Wow-wow)
Con mi raza por Tepito con el Angelito Negro (Damn)
Como un toro rojo y negro (¿Qué?), mero mero en el barrio (¿Qué?)
Te vamo' a dejá' como un cerdo, to' tira'o por el barro (Rra)
La bitch me da cerebro (Huh), Christian Dior los perro' (Jaja)
No enchufo, no miro (Ajú), Mercede' son los carro'
Aboga'o pa' los caso' (Ey), no, no vamos descalzo' (Ja)
Con lambone' yo no transo (Nah, nah, nah, nah)
Yo no duermo, yo descanso
Loco, tú estate manso (Yeah), jarabe, doble vaso (Jaja)
Suavecito al paso (Ajá), fumando burrito El Paso (Jaja)
Nah, no lo paso (Nah, fuck it)

[Outro: Yung Beef]
Mero mero, bitch
Yung Beef, bitch, Yung Beef, bitch
Yung Beef, bitch
I get my work from the narco
Mero mero, bitch
Mero mero, bitch",en,en,0.8552591800689697
6639870,654902,"[Letra de ""Lookin Like This"" ft. FKi 1st]

[Intro: AC3]
All this money got me lookin' like this
Two pack' got me lookin' like this
I've been saying I've been lookin' like this
Pour me some, got me loo—, oh
Our opponent got me lookin' like this
All this money got me lookin' like this
Fast car got me lookin' like this (808 Mafia)
All new phones, I've been lookin' like—

[Estribillo: AC3]
You ain't never-never seen nothing like this
You ain't never seen no shit like this
Ey, you ain't never seen no fly shit like this
Ey, you ain't never seen no fly shit, ey
Pull up on your bi, nigga lookin' like this
Bi-Bi-Big pocket, nigga lookin' like this
Got a whole lotta money, nigga lookin' likе this (Ey)
All my niggas stuntin', nigga lookin' like this
Pull up, drop top, nigga lookin' like this
You ain't nevеr seen nothing quite like this
One time in the trap a nigga lookin' like this

[Verso 1: Kaydy Cain & AC3]
Ella tiene to'a las Jordan' pero quiere unos Christians (Red bottoms)
Y yo le compro unos Christians
Ella solo había vista esa mierda en la revista (Drippin' the sauce, son, some of that bullshit)
Y esa mierda la conquista
Y ahora ve las estrellas desde el asiento del carro
Lleva solo marcas caras y fuma de lo más caro
Y encima todo' los día' le van las pena' a la casa
Y lleva diamantes tan puros que parecen ser de raza, woh

[Estribillo: AC3]
You ain't never-never seen nothing like this
You ain't never seen no shit like this (Ey)
Ey, you ain't never seen no fly shit like this (808 Mafia)
Ey, you ain't never seen no fly shit, ey
Pull up on your bi, nigga lookin' like this
Bi-Bi-Big pocket, nigga lookin' like this (Ey)
Got a whole lotta money, nigga lookin' like this (Ey)
All my niggas stuntin', nigga lookin' like this
Pull up, drop top, nigga lookin' like this
You ain't never seen nothing quite like this

[Verso 2: Yung Beef]
Uh
You've never seen no shit like this
En el droptop con mi bad bitch
Yo, 'tamos guapo', estamo' fácil
Yeah, ""Despacito"", Luis Fonsi
Y no-no-no, no-no-no, no-no-no
Y es criminal cómo hacemo' el amor
Po-po-po-po-po, po-po-po, po-po-po
Mamita chula, click-click po-po-po

[Estribillo: AC3 & Khaled]
Pull up in your bi, nigga lookin' like this
Bi-Bi-Big money, nigga lookin' like this
Got a whole lotta money, nigga lookin' like this (Ey)
Drop top, big car, nigga lookin' like this
Car scent, car sweat, nigga lookin' like this
Part time in my suite, nigga lookin' like this
I can never stop talkin', nigga lookin' like this
I [?], nigga lookin' like this
Yeah, yeah, you ain't never seen nothing quite like this
You ain't never seen nothing quite like this
You ain't never seen nothing quite like this, ah, yeah (Uh, fah)

[Verso 3: Khaled]
Acuérdate cuando éramos pequeñito'
No tenía na', esmayaíco
Ahora lo tenemos to', mmm, es distinto
Pide lo que quieras, mami, que ahora somo' rico' (808 Mafia)
La cama llena 'e coca, ella está dibujando un ángel
Mira cómo me lo hace
Siempre le pone esfuerzo, no había visto algo así ante'
Mami, quiéreme como a un gángster

[Estribillo: AC3]
Eh, you ain't never, ever seen nothing like this
You ain't never seen nothing quite like this
You ain't never seen nothing quite like this, eh-eh
Pull up on your bitch, nigga lookin' like this
Bi-Bi-Big pocket, nigga lookin' like this
I stole one car, nigga lookin' like this
I went on [?], nigga lookin' like this

[Outro: AC3]
Drop top Benz, yeah
I was so ass shit
No more too ass shit, no more
Oh-oh-oh, no-no-no, ah-eh
Oh-oh, mm-mm, mm-mm
Big Benz, pullin' up in a big Benz, nigga lookin' like this
DJ, let 'em hear real quick",en,en,0.9362683892250061
4141489,3460412,"Aaaah
It's Rewind time
If I controlled Rewind I would want Fortnite and Marques Brownlee
- Is this what you wanted?
- You know who I would have asked for?
- Quit horsing around. Play me some of that jumping music
Yeah baby, I like it like that
- Ok... Did you say jumping music?
- Jumping music?
You gotta believe me when I tell you
I said I like it like that
- Todo el mundo! Fuera!
You gotta believe me when I tell you
I said I like it like—
Yeah they call me Cardi B, I run this **** like cardio
- Not even a thank you?!
Yeah they call me Cardi B, I run this **** like cardio
Cardio, cardio
I said I like it like that
- Is this Marques?
- Quiero a Liza
- Yeaaaaaahhhh!!

- So guys, apparently we control Rewind this year
Y’all, we can do whatever we want. What do we do?
- There's one thing this video needs. K-pop!

[BTS: Idol]
You can call me artist (Artist)
You can call me idol (Idol)
아님 어떤 다른 뭐라 해도 (해도)
I don't care
I never gon’ change (I never gon' change)
I never gon' trade (Trade off)

- Can I have a Royal Wedding?
- Yeah, but you're marrying Bongo Cat
- Wait, what?

[BTS: Idol]
Oh-oh-owoah
Oh-oh-owoah-owoah
Oh-oh-owoah
덩기덕 쿵더러러 (얼쑤)

- Rewind needs more science
- Can we do an experiment?
- Love that! Melting lipsticks!

[BTS: Idol]
덩기덕 쿵더러러
(Hoo hoo) 얼쑤 좋다

- I want to eat something
- Mukbang!
- Mukbang!
- Yes, let's do it in Korea!

Now I like dollars, I like diamonds (Hoo hoo)
I like stunting, I like shining
I like million dollar deals
Where's my pen? ***** I'm signin'
- Gallop, what do you want?
I like those Balenciagas, the ones that look like socks
I like going to the jeweler, I put rocks all in my watch

I said I like it like that
- Marshmello needs to be in this video
- Who is Marshmello?
- How about yodeling kid?
- With Adam Rippon!
Hoo hoo
I said I like it like that
Run this **** like cardio (Hoo hoo)
Run this **** like cardio (얼쑤 좋다)
Run this **** like cardio
You can’t stop me loving myself
Run this **** like cardio
Run this **** like cardio (얼쑤 좋다)
- Guys, let’s do the ""In My Feelings"" challenge
- Right!

[Drake: In My Feelings]
Kiki, do you love me?
- I love this song!
- Agora vamo' fazer o remix, vai!
Kiki, do you love me? Are you riding?
Say you’ll never ever leave from beside me
'Cause I want ya, and I need ya
And I'm down for you always
KB, do you love me? Are you riding?
Say you'll never ever leave from beside me
’Cause I want ya, and I need ya
And I'm down for you always
Kiki, do you love me? Are you riding?
Say you'll never ever leave 'cause I loved you...

- Wait, wait, wait. Hold on, hold on! You know who really needs to be in this Rewind video? Everyone who managed to do something bigger than themselves this year. Who found a way to help the causes that matter to them most
- To everyone who proved it's ok to talk about mental health this year, and showing our viewers that it's ok to go through tough times like that
- It takes a lot of bravery to be that vulnerable and I'm so proud of this community
- I think this year's Rewind should celebrate the fierce, fabulous and empowering art of drag
- I want to see all of you be your own kind of beautiful
- And to those people who have raised money in the field of education
- Can we also give a moment to Asian representation in entertainment this year?
- Major strides were made
- And to the people who put aside their differences
- Yeah, and created something really special
- Here's to all women in 2018 finding their voices
- Foi muito bacana ver como as mulheres cresceram este ano, elas ganharam poder
- Can we give a moment to working moms?
- Let's do it
- E a todo mundo que ensinou
- Ou que aprendeu alguma coisa nesse ano
- And to all the refugees and anyone looking for a home
- Todos nosotros deberíamos enviarles un saludo a los niños que siguen sus sueños
- Yo quiero agradecer a toda la comunidad que siempre apoya en buenas y malas
- Kita adalah keluarga
- Kita adalah tim
- Family is everything
- I want to give a moment to everyone who supported me when I got sick
- All of the comments and messages I got made me feel like I wasn't alone
- We're forgetting something
- I think we should read the comments
- Yeah I have a feeling this is going to get a little bit crazy
- Let's give the people what they want

I said I like it like that, I like it like that
Had to have high, high hopes
I said I like it like that, that, that
Diamond district in the chain, chain
Certified, you know I'm gang, gang, gang, gang
Had to have high, high hopes (Drop the top and blow the brains)
Always had high, high hopes (Oh, he's so handsome, what's his name?)
Had to have high, high hopes for a living
Always had high, high hopes
Didn't know how but I always had a feeling
Had to have high, high hopes for a living
I was gonna be that one in a million
Always had high, high hopes for a living
Didn't know how but I always had a feeling
I was gonna be that one in a million
Always had high, high hopes for a living (Lately, I've been)
Didn't know how but I always had a feeling (I've been thinking, I want you to be happier)
I was gonna be that one in a million
Always had high, high hopes
Baby shark, doo doo doo doo doo doo
Baby shark, doo doo doo doo doo doo
I want you to be happier
So I'll go, I'll go
I will go, go, go

- Ahahaaa! Ah, that's hot, that's hot",en,en,0.8872639536857605
3356804,3460412,"[Stephen Colbert]
Welcome back to YouTube Rewind, we've got two special guests with us
Okay Lele and Liza, tell me about 2017

[Luis Fonsi, Daddy Yankee and Ed Sheeran]
Oh no
Hey. yeah!
Despacito
Quiero respirar tu cuello despacito
Deja que te diga cosas al oído
Para que te acuerdes si no estás conmigo
(
Sube, sube, sube, sube, sube
)
(
I'm in love with the shape of you
)

Quiero ver bailar tu pelo, quiero ser tu ritmo (
woah, woah
)
Que le enseñes a mi boca (
woah, woah
)
Tus lugares favoritos
(
I'm in love with your body
)

Pasito a pasito, suave suavecito
Nos vamos pegando, poquito a poquito
(
I'm in love with the shape of you
)
Hey, yeah! (Hey yeah, hey yeah)

[Kendrick Lamar and Ed Sheeran]
Nobody pray for me
It been that day for me
Waaaay, yeah, yeah!
(hol up, hol up, hol up, hol up) Sit down
(hol up, hol up, hol up, hol up) Be humble
(hol up, hol up, hol up, hol up) Sit down
Be humble
(hol up, hol up, hol up, hol up) Sit down
Sit down (yeah!)
(
Everyday discovering something brand new, brand new
)

[Ed Sheeran]
(Now I'm singing like) Now I'm singing like
Girl you know I want your love
Your love was handmade for somebody like me
I may be crazy, don't mind me
Say, come on now, follow my lead
I'm in love with your body
Oh-I-Oh-I-Oh-I-Oh-I (come, come on now, follow my lead)
Come, come on now, follow my lead
I'm in love with the shape of you
Oh-I-Oh-I-Oh-I-Oh-I
Come, come on now, follow my lead
(Come, come on now, follow my lead) I'm in love with your body
Come on, be my baby, come on
Come on, be my baby, come on
Come on, be my baby

[Kendrick Lamar]
Hol' up

(Instrumental of Shooting Stars by Bag Raiders plays)

[Ed Sheeran]
Oh-I-Oh-I-Oh-I-Oh-I
Oh-I-Oh-I-Oh-I-Oh-I

[Kendrick Lamar]
This that Grey Poupon, that Evian, that TED Talk
Sit down, be humble
Sit down, be humble
Sit down, be humble
Sit down

[Ed Sheeran]
Oh-I-Oh-I-Oh-I-Oh-I

[Smash Mouth]
Somebody once told me the world is gonna roll me (world is gonna roll me)

[Alessia Cara]
Stay, stay, stay, stay, stay

[Kendrick Lamar]
Hol' up

[Alessia Cara]
All you have to do is stay a minute
Just take your time
The clock is ticking, so stay, a second
Your hands on mine (on mine)
The clock is ticking, so stay
All you have to do is stay

[News Reporters]
...much of the Houston area is still in a state of disrepair
...received reports of an explosion
...organizer el concierto de Ariana Grande
...మెక్సికోలోనే గత 100 ఏళ్ళలో అత్యంత తీవ్రతరమైన
...this is a very difficult time, but we've been through very difficult times before
...so many brothers and sisters that have come to help
...the community rallying to show its support
...junto con voluntaries se organizaron para retirar los escombros
...long lines are now wrapping around one of the blood banks
...and that are doing all they can and are helping
...le vivre ensemble, c'est bien, mais construire ensemble, c'est encore mieux
...this is a moment where we stand up for one another

[Justin Bieber and DJ Khaled]
Yeah, you're lookin at the truth, but money never lie, no
I'm the one, yeah, I'm the one
Early morning in the dawn, know you wanna ride now (
Let's ride
)
(I'm the one, yeah)

[Daddy Yankee]
Si te pido un beso, ven, dámelo, yo sé que estás pensándolo
Llevo tiempo intentándolo, mami, esto es dando y dándolo
Sabes que tu corazón conmigo te hace bang-bang
Sabes que esa beba está buscando de mi bang (bang, bang, bang, bang, bang)

[Justin Bieber, Kendrick Lamar and DJ Khaled]
Don't you know girl, don't you know girl
I am the one for you (
My left stroke just went viral
)
Don't you know girl, don't you know girl
I am the one for you (
Let's ride
)

[Alessia Cara and Kendrick Lamar]
All you have to do is stay (
sit down
)
Just take your time
(
sit down, sit down, be humble, be humble
)

[Voices]
Floor is lava!
Floor is lava!
Floor is lava!

[Daddy Yankee, Poppy and Big Shaq]
Pasito a pasito, suave suavecito
Nos vamos pegando, poquito a poquito (I'm Poppy)
Pasito a pasito, suave suavecito
Nos vamos pegando, poquito a poquito (Man's not hot!)

[Alessia Cara and Ed Sheeran]
Guess I need you (
Come on, be my baby
)
And I need to (
Come on, be my baby
)
Guess I need you
All you have to do is stay a minute
Just take your time

[Justin Bieber]
Yeah, you're sick of all those other imitators
Don't let the only real one intimidate ya

[Ed Sheeran and Kendrick Lamar]
Oh-I-Oh-I-Oh-I-Oh-I (
Nobody pray for me, even a day for me
)
Everyday discovering something brand new (
Waaaay
)
I'm in love with the shape of you

[Kendrick Lamar]
Nobody pray for me
Even a day for me (even a day for me)

[Alessia Cara]
Make it on your own, but we don't have to grow up
We can stay forever young
All you have to do is stay (stay, stay, stay)

[Stephen Colbert]
Sorry guys, looks like you were interrupted there
You were about to tell me about 2017?
[Liza Koshy]
It was, uh, it was, it was good...
[Lele Pons]
..okay",es,en,0.9127580523490906
1317761,344604,"[Letra de ""Venezia""]

[Intro: Javier Molina]
Io sono il capone della mafia
Io sono il figlio della mia mamma
Tu sei uno stronzo di merda, ¡ja ja ja!
E un figlio di troia in Venezia
Venezia, Venezia
Venezia, cha, cha, cha!
Lo tengo preparado, tengo las maletas
Vamos juntos hasta Italia
Quiero comprarme un jersey a rayas
Pasaremos de la mafia
Nos bañaremos en la playa

[Verso 1: David Summers]
Io sono il capone della mafia
Io sono il figlio della mia mamma
Tu sei un stronzo di merda
E un figlio di troia in...

[Puente 1: David Summers, Javier Molina, Daniel Mezquita]
Venezia (Quiero spaghetti...)
Venezia (...Y mozarella)
Venezia (Quiero tirarme...)
Venezia (...A Donnatella)
¡Cha, cha!

[Pre-Coro: David Summers]
Lo tengo preparado, tengo las maletas

[Coro: David Summers]
Vamos juntos hasta Italia
Quiero comprarme un jersey a rayas
Pasaremos de la mafia
Nos bañaremos en la playa
Vamos juntos hasta Italia
Quiero comprarme un jersey a rayas
Pasaremos de la mafia
Nos bañaremos en la playa

[Verso 2: David Summers]
Stavamo per farci la numero mile
Cuando arrivó la guardia civile
Io sono al capone della mafia
Si non le prenti ti spacco...

[Puente 2: David Summers, Javier Molina, Daniel Mezquita]
La faceia (Quiero spaghetti...)
La faceia (...Y mozarella)
La faceia (Quiero tirarme...)
La faceia (...A Donnatella)
¡Cha, cha!

[Pre-Coro: David Summers]
Lo tengo preparado, tengo las maletas

[Coro: David Summers]
Vamos juntos hasta Italia
Quiero comprarme un jersey a rayas
Pasaremos de la mafia
Nos bañaremos en la playa
Vamos juntos hasta Italia
Quiero comprarme un jersey a rayas
Pasaremos de la mafia
Nos bañaremos en la playa

[Outro: Coro de niños]
Vamos juntos hasta Italia
Quiero comprarme un jersey a rayas
Pasaremos de la mafia
Nos bañaremos en la playa",it,it,0.9937756061553955
2241293,344604,"...Io sono il capone della mafia
Io sono il figlio della mia mamma

Tu sei uno stronzo di merda JA! JA! JA!
E un figlio di troia in Venezia
Venezia...
Venezia...
Venezia... CHA! CHA! CHA!

Lo tengo preparado, tengo las maletas
Vamos juntos hasta Italia, quiero comprarme un jersey a rayas
Pasaremos de la mafia, nos bañaremos en la playa

Io sono il capone della mafia
Io sono il figlio della mia mamma
Tu sei un stronzo di merda
E un figlio di troia in Venezia
(Quiero spaghetti...)
Venezia...
(...Y mozarella)
Venezia...
(Quiero tirarme...)
Venezia...
(...A Donnatella)

Lo tengo preparado, tengo las maletas
Vamos juntos hasta Italia, quiero comprarme un jersey a rayas
Pasaremos de la mafia, nos bañaremos en la playa...

Vamos juntos hasta Italia, quiero comprarme un jersey a rayas
Pasaremos de la mafia, nos bañaremos en la playa...

Stavamo per farci la numero mile
Cuando arrivó la guardia civile

Io sono al capone della mafia
Si non le prenti ti spacco la faceia
(Quiero spaghetti...)
La faceia...
(...Y mozarella)
La faceia...
(Quiero tirarme...)
La faceia...
(...A Donnatella) CHA! CHA!

Lo tengo preparado, tengo las maletas
Vamos juntos hasta Italia, quiero comprarme un jersey a rayas
Pasaremos de la mafia, nos bañaremos en la playa

Vamos juntos hasta Italia, quiero comprarme un jersey a rayas
Pasaremos de la mafia, nos bañaremos en la playa

Vamos juntos hasta Italia, quiero comprarme un jersey a rayas
Pasaremos de la mafia, nos bañaremos en la playa",,it,0.9843207597732544
3253751,614962,"[Intro]
Livinlargeinvenus
Hold on!

[Chorus]
I got a new girl and she foreign
When the sun goes down, mami never gets bored (Nah)
She comin' with me when I'm touring (Okay)
And every city we step, mami ridin' like she's from there (Oh, God)
Like she from there, she riding like she from there (She wa')
Like she foreign, she ride me different always (She wa')
Like she from there, she riding like she from there (She wa')
Like she foreign, she ride me different always

[Verse 1]
I got a new girl from Dubai (From Dubai)
She know my name, but she love to call me bae, ayy (She call me bae)
She ride me dirty in L.A. (Skrrt, skrrt, skrrt)
But she on her mami's shit when we came back to Spain-ain (Mami, mami)
Mi chica no es de por aquí (No)
Ella es blanca como Europa, pussy como Medellín-llín (Yeah, yeah, yeah)
Estuvo en party por París (París)
Y me lo estuvo dando todo cuando estabamo' en Berlín-lín
Hold on, wait a minute
(Hold on, wait a second, what up?) Eh, eh, eh
Maybe have you seen my girl around this spot, ayy (Have you seen my girl?)
She was making business (She was—, right there, right there)
I don't know the fuck she do when where the shooters at, ayy (Psh-psh-psh)
You know, baby, all the money I'ma spend it all with you (Prr; skrt )
Y todas esas que hatean en verdad quieren ser como tú (Quieren serlo)
So baby, baby lemme get high, lemme flex on you (Around you)
Estamos siempre, siempre haciendo money, ya quisieran hacer tanto flush, aye (Uh, uh)

[Chorus]
I got a new girl and she foreign
When the sun goes down, mami never gets bored (Never)
She comin' with me when I'm touring (Skrt-skrt)
Every city we step, mami ridin' like she's from there (She from there)
Like she from there, she riding like she from there (She ride)
Like she foreign, she ride me different always (She ride)
Like she from there, she riding like she from there (She ride)
Like she foreign, she ride me different always (Oh)

[Verse 2]
""Come on, baby, pull up"" (Skrt, skrt)
Then she pulled up so hard (Goddamn!)
Oh, she's driving me crazy, and she ain't even have a car (Skrt, skrt)
I don't know why everybody want her (What?), even haters getting mad
But she loves me so good (Yeah), she knows Keo getting guap (Getting guapo)
Estamos cashin', estamos cashin'
Estamos haciendo pila, manin, te lo juro (Te lo juro)
Y todo eso vale mierda si me paso una noche sin tu culo (Te lo juro)
Si tú eres mía, tú eres mía, solo mía, mami, yo eso te lo juro (I swear)
Y sabes que como yo te lo hago por aquí no lo va a hacer ninguno
I'm in clean money like a jeweler, ayy
Soon I'ma 'come a jeweler (Prr-prr-prr)
Mama screaming, ""Hallelujah""
Now we got money spittin' like a shooter
We are the party twistin', vaya lío (Yo)
Cita sin sex y pussy like a río (Ayy)
'Tá tan caliente, siempre tiene frío
Quiere cariño, quiere estar conmigo
Stay on my lane, tell up, stay on my lane (Bang, bang)
And get money all different ways (Okay)
Stay on the flame, my chica, if she's from the flame (Yeah, yeah, yeah)
The pussy got all different tastes
She's like the queen (What?), she's like the promethazine (What?)
Every time I fuck her I get high like is Lean (What?, what?)
I see you purple, I love the Codeine (Hold on)
I see you purple, that pussy is Codeine, hey! (Oh, what? Ayy)

[Chorus]
I got a new girl and she foreign
When the sun goes down, mami never gets bored (Never)
She comin' with me when I'm touring
And every city we step, mami ridin' like she's from there (She ridin')
Like she from there, she riding like she from there (She wa')
Like she foreign, she ride me different always (She wa')
Like she from there, she riding like she from there (She wa')
Like she foreign, she ride me different always",en,en,0.9542050957679749
3397349,614962,"[Letra de ''Superstars'']

[Intro: Kidd Keo]
Yeah
Bang
Yo', yeah
SHB
Yeah

[Estribillo]
Finally we coming off the dark (Off the dark)
The homie selling, trying to come off the block (Man, off the block)
I'm on my shit, my gang don't give a fuck (Ain't give no fuck)
All they know is fuck up parties, trap a lot (Trap a lot)
I got my people living like they're superstars (Like superstars)
I got my people living like they're superstars (Like superstars)
I got my people living like they're superstars (Like superstars)
I got my people living like they're superstars (Like superstars)

[Verso 1]
Finally we coming off the hood (Gang)
I leave alone my mom and now she's living good (I love you, mom)
Since I was a kid I knew I was the one (Yes, the one)
I don't wanna see my homies selling none (Ain't no try)
I had a girl but she threw me to the trash (Buagh)
She met me on the block when I was chasing bands (Around, my man)
Me dejó roto el pecho y no la volví a ver (Gang)
Me lo arreglé gastando billete' de cien (I'll make it rain)
La vida es puta y yo la puse del revés (Turn it around)
No tengo tiempo pa' prestárselo a una ex (Let's fuck around)
I need the money, yo tengo cosas que hacer (Money)
My mom is poor and all my brothers in the trap (On the trap)
I'm chasing money with my people, fuck up commas with my fam (What?)
No te quieren si en verdad no le' importa verte caer (What?)
I gotta apologize my manners with who really fuck with me (I'm sorry)
Trying get it, harder do it when nobody loved me

[Estribillo]
Finally we coming off the dark (Off the dark)
The homie selling, trying to come off the block (Man, off the block)
I'm on my shit, my gang don't give a fuck (Ain't give no fuck)
All they know is fuck up parties, trap a lot (Trap a lot)
I got my people living like they're superstars (Like superstars)
I got my people living like they're superstars (Like superstars)
I got my people living like they're superstars (Like superstars)
I got my people living like they're superstars (Like superstars)

[Verso 2]
I remember when I was tryna get it by my own (Own)
I was making all these clothes and with the homie selling dope (Designer)
I remember when I was by myself and by my own (Own)
I had a baby by my side who tryna teach me how to love (How to love)
I came from the bottom, puta, yo soy como soy (All my deal)
Sé de donde vengo, mami, sé pa' donde voy (Nyum!)
I'm from the block, I get the guap, I got no time to love, no thot (No)
Got my brothers selling coke, molly, trucks, to get the guap (Trap, trap, trap, trap)
Y'all be talkin' 'bout my people like you wanna have a problem (Prr)
Better don't fuck with the Keo while the Keo get the money
All my people had to trap, trying it turn it into something (Had to trap)
I turned out, bitch on my back, it's gonna kick ya all in troubles (Prr)
I smoke two blunts and now I'm passed out (God damn)
I got your girl, she makes that ass bounce (Bounce that ass)
I had to push it all the streets, to make it out
Gang shit and bad hoes and money, what my fame about (SHB)

[Estribillo]
Finally we coming off the dark (Off the dark)
The homie selling, trying to come off the block (Off the block)
I'm on my shit, my gang don't give a fuck (Ain't give no fuck)
All they know is fuck up parties, trap a lot (It's trap a lot)
I got my people living like they're superstars (Like superstars)
I got my people living like they're superstars (Like superstars)
I got my people living like they're superstars (Like superstars)
I got my people living like they're superstars (Like superstars)

[Outro]
Y'all my people only live like superstars, man",en,en,0.9615172147750854
3598508,614962,"[Letra de ""Igot""]

[Intro]
Yeah
I got hoes, I just need one ring
One ring, one ring, yeah
I got money enough to spend
Enough to spend, yeah, ayy
Keo, look (Enry-K beats, bitch), ayy

[Estribillo]
I got hoes, I just need one ring (Nasty)
I got money enough to spend (Prr)
You got a hit, boy, I've got like ten (Skrrt)
Dope and killers around this thing (Pew, pew)
I got my gang, I don't need no friends
All these haters look me like ""Damn""
To'a esa' puta fuera el sostén
M'en bats les couilles, negro, que les den (Fuck 'em)
I got hoes, I just need one ring (Prr)
I got money enough to spend
You got a hit, boy, I've got like ten
Dope and killers around this thing
I got my gang, I don't need no friends
All these haters look me like ""Damn"" (What you looking at?)
To'a esa' puta fuera el sostén (Ayy)
M'en bats les couilles, negro, que les den

[Verso 1]
What's your price, boy, I've got the plug (Prr)
DBTrap 'cause we trap a lot (Trap)
We got the bricks and we build like Bob
Sauvage Vie is all in my blood
Sauvage Vie is all in my fila
Touch me and they touch the trigger
Keo started with eight on Relax
Now is fifty dealers and a hundred killers
I got green in my spot (Where?)
Hush and lean in my blood
I got mami in the fourth floor (Ah)
Checking out if there's some cops
Keo de vuelta al bloque (Where?)
Le dije al Popo ""No toques"" (What are you looking at?)
Semilla de albaricoque (What?)
Recto, firme y parao' como un poste

[Estribillo]
I got hoes, I just need one ring (Prr)
I got money enough to spend
You got a hit, boy, I've got like ten (Boss)
Dope and killers around this thing (Pew, pew)
I got my gang, I don't need no friends
All these haters look me like ""Damn"" (What you lookin' at?)
To'a esa' puta fuera el sostén
M'en bats les couilles, negro, que les den (Fuck 'em)
I got hoes, I just need one ring
I got money enough to spend (Prr)
You got a hit, boy, I've got like ten
Dope and killers around this thing (Pew, pew)
I got my gang, I don't need no friends (What you looking at?)
All these haters look me like ""Damn""
To'a esa' puta fuera el sostén
M'en bats les couilles, negro, que les den

[Verso 2]
I made this bitch going down so easy (Bitch)
If I throw it up she'd come back like a Frisbee (Pew, pew)
Now she miss me, she needs me
I picked the phone, I'm so busy (Prr)
Smoking this cheesy (Yes)
Run around upon Bakel City (Skrrt)
Dont show up aroun Gotham district (Skrrt)
Look the way that a man being speaking
That's a fact that I ain't no civilian (Ni-no, ni-no)
All my homies they're trappers (Ayy)
They stacking money on boxes (Where?)
If you wanna blow call Casper
See a opp or a cop and we know the process
To' lo que sé es por el money (Gang)
Vendiéndole verde al publi en el party (Gang)
Nunca– por hobby
You talking dirty (Enry-K Beats, bitch)
Shots on your body like rojo Ferrari (Pew, pew)

[Estribillo]
I got hoes, I just need one ring
I got money enough to spend (Prr)
You got a hit, boy, I've got like ten (Boss)
Dope and killers around this thing (Pew, pew)
I got my gang, I don't need no friends
All these haters look me like ""Damn""
To'a esa' puta fuera el sostén (Bitches)
M'en bats les couilles, negro, que les den (Bang)
I got hoes, I just need one ring
I got money enough to spend (What?)
You got a hit, boy, I've got like ten (Ayy)
Dope and killers around this thing (Pew, pew)
I got my gang, I don't need no friends
All these haters look me like ""Damn"" (Trap)
To'a esa' puta fuera el sostén (Ayy)
M'en bats les couilles, negro, que les den (Trap, trap)

[Outro]
Bang, bang!
Keo (Pew)
DBT (Pew, pew)
Bang
(Pew, pew)
(Pe-pe-pe-pe-pe-pe-pew, pew)",en,en,0.9020861387252808
3244790,614962,"[Letra de ""Understand Me""]

[Intro Videoclip: SuperStaar Beats, Kidd Keo]
SuperStaar, what the fuck have you created
(Oh lord, they don't understand me
I swear that they don't understand me
Mama, they don't understand me)

[Coro]
Oh lord, they don't understand me (No)
I swear that they don't understand me
Mama, they don't understand me
Oh, oh, oh
That's why I gotta do it by my own (By my own)
That's why I gotta get it by my own (By my own)
That's why I'm always walking by my own
That's why I'm always feel like I'm alone, yeah

[Verso 1]
Ellos no me entienden (Eh-heh)
No saben qué es ni qué se siente (¡No!, ey)
Corazón negro, mente en verde (SuperStaar)
Por eso es que no sé quererte (Be-Be-Be-Beats; yeah)
They don't understand me (Understand me)
My pocket's full, my heart is empty (Empty)
I went through much shit, my mind is crazy (SuperStaar), ey
Mom I'ma turn you rich, then blaze me (Be-Be-Be-Beats)
(Fight, fight!)
At the end fell in love with the commas (Yeah)
I did it for me and for my mom (Yeah)
De risa y de amor no sé nada (No)
Yo sé que no soy lo que esperabas (No)
Turn a Kid into the savage (Savage)
Shooting three times likes a FAMAS (Fah)
Three was the times I've run up (Yeah)

[Coro]
Oh lord, they don't understand me (Understand me)
I swear that they don't understand me
Mama, they don't understand me (SuperStaar Beats)
Oh, oh, oh
That's why I gotta do it by my own
That's why I gotta get it by my own
That's why I'm always walking by my own
That's why I'm always feel like I'm alone

[Verso 2]
I gotta get it by my own (Own)
I gotta get it all alone (Alone)
I gotta fight to get the throne (Fight!)
Me ven flexeando con el money (Flex)
No ven mi sangre en ese money (Flex)
Se creen que todo vino fácil (Yeah; SuperStaar)
Ve tú, pregúntale a mi madre (No; Be-Be-Be-Beats)
I got my own problems, don't put the blame on me (Fuck)
No me lo eches a mí
Never understand me (¡No!)
Yo ya tengo mis problemas, no me culpes a mí (A mí)
Mama, lo hice por ti (SuperStaar)
Rico antes de morir (Be-Be-Be-Beats; Por ti)
Oh, oh, oh
Cashin' the cash, mentaly ready for blast
My head on stress, la casa puesta del revés
I fight for me and for my fam (Fight, fight!)
Now we on a gang
We making the commas all that
Estábamos perdios', ahora prendíos'
Encontré mi camino dentro del game (Gang, gang!)

[Coro]
Oh lord, they don't understand me
I swear that they don't understand me
Mama, they don't understand me
Oh, oh, oh
That's why I gotta do it by my own
That's why I gotta get it by my own
That's why I'm always walking by my own
That's why I'm always feel like I'm alone

[Outro]
(They don't understand me...
Never understand me...
Never understand me...
Fuck you if you don't understand me...
Fuck you if you don't understand me...
All I know is get the money...
To' lo que sé es el money)",en,en,0.918877363204956
3386545,614962,"[Letra de ''0640""]

[Spanish Translation]

[Verse]
I woke up early in the morning (Yeah)
Same shit but it's some different on me (Yeah)
I feel depressed when the hood is game boring (Yeah)
All the problems, all the drama, hatin' on me (Ayy)
When it look like a grey day (Hey), mean for us it's a pay day (Ayy)
Sitting on a house looking how the day pass
Tryna get it for my own it got me crazy (Oh, oh)
All the lean and the gas is now hitting hard (Oh, oh)
All I got in my head is run up off the block (Skrrt)
Feeling, bro, I wanna run, I wanna get it all
I wanna take the whole world 'cause I deserve some (Oh)
I called my brother, I tell him ""Bro, I need to move"" (Brr)
I called my mama, and I told her ""I'ma take the moon"" (Brr)
Don't cry for me, I'ma going be back soon (No, no, no)
Don't cry, baby, I will think about you (No, no, no)

[Pre-Chorus]
Late night, I get the keys off the whip (Off the whip)
Now I'm leaving out the crib (Out the crib)
Now I'm carving on the road and everybody sleeps (Skrrt-skrrt)
All I've got in my head is that I'm going to be rich

[Chorus]
Six forty, driving in the foreign
No license, I don't give no fuck man
Big bag on the back, fear on me
All I know I gotta get out by the morning
Six fifty, driving in the foreign
No license, I don't give no fuck man
I don't wanna live my life as a broke man
I prefer dying young and baller
Seven twenty, driving in the foreign
No license and the police chasing on me
I've gotta press the gas when the phone ring
Baby calling on the phone, she waiting on me
Seven forty, driving in the foreign
I picked the phone she said ""What's up?!"", I couldn't say nothing
She heard all the ""skrrs"" and the sirens
I said ""Babe, I gotta go, you'll be proud of me""",en,en,0.9701905250549316
3821042,614962,"[Intro]
Back to the Future
I don't know what it's if bro

[Chorus]
It's been a while ya'll see me running spots
They see me ballin' and they tryna say: ""Wassup?""
I said: ""I'm sorry, I just focus on the guap"" (Sorry)
I got my family and the rest don't give a fuck (Fuck it, fuck it)
Spend my time going crazy on the road (Skrr, skrr, skrr!)
These bitches never knew to treat me like a boss (Boss!)
They let me down, I guess they never give me hope (All supposed)
This why I never ever-ever trusted these hoes (Fuck them all!)

[Verse]
I'm about my ex she called me tryna give me top
I said 'I'm passed, I'm on the road. I'm on the top' (Skrr, skrr!)
If you say ""bye"", then tell me why you looking back (Why?)
You broke my heart, don't tell me that you're coming back
Now I'm flex-flex, now I'm living fast-fast (Skr!)
This could be us but you were looking something better (Woah)
Fuck the people, I don't need 'em, now I'm better
All these bitches twerking 'cause our money father
Ahora estoy ballin’ mami sólo pienso en mí
Y tú estás broke y todo te recuerda al Kidd
¿Cómo pudiste? si yo sí que era pa' ti (Oh, god!)
La última vez que tú va joder con un G (G, G!)
You know ain't nobody better than me (Prrr)
You thought you was gonna live the movie (Brrr)
Oh, gal, you and me, and you ain't groovy
And all my bitches now they love me like you do it

[Chorus]
It's been a while ya'll see me running spots
They see me ballin' and they tryna say: ""Wassup?""
I said: ""I'm sorry, I just focus on the guap"" (Sorry)
I got my family and the rest don't give a fuck (Fuck, fuck)
Spend my time going crazy on the road (Skrr, skrr, skrr!)
This bitches never knew to treat me like a boss (Boss)
They let me down, I guess they never give me hope (All supposed)
This why I never ever-ever trusted these hoes (Fuck them all)

[Outro]
These fama dogs they be pull it on the block (On the block)
I swear my broda 'I'mma take you out the block' (Gang)
I guess some demons 'cause I grew up on the dark (On the dark)
Yo nací roto pero tenía que brillar (Brrr)
I got the choppa-choppa on the trace spot (Prr, prr!)
I grab my hair, I put it on the cash box
Don't hit my line now I'm chasing on my path
I wanna love you but I'm married with the cash
I wanna love you but I'm married with the cash
I wanna love you but I'm married with the cash
Now that you are coming back
I wanna love you but I'm married with the cash
(With the cash)",en,en,0.9678999781608582
3821039,614962,"[Letra de ""Dbtrap""]

[Intro]
Ayy, Keo
Ayy, Keo
Ayy, fuck it
Ayy, fuck it
Ayy, money
Retromoney (Retromoney)

[Pre-Coro]
Stay in L.A. for a while, we party four hoes', real hot, outta that, ayy
Step in the club with Alex, spend like 20k, 20 on that, ayy
Bitch I'm so high, I'm so fucked up, yo creo que he gasta'o de más
Sorry, boy, I gotta make my money, I just go to Keoland

[Coro]
Trap for the money, make a call for the money, and the money come fast, Dbtrap, ayy (prr)
Trap for the money, make a call for the money, and the money come fast, Dbtrap, ayy (uh)
Trap for the money, make a call for the money, and the money come fast, Dbtrap, ayy (prr)
Trap for the money, make a call for the money, and the money come fast, Dbtrap, ayy

[Verso 1]
Tengo a par de hoes en el mainback, creo que la' pongo a twerkear, ayy
Step in the club with Alex, spend like 20k, 20 on that, ayy
Party so lit and the girls so hot, I really really get fucked up, hmm
Flex on the bitch, no I'm on stripclub, big bang, should I would be gone, ayy
Runnaman, gotta go out, el chulo está mosquea'o, ayy (ok)
Step back home, homie, on the freesound man now started throwing out, ayy
To' el alcohol y to' el subidón se me está empezando a hacer to' pesa'o, ayy
Homies on meth get a girl with meth but sorry I'm already passed out (I'm done)

[Puente]
Oh shit, I'm fucking no bitch (work)
(Keo ey, Keo ey, Keo ey)
Throw money on it
(Keo ey, Keo ey, Keo ey)
I'll be like
(Keo ey, Keo ey, Keo ey)
Throw some money on her
(Keo ey, Keo ey, Keo ey)
Throw some money on her
(Keo ey, Keo ey, Keo ey)
Throw some money on her
(Keo ey, Keo ey, Keo ey)
Throw some money on her (ey)

[Pre-Coro]
Stay in L.A. for a while, we party four hoes', real hot, outta that
Step in the club with Alex, spend like 20k, 20 on that
Bitch I'm so high, I'm so fucked up, yo creo que he gasta'o de más
Sorry boy I gotta make my money I just gonna make out-

[Coro]
Trap for the money, make a call for the money, and the money come fast, Dbtrap, ayy (prr)
Trap for the money, make a call for the money, and the money come fast, Dbtrap, ayy
Trap for the money, make a call for the money, and the money come fast, Dbtrap, ayy
Trap for the money, make a call for the money, and the money come fast, Dbtrap, ayy (¿Cómo es?)

[Verso 2]
I step up on Hollywood, just fucked a bitch from Malibu
Pull up with her in our booth, Keo be now a money boot
Tal como piso L.A., tú me ves rulando en lambo
Fajos 'tán llenos de cien, y la hoe' me lo está contando (ey)

Bajo pa'l sur, pa'l bando, fuck you bitch, I use no condom
My homies acting, we acting like bando
Step in the club and you looking like tonto
Hasta parecen gorilas del zoo, joden con Keo y estamos pa'l boom

Keoland, Keoland, Keoland, uh
Killers and dealers fuckin' with me too, uh (uh)

[Outro]
Keo no shit, no opinion
Keo no shit, no opinion (ey)
Keo no shit, no opinion (no opinion)

Ret-, Ret-
Retromoney, Retromoney",en,en,0.8249193429946899
2827138,614962,"[Letra de ""Diablo""]

[Intro]
Yeah; you was good, sk—
Keloke
Look, yo, that's that

[Verso 1]
Rap diablo, el niño sucio guapo
Spitting like I'm Rambo and moving like el Chapo
We still in Spain, so we really drink gazpacho
Cause everybody is talking but nobody knows where I'm from
Family from Toronto, shout out Tory and Umbrella
We always keep it chilly, mami, mueve tus caderas
Rolling with my homies, smoking maria, drinking forties
Sipping codeine, we on party until the morning
Working on the day light, moving on the midnight
See me going damn high, see me winning this fight
Mamma in the kitchen cleaning dishes, cooking meat
I swear to god, mom, Imma get rich; Imma buy you a new crib
Niño, ¿qué tu quieres? Billetes de cienes
La mama en la cocina, los platos, las sartenes
""Fuego"" gritó el niño, el bloque esta que arde
Somos bandoleros, puta, como el Abayarde
Diez en cada pierna, y veinte en sus caderas
Se movió conmigo y ahora ella es bandolera
Rolling with the smokers, got my twist like rollercoasters
Catch me doing donuts, got contacts in every postes

[Verso 2]
Oye pollo, basta ya de tonterías
Si quieres criticar hazlo a la cara y de día
No me mande a sus amigos atacando por el Facebook
A pussy is a pussy and you hate me cuz' you hate you
So now ask you, you really wanna test me bro?
Cause I got homies and they really wanna set you off
It's not my problem that your girl just wanna sex me bro
And now your homie pussies all are gonna let you alone
Burst fire, and I'm done
Lets go eat McDonalds like I'm eating all this MC’s flows
I got bananas, I ain’t talking but no panties hoes
I know you thirsty bitch, I notice when you wanna fuck

[Puente]
Yeah, keloke
Por eso me llaman diablo
That's why they call me diablo in this bitch (Diablo ya)
Yo, ey

[Verso 3]
So baked on the street; bitch, I'm doing neat
Trynna don’t get into troubles
Bro, you know that I'm a G
But mama love the kids so I got to keep her alive
Cause she’s everything I got, If I die she gonna be ill
Se que es lo que pasa
Me criticais un dia, pero saco un tema y vais corriendo detrás mía
El rubio se enfado, su chica a mi me prefería
Primero era un apoyo y ahora dice tonterías
So you know that we turn up, on Spain we run up
All this bitches on us, pop the pussy go hard
Try to copy my style; call me young designer
All I rock is self-made, how you can compare that?
Oh shit I'm off this, lyrically on top speed
Bambi like a Bambi, rocking with no gold rings
Bitch I got the poison, this got you on slow mo
We say ""fuck the po-pos"", drinking and we loco
Suelto chispa fuego, me pulo to'l juego
Lo que tu hace' hoy yo me lo hice hace un huevo
Crudo como el ruedo, rudo como un sueco
No vayas de narco si no puedes mantenerlo, hoe

[Outro]
Fuck, haha
Dale candela",en,en,0.7898662686347961
2826582,614962,"[Hook]
I'm too loyal
Yeah I'm too loyal
All my homies loyal
All my bitches loyal

Always loyal to the gang
Always loyal to the fam
Always focused on the money
All straighten my thang

Bitch I'm too loyal
Yeah I'm too loyal
All my homies loyal
All my bitches loyal

Always loyal to the gang
Always loyal to the fam
Always focused on the money
All straighten my thang

[Verse 1]
Baby you know that I am broke up
I got a couple of homies selling dope
I got a couple of homies on the film
Walking for the club in the obus

For fam, bitch, I got loco (Loco)
For my gang, bitch, is the same tho
I wish that I can make it pronto (Yeah)
Right now on the low bow'll make noise (Wuh!)

My mom always said ""Never sell drugs"" (Drugs)
Always focused on your money and make clothes!""
I got homies that be mobbing for the bang bro (Bro)
All you pussies say that know me, I'mma say ""Fuck"" (Fuck)

When you pussies say that know me, Imma fuck a bitch (Bitch)
When your homies say that know me, Imma get Rich (Rich)
Nine five is a brand gang on the street (Bang, bang, bang!)
47 Like an Aka when I'm in bitch (Prra)

[Hook]
Bitch I'm too loyal
Yeah I'm too loyal
All my homies loyal
All my bitches loyal

Always loyal to the gang
Always loyal to the fam
Always focused on the money
All straighten my thang

Bitch I'm too loyal
Yeah I'm too loyal
All my homies loyal
All my bitches loyal

Always loyal to the gang
Always loyal to the fam
Always focused on the money
All straighten my thang

[Bridge]
Bitch Im too loyal (Yeeh)
Im too loyal (Yeeh)
(Ey) Baby im too loyal
Im too loyal (Yeeh)
Im too loyal, loyal
Im too loyal

[Verse 2]
Tryna roll the wipe from spain
Tryna make a lot on the states
Tryna fit finger in the cake
Tryna get the crib on L.A (Yeah)
Shoutout to the Eo's in the bay (Bay)
Tryna get the keys for a ranger (Ranger)
Tryna get signing for live (Yeah)
All we got fucked up the game (Paw-paw-paw)
You heard but for hear you don't know bout me
So angry Imma catch you boy (Prrr)
Woke up sweating dream when driving rari
Dream 2 on 2 nightmare ever be my day
Daddy was on cocaine
Now I'm clean like aquafilm
All my savages got the finger on the trigger (Bang, bang)
When I'll be south Bitch Imma kill it (Bang, bang)
Some stacks
Honey some stacks
All I need Bad bitches twerking on the desk
Oh my god, homies saying I am an az
Drop codeine bottle on the fucking glass
Talk in spanish, call me Tony Montana
Mami quiere chavos, mueve el culo por la pasta
Fuck bebe más, black bandana
Homie so loyal, money of the drama

[Hook]
I'm too loyal
Yeah im too loyal
All my homies loyal
All my bitches loyal

Always loyal to the gang
Always loyal to the fam
Always focused on the money
All straighten my thing
I'm too- ah
Mama I love you",en,en,0.9144042134284973
4095164,1344687,"[Intro]
All these stupid guys like these stupid, stupid girls

[Verse 1]
Don't talk, girl, just listen
Keep it to yourself, don't tell 'em your opinion
Better know your, better know your way around the kitchen
Found low force, stop playing your position
Put your face on, but not too heavy
It's taking too long for you to get ready
You might not like it, but just keep quiet
'Cause that's what stupid girls do

[Pre-Chorus]
I can be a girl, not a stepford
I am not a step for you to step on, I'mma step forward
You can take a step back, playing like a chessboard
Don't you know the queen protect the king when you're on check boy?

[Chorus]
All these stupid guys like these stupid, stupid girls (Stupid girls)
Telling stupid lies, like we're stupid, stupid girls (Stupid girls)
Why do all these guys want these stupid, stupid girls? (Stupid girls)
All these stupid guys like these stupid, stupid, stupid girls

[Verse 2]
I'mma get blunt, I'mma get twisted
Took your two cents, turned it into seven figures
I don't know my, I don't know my way around a kitchen
If I let you eat it, I'mma make you do the dishes
When I get dressed, I'ma look sexy
Wear a little less, I'mma let you undress me
Your friends don't like it, but they can keep quiet
'Cause they like stupid girls too

[Pre-Chorus]
I can be a girl, not a stepford
I am not a step for you to step on, I'mma step forward
You can take a step back, playing like a chessboard
Don't you know the queen protect the king when you're on check boy?

[Chorus]
All these stupid guys like these stupid, stupid girls (Stupid girls)
Telling stupid lies, like we're stupid, stupid girls (Stupid girls)
Why do all these guys want these stupid, stupid girls? (Stupid girls)
All these stupid guys like these stupid, stupid, stupid girls

[Interlude]

[Pre-Chorus]
I can be a girl, not a stepford
I am not a step for you to step on, I'mma step forward
You can take a step back, playing like a chessboard
Don't you know the queen protect the king when you're on check boy?

[Chorus]
All these stupid guys like these
All these stupid guys like these stupid, stupid girls (Stupid girls)
Telling stupid lies, like we're stupid, stupid girls (Stupid girls)
Why do all these guys want these stupid, stupid girls? (Stupid girls)
All these stupid guys like these stupid, stupid, stupid girls",en,en,0.9512061476707458
4095166,1344687,"[Verse 1]
You're like popcorn, tasty
Can't get enough, I want you on the daily
It's so good, it's a habit
I need a refill 'cause I gotta have it

[Pre-Chorus]
And I know I should stop
But the way that you talk
Makes me spin like a clock
Around, around, around, now
You got me, oh no
So what should I do?

[Chorus]
I kinda need to quit ya
I kinda wanna stay
'Cause, baby, when I'm with ya
You know it feels too good to walk away
Just when I'm learning my lesson
Ready to leave you behind
You do the thing that I'm missing
Making me lose my mind, ooh-oh
So what should I do?

[Post-Chorus]
What should I do?
Tell me, what should I do?
What should I do?
Tell me, what should I do?

[Verse 2]
I'm like popcorn (Popcorn), tasty
Heat it up, and don't you go and waste it
I can be a little salty
But I'm sweet, long as you keep it real with me

[Pre-Chorus]
And I know I should stop (I know, I know)
But the way that you talk
Makes me spin like a clock
Around, around, around, now
You got me, oh no
So what should I do?

[Chorus]
I kinda need to quit ya
I kinda wanna stay
'Cause, baby, when I'm with ya
You know it feels too good to walk away
Just when I'm learning my lesson
Ready to leave you behind
You do the thing that I'm missing
Making me lose my mind, ooh-oh
So what should I do?

[Post-Chorus]
What should I do?
Tell me what should I do?
What should I do?
Tell me what should I do?

[Bridge]
And just when I'm learning my lesson
Ready to leave you behind
You do the thing that I'm missing
Yeah, eh, eh

[Chorus]
I kinda need to quit ya
I kinda wanna stay
'Cause, baby, when I'm with ya
You know it feels too good to walk away
Just when I'm learning my lesson
Ready to leave you behind
You do the thing that I'm missing
Making me lose my mind, ooh-oh
So what should I do?",en,en,0.9891452193260193
8927406,2613457,"[Testo di ""GUARDANDO LA LUNA (NAPOLI RMX)""]

[Intro]
(Iena White, remix)
Ricordo che ero solo e a Napoli era buio
La luce era scomparsa dietro all'ombra del Vesuvio
Affacciato al balcone penso ai tuoi sorrisi
La fiamma di 'sto male ci aveva divisi

[Pre-Ritornello 1]
E cerco la fortuna guardando la luna
E quelle notti rapido correvo da te
Non dormivo perché il mondo crollava intorno a me
E allora pensai che tu sei tutto quello che c'è

[Ritornello 1]
E cerco la fortuna guardando la luna
E quelle notti rapido correvo da te
Non dormivo perché il mondo crollava intorno a me
E allora pensai che tu sei tutto quello che c'è

[Strofa 1]
Quella sera еro innamorato di una Iena vera
Guarda come l'anima si gеla appena
Ti vedo parlare con un altro la mia mano trema
Con la luna piena (Piena)
Perché lo so che non lo capirai mai
Quello che provo e mi caccio nei guai
Sai chissà se mi aiuterai-ai-ai-ai

[Pre-Ritornello 2]
Senza te, che la notte non ha stelle
Mi ricordo il lungomare, le feste alle tre
Ed io non chiedo nada che non sia con te

[Ritornello 2]
Senza te, che la notte non ha stelle
Mi ricordo il lungomare, le feste alle tre
Ed io non chiedo nada che non sia con te

[Strofa 2]
Ed un'altra volta (Volta)
Cercavi la svolta ed andavi di corsa
Per scappare via
Guarda lì quella mia faccia tosta (Eh)
Se gira la giostra (Giostra)
Non lo faccio apposta, ti scrivo su WhatsApp
E po tutt'a pposto (Eh-eh-eh)
Vaco a casa d''e guagliune, ce vulesse Tenerife
Guardo 'o golf a Marechiaro e metto 'e piede 'int'ê radice
Nell'appartamento privato
Resti in prima fila sul divano
Se tu non mi baci, non canto
Come sei bella

[Pre-Ritornello 1]
E cerco la fortuna guardando la luna
E quelle notti rapido correvo da te
Non dormivo perché il mondo crollava intorno a me
E allora pensai che tu sei tutto quello che c'è

[Ritornello 2]
Senza te, che la notte non ha stelle
Mi ricordo il lungomare, le feste alle tre
Ed io non chiedo nada che non sia con te
Senza te, che la notte non ha stelle
Mi ricordo il lungomare, le feste alle tre
Ed io non chiedo nada che non sia con te

[Outro]
Yes
Napoli Remix
Clementino
Iena White",it,it,0.9950534701347351
6230235,344442,"[Intro: David Bisbal & Carrie Underwood]
I hear them fallin' a thousand miles away
Nothing and no one is safe, from her eyes
And  when they hit the ground
Then our whole world starts to shake
I'm drownin' inside of the pain
The end of you and I

[Pre-Chorus: David Bisbal]
Pero si tú te vas
Mi vida no es vida si tú no estás
Mi último aliento te llevarás
Si tú no estás sería imposible continuar

[Chorus: David Bisbal, Carrie Underwood, Both]
'Cause when they fall from your eyes they'll be beautiful
It's the sweetest goodbye that I'll ever know
'Cause it's rainin' ('Causе it's rainin')
'Cause it's rainin' ('Cause it's rainin')
'Cause it's rainin' ('Causе it's rainin')
Tears of gold
Like I'm watchin' the sun explode
I can feel every drop when I watch you go
'Cause it's rainin' (It's rainin')
'Cause it's rainin' (It's rainin')
'Cause it's rainin' (Cause it's rainin')
Tears of gold

[Verse: Carrie Underwood, David Bisbal & Carrie Underwood]
Falling around us, colliding where they land
Paintin' our shadows in sin
We've done all we can

[Pre-Chorus: Carrie Underwood]
Pero si tú te vas
Mi vida no es vida si tú no estás
Mi último aliento te llevarás
Si tú no estás sería imposible continuar

[Chorus: David Bisbal, Carrie Underwood, Both]
'Cause when they fall from your eyes they'll be beautiful
It's the sweetest goodbye that I'll ever know
'Cause it's rainin' ('Cause it's rainin')
'Cause it's rainin' ('Cause it's rainin')
'Cause it's rainin' (It's rainin')
Tears of gold
Like I'm watchin' the sun explode
I can feel every drop when I watch you go
'Cause it's rainin' ('Cause it's rainin')
'Cause it's rainin' ('Cause it's rainin')
'Cause it's rainin' ('Cause it's rainin')
Tears of gold
Fall from your eyes they'll be beautiful
It's the sweetest goodbye that I'll ever know
'Cause it's rainin' ('Cause it's rainin')
'Cause it's rainin' ('Cause it's rainin')
'Cause it's rainin' (It's rainin')
Tears of gold
Like I'm watchin' the sun explode (Ah-ah-ah)
I can feel every drop when I watch you go (Ah-ah-ah)
'Cause it's rainin' (Oh-oh-oh; it's raining)
'Cause it's rainin' (Oh-oh-oh; it's raining)
'Cause it's rainin' (Oh-oh-oh; it's raining)
Tears of gold",en,en,0.8535474538803101
8107786,1530427,"[Testo di ""Caramello""]

[Intro]
Lola Indigo
Elettra
Poeta Urbano
Elettra Lamborghini

[Strofa 1: Rocco Hunt]
Sulla strada di casa non mi sembra vero
Ti ho incontrata per caso, ma nel caso non credo
Quante cose da dire, l'importante è capire
Se vieni tu da me o vengo io da te

[Pre-Ritornello: Elettra Lamborghini & Rocco Hunt]
È solo un gioco che dura troppo poco
Il tempo di una foto, scherziamo con il fuoco
Bailando el toro loco
Chissà se dopo tu vieni qui da me

[Ritornello: Elettra Lamborghini]
Vedrai che il cielo non ci trova
Facciamo tardi questa sera
Siamo soltanto noi due
Perché ogni notte inizia con te
Non riesco a nasconderti che
Quando ci penso, poi mi manca l'aria
È caramello, non è cioccolata
Perché ogni notte inizia con te
Non riesco a nasconderti che

[Strofa 2: Rocco Hunt]
Mando mille messaggi, se ti penso troppo cosa posso farci? (Ehi)
Mi son fatto dei viaggi talmente lontani è impossibile andarci (Ehi)
Se il locale è già pieno tanto noi entriamo dal retro
Non ho problemi né con l'amore né col dinero

[Pre-Ritornello: Elettra Lamborghini]
È solo un gioco che dura troppo poco
Il tempo di una foto, scherziamo con il fuoco
Bailando el toro loco
Chissà se dopo dormiamo qui da me

[Ritornello: Elettra Lamborghini]
Vedrai che il cielo non ci trova
Facciamo tardi questa sera
Siamo soltanto noi due
Perché ogni notte inizia con te
Non riesco a nasconderti che
Quando ci penso, poi mi manca l'aria
È caramello, non è cioccolata
Perché ogni notte inizia con te
Non riesco a nasconderti che

[Strofa 3: Elettra Lamborghini]
Se un secondo durasse una vita intera
Vorrei solo viverlo insieme stasera
E poi addormentarmi un po' sulla tua schiena
Da soli io e te (Ehi, uh)

[Strofa 4: Lola Indigo]
Prendimi per mano (Ye-yeah)
Non dirmi neanche se torniamo (No no)
Che non mi importa dove andiamo-oh-oh (Uh)
Basta che voliamo-oh-oh (Ehi)
Sulla tua bocca sento gusto caramello (Uh)
Fermati un secondo che sennò non mi concentro (Ehi)

[Ritornello: Elettra Lamborghini & Lola Indigo]
Vedrai che il cielo non ci trova
Facciamo tardi questa sera
Siamo soltanto noi due
Perché ogni notte inizia con te
Non riesco a nasconderti che
Quando ci penso, poi mi manca l'aria
È caramello, non è cioccolata
Perché ogni notte inizia con te
Non riesco a nasconderti che (È caramello, non è-)",it,it,0.9946832060813904
3503138,1135759,"[Letra de ''Gimme Some Pizza'']

[Intro]
Gimme some, gimme some pizza, baby, ow
Gimme, oh some pizza, some pizza man, gimme some
Gimme some pizza, man, gimme some pizza, uh
Oh, gimme some pizza, some pizza, man

[Estribillo]
Gimme some, gimme some pizza
Gimme some, gimme some pizza
Gimme some oh, gimme some oh
Gimme some, gimme some pizza
Peperoni man, peperoni man
Peperoni, peperoni, peperoni man
Gimme some pizza, gimme some pizza
Gimme some, gimme some, gimme some pizza
For me baby, yeah
For me baby, oh-oh

[Verso]
Gimme some pizza
Gimme some pizza, baby oh
Gimme some pizza
Peperoni, oh
Peperoni man
Gimme some pizza
Gimme
Gimme some pizza baby, oh
Gimme some pizza, some pizza, man

[Estribillo]
Gimme some, gimme some pizza
Gimme some, gimme some pizza
Gimme some oh, gimme some oh
Gimme some, gimme some pizza
Peperoni man, peperoni man
Peperoni, peperoni, peperoni man
Gimme some pizza, gimme some pizza
Gimme some, gimme some, gimme some pizza
For me baby, oh-oh
For me baby, oh... oh-oh

[Puente]
(I want my pizza now)
Tú sabes que no aguanto más (No aguanto más)
(I want my pizza now)
La passione è inevitabile (La passione)
Tú eres lo único que necesito (I want my pizza now)
Lo único (I want my pizza now)
Io sono la ragazza de tus sueños (I want my pizza now)
(Io sono la ragazza) Sapore d'amore

[Outro]
Gimme some
Gimme some, gimme some pizza
Gimme some, gimme some pizza
Gimme some, gimme some
Gimme some, gimme some pizza
For me, baby, yeah
Fo-o-o-o-o-o-or me, baby
Gimme some, gimme some pizza
Gimme some, gimme some pizza
Gimme some, gimme some
Gimme some, gimme some pizza
Gimme some pizza, man
Gimme some pizza",en,it,0.9133626222610474
6026359,1135759,"[Intro]
Everything I said, eh-eh-eh-eh

[Verse 1]
Everything I said, doesn't matter to me
When he looks at me with that wickedness
Don't you see that it doesn't scare me? I can be unjust
If you come looking for me, you know I won't
Submit to temptation
Nobody else makes me
Feel this chemistry, sexual tension

[Pre-Chorus]
In the disco, I want your bite, oh yes
Crawling the disco, oh yes, sir
Give it to me in the disco, oh yes
Give it to me in the disco, oh yes, sir

[Chorus]
To the floor so nasty you're a fanatic
Dancing on the floor, sweating alcohol
My heart is grinding
We dance, it seems like a crime
Together we could be condemned
Let's commit a tragedy
And if they catch us, to escape
We have the perfect excuse

[Verse 2]
I submit to this life of crime
It's a tattoo on me, I promise you
If this is a sentence, let's do it secretly
Let's scrape our knees on the cement

[Pre-Chorus]
In the disco, I want your bite, oh yes
Crawling the disco, oh yes, sir
Give it to me in the disco, oh yes
Give it to me in the disco, oh yes, sir

[Chorus]
To the floor so nasty you're a fanatic
Dancing on the floor, sweating alcohol
My heart is grinding
We dance, it seems like a crime
Together we could be condemned (Oh-oh-oh, oh-oh)
Let's commit a tragedy (Oh-oh-oh, oh-oh)
And if they catch us, to escape (Oh-oh-oh, oh-oh)
We have the perfect excuse

[Bridge]
Yes, I am a prisoner of this bad decision
With a knife to the heart
I can't heal it anymore now
We are a murder to reason (Oh-oh)
I'll stay until you can no longer
Let me go, yeah-eh-eh, oh (Oh-oh)

[Pre-Chorus]
In the disco, I want your bite, oh yes
Crawling the disco, oh yes, sir
Give it to me in the disco, oh yes
Give it to me in the disco, oh yes, sir

[Chorus]
To the floor so nasty you're a fanatic
Dancing on the floor, sweating alcohol
My heart is grinding
We dance, it seems like a crime

[Outro]
Everything I said, everything I said
E-Everything I said,  everything I—everything I—
Everything I said, everything I said
E-Everything I said,  everything I—everything I—
We dance, it seems like a crime
We dance, it seems like a crime
We dance, it seems like a crime
We dance, it—we dance, it—
We dance, it seems like a crime
We dance-We dance-We dance-We—
We dance, it seems like a crime
We dance-We dance-We dance-We—, wuh",en,en,0.963499903678894
3503142,1135759,"[Letra de ''La Passione'' ft. Big Menu]

[Intro]
Estoy triste, estoy triste

[Verso]
I've been thinking about you all day long
I call you, but you don't pick up the phone
Baby, it's been so long since I saw your face
Making love with cards, morning God debates, yeah
Someone tell me where the fuck is my baby

Quiero estar con vos, en mi habitación
Te siento lejos, no me digas adiós
Quiero tu sabor, en mi boca, dolor
Dame tu amor, escúchame este dolor

I wanna be with my baby
I wanna be with my man
When I'm with you, it's so crazy
When you're away, it's so sad
I wanna be with my baby
I wanna be with my man
When I'm with you, it's so crazy
Why did you have to leave so fast?

[Puente]
Why?
Why did you have to leave?
Why did you have to leave so fast?
Liked that guy, oh it's so crazy

[Outro]
Why did you have to leave?
Like that, like that, oh, oh, oh...
Why did you have to leave so fast, baby?
So fast baby, so fast baby
Why? Why did you have to leave so fast?
Oh!",en,en,0.982917845249176
5617086,1135759,"Look, boy, listen to me
Don't play with my ass
'Cause if you play with my ass
You will get burn

They call me because I am a
Business Woman
I have business to run on my own
I make cash since I was born very ""piola""
They call me because I am a
Business Woman

Pure threat
Look how the girl thows it
All the boys ran away from the park
Dude, erase that horse face
After of tasting me you stayed straight
I am a bad girl
A killer drug
My tits shine
You want me as a neighbor
I like boxing
The saliva
The rage
Let's go fight without gloves
Dirty sex
Expensive very expensive
Look how they fall
The bills without touching me
You dreamed of me
Who the fuck are you?
Nobody asked for your permission
I see your face crushed with pleasure on the floor, bitch

They call me because I am a
Business Woman
I have business to run on my own
I make cash since I was born very ""piola""
They call me because I am a
Business Woman

I have a juicy mouth
And a hard mind
I am a wise bitch
A warm head
Look at my height
I move money even when they do my manicure

If you want peach
Hold the fluff
You don't want to like you
Because I am dirty sucia
I put you hard with my rhythm

With my astuteness
Am I a bastard putting my ass in your face, uh?
Don't be ashamed
I have power
I do what the fuck I want
I make the law
My work turns me on
I have you on your knees grinding garlic
Ayyy
If I want I am the devil
An angel from the sky
Oh dear, what did you drink?
You swallowed all my hot juice
A lot of weight on my shoulders
A lot of drama
Look at me in the eyes, suck me like a fucking lady

They call me because I am a
Business Woman
I have business to run on my own
I make cash since I was born very ""piola""
They call me because I am a
Business Woman

Ama business woman
In a business world
Be careful 'cause I am spicy
And this makes me hot
Ama business woman
In a business world
I don't have time and I manage all your money

The enchantress of mambo
Just came to ride you
Only with rapping my bars
Oh I can kill you
My legs are wet
I can't dry them
Ay I was getting turned on of working so much
I am bulky lethal and stimulating latina
I am a dangerous girl
And I go directly to your mind
Ask yourself how much you hate
How much you love
I didn't come to give a lesson
I didn't come to make your bed
I saw you praying on the floor
Ay, how scary is the dark
When you'll do it to me, pull my hair
I toast with a glass of water just because I can
I cut the Roquefort
If you want to eat, come here I have the fork",en,en,0.9692013263702393
1846753,355407,"(J.M. Cano. - Adapt. française: D. Burgard)

[Couplet 1]
Idiot qui ne comprend pas
La légende qui comme ça
Dit qu'une gitane
Implora la lune
Jusqu'au levé du jour
Pleurant, elle demandait
Un gitan qui voudrait
L'épouser par amour

[Couplet 2]
Tu auras ton homme, femme brune
Du ciel répondit la pleine lune
Mais il faut me donner
Ton enfant le premier
Dès qu'il te sera né
Celle qui pour un homme
Son enfant immole
Bien peu l'auraient aimée

[Refrain]
Lune, tu veux être mère
Tu ne trouves pas l'amour
Qui exauce ta prière
Dis-moi lune d'argent
Toi qui n'as pas de bras
Comment bercer l'enfant
Ah.. aaah / Ah.. aaah
Hijo de la Luna

[Couplet 2]
D'un gitan cannelle
Naquit l'enfant
Tout comme l'hermine
Il était blanc
Ses prunelles grises
Pas couleur olive
Fils albinos de lune
""Maudit soit-tu bâtard !
T'es le fils d'un gadjo
T'es le fils d'un blafard !""

[Refrain]
Lune, tu veux être mère
Tu ne trouves pas l'amour
Qui exauce ta prière
Dis-moi lune d'argent
Toi qui n'as pas de bras
Comment bercer l'enfant
Ah.. aaah / Ah.. aaah
Hijo de la Luna

[Couplet 4]
Le gitan se croyant déshonoré
Couteau en main, sa femme alla trouver
""L'enfant n'est pas de moi
Tu m'as trompé, je vois !""
À mort, il la blessa et l'enfant dans ses bras
La colline, il monta là-haut, l'abandonna

[Refrain]
Lune, tu veux être mère
Tu ne trouves pas l'amour
Qui exauce ta prière
Dis-moi lune d'argent
Toi qui n'as pas de bras
Comment bercer l'enfant
Ah.. aaah / Ah.. aaah
Hijo de la Luna

[Outro]
Et les soirs où l'enfant joue et sourit
De joie aussi la lune s'arrondit et lorsque l'enfant pleure
Elle décroit pour lui faire un berceau de lumière
Et lorsque l'enfant pleure
Elle décroit pour lui faire un berceau de lumière",fr,fr,0.9908431768417358
1489727,355407,"Deux femmes qui se tiennent la main
Ça n'a rien qui peut gêner la morale
Là où le doute s'installe
C'est que ce geste se fasse sous la table
Quand elles sont seules
Comme elles n'ont rien à perdre
Après les mains, la peau de tout le reste
Un amour qui est secret
Même nues elles ne pourraient le cacher
Alors sous les yeux des autres
Dans la rue elles le déguisent en amitié
L'une des deux dit que c'est mal agir
Et l'autre dit qu'il vaut mieux laisser dire
Ce qu'ils en pensent ou disent ne pourrait rien y faire
Qui arrête les colombes en plein vol
À deux au ras du sol
Une femme avec une femme

Je ne veux pas les juger
Je ne veux pas jeter la première pierre
Et si en poussant la porte
Je les trouve bouche à bouche dans le salon
Je n'aurai pas l'audace de tousser
Si ça me dérange je n'ai qu'à m'en aller
Avec mes pierres elles construiraient leur forteresse
Qui arrête les colombes en plein vol
À deux au ras du sol
Une femme avec une femme

L'une des deux dit que c'est mal agir
Et l'autre dit qu'il vaut mieux laisser dire
Ce qu'ils en pensent ou disent ne pourrait rien y faire
Qui arrête les colombes en plein vol
À deux au ras du sol
Une femme avec une femme
Oh oh oh oh oh
Qui arrête les colombes en plein vol
À deux au ras du sol
Une femme avec une femme",fr,fr,0.992365300655365
1391198,355407,"Idiot qui ne comprend pas
La légend' qui comme ça
Dit qu'une gitane
Implora la lune
Jusqu'au lever du jour
Pleurant elle demandait
Un gitan qui voudrait
L'épouser par amour

Tu auras ton homme, femme brune
Du ciel répondit la pleine lune
Mais il faut me donner
Ton enfant le premier
Dès que te sera né
Cell'qui pour un homme
Son enfant immole
Bien peu l'aurait aimé

Refrain:
Lune tu veux être mère
Tu ne trouves pas l'amour
Qui exauce ta prière
Dis-moi Lune d'argent
Toi qui n'as pas de bras
Comment bercer l'enfant
Hijo de la luna

D'un gitan cannelle
Naquit l'enfant
Tout comme l'hermine
Il était blanc
Ses prunelles grises
Pas couleur olive
Fils albinos de lune
"" Maudit soit-tu bâtard!
T'es le fils d'un gadjo
T'es le fils d'un blafard ""

Refrain

Le gitan se croyant déshonoré
Couteau en main sa femme alla trouver
"" l'enfant n'est pas de moi
Tu m'as trompé je vois ""
À mort il la blessa
Et l'enfant dans ses bras
La colline il monta
Là-haut l'abandonna...

Refrain

Et les soirs où l'enfant joue et sourit
De joie aussi la lune s'arrondit
Et lorsque l'enfant pleure
Elle décroît pour lui faire
Un berceau de lumière",fr,fr,0.9887614846229553
1971602,355407,"Per chi non fraintenda
Narra la leggenda
Di quella gitana
Che pregò la luna
Bianca ed alta nel ciel
Mentre sorrideva
Lei la supplicava
«fa che torni da me»

«tu riavrai quell'uomo
Pelle scura
Con il suo perdono
Donna impura
Però in cambio voglio
Che il tuo primo figlio
Venga a stare con me»
Chi suo figlio immola
Per non stare sola
Non è degna di un re

Luna adesso sei madre
Ma chi fece di te
Una donna non c'è
Dimmi luna d'argento
Come lo cullerai
Se le braccia non hai
Figlio della luna

Nacque a primavera
Un bambino
Da quel padre scuro
Come il fumo
Con la pelle chiara
Gli occhi di laguna
Come un figlio di luna
«questo è un tradimento
Lui non è mio figlio
Ed io no, non lo voglio»

Luna adesso sei madre
Ma chi fece di te
Una donna non c'è
Dimmi luna d'argento
Come lo cullerai
Se le braccia non hai
Figlio della luna

II gitano folle
Di dolore
Colto proprio al centro
Dell'onore
L'afferrò gridando
La baciò piangendo
Poi la lama affondò
Corse sopra al monte
Col bambino in braccio
E lì lo abbandonò

Luna adesso sei madre
Ma chi fece di te
Una donna non c'è
Dimmi luna d'argento
Come lo cullerai
Se le braccia non hai
Figlio della luna

Se la luna piena
Poi diviene
È perché il bambino
Dorme bene
Ma se sta piangendo
Lei se lo trastulla
Cala e poi si fa culla
Ma se sta piangendo
Lei se lo trastulla
Cala e poi si fa culla",it,it,0.9952978491783142
1945579,355407,"Deux femmes qui se tiennent la main
Ça n'a rien qui peut gêner la morale
Là où le doute s'installe
C'est que ce geste se fasse sous la table
Quand elles sont seules
Comme elles n'ont rien à perdre
Après les mains, la peau de tout le reste
Un amour qui est secret
Même nues elles ne pourraient le cacher
Alors sous les yeux des autres
Dans la rue elles le déguisent en amitié
L'une des deux dit que c'est mal agir
Et l'autre dit qu'il vaut mieux laisser dire
Ce qu'ils en pensent ou disent ne pourrait rien y faire
Qui arrête les colombes en plein vol
À deux au ras du sol
Une femme avec une femme

Je ne veux pas les juger
Je ne veux pas jeter la première pierre
Et si en poussant la porte
Je les trouve bouche à bouche dans le salon
Je n'aurai pas l'audace de tousser
Si ça me dérange je n'ai qu'à m'en aller
Avec mes pierres elles construiraient leur forteresse
Qui arrête les colombes en plein vol
À deux au ras du sol
Une femme avec une femme

L'une des deux dit que c'est mal agir
Et l'autre dit qu'il vaut mieux laisser dire
Ce qu'ils en pensent ou disent ne pourrait rien y faire
Qui arrête les colombes en plein vol
À deux au ras du sol
Une femme avec une femme
Oh oh oh oh oh
Qui arrête les colombes en plein vol
À deux au ras du sol
Une femme avec une femme",fr,fr,0.992365300655365
865982,355407,"Per chi non fraintenda
Narra la leggenda
Di quella gitana
Che pregò la luna
Bianca ed alta nel ciel
Mentre sorrideva
Lei la supplicava
«fa che torni da me»

«Tu riavrai quell'uomo
Pelle scura
Con il suo perdono
Donna impura
Però in cambio voglio
Che il tuo primo figlio
Venga a stare con me
Chi suo figlio immola
Per non stare sola
Non è degna di un re»

Luna adesso sei madre
Ma chi fece di te
Una donna non c'è
Dimmi luna d'argento
Come lo cullerai
Se le braccia non hai
Figlio della luna

Nacque a primavera
Un bambino
Da quel padre scuro
Come il fumo
Con la pelle chiara
Gli occhi di laguna
Come un figlio di luna
«questo è un tradimento
Lui non è mio figlio
Ed io no, non lo voglio»

Luna adesso sei madre
Ma chi fece di te
Una donna non c'è
Dimmi luna d'argento
Come lo cullerai
Se le braccia non hai
Figlio della luna

II gitano folle
Di dolore
Colto proprio al centro
Dell'onore
L'afferrò gridando
La baciò piangendo
Poi la lama affondò
Corse sopra al monte
Col bambino in braccio
E lì lo abbandonò

Luna adesso sei madre
Ma chi fece di te
Una donna non c'è
Dimmi luna d'argento
Come lo cullerai
Se le braccia non hai
Figlio della luna

Se la luna piena
Poi diviene
È perché il bambino
Dorme bene
Ma se sta piangendo
Lei se lo trastulla
Cala e poi si fa culla
Ma se sta piangendo
Lei se lo trastulla
Cala e poi si fa culla",it,it,0.9952806830406189
4431659,355407,"[Verse 1]
I got that you're nobody's dear
Not invited, I don't care
I know somehow I must be there
And seeing you tonight is worth the fight
There’s a crowd around the door
And they don’t notice just why I’m looking

[Chorus]
Uninvited guest, I’m hiding in your party
Watching every move, I’m waiting for my chance
You don’t know me now but we could have a good time
All I need’s a moment, all I need’s a chance

[Post-Chorus]
What am I going to say?
Look at me, I have nothing to lose
When you let me stay
Look at me, how can you refuse?

[Verse 2]
I see your face, my heart's a race
Everybody wanting you
There must be something I can do
I call your name, please freeze the frame
Turn and smile, you understand you
Give your heart and beg my hand

[Chorus]
Uninvited guest, I’m hiding in your party
Watching every move, I’m waiting for my chance
You don’t know me now but we could have a good time
All I need’s a moment, all I need’s a chance

[Post-Chorus]
What am I going to say?
Look at me, I have nothing to lose
When you let me stay
Look at me, how can you refuse?

[Interlude]

[Chorus]
Uninvited guest, I’m hiding in your party
Watching every move, I’m waiting for my chance
You don’t know me now but we could have a good time
All I need’s a moment, all I need’s a chance

[Post-Chorus]
What am I going to say?
Look at me, I have nothing to lose
When you let me stay
Look at me, how can you refuse?

[Chorus]
Uninvited guest, I’m hiding in your party
Watching every move, I’m waiting for my chance
You don’t know me now but we could have a good time
All I need’s a moment, all I need’s a chance
Uninvited guest, I’m hiding in your party
Watching every move, I’m waiting for my chance
You don’t know me now but we could have a good time
All I need’s a moment, all I need’s a chance
Uninvited guest, I’m hiding in your party
Watching every move, I’m waiting for my chance
You don’t know me now but we could have a good time…",en,en,0.9699358940124512
2231965,355407,"C'est fou quand on pense
Qu'alors que nous avons rompu
Nos liens depuis tant d'hivers
On ait encore envie de fêter tous les deux
Notr'anniversaire

Cette fidèle petite table sous laquelle nos mains
Se cherchaient comme par instinct
Veille en sentinelle
Sur le confidentiel
Recoin rituel

Si notre histoire s'est consumée
Sous la cendre une braise a couvé
Et nous avons eu beau souffler
Nous n'avons fait que l'attiser

Les fleurs du printemps
Dans quelque temps seront fanées
Et nos visages marqués
Mais nous aurons l'espoir
Que brille dans no regards
Cet amour passé

Et quand le sept septembre, nous
Fêterons notre anniversaire
Nous en aurons pas où
Nous embrasser, sur la joue
Ou sur la bouche

Si notre histoire s'est consumée
Sous la cendre une braise a couvé
Et nous avons eu beau souffler
Nous n'avons fait que l'attiser

Et quand le sept septembre, nous
Fêterons notre anniversaire...",fr,fr,0.9929975271224976
1541597,31762,"Je n'ai pas changé
Je suis toujours ce jeune homme étranger
Qui te chantait des romances
Qui t'inventait des dimanches
Qui te faisaient voyager
Je n'ai pas changé
Je suis toujours ce garçon un peu fou
Qui te parlait d'Amérique
Et n'était pas assez riche
Pour t'emmener à Corfou

Et toi non plus tu n'as pas changé
Toujours le même parfum léger
Toujours le même petit sourire
Qui en dit long sans vraiment le dire
Non toi non plus tu n'as pas changé
J'avais envie de te protéger
De te garder de t'appartenir
J'avais envie de te revenir

Je n'ai pas changé
Je suis toujours l'apprenti baladin
Qui t'écrivait des poèmes
Qui commençaient par je t'aime
Et finissaient par aimer
Je n'ai pas changé
Je prends toujours le chemin qui me plaît
Un seul chemin sur la terre
A réussi à me plaire
Celui qu'ensemble on suivait

Et toi non plus tu n'as pas changé
Toujours le même parfum léger
Toujours le même petit sourire
Qui en dit long sans vraiment le dire
Non toi non plus tu n'as pas changé
J'avais envie de te protéger
De te garder de t'appartenir
J'avais envie de te revenir

Et toi non plus tu n'as pas changé
Toujours le même parfum léger
Toujours le même petit sourire
Qui en dit long sans vraiment le dire
Non toi non plus tu n'as pas changé
J'avais envie de te protéger
De te garder de t'appartenir
J'avais envie de te revenir",fr,fr,0.993461012840271
1394732,31762,"[Verse 1: Willie Nelson]
To all the girls I've loved before
Who travelled in and out my door
I'm glad they came along
I dedicate this song
To all the girls I've loved before

[Verse 2: Julio Iglesias]
To all the girls I once caressed
And may I say I've held the best
For helping me to grow
I owe a lot I know
To all the girls I've loved before

[Chorus: Both]
The winds of change are always blowing
And every time I try to stay
The winds of change continue blowing
And they just carry me away

[Verse 3: Willie Nelson]
To all the girls who shared my life
Who now are someone else's wives
I'm glad they came along
I dedicate this song
To all the girls I've loved before

[Verse 4: Julio Iglesias]
To all the girls who cared for me
Who filled my nights with ecstasy
They live within my heart
I'll always be a part
Of all the girls I've loved before

[Chorus: Both]
The winds of change are always blowing
And every time I try to stay
The winds of change continue blowing
And they just carry me away

[Outro: Julio Iglesias, Willie Nelson, Both]
To all the girls we've loved before
Who travelled in and out our doors
We're glad they came along
We dedicate this song
To all the girls we've loved before
To all the girls we've loved before
Who travelled in and out our doors
We're glad they came along
We dedicate this song
To all the girls we've loved before",en,en,0.9454609751701355
949211,31762,"[Verse 1: Stevie Wonder]
My love is warmer than a smile
My love gives to every needing child
If anyone should ask you who's my true love
Tell them my love true is ever letting all their love come through

[Verse 2: Julio Iglesias]
My love sees love with not a face
And lives to love through time and space
If all of everything about my love fits to the tune of you
Then you can say that you are my love too

[Chorus]
Let my love shine throughout the world
To every mountain top and steeple
Let it be felt by every soul
'Til love's all over
Let it reach out to every heart
To every disenfranchised people
'Til it is present and no more is pain all over

[Verse 3:Stevie Wonder, Julio Iglesias]
Our love sees love's the key to peace
We'll pray 'til all world wars have ceased
Should you or anyone you know enough to say they feel as we
Then let our universal song be free

[Chorus]
Let our love shine throughout the world
To every mountain top and steeple
Let it be felt by every soul
'Til love's all over
Let it reach out to every heart
To every disenfranchised people
'Til it is present and no more is pain all over

[Chorus 2]
Say words of love to all we see
To rich or poor for love is equal
Let us lift up humanity
Spead love all over
Let all its forces join as one
So to rebuke all signs of evil
Through every valley, land and sea
Our love's all people",en,en,0.8254271149635315
1175689,31762,"Vois...
C'est moi qui fais ce soir le premier pas
On s'ennuyait un peu mon cur et moi
On revient près de toi

Vois...
Rien qu'un instant je ne vais pas rester
Je prends de tes nouvelles et je m'en vais...
Je ne fais que passer

Moi
Je te retrouve au millieu de tes fleurs
Chez toi la vie a toutes les couleurs
Et le goût du bonheur

Moi
En noir et blanc je vois passer les jours
Comme un brouillard qui tournerait autour
Des choses de l'amour

Je sais
En amour il faut toujours un perdant;
J'ai eu la chance de gagner souvent
Et j'ignorais que l'on pouvait souffrir autant

Je sais
En amour il faut toujours un perdant;
J'ai eu la chance de gagner souvent...
Je t'ai perdue, pourtant

Vois...
C'est moi qui fais ce soir le premier pas
On ne fait plus semblant mon cœur et moi...
On a besoin de toi

Vois...
Je n'aurais jamais cru qu'un jour viendrait
Où près de toi je me retrouverais
Aussi désamparé

Je sais
En amour il faut toujours un perdant;
J'ai eu la chance de gagner souvent
Et j'ignorais que l'on pouvait souffrir autant

Je sais
En amour il faut toujours un perdant;
J'ai eu la chance de gagner souvent...
Je t'ai perdue, pourtant

Vois...
C'est moi qui fais ce soir le premier pas
On s'ennuyait un peu mon cœur et moi
On revient près de toi

Moi
En noir et blanc je vois passer les jours
Comme un brouillard qui tournerait autour
Des choses de l'amour

Je sais
En amour il faut toujours un perdant;
J'ai eu la chance de gagner souvent
Et j'ignorais que l'on pouvait souffrir autant",fr,fr,0.9925665855407715
1282701,31762,"Vous les femmes
Vous le charme
Vos sourires
Nous attirent
Nous désarment

Vous les anges
Adorables
Et nous sommes
Nous les hommes
Pauvres diables...

Avec des milliers de roses on vous entoure
On vous aime et sans le dire on vous le prouve
On se croit très forts, on pense vous connaître
On vous dit ""toujours"", vous répondez ""peut-être""

Vous les femmes
Vous mon drame
Vous si douces
Vous la source
De nos larmes

Pauvres diables
Que nous sommes
Vulnérables
Misérables
Nous les hommes...
Pauvres diables
Pauvres diables

Dès qu'un autre vous sourit on a tendance
À jouer plus on moins bien l'indifférence
On fait tout pour se calmer, puis on éclate
On est fous de jalousie, et ça vous flatte...

Vous les femmes
Vous le charme
Vos sourires
Nous attirent
Nous désarment

Pauvres diables
Que nous sommes
Vulnérables
Misérables
Nous les hommes
Pauvres diables
Pauvres diables
Pauvres diables...",fr,fr,0.9929749965667725
1329878,31762,"Viens m'embrasser...
Avant de t'en aller ce soir, viens m'embrasser
On ne va plus se voir mais on n'est pas fâchés...
Viens m'embrasser!

Viens m'embrasser...
Dis toi qu'entre nous deux ça ne va rien changer
Ta décision est prise et tu vas me quitter...
Viens m'embrasser!

Toi qui t'en vas
Oublie que je suis triste; oublie et souris-moi;
Fais-moi revivre encore un peu de ce temps-là
Où tu venais te jeter dans mes bras

Toi qui t'en vas
Essaie de m'inventer encore un peu de toi
Essaie de faire semblant d'avoir besoin de moi...
Viens m'embrasser pour la dernière fois!

Viens m'embrasser!
C'est toi qui vas partir, alors pourquoi pleurer?
C'est pas la fin du monde; on n'est pas les premiers
A se quitter

Viens m'embrasser
Et ne me parle plus du mal que tu me fais
Avec le temps tu sais tout devrait s'arranger...
Viens m'embrasser!

Toi qui t'en vas
Oublie que je suis triste; oublie et souris-moi;
Fais-moi revivre encore un peu de ce temps-là
Où tu venais te jeter dans mes bras

Toi qui t'en vas
Essaie de m'inventer encore un peu de toi
Essaie de faire semblant d'avoir besoin de moi...
Viens m'embrasser pour la dernière fois!",fr,fr,0.9916906356811523
995993,31762,"[Verse 1]
Crazy, I'm crazy for feeling so lonely
I'm crazy, crazy for feeling so blue

[Verse 2]
I knew, you'd love me as long as you wanted
And then someday, you'd leave me for somebody new

[Verse 3]
Worry, why do I let myself worry?
Wondering, what in the world did I do?

[Chorus]
Crazy, for thinking that my love could hold you
I'm crazy for trying, I'm crazy for crying
And I'm crazy for loving you

Crazy, for thinking that my love could hold you
I'm crazy for trying, I'm crazy for crying
And I'm crazy for loving you",en,en,0.9221903681755066
1410393,31762,"Oh Mammy, oh Mammy Mammy Blue
Oh Mammy Blue
Oh Mammy, oh Mammy Mammy Blue
Oh Mammy Blue

I may be your forgotten son
Who wandered off at twenty-one
It's sad to find myself at home
Without you
If I could only hold your hand
And say I'm sorry, yes I am
I'm sure you'll really understand
Oh Mammy

Oh Mammy, oh Mammy Mammy Blue
Oh Mammy Blue
Oh Mammy, oh Mammy Mammy Blue

Je suis parti un soir d'été
Sans dire un mot sans t'embrasser
Sans un regard sur le passé-é
Dès que j'ai franchi la frontière
Le vent soufflait plus fort qu'hier
Quand j'étais près de toi ma mère-è-re

Oh Mammy, oh Mammy Mammy Blue
Oh Mammy Blue",en,fr,0.9854810833930969
1385492,31762,"[Intro: Diana Ross]
Ahhhh-ha, ooh yeah,  ooooh, ah-hah

I've never had this feeling before
I've never wanted anyone more
And something in your eyes tells me
You feel the way that I do
(I feel like you do)

If you would like to stay here all night
You know that I would say
It's all right
Though I'm saying yes
I confess
I've got more on my mind
'Cause I want more of you
Than your time

All of you, your body and soul
Every kind of love you can express
All the secret dreams you've never told
I want everything
And I'll take nothing less

All of you as long as you live
Everything you've never shared before
I want all of you that you can give
All your joys and all your sorrows
Your todays and your tomorrows

How I long to feel the warmth of your touch
And then if I'm not asking too much
I'd like to spend my life wand'ring through
All the wonders of you
(All the wonders of you)

And when we're lying close in the dark
So close I feel each beat of your heart
I want you to reveal what you feel
All you hold deep inside
There is nothing I want you to hide

All of you, your body and soul
Everything you want this love to be
I want all of you
All that you can give
And in return for all your giving
Let me give you all of me

All of you, your body and soul
Every kind of love you can express
All the secret dreams you've never told
I want everything (Everything), everything
All of you as long as you live
(As long as you live)
Everything you want this love to be
I want all of you
All that you can give
In return (In return) I wanna give you
Let me give y…",en,en,0.9661232829093933
961205,31762,"In this crazy life we reach for the best we can
But sometimes it slips away
No matter how we plan
You were the best thing in my life
My only hope of gettin' it right
Who would've thought we'd get to have A second time around?
But now that love is on our side again
Let's take these feelings all the way
Let's open up and live our passions to the end
Now that love is on our side again
I loved you too much, without you I felt so wrong
It's funny how we tear ourselves apart, just to belong
I'll never ever compromise that look of trust within your eyes
We'll let our hearts grow forever here on solid ground

Now that love is on our side again
Let's take these feelings all the way
Let's open up and live our passions to the end
Now that love is on our side again
Now here we are, and the storm is over
We're ready for that dream
We'll get it right
It just could take a little longer
A time to heal our wounds is all we need
Now that love is on our side again
Let's take these feelings all the way
Let's open up and live our passions to the end
Now that love is on our side again
Now that love is on our side again
Let's take these feelings all the way
Let's open up and live our passions to the end
Now that love is on our side again",en,en,0.9570930004119873
1413128,31762,"I wanna feel this way longer than time
I wanna know your dreams and make them mine
I wanna change the world, only for you
All the impossible, I wanna do

I wanna hold you close under the rain
I wanna kiss your smile and feel your pain
I know what's beautiful, looking at you
Here in a world of lies, you are the truth

And baby
Everytime you touch me, I become a hero
I'll make you safe no matter where you are
And bring you anything you ask for, nothing is above me
I'm shining like a candle in the dark
When you tell me that you love me

I wanna make you see just what I was
Show you the loneliness and what it does
You walked into my life to stop my tears
Everything's easy now, I have you here

And baby
Everytime you touch me, I become a hero
I'll make you safe no matter where you are
And bring you anything you ask for, nothing is above me
I'm shining like a candle in the dark
When you tell me that you love me

In a world without you
I would always hunger
All I need is your love to make me stronger

And baby
Everytime you touch me, I become a hero
I'll make you safe no matter where you are
And bring you anything you ask for, nothing is above me
I'm shining like a candle in the dark
When you tell me that you love me
When you tell me that you love me
When you tell me that you love me
When you tell me that you love me",en,en,0.9425789713859558
1341284,31762,"I can't be the same
Since you went away
The best of my life
Walked away with you that day
I was wrong, I know
When I hurt you so
I was a fool
To ever let you go
Stay with me... Oh! Stay with me!

If I ever needed you I need you now
There's nothing in my life I've been more sure of
Since I've fallen into your love
And I promise I'll make up for all the hurt somehow
I need one more chance to prove
If I ever needed you I need you now

I was wrong, I know
When I hurt you so
I was a fool
To ever let you go
Stay with me... Oh! Stay with me!

If I ever needed you I need you now
There's nothing in my life I've been more sure of
Since I've fallen into your love
And I promise I'll make up for all the hurt somehow
I need one more chance to prove
If I ever needed you I need you now

Though the words I spoke
To win your heart came easy then
Now I'm speaking from my heart
When I say to you again:

If I ever needed you I need you now
There's nothing in my life I've been more sure of
Since I've fallen into your love
And I promise I'll make up for all the hurt somehow
I need one more chance to prove
If I ever needed you I need you now...
If I ever needed you I need you now!",en,en,0.9701834917068481
1213396,31762,"There were beggars and kings in a magical sky
There were wings in the air
And I learned how to fly
There was me
There was you in a world made for two
Then you were gone

Moonlight lady
Come along with me
To the bright city lights
It's all right ‘cause tonight's on me

Moonlight lady
Come along with me
To the bright city lights
It's all right ‘cause tonight's on me

She wore satin and lace on the beach
And her beauty was there to inspire
She was loving the night in the grasp
Of a soft-lit fire

Moonlight lady
Come along with me
To the bright city lights
It's all right ‘cause tonight's on me

Moonlight lady
Come along with me
To the bright city lights
It's all right ‘cause tonight's on me

Every night is so empty without you
I'm so lonely since you went away
If by chance we could dance to the music
Let it play, let me say

Moonlight lady
(Sexy, sexy lady)
Come along with me
(You just drive me crazy)
To the bright city lights
It's all right ‘cause tonight's on me

Moonlight lady
(Sexy, sexy lady)
Come along with me
(You just drive me crazy)
To the bright city lights
It's all right ‘cause tonight's on me

Seems it never rains in Southern California
To the bright city lights
It's all right ‘cause tonight's on me
It never rains in California
But, girl, don't they warn ya?
To the bright city lights
It's all right ‘cause tonight's on me

Seems it never rains in Southern California
To the bright city lights
It's all right ‘cause tonight's on me
It never rains in California
But, girl, don't they warn ya?
To the bright city lights
It's all right ‘cause tonight's on me

Seems it never rains in Southern California…",en,en,0.9326524138450623
2242052,31762,"Une chanson que me fredonne l'automne
Les taches rousses de septembre, ma chambre
Une dernière cigarette, peut-être
Et puis je vais aller dormir
Je pense à tous les solitaires sur Terre
Qui vont éteindre la lumière pour faire
L'aller-retour, la vie, le rêve, je lève
Mon verre à leur prochain sourire
Un jour tu ris, un jour tu pleures
Un jour tu vis, un jour tu meurs
Départ mouchoir
Retour velours
Histoire d'amour
Un jour ça va, un autre non
Un jour lilas, un jour flocon
C'est ça la vie
Un jour tu pleures
Un jour tu ris
J'étais au chaud dans ta romance, dimanche
Lundi j'ai froid dans le silence, l'absence
J'aurai peut-être une semaine de peine
Puis, sûrement, je t'oublierai
Et je dirai d'autres ""je t'aime"" quand même
J'effeuillerai d'autres visages, les pages
Du livre de cette aventure future
Ma vie, mes joies et mes regrets
Un jour tu ris, un jour tu pleures
Un jour tu vis, un jour tu meurs
Départ mouchoir
Retour velours
Histoire d'amour",fr,fr,0.9926638603210449
2125249,31762,"Come! Sing a song of joy
For peace shall come, my brother!
Sing! Sing a song of joy
For men shall love each other!

That day will dawn just as sure
As hearts that are pure
Are hearts set free
No man must stand along
With outstretched hands before him

Reach out and take them in yours
With love that endures
Forever more
Then sing a song of joy
For love and understanding

Come! Sing a song of joy
Of freedom! Tell the story!
Sing! Sing a song of joy
For mankind in his glory!

One mighty voice that will bring
A sound that will ring
Forever more
Then sing a song of joy
For love and understanding

Come! Sing a song of joy
Of freedom! Tell the story!
Sing! Sing a song of joy
For mankind in his glory!

One mighty voice that will bring
A sound that will ring
Forever more
Then sing a song of joy
For love and understanding

Sing! Sing a song of joy
For mankind in his glory!",en,en,0.8514197468757629
1770599,31762,"La valigia sul letto
È quella di un lungo viaggio
E tu senza dirmi niente hai trovato il coraggio
Con l'orgoglio ferito di chi poi si ribella
Ma quando t'arrabbi sei ancora più bella
E così, su due piedi, io sarei liquidato
Ma vittima sai d'un bilancio sbagliato
Se un uomo tradisce, tradisce a metà
Per cinque minuti e non eri più qua

Se mi lasci non vale (se mi lasci non vale)
Se mi lasci non vale (se mi lasci non vale)
Non ti sembra un po' caro
Il prezzo che adesso io sto per pagare
(Se mi lasci non vale) se mi lasci non vale
(se mi lasci non vale) se mi lasci non vale
Dentro quella valigia tutto il nostro passato
Non ci può stare

Metti a posto ogni cosa e parliamone un po'
Io di errori ne ho fatti, di colpe ne ho
Ma quello che conta tra il dire e il fare
È saper andar via ma saper ritornare

Se mi lasci non vale (se mi lasci non vale)
Se mi lasci non vale (se mi lasci non vale)
Non ti sembra un po' caro
Il prezzo che adesso io sto per pagare
(Se mi lasci non vale) se mi lasci non vale
(se mi lasci non vale) se mi lasci non vale
Dentro quella valigia tutto il nostro passato
Non ci può stare
(Se mi lasci non vale) se mi lasci non vale
(se mi lasci non vale) se mi lasci non vale
Dentro quella valigia tutto il nostro passato
Non ci può stare
(Se mi lasci non vale) se mi lasci non vale
(se mi lasci non vale) se mi lasci non vale
Dentro quella valigia tutto il nostro passato
Non ci può stare",it,it,0.9935909509658813
1642642,31762,"If blood will flow
When flesh and steel are one
Drying in the colour
Of the evening sun
Tomorrow's rain
Will wash the stains away
But something in our minds
Will always stay

Perhaps this final act was meant
To clinch a lifetime's argument
That nothing comes from violence
And nothing ever could
For all those born beneath an angry star
Lest we forget how fragile we are

On and on
The rain will fall
Like tears from a star...
Like tears from a star

On and on
The rain will say
How fragile we are...
How fragile we are

On and on
The rain will fall
Like tears from a star...
Like tears from a star

On and on
The rain will say
How fragile we are...
How fragile we are

If blood will flow
When flesh and steel are one
Drying in the colour
Of the evening sun
Tomorrow's rain
Will wash the stains away
But something in our minds
Will always stay

On and on
The rain will fall
Like tears from a star...
Like tears from a star

On and on
The rain will say
How fragile we are...
How fragile we are

On and on
The rain will fall
Like tears from a star...
Like tears from a star

On and on
The rain will say
How fragile we are...
How fragile we are",en,en,0.9279882311820984
5806568,31762,"If blood will flow when flesh and steel are one
Drying in the colour of the evening sun
Tomorrow's rain will wash the stains away
But something in our minds will always stay

Perhaps this final act was meant
To clinch a lifetime's argument
That nothing comes from violence
And nothing ever could
For all those born beneath an angry star
Lest we forget how fragile we are

On and on the rain will fall
Like tears from a star
Like tears from a star
On and on the rain will say
How fragile we are
How fragile we are

On and on the rain will fall
Like tears from a star
Like tears from a star
On and on the rain will say
How fragile we are
How fragile we are

If blood will flow when flesh and steel are one
Drying in the colour of the evening sun
Tomorrow's rain will wash the stains away
But something in our minds will always stay

On and on the rain will fall
Like tears from a star
Like tears from a star
On and on the rain will say
How fragile we are
How fragile we are

On and on the rain will fall
Like tears from a star
Like tears from a star
On and on the rain will say
How fragile we are
How fragile we are",en,en,0.8679240345954895
1479090,31762,"Chaque jour a chaque instant tout recommence
Dans mon coeur c'est a nouveau la folle ronde
Car l'amour c'est mon soleil, mon esperance
La plus belle chose au monde

J'ai l'amour a fleur de coeur, un rien l'enflamme
Un regard me fait chanter ou me dechire
Et je sais que je pourrais donner mon ame
Simplement pour un sourire

J'ai besoin d'un peu d'amour
Pour que chante ma guitare
Pour oublier tout ce qui nous separe
Nuit et jour, j'ai besoin d'un peu d'amour

J'ai besoin,jour apres jour
De sentir une presence
Comme un enfant perdu et sans defense
Nuit et jour, j'ai besoin d'un peu d'amour

Sans amour je ne suis rien, mon ciel se voile
Mon printemps a brusquement des airs d'automne
Et je crois que j'ai perdu ma bonne etoile
Que la chance m'abandonne

J'ai l'amour a fleur de coeur, un rien l'enflamme
Un regard me fait chanter ou me dechire
Et je sais que je pourrais donner mon ame
Simplement pour un sourire

J'ai besoin d'un peu d'amour
Pour que chante ma guitare
Pour oublier tout ce qui nous separe
Nuit et jour, j'ai besoin d'un peu d'amour

J'ai besoin,jour apres jour
De sentir une presence
Comme un enfant perdu et sans defense
Nuit et jour, j'ai besoin d'un peu d'amour",fr,fr,0.9937980771064758
1850019,31762,"Blue spanish eyes
Teardrops are fallin' from your spanish eyes
Please, please don't cry
This is just ""adios"" and not ""goodbye""
Soon I'll return
Bringing you all the love your heart can hold
Please, say ""si, si"" Say you and your spanish eyes
Will wait for me

Tu, solo tu
Has enseсado a mi alma tu querer
Tu y solo tu
Has hecho que yo vuelva a amanecer

Soon I'll return
Bringing you all the love your heart can hold
Please, say ""si, si"" Say you and your spanish eyes
Will wait for me

Soon I'll return
Bringing you all the love your heart can hold
Please, say ""si, si"" Say you and your spanish eyes
Will wait for me

Soon I'll return
Bringing you all the love your heart can hold
Please, say ""si, si"" Say you and your spanish eyes
Will wait for me",en,en,0.9166489839553833
1646760,31762,"I've never had this feeling before
I've never wanted anyone more
And something in your eyes tells me
You feel the way that I do
(I feel like you do)

If you would like to stay here all night
You know that I would say
It's all right
'Though I'm saying yes
I confess
I've got more on my mind
'Cause I want more of you
Than your time

All of you, your body and soul
Every kind of love you can express
All the secret dreams you've never told
I want everything
And I'll take nothing less
All of you as long as you live
Everything you've never shared before
I want all of you that you can give
All your joys and all your sorrows
Your todays and your tomorrows

How I long to feel the warmth of your touch
And then if I'm not asking too much
I'd like to spend my life wand'ring through
All the wonders of you

And when we're lying close in the dark
So close I feel each beat of your heart
I want you to reveal what you feel
All you hold deep inside
There is nothing I want you to hide

All of you, your body and soul
Everything you want this love to be
I want all of you
All that you can give
And in return for all your giving
Let me give you all of me

All of you, your body and soul
Every kind of love you can express
All the secret dreams you've never told
I want everything (everything) everything
All of you as long as you live
(As long as you live)
Everything you want this love to be
I want all of you
All that you can give
In return (in return) I wanna give you",en,en,0.9763403534889221
1576096,31762,"When I need you
I just close my eyes and I'm with you
And all that I so want to give you
Is only a heartbeat away

When I need love
I hold out my hands and I touch love
I never knew there was so much love
Keeping me warm night and day

Miles and miles of empty space in between us
The telephone can't take the place of your smile
But you know I won't be travelling forever
It's cold out
So hold out
And do like I do

When I need you
I just close my eyes and I'm with you
And all that I so want to give you
Is only a heartbeat away

It's not easy when the road is your driver
Honey that's a heavy load that we bear
But you know I won't be travelling a lifetime
It's cold out
So hold out
And do like I do
When I need you

When I need love
I hold out my hands and I touch love
I never knew there was so much love
Keeping me warm night and day

When I need you
I just close my eyes
And you're right by my side
Keeping me warm night and day
I just hold out my hand
Hold out my hand
And I'm with you
All I wanna give you
Is only a heartbeat away
When I need you",en,en,0.9897556900978088
1988170,31762,"Je n'ai pas changé
Je suis toujours ce jeune homme étranger
Qui te chantait des romances
Qui t'inventait des dimanches
Qui te faisaient voyager
Je n'ai pas changé
Je suis toujours ce garçon un peu fou
Qui te parlait d'Amérique
Et n'était pas assez riche
Pour t'emmener à Corfou

[Refrain:]
Et toi non plus tu n'as pas changé
Toujours le même parfum léger
Toujours le même petit sourire
Qui en dit long sans vraiment le dire
Non toi non plus tu n'as pas changé
J'avais envie de te protéger
De te garder de t'appartenir
J'avais envie de te revenir
Je n'ai pas changé
Je suis toujours l'apprenti baladin
Qui t'écrivait des poèmes
Qui commençaient par je t'aime
Et finissaient par aimer
Je n'ai pas changé
Je prends toujours le chemin qui me plaît
Un seul chemin sur la terre
A réussi à me plaire
Celui qu'ensemble on suivait

[au Refrain, 2x]",fr,fr,0.9922198057174683
3383556,31762,"Mmm yeah
[Stevie Wonder: Oh yeah, oh yeah, oh yeah]
Well alright, yeah, well alright, yes (yeah), Alright yeah (yeah), well alright
[Babyface: (Oh yes, ah yeah)]
Oh yes, so good
Oh yeah
Yeah, yeah, yeah, yeah, yeah, so good
[Luther Vandross: Everybody, all of the people say]
Yeah, yeah
[Johnny Gill: Say yeah, yeah]
Yeah, yeah (Alright, so good)
Yeah, yeah (Anything you wanna)
[Patti LaBelle: Say yeah, yeah]
Yeah, yeah (Anything you wanna)
Do, do, yeah, yeah, yeah, yeah
Yeah, yeah… (Anything you wanna)
[Heavy D: The 'y' to the 'e' to the 's', yes, y'all
The 'y' to the 'e' to the 's', yes]
Yeah, yeah
Julio say yes
[Julio Iglesias: Sí, sí, sí]
Oh yeah
Yeah, uh!!
Yeah, yeah
[Luther: I just wanna say]
[En Vogue: Oh yes]
[Luther: Ooh yeah]
Yeah, yeah
Why don't ya say
Yeah, yeah
Just got to say yes
Just got to say yes
It's ok
[Babyface: Everybody sing, everybody sing]
[Patti LaBellel: Just say it]
[Heavy D: The 'y' to the 'e' to the 's', yes, y'all
The 'y' to the 'e' to the 's', yes, y'all]
Yeah, yeah, do, uh yeah
Oh, oh, oh, oh, oh
Yeah, yeah, aha!
Yeah, don't you feel like say it?
Uh!
Yeah, yes
[Aaron Hall: You gotta feel it, gotta feel it deep down inside]
You gotta try
Oh yeah
[Aaron Hall: You gotta really need, yes]
Sí, yeah, yeah
Oh yeah, c'mon
[Aaron Hall: Keep on, (sí), keep on (sí)]
It's all about to go and wanna feel it
[Michael Jackson: Can you feel it? Feel it!]
All the people say: alright
Yes, it's all about… uh, uh, uh
Wanna say yes
Say yes right now
[Luther: I can only say yes]
I wanna say yes
[Luther: If you ask me, only say yeah]
I wanna say yes
[Luther: That's all I can do...]
Yeah, yes
[Luther: ...is say yeah yeah, say yeah
If you ask me I, I can only say
I can only say yeah]
Yes, yes, yes!
Any time that you want me to
I will say yes to you
[Michael Jackson: Yeah, yeah, yeah]
So glad you're saying yes to me
[Johnny Gill: Say yeah, say yeah, say yeah]
[Janet Jackson: Ah, that is so cute]
[Luther: If you wanna know the answer is, yes]
Yeah, yeah
[Luther: The answer is, yes]
Yeah!
[Luther: That's right]
C'mon, say yeah
[Patti LaBelle: Everybody sing…]
Yes! Yeah!
It's alright now, it's alright now, say yes now, say yes now
[Luther: Somebody's going off singing...]
Say yeah…
Ooh, yeah… yes
It's all about you…",en,en,0.7525943517684937
2412207,201922,"[Verse 1]
They ask me all these questions
Give me these lectures
It's getting old
So many suggestions
On my direction
Where I should go

[Pre-Chorus]
They say ""Hey little girl in this world you will learn when you're older
Don't rush how you feel cause you know when it's real in time""
I don't mean to be rude but I know that we don't live forever
So I'm gonna go with my heart cause a heart don't lie

[Chorus]
They say I'm young
But I'm not too young, to know what love is, to know what love is
They say I'm young
But I'm not too young, to know what love is, to know what love is
Oh

[Verse 2]
They tell me I don't listen
Got all the answers
Miss know it all (miss know it all)
Please quit with your predictions
On my decisions
I'll make my own

[Pre-Chorus]
They say ""Hey little girl in this world you will learn when you're older
Don't rush how you feel cause you'll know when it's real in time""
I don't mean to be rude
But I know that we don't live forever
So I'm gonna go with my heart cause a heart don't lie

[Chorus]
They say I'm young
But I'm not too young, to know what love is, to know what love is
They say I'm young
But I'm not too young, to know what love is, to know what love is

[Bridge]
Not too young, not too young
I know that I'm not too young, not too young
Not too young, not too young
To know what love is
Not too young, not too young
I know that I'm not too young, not too young
Not too young, not too young
To know what love is

[Chorus]
They say I'm young
But I'm not too young, to know what love is
To know what love is
They say I'm young
But I'm not too young, to know what love is, to know what love is
They say I'm young
But I'm not too young, to know what love is, to know what love is
They say I'm young
But I'm not too young, to know what love is, to know what love is

[Outro]
Not too young, not too young
I know that I'm not too young, not too young
Not too young, not too young to know what love is
Not too young, not too young
I know that I'm not too young, not too young
Not too young, not too young to know what love is",en,en,0.9711052179336548
230318,201922,"[Intro]
Tonight, tonight, tonight, I'm walking on air
Tonight, ton-ton-tonight, ton-ton-tonight, I'm walking on air

[Verse 1]
You're giving me sweet, sweet ecstasy
Yeah, you take me to utopia
You're reading me like erotica
Boy, you make me feel exotic, yeah

[Pre-Chorus]
Just when I think I can't take anymore
We go deeper and hotter than ever before
We go higher and higher
I feel like I'm already there

[Chorus]
I'm walking on air
Tonight, I'm walking on air
I'm walking, I'm walking on air
Tonight, I'm walking on air
I'm walking on air
Tonight, I'm walking on air
I'm walking, I'm walking on air
Tonight, I'm walking on air
I'm walking on air

[Interlude]
Ton-ton-tonight, ton, to-ton

[Verse 2]
This is pure paradise
Even heaven is jealous of our love
Yes, we make angels cry
Raining down on us from up above

[Pre-Chorus]
Just when I think I can't take anymore
We go deeper and hotter than ever before
We go higher and higher
I feel like I'm already there

[Chorus]
I'm walking on air
Tonight, I'm walking on air
I'm walking, I'm walking on air
Tonight, I'm walking on air
Oh, I'm walking on air
Tonight (
Tonight
), I'm walking on air (
I'm walking
)
I'm walking, I'm walking on air (Yeah)
Tonight (Tonight), I'm walking on air (
I'm walking on air
)
I'm walking on air

[Refrain]
Tonight, tonight, tonight, I'm walking on air
Tonight, ton-ton-tonight, ton-ton-tonight, I'm walking on air

[Bridge]
Heaven is jealous of our love, ooh, yeah
Angels are crying from up above
Oh, yeah

[Chorus]
Tonight (
Tonight
), I'm walking on air (
I'm walking
; Woo!)
I'm walking, I'm walking on air
Tonight (
Tonight
; Yeah!), I'm walking on air (I'm walking on air)
I'm walking on air
Tonight (
Tonight
), I'm walking on air (
I'm walking
)
I'm walking, I'm walking on air
Tonight (
Tonight
), I'm walking on air (
I'm walking on air
; Oh-oh-oh, oh-oh-oh, oh-oh-oh-oh-oh-oh)
I'm walking on air

[Refrain]
Tonight (Hahahaha), tonight, tonight, I'm walking on air (I'm walking on air)
Tonight, ton-ton-tonight, ton-ton-tonight, I'm walking on air

[Outro]
I'm walking on air",en,en,0.842526912689209
2003591,201922,"[Intro]
So effortless

[Verse 1]
Everything feels brand new
Whenever I'm here with you
I don't wanna be nowhere else
But I guess you can already tell
It's feeling just like one love
Is pulling up both of us
No matter what seasons do
I'm always gonna roll with you

[Chorus]
'Cause we float like the river, oh
Bring sweet to the bitter, oh
If we fall then we get up, oh
We don't even try
'Cause through it all

[Hook]
It's effortless
So effortless
It's effortless
We don't even try, not at all
Not at all, so effortless, yeah

[Verse 2]
I'm gonna invest in us
I'm feeling like you're good luck
Like a, like a billion dollar trust
That's just about to open up
We're glowing like bright sunlight
'Cause happiness just abides
As long as we keep this tide
It's gonna be an easy ride

[Chorus]
'Cause we float like the river, oh
Bring sweet to the bitter, oh
If we fall then we get up, oh
We don't even try
'Cause through it all

[Hook]
It's effortless
So effortless
It's effortless
We don't even try, not at all
Not at all, not at all
So effortless

[Bridge]
No we don't work hard
'Cause we don't gotta
'Cause you and me don't get in that drama
No we don't work hard
'Cause we don't gotta
'Cause you and me don't get in that drama
No, no, no, no

[Chorus]
'Cause we float like the river, oh
Bring sweet to the bitter, oh
If we fall then we get up, oh
We don't even try
'Cause through it all

[Hook]
It's effortless
So effortless
It's effortless
We don't even try, not at all
It's effortless
So effortless
It's effortless
So effortless",en,en,0.9822971224784851
3916833,201922,"[Verse 1]
Just as I
Thought that it was time to say goodbye
I see you in the corner of my eye
Smiling like you'll never say goodbye
Can barely hold your gaze and I'm not shy
The words escape me as you pass on by
So graciously I told him of the glitter in his eye

[Pre-Chorus]
And he said, ""It's your reflection, darling""
And he said, ""It's your reflection, baby""

[Chorus]
I see the good in you
Do you see it too?
I see the good in you
Do you see it too?
What's your name or can I call you mine?
All I want is a moment of your time
'Cuz I see the good in you
Do you see it too?

[Verse 2]
Simple but I
Can't organize my thoughts
You make them fly
Feeling like I've never seen the sky
Feeling like I've never seen the sky
The colors blue and light like crystal I
Hope that you can read what's on my mind
Simple but I
Told him of the glitter in his eye

[Pre-Chorus]
Then he said, ""It's your reflection, darling""
Then he said, ""It's your reflection, babe""

[Chorus]
I see the good in you
Do you see it too?
I see the good in you
Do you see it too?
What's your name, or can I call you mine?
All I want is a moment of your time
'Cuz I see the good in you
Will you see it too?

[Bridge]
Is that your skin or mine?
Is that your heart of mine?
I won't be running out of time
I won't be running out of time
'Cuz with you I'm forever
You I'm forever, babe
'Cuz with you I'm forever
Yeah, with you I'm forever
With you I'm forever

[Chorus]
I see the good in you
Do you see it too?
I see the good in you
Do you see it too?
What's your name, or can I call you mine?
All I want is a moment of your time
'Cause I see the good in you
Do you see it too?",en,en,0.9756085276603699
2895868,201922,"[Verse 1]
Little girl, little girl, little girl
Wasn’t so bright in school
You gotta wait with me
You’re so damn good lookin’
’Cause everybody says you're cute
Baby girl, baby girl
Daddy bought you every single thing you want
Now there’s no more money
It’s not so funny when you gotta get it on your own

[Pre-Chorus]
Oh boy, oh boy
What you gonna do about it when there's
No dough, no more toys?

[Chorus]
So I did it for the fame and all of the fortune
But who you gonna blame now your life's not your own?
Yeah I did it for the fame, but didn’t they warn you?
It’s crazy, that now we know your name
‘Cause you did it, you did it for the fame
(You did it for the fame, don’t lie about it
You did it for the fame no doubt, doubt)
You did it for the fame
(You did it for the fame don’t lie about it
You did it for the fame no doubt, doubt)

[Verse 2]
Your honor, your honor
What I did really wasn’t no crime
‘Cause he said that he loved me, put no one above me
But guess who put it online
Mama said, mama said, mama said
Why you gotta take it this far?
Now it’s lights, camera, action
Hollywood’s callin’
Paparazzi at the front door

[Pre-Chorus]
Oh boy, oh boy
What you gonna do about it when there's
No dough, no more toys?

[Chorus]
So I did it for the fame and all of the fortune
But who you gonna blame now your life's not your own?
Yeah I did it for the fame, but didn’t they warn you?
It’s crazy, that now we know your name
‘Cause you did it, you did it for the fame
(You did it for the fame, don’t lie about it
You did it for the fame no doubt, doubt)
You did it for the fame
(You did it for the fame don’t lie about it
You did it for the fame no doubt, doubt)
(You did it for the fame, don’t lie about it
You did it for the fame no doubt, doubt)
You did it for the fame
(You did it for the fame don’t lie about it
You did it for the fame no doubt, doubt)

[Bridge]
Your name is up in lights, but what you famous for?
So is it paradise when they won’t leave you alone?

[Chorus]
So I did it for the fame and all of the fortune
But who you gonna blame now your life's not your own?
Yeah I did it for the fame, but didn’t they warn you?
It’s crazy, that now we know your name
‘Cause you did it, you did it for the fame
(You did it for the fame, don’t lie about it
You did it for the fame no doubt, doubt)
You did it for the fame
(You did it for the fame don’t lie about it
You did it for the fame no doubt, doubt)
(You did it for the fame, don’t lie about it
You did it for the fame no doubt, doubt)
You did it for the fame
(You did it for the fame don’t lie about it
You did it for the fame no doubt, doubt)",en,en,0.9536384344100952
3770133,201922,"[Verse 1]
I remember when I would just pretend that
That I knew true love, oh how wrong I was
Oh, no one told me what it really means
That there'd be joy and pain
The tears will wash away sometime

[Pre-Chorus]
You may be somewhere that you don't belong
Nowhere to turn but you gotta be strong
We gotta be strong
Loving is patient and loving is kind (kind)
If you don't feel it then don't compromise (don't compromise)

[Chorus]
Maybe it's a small world?
You are not alone
So don't think you're alone
Maybe it's a small world?
You are not alone
So what you waiting on?

[Post-Chorus]
Because we never give up
We never give up on love
Never give up
We never give up on love
Never give up
We never give up on love

[Verse 2]
It's out of this world just how love returns
If you give it honestly from your heart
In this purest form is how it's meant to be
So don't let anyone grab and run

[Pre-Chorus]
You may be somewhere that you don't belong
Nowhere to turn but you gotta be strong
We gotta be strong
Loving is patient and loving is kind (kind)
If you don't feel it then don't compromise
(Don't compromise, don't compromise)

[Chorus]
Maybe it's a small world?
You are not alone
So don't think you're alone (Don't think you're alone)
Maybe it's a small world?
You are not alone (You are not alone)
So what you waiting on?

[Post-Chorus]
Because we never give up
We never give up on love
Never give up
We never give up on love
Never give up
We never give up on love

[Bridge]
Maybe it's a small world?
You are not alone
So don't think you're alone
Maybe it's a small world?
But you are not alone
So what you waiting on?

[Chorus]
Maybe it's a small world?
You are not alone (you are not alone)
So don't think you're alone
Maybe it's a small world?
You are not alone
So what you waiting on?

[Post-Chorus]
Because we never give up
We never give up on love
Never give up
We never give up on love
Never give up
We never give up on love
'Cause we never give up
We never give up on love
Never give up
We never give up on love
Never give up
We never give up on love

[Outro]
Maybe it's a small world?",en,en,0.9419652819633484
2054438,201922,"[Verse 1]
I've done, everything we've talked about
I tried, they don't wanna give it up (give it up)
I thought, you really got it right this time
So wrong, they don't wanna give it up (give it up)
It almost felt alive again, now this struggle long and vain
Made up, made up
You made it up
I believed in every lie 'bout a love that never dies
Made up, made up
You made it up

[Chorus]
Cuts are getting deeper
You really fucked me up this time
I just can't stop bleeding
Baby I am scarred for life

[Verse 2]
Was it worth it, did it do you any good
Was she worth it, did she do you good
Every night I had to wait, telling me you're working late
Made up, made up
You made it up
I remember what you said and it echoes in my head
Made up, made up
You made it up

[Chorus]
Cuts are getting deeper
You really fucked me up this time
I just can't stop bleeding
Baby I am scarred for life

[Bridge]
I will never try again can't survive another end
Give up, give up
I give it up
We'll build us up a hundred times
You really told me down tonight
(Break up, break up)
I'm breaking up

[Chorus]
Cuts are getting deeper
You really fucked me up this time
I just can't stop bleeding
Baby I am scarred for life
Cuts are getting deeper
You really fucked me up this time
I just can't stop bleeding
Baby I am scarred for life
Baby I am scarred for life",en,en,0.9915600419044495
3429873,201922,"[Verse 1]
You've got the looks, you got the beauty inside
You got the looks
There's no one can lie
The way you move you do it with ease
And I must admit you making me feel
Give me love
And don't go oh
Give me love (Oh oh)

[Pre-Chorus]
Could you be my ""Manboy"" could you be my man
All I really want is
You to show me how to love
The moment that your eyes are looking back at me
I'm losing self control
Could you be my ""Manboy""
Could you be my man
Could you be my man

[Chorus]
I bet you know how often I found you
You're always around though you're not here
I feel imprisoned you're always around

[VERSE 2]
Give me love (oh oh)
And don't go (oh oh)
Give me love
Would you be my ""Manboy""
Could you be my man
All I really want is you to show me how to love
The moment that your eyes are looking back at me
I'm losing self control
Could you be my ""Manboy""
Could you be my man
Be my man

[Bridge]
Could you be my man
(Oh oh)
The moment that your eyes are looking back at me
I lose self control
Could you be my ""Manboy"" (could you be my ""Manboy"")

[OUTRO]
Could you be my man (could you be my man) (oh baby) could you be my man (could you be my man)",en,en,0.953623354434967
2891022,201922,"[Verse 1]
What you thinking about?
What you thinking about?
What you thinking about?
'Cause I'm sure I'm thinking the same thing
There's no way around it, it's bringing me down
It's proving my doubts and I don't see anything changing
Tell me I'm wrong, say that we're strong
And lie to yourself, and pretend everything is okay
But the words I never hear make it so clear
We both know we're not gonna make, not gonna make it

[Chorus]
If it's over, over
Well baby, you've been nice to know
It's really time we let this go
'Cause if it's over, over
We're just wasting time
We're just wasting time
If it's over, over
I should really set you free
Here's not where you're supposed to be
'Cause if it's over, over
We're just wasting time
We're just wasting time

[Verse 2]
'Cause when I look at that clock
The time never stops, so I'm just here thinking
Maybe we're about to run out
I don't know what I've done wrong
The flame is long gone, hard to go on
It fills me with misery and doubt
We try to pretend that this ain't the end
Making believe ain't gonna make it go away
But the words you never stay in my brain
Got me feeling like we're not gonna make it, not gonna make it
We both know we're not gonna make it
Oh, maybe we're not gonna make it

[Chorus]
If it's over, over
Oh, baby you've been listening
It's really time we let this go
'Cause if it's over, over
We're just wasting time (time)
We're just wasting time (time)
If it's over, over
I should really set you free
Here's not where you're supposed to be
'Cause if it's over, over
We're just wasting time
We're just wasting time

[Bridge]
The time that could be spent loving someone new
Time that could be spent getting over you
Time is going by at the speed of light
But I'm not gonna cry for this goodbye

[Chorus]
If it's over, over
Oh, baby you've been listening
It's really time we let this go
'Cause if it's over, over
We're just wasting time (time)
We're just wasting time (time)
If it's over, over
I should really set you free
Here's not where you're supposed to be
'Cause if it's over, over
We're just wasting time
We're just wasting time
Over, over
We're just wasting time
We're just wasting time",en,en,0.9768502712249756
2895863,201922,"[Verse 1]
Settle down, hear me now
Every time we're up then we drop down low
I run my mouth, you say I never ever seem to keep that closed
You tell me no, I tell you yes
Why you think that mama always knows best?
Tell me now how you think we ever gonna get that close

[Pre-Chorus]
My life, my life, my life and your life, your life, your life
They don't combine, combine, combine
Let's just save tomorrow

[Chorus]
Since this love ain't good enough, I'm homeward bound
And it hurt so much that I, I'm homeward bound
Either way we'll walk away, maybe one day we'll talk again
But for now, no matter how, I can't pretend
(So I go)
Since this love ain't good enough
I'm homeward bound
And it hurt so much that I, am homeward bound
Either way we'll walk away
Maybe one day we'll talk again
But for now, no matter how, I can't pretend
(So I go home)

[Verse 2]
So tell me when it began
Crumbling up like him no more
My daddy did more than he should now
What's that about?
I trusted you, gave you everything
He's been there more than you've ever been
Maybe it's time that we need to give 'cause

[Pre-Chorus]
My life, my life, my life and your life, your life, your life
They don't combine, combine, combine
Let's just save tomorrow

[Chorus]
Since this love ain't good enough, I'm homeward bound
And it hurt so much that I, I'm homeward bound
Either way we'll walk away, maybe one day we'll talk again
But for now, no matter how, I can't pretend
(So I go)
Since this love ain't good enough
I'm homeward bound
And it hurt so much that I, am homeward bound
Either way we'll walk away
Maybe one day we'll talk again
But for now, no matter how, I can't pretend
(So I go home)

[Bridge]
We will fall apart
Told you heart to heart, right back from the start
(So I go home)
Yeah, see we fell apart
Told you heart to heart, right back from the start
(So I go home)
I trusted you, gave you everything
He's been there more than you've ever been
Maybe it's time that you need to give 'cause

[Chorus]
Since this love ain't good enough, I'm homeward bound
And it hurt so much that I, I'm homeward bound
Either way we'll walk away, maybe one day we'll talk again
But for now, no matter how, I can't pretend
(So I go)
Since this love ain't good enough
I'm homeward bound
And it hurt so much that I, am homeward bound
Either way we'll walk away
Maybe one day we'll talk again
But for now, no matter how, I can't pretend
(So I go home)",en,en,0.9442204833030701
2895873,201922,"[Verse 1]
Could we forget about the time
’Cause now it’s moving so fast
And I feel lost but I don’t know why

I don’t know who I’ve become
But I want to find out
Get out of dark and see the light

[Pre-Chorus]
Searching for
Some things
Are not what they seem to be
I’m tired of darkness
I’m tired of darkness

[Chorus]
Hear me out
I’ve danced before you here
So won’t you
Hear me now

’Cause I cry
I cry
Make me hope
’Cause I am torn to pieces
Could you make me hope?

’Cause I cry
I cry

[Verse 2]
Lost in a world that I don’t know
So afraid of what’s unknown
Can only be
But I’m holding on

Hoping for better times to come
Although I’m feeling so numb
I guess I need you to save my life

[Pre-Chorus]
Searching for
Some things
Are not what they seem to be
I’m tired of darkness
I’m tired of darkness

[Chorus]
Hear me out
I’ve danced before you here
So won’t you
Hear me now

’Cause I cry
I cry
Make me hope
’Cause I am torn to pieces
Could you make me hope?

’Cause I cry
I cry
Oh-oh  I cry
Oh-oh  I cry
Oh

[Verse 3]
All this beauty
I can’t see
I see no color
My eyes stay covered
For me

[Chorus]
Hear me out
I’ve danced before you here
So won’t you
Hear me now

’Cause I cry
I cry
Make me hope
’Cause I am torn to pieces
Could you make me hope?

’Cause I cry
I cry

Hear me out
I’ve danced before you
I’ve danced before you here
So won’t you
Hear me now

Because I cry
I cry",en,en,0.9713606238365173
4513446,201922,"[Intro: Mr Eazi]
Zagadat
It's your boy, Eazi

[Verse 1: Sabina Ddumba]
Never been the type to fall in love blind
Boy, you really blow my mind
Yeah, you really blow my mind
Do it everyday, love me every night
Baby, you another kind
Yeah, you really blow my mind

[Pre-Chorus: Sabina Ddumba]
Never have I felt this way for another
Someone to from another
Such a rush, boy, you taking all my time

[Chorus: Sabina Ddumba]
Baby, it blows my mind
The way you do what you do
Almost too good to be true
My God, I'm so into you
Baby, it blows my mind
So much, I got no words to say
You got that special thing about you
That blows me away, away

[Verse 2: Sabina Ddumba]
Your hands around my waist
The way you make my body shake
While the birds moving in time
Looking into each others eyes
Then you go step by step
Taking away my breath
This is more than just a sign
Boy, you really blow my mind

[Pre-Chorus: Sabina Ddumba]
Never have I felt this way for another
Someone to from another
Such a rush, but you're taking all my time
I know that this is not an illusion
With you, I see my future
Can't be wrong, baby, if it feels this right

[Chorus: Sabina Ddumba]
Baby, it blows my mind
The way you do what you do
Almost too good to be true
My God, I'm so into you
Baby, it blows my mind
So much, I got no words to say
You got that special thing about you
That blows me away, away

[Post-Chorus: Sabina Ddumba]
(Away away, away away, away away, away)
You blow my mind
(Away away, away away, away away, away)
You got that special thing about you that blows me away

[Verse 3 Mr Eazi]
Hey girl, your love, nah, can't stand
Me no want one time, me want forever (Zagadat)
Hey girl, your vast, Medula
My heart freeze one time
So fast, Medusa (Listen)
My friends say it's a lie
That's a one lie for you could love me
They say I'm out of my mind
To believe everything that you got
Baby, make a tell you one more time (Away, away)
If you only here to bust my mind (Away, away)
Baby, make a tell you one last time (Away, away)
Sick of you having bust my night, bust my night (Away)

[Chorus: Sabina Ddumba & Mr Eazi]
Baby, it blows my mind
The way you do what you do
Almost too good to be true
My God, I'm so into you
Baby, it blows my mind
So much, I got no words to say
You got that special thing about you
That blows me away, away (Let's go, away, away)
Baby, it blows my mind
The way you do what you do
Almost too good to be true
My God, I'm so into you (Baby)
Baby, it blows my mind (Blows my mind)
So much, I got no words to say
You got that special thing about you
That blows me away, away (Blows ya)

[Post-Chorus: Sabina Ddumba & Mr Eazi]
(Away away, away away, away away, away)
You blow my mind (Blow my mind, yeah)
(Away away, away away, away away, away)
You got that special thing about you that blows me away
Zagadat

[Outro: Sabina Ddumba]
Never been the type to fall in love blind
Boy, you really blow my mind
Yeah, you really blow my mind",en,en,0.9199205040931702
2895865,201922,"[Verse 1]
This time, face the music
Let's put the walls and all our guards up
We can't afford to lose it
There's way too much at stake to crush this kingdom

[Pre-Chorus]
I'll face this battlefield for you
I'll face this battlefield
We're young but we hold the crown, your crown won't fall down

[Chorus]
Your love is royal, royal now
So I've been loyal, loyal now
Treat me like a queen, I will treat you like a king
If you treat me like a queen, I will treat you like a king now
Royal, royal now
So I've been loyal, loyal now yeah
Oh eh oh, oh eh oh ah
Oh eh oh, oh eh oh ah

[Verse 2]
I'll treasure you like a diamond
Just honour and protect my heart now
And no matter what we go through
We're back to back until the empire falls down

[Pre-Chorus]
I'll face this battlefield for you
I'll face this battlefield
We're young but we hold the crown, your crown won't fall down

[Chorus]
Your love is royal, royal now
So I've been loyal, loyal now
Treat me like a queen, I will treat you like a king
If you treat me like a queen, I will treat you like a king now
Royal, royal now
So I've been loyal, loyal now yeah
Oh eh oh, oh eh oh ah
Oh eh oh, oh eh oh ah

[Bridge]
I'm everything, I'm everything, I'm everything you've got
You're everything, you're everything, you're everything I'm not
I'm everything, I'm everything, I'm everything you've got
You're everything, you're everything

[Chorus]
Your love is royal, royal now
So I've been loyal, loyal now
Treat me like a queen, I will treat you like a king
If you treat me like a queen, I will treat you like a king now
Royal, royal now
So I've been loyal, loyal now yeah
Oh eh oh, oh eh oh ah
Oh eh oh, oh eh oh ah
Oh eh oh, oh eh oh ah
Oh eh oh, oh eh oh ah",en,en,0.9347655773162842
2468938,201922,"[Verse 1]
Have to be in track, I run
No more chasing shadows
And they can't bring me down

[Pre-Chorus]
In the dead of night
I'm gonna be alright

[Chorus]
Carry on
That's how we follow
Carry on
Despite that sorrow
You said you believe in yourself
Our time is far gone
I will own tomorrow

[Verse 2]
No, there's no other way I'll go
I'm a dreamer, I just let it go
They can't talk me down

[Pre-Chorus]
In the dead of night
I'm gonna be alright

[Chorus]
Carry on
That's how we follow
Carry on
Despite that sorrow
You said you believe in yourself
Our time is far gone
I will own tomorrow

[Instrumental bridge]

[Bridge]
Carry on
That's how we follow
Carry on
Despite that sorrow
You said you believe in yourself
Our time is far gone
I will own tomorrow

[Chorus]
Carry on
That's how we follow
Carry on
Despite that sorrow
You said you believe in yourself
Our time is far gone
I will own tomorrow",en,en,0.8487517237663269
3259877,201922,"[Verse 1]
Time's so slow, feels infinite
It's been my world, need you in it
Won't hide it, just let it show
I'm not gonna lie with you, there's no limit
Oh, you know how you bring it
So now come reap what you've sown

[Pre-Chorus]
'Cause we can be all night, all day
We can be it all life, always
Only live it once so don't wait
Now you can be my one way, one light
Got me feeling so high, so right
We can be right here, right now

[Chorus]
If you want what I want with you, yeah
Let it loose and let me through
You ain't got nothing to prove
I'll stay if you want me to
If you want what I want with you

[Verse 2]
Oh, your light makes me wanna
Stay in that night like we're gonna
Start up a fire, let it burn
When I'm with you, my heartbeat can't be faking
Incredible's what we're making
The world ain't nothing, you know

[Pre-Chorus]
'Cause we can be all night, all day
We can be it all life, always
Only live it once so don't wait
Now you can be my one way, one light
Got me feeling so high, so right
We can be right here, right now

[Chorus]
If you want what I want with you, yeah
Let it loose and let me through
You ain't got nothing to prove
I'll stay if you want me to
If you want what I want with you

[Bridge]
No more time for hesitating
I want you and you want me too
Admit it, please tell me it's true
White [?] in my arms
You and I are resonating
So I don't wanna wait no more
I don't wanna wait no more

[Chorus]
If you want what I want with you, yeah
Let it loose and let me through
You ain't got nothing to prove
I'll stay if you want me to
If you want what I want with you
If you want what I want with you, yeah
Let it loose and let me through
You ain't got nothing to prove
I'll stay if you want me to
If you want what I want with you",en,en,0.9495339393615723
3305519,201922,"They ask me all these questions
Give me these lectures
It's getting old
So many suggestions
On my direction
Where I should go

They say ""Hey little girl in this world you will learn when you're older
Don't rush how you feel cause you know when it's real in time""
I don't mean to be rude but I know that we don't live forever
So I'm gonna go with my heart cause a heart don't lie

They say I'm young
But I'm not too young, to know what love is, to know what love is
They say I'm young
But I'm not too young, to know what love is, to know what love is
Oh

They tell me I don't listen
Got all the answers
Miss know it all (miss know it all)
Please quit with your predictions
On my decisions
I'll make my own

They say ""Hey little girl in this world you will learn when you're older
Don't rush how you feel cause you'll know when it's real in time""
I don't mean to be rude
But I know that we don't live forever
So I'm gonna go with my heart cause a heart don't lie

They say I'm young
But I'm not too young, to know what love is, to know what love is
They say I'm young
But I'm not too young, to know what love is, to know what love is

Not too young, not too young
I know that I'm not too young, not too young
Not too young, not too young
To know what love is
Not too young, not too young
I know that I'm not too young, not too young
Not too young, not too young
To know what love is

They say I'm young
But I'm not too young, to know what love is
To know what love is
They say I'm young
But I'm not too young, to know what love is, to know what love is
They say I'm young
But I'm not too young, to know what love is, to know what love is
They say I'm young
But I'm not too young, to know what love is, to know what love is

Not too young, not too young
I know that I'm not too young, not too young
Not too young, not too young to know what love is
Not too young, not too young
I know that I'm not too young, not too young
Not too young, not too young to know what love is",en,en,0.9746637344360352
3429872,201922,"[Verse 1]
Come on in, I got second thoughts
This evening, let's talk about us

[Pre-Chorus]
Lights are low
Tension's gone
I think it's time
To let it go

[Chorus]
Let me in, 'cause I'm feeling lost
I'm tired of lying, I know it won't work for us

[Pre-Hook]
Lights are low
Tension's gone
I think it's time
To let you go

[Verse 2]
It's been hurting all the way with you, Joanna
I've been through all this before
I just can't take this no more
It's been hurting all the way with you, Joanna
Know we've done what we do best
It takes two to make a mess
Two of us...

[Verse 3]
I know we're supposed to solve this problem, right?
But tell me what's the point of doing it over ????

[Hook]
Lights are low
Tension's gone
I think it's time
To let us go

[Bridge]
It's been hurting all the way with you, Joanna
I've been through all this before
I just can't take this no more
It's been hurting all the way with you, Joanna
Know we've done what we do best
It takes two to make a mess
It's been hurting all the way with you, Joanna
I've been through all this before
I can't take it no more
(It's been hurting all the way with you, Joanna)
Two of us...",en,en,0.9819722771644592
4256462,201922,"[Verse 1: Lukas Graham & Sabina Ddumba]
There are days
I wake up and I pinch myself
You're with me, not someone else
And I’m scared, yeah, I'm still scared
That it's all a dream

[Pre-Chorus: Lukas Graham & Sabina Ddumba]
’Cause you still look perfect as days go by
Even the worst ones, you make me smile
I'd stop the world if it gave us time

[Chorus: Lukas Graham & Sabina Ddumba]
'Cause when you love someone
You open up your heart
When you love someone
You make room
If you love someone
And you're not afraid to lose 'em
You probably never loved someone like I do
You probably never loved someone like I do

[Verse 2: Sabina Ddumba, Lukas Graham & Both]
When you say
You love the way I make you feel
Everything becomes so real (Ooh)
Don't be scared, no, don't be scared (No, no, no, no)
'Cause you’re all I need

[Pre-Chorus: Lukas Graham & Sabina Ddumba]
And you still look perfect as days go by
Even the worst ones, you make me smile
I’d stop the world if it gave us time

[Chorus: Lukas Graham & Sabina Ddumba]
'Cause when you love someone (Love someone)
You open up your heart
When you love someone
You make room
If you love someone
And you’re not afraid to lose 'em
You probably never loved someone like I do
You probably never loved someone like I do

[Bridge: Lukas Graham, Sabina Ddumba & Both]
All my life (All my life)
I thought it'd be hard to find
The one, 'til I found you (’Til I found you)
And I find it bittersweet
'Cause you gave me something to lose

[Chorus: Lukas Graham, Sabina Ddumba & Both]
But when you love someone (When you love someone)
You open up your heart
When you love someone
You make room
If you love someone (If you love)
And you're not afraid to lose 'em
You probably never loved someone like I do (Someone like I do)
You probably never loved someone like I do
You probably never loved someone like I do",en,en,0.9410514831542969
3259876,201922,"[Verse 1]
I didn't know the meaning of the world until I found you
I grew up in the ghetto where the children didn't play
A warm heart in a cold world
Where women skip being girls
But there's a happy ending for true, true

[Pre-Chorus]
All we got is street lights shining in the one bedroom
Tomorrow doesn't matter baby 'cause your love is food

[Chorus]
'Til kingdom come, I'm gonna love you 'til my heartbeat done, yeah
'Til every river to the sea stop reun
As long as you love me
Put nobody above me
'Til kingdom come, come, come
'Til kingdom come, come, come, yeah

[Verse 2]
I will be the woman that you need make your life complete
We ain't got a lot but every day, give time some pray
A warm heart in a cold world
Where young boys pull the gun first
But I feel safe when I'm next to you, you

[Pre-Chorus]
All we got is street lights shining in the one bedroom
Tomorrow doesn't matter baby 'cause your love is food

[Chorus]
'Til kingdom come, I'm gonna love you 'til my heartbeat done, yeah
'Til every river to the sea stop reun
As long as you love me
Put nobody above me
'Til kingdom come, come, come
'Til kingdom come, come, come, yeah

[Bridge]
Someone to love, someone to love, someone to love
Someone to love
Someone to love, someone to love, someone to love
Me too, oh
Someone to love, someone to love, someone to love
Someone to love, oh
Someone to love, someone to love, someone to love
Me, yeah, ooh

[Chorus]
'Til kingdom come, I'm gonna love you 'til my heartbeat done, yeah
'Til every river to the sea stop reun
As long as you love me
Put nobody above me
'Til kingdom come, come, come
'Til kingdom come, come, come, yeah

[Outro]
Someone to love, someone to love, someone to love, yeah",en,en,0.890657901763916
3429874,201922,"[Verse 1]
I wear a smile, you ride the frown
Always do my best to get you upside down
When you're throwing shade, I rearrange the clouds
Got my head up but we're going south
Let me be the rose to tint your glass
Spray-paint the lawn to get a greener grass
I'll be your brightsider, 'cause all I wanna do is make you feel a little better

[Pre-Chorus]
I'll be your cheerleader, with no allowance, baby, I'll be on the bleachers
Get up, get up tonight

[Chorus]
I will be the one to show you your brightside
Get up, get up tonight
I will be the one to show you your brightside
To show you your brightside

[Verse 2]
If the nightmares come, I'll wake you up
I'll give you Lucky Charms and a sunny-side-up
When your streak runs out, I'll win you more
I'll be your four-leaf clover and a unicorn
Let me be the rose to tint your glass
Spray-paint the lawn to get a greener grass
I'll be your brightsider, 'cause all I wanna do is make you feel a little better
I'll be your cheerleader, with no allowance, baby, I'll be on the bleachers
Get up, get up tonight
I will be the one to show you your brightside
Get up, get up tonight
I will be the one to show you your brightside
To show you your brightside

[Chorus In Swedish] (Nimo and Naaak)
[?]

[Outro] (Nimo and Sabina Ddumba)
Get up, get up tonight
I will be the one to show you your brightside
Get up, get up tonight
I will be the one to show you your brightside
To show you your brightside",en,en,0.9422222971916199
4787251,201922,"[Verse 1: Sabina Ddumba]
What's on your mind?
I can see that you're thinking right now
What's deep inside, ah
If you wanna, tell me what's wrong
I feel there's a distant right now
Oceans apart, now
I don't wanna

[Pre-Chorus: Sabina Ddumba]
I think you know
I think you really know
It ain't no rocket-science what I need from ya'
I think you know
I think you really know
There is a time for silence, now's the time for talk

[Chorus: Sabina Ddumba]
Let's have a little conversation
Mm, conversation
Just a little conversation
'Cause I can read your mind
Oh I need a conversation
Mm, conversation
Just a little conversation
Before I lose my mind

[Verse 2: Sabina Ddumba]
Is it so hard?
To unlock the chains to your heart
Not the one to judge, no I'm not gonna
Why don't you try?
There's so many levels to climb
Not here to preach, no
If you wanna

[Pre-Chorus: Sabina Ddumba]
I think you know
I think you really know
It ain't no rocket-science what I need from ya'
I think you know
I think you really know
There is a time for silence, now's the time for talk

[Chorus: Sabina Ddumba]
Let's have a little conversation
Mm, conversation
Just a little conversation
'Cause I can read your mind
Oh I need a conversation
Mm, conversation
Just a little conversation
Before I lose my mind

[Bridge: Sabina Ddumba]
'Cause I can read your mind
I'm about to lose my mind
'Cause I can read your mind
I'm about to lose my mind

[Verse 3: Kojo Funds]
Tell me what's on your mind, baby just take your time
Let's have a conversation, I know you're vintage life unwind
I know this could be for life, the feeling it feel so right
I'mma be right outside, I'm waiting for you to be by my side
Just call up, I'm waiting for you baby just to roll up
Let's drink away I don't wanna be sober
When you're on my mind you know I will stay focused
Never bogus

[Chorus: Sabina Ddumba]
Let's have a little conversation
Mm, conversation
Just a little conversation
'Cause I can read your mind
Oh I need a conversation
Mm, conversation
Just a little conversation
Before I lose my mind

[Bridge: Sabina Ddumba]
'Cause I can read your mind
I'm about to lose my mind
'Cause I can read your mind
I'm about to lose my mind
I'm losing my mind
My mind, my mind, my mind",en,en,0.894343376159668
5004564,201922,"[Chorus]
Me and my crew make due with the little we've got
Split pies, put it all in one pot
Good times, pour it up in one shot
Young, lost and forgotten ones

[Verse 1]
I ain't coming with the cash and the flash
Like the ones that you see on TV
And honestly the only thing I ever had
Are the ones that you see with me (See with me)
We made it through the trends and the fads
We go back like the ODB
It was just us making our moves
Stock town streets

[Pre-Chorus]
So I never dressed for where I was
Dressed for where I was tryna be
Started so deep down in the mud
You know we all just tryna eat
Couldn't nobody hold me back
At first it was only just a dream
That could never ever be done
Without my team
That's why now

[Chorus]
Me and my crew make due with the little we've got
Split pies, put it all in one pot
Good times, pour it up in one shot
Young, lost and forgotten ones
Me and my crew make due with the little we've got
Split pies, put it all in one pot
Good times, pour it up in one shot
Young, lost and forgotten ones

[Verse 2]
Melanin, little ink on our skin
Nobody even knew it was there (Knew it was there)
Only thinking 'bout the places we could go
Little young, broke millionaires
It wasn't easy like the elevator broke
And we all had to take the stairs
Making new rules, me and my dogs
Me and my crew

[Pre-Chorus]
So I never dressed for where I was
Dressed for where I was tryna be
Started so deep down in the mud
You know we all just tryna eat
Couldn't nobody hold me back
At first it was only just a dream (Just a dream)
That could never ever be done
Without my team
That's why now

[Chorus]
Me and my crew make due with the little we've got
Split pies, put it all in one pot
Good times, pour it up in one shot
Young, lost and forgotten ones
Me and my crew make due with the little we've got
Split pies, put it all in one pot
Good times, pour it up in one shot
Young, lost and forgotten ones",en,en,0.9899563789367676
6464436,201922,"[Intro]
Damn good woman, damn, damn good woman (Uh huh, uh huh)

[Verse 1]
No (?), I mean it
No, I didn't take no shortcuts, I took the long way
Didn’t always go the right way, but it was my way
Can't nobody tell me nothing now
Nothing now

[Pre-Chorus]
Had I known hard times were making me stronger
I could've done it much longer
Laughed at the pain and the hunger, I know
Pressure was shaping the brightness
In me so I can be shining
Worth every minute of fighting

[Chorus]
I’m thankful for the bad times (Bad times)
They made a damn good woman
Thankful for the tears cried (Tears cried)
They made a damn good woman

Oh, I ain't afraid of moving or falling down
'Cause I know just how to build it up from the ground
Thankful for the bad times (Bad times)
They made a damn good woman

[Verse 2]
Kept my head up, I stayed walking
Feeling sorry for myself, never an option
But oh, I made it to the high road, from the bottom
But can't nobody tell me nothing now, nothing now

[Pre-Chorus]
Had I known hard times were making me stronger
I could've done it much longer
Laughed at the pain and the hunger, I know
Pressure was shaping the brightness
In me so I can be shining
Worth every minute of fighting

[Chorus]
I'm thankful for the bad times (Bad times)
They made a damn good woman (Woman, yeah yeah)
I'm thankful for the tears cried (Tears cried)
They made a damn good woman (Damn good woman)

Oh, I ain't afraid of moving or falling down (Down)
’Cause I know just how to build it up from the ground
Thankful for the bad times (Bad times)
They made a damn good woman

[Bridge]
Damn good woman, damn, damn good woman
(Damn good woman, yeah a damn good woman, yeah)
Damn good woman, damn, damn good woman
(Ooh yeah, damn good woman)

I’m thankful for the bad times
They made a damn good woman (Yeah)
I'm thankful for the tears cried
They made a damn good woman, woman (Yeah)

Damn good woman, damn, damn good woman (Yeah)
(You’re a damn good woman, yeah, damn good woman, yeah)
Damn good woman, damn, damn good woman
(Yeah yeah, yeah yeah)

[Outro]
Oh, woman, yeah
Woman, woman
Woman, woman, woman, yeah yeah
Woman, woman, yeah yeah
Woman
Woman, woman
Woman, woman, woman
Woman, woman",en,en,0.9896432161331177
3259878,201922,"[Intro]
Are you really ready?
Are you really ready?
Are you really ready?
Are you coming down?
Are you really ready?
Are you really ready?
Are you really ready?
Are you good now?

[Verse 1]
I always go for the simple life
With no drama, ah
Not for love, I'm not really ready
Don't want nobody confusing me
Independently, I'm a boss and I'm getting money
Hard, hard, soft, inside I'm so proud, oh
I can't believe this is happening
Is this heaven sent?
Am I just a good tripper maybe?
I didn't mean to come out tonight
I don't look for guys but you caught my eyes anwyay
Caught my heart inside jumping round

[Chorus]
So baby let's run away
Baby let's run away
Take me by the star lights
Do whatever feels right
Baby let's run away

[Post-Chorus]
Are you really ready?
Are you really ready?
Are you really ready?
Are you coming down?
Are you really ready?
Are you really ready?
Are you really ready?
Are you good now?

[Verse 2]
So let me know if you're feeling it
Like I'm feeling this
Is this counterfeit?
Tell me baby
Not really down for the paying type
Is it just tonight?
Better tell me now either way
This feels good, not sure it should now, yeah
I'm throwing caution up to the wind
If it's genuine, now follow me
Follow me, rain on you, rain on me now

[Chorus]
So baby let's run away
Baby let's run away
Take me by the star lights
Do whatever feels right
Baby let's run away

[Post-Chorus]
Are you really ready?
Are you really ready?
Are you really ready?
When it comes down?
Are you really ready?
Are you really ready?
Are you really ready?
Are you good now?

[Bridge]
The sunshine, moonlight, heaven and delight
Wrapped up into one now, baby baby
Wrapped up into one now, baby baby
Sunshine, moonlight, heaven and delight
Wrapped up into one now, baby baby
Wrapped up into one now, baby baby

[Chorus]
So baby let's run away
Baby let's run away
Take me by the star lights
Do whatever feels right
Baby let's run away

[Post-Chorus]
Are you really ready?
Are you really ready?
Are you really ready?
When it comes down?
Are you really ready?
Are you really ready?
Are you really ready?
Are you good now?",en,en,0.982135534286499
3942048,201922,"[Intro]
I, I, I gots to get it
I gots to get it while the get-go gettin is good
You will respect me, it's simple as that
We gonna rock, till nothin else matters
I, I, I gots to get it
I gots to get it while the get-go gettin is good
I fly high with the winds of change
Through the times they cherish, but I'm still the same

[Verse 1]
Uh, still one and the same
Still made it when the crime saw my government name
Though the terrain's been mudded with troublesome pain
On tracks, I'ma run it with train that came back like nothin has changed
Stayin in my lane, gears and clockworks the thoughts to [...]
Make somethin outta nada, squeeze water outta stone
I'm a hometown hero, a poet like Nasir Jones
In the zone, old head on young shoulders
A free agent to no fences to jump over
Fuck being stuck in a blunt coma
Still a hard-working entrepreneur like Shawn Hova
I rose up from the ashes like a phoenix bird
Zigzags to sit back to see the earth
Back to reach the world with these beats and words
Never leavin my dreams to phert, and that's word

[Chorus]
I, I, I gots to get it
I gots to get it while the get-go gettin is good
You will respect me, it's simple as that
We gonna rock, get it right
I, I, I gots to get it
I gots to get it while the get-go gettin is good
I fly high with the winds of change
Through the times they cherish, but I'm still the same

[Verse 2]
Ayo, still the same kid who fell in love with the game
But now a different team though, none of us playin
As far as the queen go, I'm no son of a saint
I'm one cool customer at the money exchange
So whatchu sayin?
I'm playin for keeps, stayin awake when I sleep every day of the week
Y'all was wastin classics, so I pray to the east
That taught me how to keep an ace up my sleeve, at the table of thieves
Before I got a two for high standin
It's a done deal if the duo's dynamic
Goddammit, let you stew the sound language
Fuck you, pay me, so do what I'm plannin
Can't stand it but it's food for your thought
The number one, so provider
I do what went hard
Light a Cuban cigar at the coast of Havanna
After all, it's a lucrative job, let off the sampler

[Chorus]
I, I, I gots to get it
I gots to get it while the get-go gettin is good
You will respect me, it's simple as that
We gonna rock, till nothin else matters
I, I, I gots to get it
I gots to get it while the get-go gettin is good
I fly high with the winds of change
Through the times they cherish, but I'm still the same

[Verse 2: Sabina Ddumba]
Still, of course I'm real
It's the S, double D, got them scorchin skills
Young, black, if they never lost the thrill
Ready or not, Lauren Hill
Pause and chill
Nah, I bust the grammar
Goin worldwide, yo, what's up Uganda
Straight out the sampler, I'm kealin, this looks
I gots to get it payed off the books

[Chorus]
I, I, I gots to get it
I gots to get it while the get-go gettin is good
You will respect me, it's simple as that
We gonna rock, till nothin else matters
I, I, I gots to get it
I gots to get it while the get-go gettin is good
I fly high with the winds of change
Through the times they cherish, but I'm still the same",en,en,0.8952050805091858
720556,201922,"Kristin Amparo:

Why always

Why is it always like this oh-oh

You split my vision in two

Don’t exactly know how you do it, but thats what you do

If i choose you,  i choose you over me and now is not the time

You’ll see let’s stop and reverse



D-Luzion:

Your body all over my body

You’re just the dyke to kick it with me, know i’m bout it

Big belly booty brings so naughty

I know you like it even if you won’t acknowledge

The fact that I can make you eat it like a cannibal

Raw like we’re animals fuck it I will have it all

Make it rain, make it pour let’s go disappear and go

Far away from all the stress leave the world behind and yes

Interact on different levels, separate the sex from lust

'cause all we really need is trust, and all we really do is Ah!

'cause hey, your the one, my only favorite

And maybe we should put it down on papers



Feliciana:

When he puts his hands on me I can feel him right through my soul

Just to know that he prays for me, makes me wish he never let’s me go

Forever, Forever ain’t long enough



Sabina Ddumba:

You’re sensitive touch all over my body

Kissin' on my neck your hands around my waist

I wanna feel safe, tell me that you love me

'cause you know I love you, please don’t leave me babe

I’m sorry for the things I did, it didn’t mean a thing

I promise you I regret everything but I admit it was true

Please forgive, let’s forget, start all over let’s re-set



Shedney Ruffin’:

I’m hooked up, hooked up

‘cause that is what you cooked up

Dirty mama anything my sanity it took ya (?)

Tryna catch my breath while you stretch it out for max

It’s like a drug I’m-a yeah doper man attack, hey

See that’s my crap man I don’t know how to act

Got me to break my back, gymnastics to the max-tes

Love is a fact, feels like my body I don’t own

Now Im out here in the purgatory got that in the danger zone

Danger zone, danger zone



Mc Melodee:

I wanna be your chick, I wanna be down for you

Never be square but a round for you

Like gay-gay Im bound to you

I see you pop that thing for the club

How many dips, how many preps, how many licks

Does it take 'til you get to the center of attention

Niggas own thang, she ain’t even gonna mention, goin back to the mansion with me

Down ass bitch you get down for whatever, cream of the props see you down for the cheddar

I see you poppin pills like you tryna get better

She said: all i wanna do is pop happy pills, ‘cause i don’t really fuckin’ know what happy feels

And pregnant Tri still eat happy meals, you make me feel like the shittest, so for real:

""Girl i know how much you really want somebody, want somebody that don’t really need you""

Love? no, i prefer vodka take your clothes off take your dance for the doctor

Girl on girl so i can’t get you knocked up, inhale let the weed get you fucked up yeah

Inhale exhale let the weed get you fucked up yeah (i said)



Feliciana:

When he puts his hands on me I can feel him right through my soul

Just to know that he prays for me makes me wish he never let’s me go

Forever, Forever ain’t long enough",en,en,0.9717254042625427
6701829,201922,"[Intro]
Got my chick rollin' swishers
Hennessy in my red cup
Baby, we keep shining (Ooh-ooh-ah)
I don't give a fuck

[Verse 1]
I've been holding my breath for you
Now I'm dying for a sweet little breakthrough
Still the more I push, the less I move
And you got me, got me thinking
It ain't over 'til it's over baby
So, I keep going 'cause I know love matters
Wouldn't have it any other way
And you got me thinking
Is there a method to my madness?
A method to truth?
Shifting through the ashes
Looking for the truth
We are here on borrowed time
Sue me if I have some fun!

[Chorus]
Got my chick rollin' swishers (Ooh-ooh-ah)
And we here, rollin', Hennessy in my red cup (Ooh-ooh-ah)
I'ma buy him diamonds, I don't give a fuck
Baby, we keep shining, trying up my luck
So you know that I
Got my chick rollin' swishers (Ooh-ooh-ah)

[Verse 2]
I'll buy a ticket, we can leave today
They can't stop us when we ride together
Leave them troubles in the yesterday
You got me thinking
Is there a method to my madness?
Method to truth?
Sifting through the ashes
Looking for the truth
We're all here on borrowed time
Sue me if I have some fun

[Chorus]
Got my chick rollin' swishers (Ooh-ooh-ah)
And we here, rollin', Hennessy in my red cup (Ooh-ooh-ah)
I'ma buy him diamonds, I don't give a fuck
Baby, we keep shining, trying up my luck
So you know that I
Got my chick rollin' swishers (Ooh-ooh-ah)

[Bridge]
If you're on my wave tonight
Put your hands up in the sky
And wave them, side to side
If you're on my wave tonight
Put your hands up in the sky
Wave them side to side

[Chorus]
Got my chick rollin' swishers (Ooh-ooh-ah)
And we here, rollin', Hennessy in my red cup (Ooh-ooh-ah)
I'ma buy him diamonds, I don't give a fuck
Baby, we keep shining, trying up my luck
So you know that I
Got my chick rollin' swishers (Ooh-ooh-ah)",en,en,0.97335284948349
5237914,201922,"Pick sides, no
Pick sides, no

Let it go, 'cause I won't have this conversation
For the hundredth time, don't ask why
You're not gon' get me to choose, just know, baby
You're gonna lose, so don't make me, pick sides, no

I know we got somethin'
You gon' go mess it up, being all up in your feelings
Why is we arguin'?
About somethin' you've known about me ever since the beginnin'
I never lied, I never tried to be nobody
Else but myself, you tryna make me into somebody
I don't believe in
You need to take me as I am, try to understand my reasons

I wanna be who I was when we met, yeah
It's funny just how fast you can forget, yeah
That I have wanted this all of my life, how I sacrificed
Just accept it

Let it go, 'cause I won't have this conversation
For the hundredth time, don't ask why
You're not gon' get me to choose, just know, baby
You're gonna lose, so don't make me, pick sides, no

Turnin' the table
If I was you I wouldn't put you in that situation
I would be patient
Wait for me, wait, wait for me, baby
I ain't never switch up, I gave you love
I showed you myself, that should be enough
We should be makin', love, love, love, baby

I wanna be who I was when we met, yeah
It's funny just how fast you can forget, yeah
That I have wanted this all of my life, how I sacrificed
Just accept it

Let it go, 'cause I won't have this conversation
For the hundredth time, don't ask why
You're not gon' get me to choose, just know, baby
You're gonna lose, so don't make me, pick sides, no

Even when I'm gone
You know I'm comin' back to you
I won't be long, no
No matter where, I'm always here
No matter who, I'm with you
You can tell by my moves
All the things that I do
I do it all for you
I shouldn't have to prove
So let it go

'Cause I won't have this conversation
For the hundredth time, don't ask why
You're not gon' get me to choose, just know, baby
You're gonna lose, so don't make me, pick sides, no
Pick sides, no",en,en,0.9474122524261475
8293985,201922,"[Hook]:
This thing
Don’t know if it’s love or this drink
Something in between
Listen, i got you, I’ll be your best friend
If you want me to be

[Verse 1]:
Whatever you want me to be
Yeah, let me show you devotion
You've got a hold of my heart
I don’t mind, wanna grow closer
Could be love or the drugs 
Either way I feel it taking over
But it’s OK, I’m with it babe
Had one too many
Can’t get enough, can’t get enough of this
Heart feels heavy when your gone, when you're gone
Yeah

[Hook]:
This thing, don’t know if it’s love or this drink
Something in between
Listen, i got you, I’ll be your best friend
If you want me to be
This thing, don’t know if it’s love or this drink
Something in between
Listen, i got you, I’ll be your best friend
If you want me to be

[Verse 2]:
Am I the only one feeling it?
Can’t tell how real it is
I just follow your lead
Backstrokes in your love, tryina see how deep it is
Yeah all the way, I’m with it babe
Had one too many
Can’t get enough, can’t get enough of this
Heart feels heavy when your gone…

[Hook]:
This thing, don’t know if it’s love or this drink
Something in between
Listen, i got you, I’ll be your best friend
If you want me to be
This thing, don’t know if it’s love or this drink
Something in between
Listen, i got you, I’ll be your best friend
If you want me to be

[Bridge]:
Heart feels heavy when you're gone
Heart feels heavy when you're gone
When you're gone, yeah
Heart feels heavy when you're gone
Heart feels heavy when you're gone
When you're gone, yeah

[Hook]:
This thing, don’t know if it’s love or this drink
Something in between
Listen, i got you, I’ll be your best friend
If you want me to be
This thing, don’t know if it’s love or this drink
Something in between
Listen, i got you, I’ll be your best friend
If you want me to be",en,en,0.9758948683738708
6914872,201922,"One, two
One, two, three, let′s go

You hit the Motorolla phone call
In the backseat of your dad's car
There′s no dinner we can go for
Turn this and get to a rock star
Instead, all the way to the bus-stop
Drinking, smoking on the cigars
Put that body on a poster
Yeah, send it on a postcard

Baby
You look like a visit on an island
Oh, you got me hooked and I can't hide it, oh
But you love and love and love and love, I know me
Just come along with me

To the coast
Let's drive that Jaguar to the coast
Oh, coast, mhm
Go
Let′s go see how far we can go
Coast

Roller coaster
Dressed like locomotion
Let′s make it a moment
Waving up the ocean
Roller coaster
Dressed like locomotion
Let's make it a moment
And drive that Jaguar to the coast

We run like this to the coast, haa
Oh yeah yeah yeah

You my little rude boy
When I want you, just grab my waist
Control me when I say go
Get me on a ride on the seashore
Mighty wave, it wet like ocean (Ocean)
My love language is devotion
Maybe you could be the one to do so
And I′m willing to that now (To the coast)

Let's drive that Jaguar to the coast
Oh, coast
Go
Let′s go see how far we can go
Coast

Roller coaster
Dressed like locomotion
Let's make it a moment
Waving up the ocean
Roller coaster
Dressed like locomotion
Let′s make it a moment
And drive that Jaguar to the coast

You look like a visit on an island (Yeah)
Oh, you got me hooked and I can't hide it, no no no no no
But you love and love and love and love, I know me
Just come along with me

To the coast (Together)
Let's drive that Jaguar down to the coast
Oh, coast, mhm
Go
Let′s go see how far we can go
Coast

Roller coaster
Dressed like locomotion
Let′s make it a moment
Waving up the ocean
Roller coaster
Dressed like locomotion
Let's make it a moment
And drive that Jaguar to the coast",en,en,0.8950628042221069
4460215,201922,"[Verse 1]
One hundred days
You can feel it when the energy change
So you different in the summertime
Girl I know that you were always the same
You are

[Pre-Chorus]
I, I, I, I think 'bout you when I can't can't start eh
I, I, I, I think I can be little little too harsh baby
Do, you, you, you think about me cause I think you do
I can see it in your eyes I'ain't going through twice yeah

[Chorus]
I don't know what it is girl
Got me feeling like this girl
Serious but I want it
I'm curious I got to have it
You gave me so hope girl
Put down whatever this is girl
Serious but I want it
I'm curious I got to have it yeah
Eh yeah yeah yeah
Tarara tarara tarara

[Verse 2]
I got you to text me
I answered you nicely
I asked for a coffee
You answered me next week
See your love how you're talkin
You are so easy and it all comes so naturally

[Pre-Chorus]
I, I, I, I think 'bout you when I can't can't start eh
I, I, I, I think I can be little little too hursh baby
Do, you, you, you think about me cause I think you do
I can see it in your eyes I'ain't going through twice yeah

[Chorus]
I don't know what it is girl
Got me feeling like this girl
Serious but I want it
I'm curious I got to have it
You gave me so hope girl
Put down whatever this is girl
Serious but I want it
I'm curious I got to have it yeah

[Pont]
I got, got have it, curious
You got me wanting it, curious
You gonna, gonna, gonna

[Chorus]
I don't know what it is girl
Got me feeling like this girl
Serious but I want it
I'm curious I got to have it
You gave me so hope girl
Put down whatever this is girl
Serious but I want it
I'm curious I got to have it yeah

[Outro]
You got me feeling so serious
You got me wanting it, curious
You got me feeling so serious
You got me wanting it, curious",en,en,0.9536840915679932
8347497,201922,"[Verse]:
It’s on you now
Cause everytime I turn over the cards it looks like you won
And we can’t even talk no more
No, look what you’ve done
Everything you said to me
Everything it used to mean
We got nothing worth to keep
Not even the memories
All ups and downs, no in-between
And baby I’m so tired
I could deal with bittersweet, but now it’s all sour
(it's all sour...)

[Hook]:
Think you’re so special
Don’t even miss ya
Oh I thought we’d go the distance
But these days I’m so indifferent
What we had don’t mеan a thing
(Now what we had don't mean a thing, yeah)
Takе some time, let that sink in
What we had don’t mean a thing

[Verse]:
You win some, you lose some
Lately we’ve been counting losses
Thousands of restarts and now we’ve run out of options
And I’ve tried to patient
But we’re beyond saving cause
I could deal with bittersweet
But now it’s all sour

[Hook]:
Think you’re so special
Don’t even miss ya
Oh I thought we’d go the distance
But these days I’m so indifferent
What we had don’t mean a thing
(Now what we had don't mean a thing, yeah)
Take some time, let that sink in
What we had don’t mean a thing
Think you’re so special
Don’t even miss ya
Oh I thought we’d go the distance
But these days I’m so indifferent
What we had don’t mean a thing
(Now what we had don't mean a thing, yeah)
Take some time, let that sink in
What we had don’t mean a thing

[Bridge]:
Ooh, this ain't how I thought it would feel
All this empty space next to me
Maybe it just wasn't that deep (that deep)
That deep (that deep)
Ooh, we're so far from what we used to be
And it don't really matter to me
Baby, was it ever that deep? (that deep)
That deep (that deep)

[Hook]:
Think you’re so special
Don’t even miss ya
Oh I thought we’d go the distance
But these days I’m so indifferent
What we had don’t mean a thing
(Now what we had don't mean a thing, yeah)
Take some time, let that sink in
What we had don’t mean a thing
Think you’re so special
Don’t even miss ya
Oh I thought we’d go the distance
But these days I’m so indifferent
What we had don’t mean a thing
(Now what we had don't mean a thing, yeah)
Take some time, let that sink in
What we had don’t mean a thing

[Outro]:
(Now what we had don't mean a thing...)

(Don't mean a thing)",en,en,0.9842485785484314
4460221,201922,"[Paroles de Curious (Depuis qu'on se connait)]

[Couplet 1]
One hundred days
You can feel it when the energy change
So you different in the summertime
Girl I know that you were always the same
You are

[Pré-refrain]
I, I, I, I think 'bout you when I can't can't start eh
I, I, I, I think I can be little little too harsh baby
Do, you, you, you think about me cause I think you do
I can see it in your eyes I'ain't going through twice yeah

[Refrain]
Depuis qu'on se connaît
Je me sens envoûté
C'est sérieux quand je le veux
J'suis dans le jeu et je t'aurai
Tu m'as pris dans tes filets
Plus besoin d'être secret
C'est sérieux quand je le veux
J'suis dans le jeu et je t'aurai ouais
Eh yeah yeah yeah
Tarara tarara tarara

[Couplet 2]
Il n'y a pas de non-dits
Je pense qu'on s'est compris
Je voudrais te revoir
Tu me permets d'y croire
J'aime bien ces moments
C'est si facile
Et tout vient naturellement ouais

[Pré-refrain]
I, I, I, I think 'bout you when I can't can't start eh
I, I, I, I think I can be little little too hursh baby
Do, you, you, you think about me cause I think you do
I can see it in your eyes I'ain't going through twice yeah

[Refrain]
Depuis qu'on se connaît
Je me sens envoûté
C'est sérieux quand je le veux
J'suis dans le jeu et je t'aurai
Tu m'as pris dans tes filets
Plus besoin d'être secret
C'est sérieux quand je le veux
J'suis dans le jeu et je t'aurai ouais

Tarara tarara tarara

[Refrain]
Depuis qu'on se connaît
Je me sens envoûté
C'est sérieux quand je le veux
J'suis dans le jeu et je t'aurai
Tu m'as pris dans tes filets
Plus besoin d'être secret
C'est sérieux quand je le veux
J'suis dans le jeu et je t'aurai ouais

[Outro]
You got me feeling so serious
You got me wanting it, curious
You got me feeling so serious
You got me wanting it, curious",en,fr,0.9913263916969299
8171310,201922,"[Verse 1]
The world on my shoulders
I don't want this weight no more
I'm getting stronger
Guess it really hurts to grow
All that I left behind
I forget that it takes some time
Let the dust settle
So I waited, I hold on

[Pre-Chorus]
God knows you almost got to me
I was in therapy, but I will finally
Oh, I am letting myself loose
No, it's not up to you
'Cause in the end, I choose

[Chorus]
I choose to forgive you
I needed to forgive myself
It came out of resistance
But I did away from my distance
I choose to forgive you

[Verse 2]
Emancipated
You're about to see me in a different light
It's not complicated
Might be young, but it's still my life

[Pre-Chorus]
God knows you almost got to me
I was in therapy, but I will finally
Oh, I am letting myself loose
No, it's not up to you
'Cause in the end, I choose

[Chorus]
I choose to forgive you
I needed to forgive myself
It came out of resistance
But I did away from my distance (Yeah, yeah)
I choose to forgive you

[Pre-Chorus]
God knows you almost got to me
I was in therapy, but I will finally
Oh, I am letting myself loose
No, it's not up to you
'Cause in the end, I choose
God knows you almost got to me
I was in therapy, but I will finally
Oh, I am letting myself loose
No, it's not up to you
'Cause in the end, I choose

[Chorus]
I choose to forgive you
I needed to forgive myself
It came out of resistance
But I did away from my distance, yeah
I choose to forgive you

[Outro]
(Mm-mm, mm-mm)
I choose to, to lose you",en,en,0.9812095761299133
8171010,201922,"[Intro]
(One, two, three)

[Verse 1]
Baby, pack your bag
I wanna go somewhere with you
Somewhere we can relax
Where we can dive into the blue, mm-mm
I know we're feeling tired
Pick what you need and leave the rest
Let's go find some peace of mind
By letting go of our regrets
So if you're down, I'll pick you up

[Pre-Chorus]
Jump in, jump in, let's go somewhere far away
Jump in, jump in, we could use a holiday
Jump in, jump in, I know where we can go
If you just let me show

[Refrain]
Let mе take you places that you've nеver been
I'm a whole new world you've never seen before
Where the skies are blue and trees are evergreen (Are evergreen)
I know it's beautiful, baby, there's so much more

[Chorus]
I wanna ride, ride, ride with you
I just wanna ride, ride, ride with you
Travel through time and space with you
Baby, come rain or shine, wanna spend all my time with you

[Verse 2]
Down the boulevard, let's take the highway by the sea
Ooh, in our five-seat car creating countless memories
If you're still down, I'll pick you up

[Pre-Chorus]
Jump in, jump in, let's go somewhere far away
Jump in, jump in, we could use a holiday
Jump in, jump in, I know where we can go
If you just let me show

[Refrain]
Let me take you places that you've never been
I'm a whole new world you've never seen before
Where the skies are blue and trees are evergreen (Are evergreen)
I know it's beautiful, baby, there's so much more

[Chorus]
I wanna ride, ride, ride with you
I just wanna ride, ride, ride with you
Travel through time and space with you
Baby, come rain or shine, wanna spend all my time with you

[Bridge]
Ooh, baby, baby, baby, why won't you come here?
There's so much out there and I don't wanna stay here
Don't think I'm ready, would you be my company?
So I can take you right there

[Chorus]
I wanna ride, ride, ride with you
Travel through time and space with you
Baby, come rain or shine
I wanna ride, ride, ride with you
I just wanna ride, ride, ride with you
Travel through time and space with you
Baby, come rain or shine, wanna spend all my time

[Outro]
Come rain or shine, wanna spend all my time
Come rain or shine, wanna spend all my time with you",en,en,0.9527615308761597
8185069,201922,"[Verse 1]
If you're down down (I want to talk to you)
Then I'm down down
If you've got a minute
I've got a bed with me in it

So tell me if you're still up
Baby make it just us
Baby you've got me thinking
Thinking this could be something different

[Chorus]
It's the way you're talking magic with your eyes
Not I'm feeling sentimental but tonight

I don't wanna let go, yeah
So I just wanna let you, yeah
Baby I'm loving the way you make me feel
You know this energy is so unreal
I don't wanna let go, yeah
So I just wanna let you, yeah
Baby I'm loving how you make me high
Making me feel like I'd be on cloud 9

[Verse 2]
It's a head rush
With only one touch
My knees keep on giving
And the whole room keeps on spinning

[Chorus]
It's the way you're talking magic with your eyes
Not I'm feeling sentimental but tonight

I don't wanna let go, yeah
So I just wanna let you, yeah
Baby I'm loving the way you make me feel
You know this energy is so unreal
I don't wanna let go, yeah
So I just wanna let you, yeah
Baby I'm loving how you make me high
Making me feel like I'd be on cloud 9

[Bridge]
Be mine, be mine, be mine, be mine
To be mine, be mine, be mine, be mine

For na na na na na na na na

To be mine, be mine, be mine, be mine
(Would you, would you?)

For na na na na na na na na

[Outro x6]
Baby won't you wanna hold my body [??]
OK, [??]
Tell me baby that you want me only
Cause you got me, you got me",en,en,0.9583205580711365
2180853,344667,"Morena mia
Contiamo un po' fino a dieci
Uno è il sole che porti
Due le gambe decise siamo in tre nel tuo letto, Tre
Morena mia
Il Quarto bussa alla porta
Cinque i tuoi continenti
Sei le calde passioni di proposte indecenti...
E c'è di meglio ancora...

Morena mia
Sette sono i peccati confessati
Otto cuori su un corpo
Nove amori sudati
Dieci frutti proibiti
Sai in un messaggio non è giusto dire mai
Non si può mai dire mai
Non oserai mai dire mai...

Se la tua bocca, mi tocca, mi provoca mi schocca
Mi mastica mi morde, mi vince e poi mi tocca e brucia con me, insieme nel piacere come in un caffè
Morena gatta che matta, di amore disperata un tuffo nell'inferno, metti che non sia eterno
Brucia con me insieme nel piacere come in un caffè
Però se la tua bocca mi tocca mi provoca mi shocca
Mi mastica mi morde vince e poi mi blocca
Suda e brucia brucia con me
Insieme nel piacere come vuoi... caffè

...bien bien bien bien bien bien...
Morena mia
Guardiamo in faccia la vita
E se quello che sento non è poi paradiso, o è morte
Sai in un messaggio non è giusto dire mai
Non si può come si fà
A dire mai mai dire mai

Se la tua bocca, mi tocca, mi provoca mi schocca
Mi mastica mi morde, mi vince e poi mi tocca e brucia con me, insieme nel piacere come in un caffè
Morena gatta che matta, di amore disperata un tuffo nell'inferno, metti che non sia eterno
Brucia con me insieme nel piacere come in un caffè
Però se la tua bocca mi tocca mi provoca mi shocca
Mi mastica mi morde vince e poi mi blocca
Suda e brucia brucia con me
Insieme nel piacere come vuoi... caffè",it,it,0.9941983222961426
785119,344667,"""Se tu non torni
Non tornerà neanche l'estate
E resteremo qui io e mia madre
A guardare la pioggia

Se tu non torni
Non torneranno neanche le rondini
E resteremo qui io e mio padre
A guardare il cielo

Se tu non torni
Non tornerà nemmeno il sole
E resteremo qui io e mio fratello a guardare ai terra...
...Che era così bella quando ci correvi
Con un profumo d'erba che tu respiravi
Era così grande se l'attraversavi e non finiva mai

Così stanotte voglio una stella a farmi compagnia
Che ti serva da lontano ad indicarti la via
Così amore amore amore, amore dove. sei?
Se non torni non c'è vita nei giorni miei

Se tu non torni
Non torneranno i bei tramonti
E resterò con me a contemplare la sera...
...Che era così bella quando ci correvi
Con un profumo d'erba che tu respiravi
Era così grande se l'attraversavi e non finiva mai

Così stanotte voglio una stella a farmi compagnia
Che ti serva da lontano ad indicarti la via
Così amore amore amore, amore dove sei?
Se tu non torni non c'è vita nei giorni miei.""",it,it,0.9943897128105164
793977,344667,"Tiende una mano y da una llama al sentimiento
Y en un suspiro ella siente un tirón...
El italiano caro y ella triste y sola
Con elegancia y encanto le hechizó el corazón
Y sabe que él la enamorará
La besará mintiendo de verdad...y diciéndole....

(Estribillo)
Io non so più vivere...senza di te....senza di te...
Io non so più scegliere...senza di te...senza di te...senza di te...senza di te!

Abre los ojos, se despierta y ella sola
Como una ola él su vida arrasó
Seducida y abandonada llora y llora
Pero el destino que es cine le devuelve a su amor
Lo sabe bien, volverá a caer
No sin querer dejándose llevar...y diciéndole.....

(Repite estribillo dos veces)
Io non so più vivere...senza di te....senza di te...
Io non so più scegliere...senza di te...senza di te...senza di te...senza di te!
Io non so più vivere...senza di te....senza di te...
Io non so più scegliere...senza di te...senza di te...senza di te...senza di te!

Hey! Hey!...tu!",es,it,0.9782714247703552
784446,344667,"[Testo di ""Bravi ragazzi""]

[Strofa 1]
Bravi ragazzi, siamo amici miei
Tutti poeti noi del '56
A spasso in un mondo che si dà via
La vita è solo acrobazia

[Ritornello 1]
Camminiamo sul filo nel cielo
A più di cento metri dall'asfalto
Siamo un punto là in alto
Bandiere nel vento di città

[Strofa 2]
E stare in piedi è quasi una magia
Tra tanti imbrogli, tanta ipocrisia
Andiamo avanti senza mai guardare giù
Tornare indietro non si può più

[Ritornello 2]
Camminiamo allo sbando in un mondo
Che sta quasi per toccare il fondo
Sospesi nel tempo
In crisi da un'eternità

[Strofa 3]
Io vivo come posso, amica mia
Non so chi sono né di me che sarà
Il mio futuro è qualche metro più in là
Seguo soltanto la mia via

[Ritornello 3]
Camminiamo sul filo del cielo
Si può cadere da un momento all'altro
Sospesi nel tempo
Spostati nel vento di città

[Outro]
Noi siamo altrove
Lontani chissà dove
Venuti da un lungo inverno
Direttamente dall'inferno
Tutti noi bravi ragazzi
Tutti noi che stiamo a pezzi
Su queste strade tanta gente
Strade che non portano a niente
Mezzi brilli, mezzi tristi
Tutti noi poveri cristi
In questi anni senza cuore
In questa vita sempre uguale
Tutti noi bravi ragazzi
Tutti noi che stiamo a pezzi...",it,it,0.9957364797592163
4575101,1147558,"[Verse 1: Ed Sheeran]
I feel it, can you feel it tonight?
I feel the fire between you and I
I mean it, don't you turn off the light
So I don't wanna leave here ever, no
She was like, ""Damn
Boy, I never took you for a one night stand
So don't make plans
For nothing but me and a lil' romance,"" hey
You and I, whiskey on ice
Maybe later we can turn down all the lights
So keep 'em on with nothing on
Oh, my, my, my

[Chorus: Ed Sheeran & Paulo Londra]
I was rolling off something with you
Kickin' back in a way that we do
I got everything I need in this room
Smoke clouds and a scent of perfume
And all my friends are in the club
And they keep ringin' my phone (Brrt)
But they ain't got nothing on you (Ah, ah)
And you ain't got nothing on you (Leones Con Flow)

[Verse 2: Paulo Londra]
Mami, suelo acobardarme pero hoy tomo alcohol, ah
Quiero comentarle que no sé qué pasó, ah
Desde que salimo' por la tarde lo' do'
A besarno' lo' do', hasta hacer el amor
Ahora tengo tu olor, ven a la habitación
Lo que hacemo' lo' do' no se puede igualar
Parecemo' ficción cuando entramo' en acción
Esta peli de amor no se puede acabar, yeh (Yo'; ¡wuf!)
Pero lo que mata e' que esta noche no' vemo' ya en mi casa (Ey; wuh)
Y sé lo que te gusta y te atrapa
Que te diga que no te voy a soltar

[Chorus: Ed Sheeran & Paulo Londra]
I was rolling off something with you (¡Wuh!)
Kickin' back in a way that we do
I got everything I need in this room
Smoke clouds and a scent of perfume
And all my friends are in the club
And they keep ringin' my phone (Brrt)
But they ain't got nothing on you
And you ain't got nothing on you

[Verse 3: Dave]
Look, take the lead, follow me, what's it gonna be?
How you playin' hard to get when you hollered me?
I take Chanel to Chanel for a shopping spree
Homegirl, only right she in a proper tee
What I want and need, you and a sofa
I fly in a spaceship, I gotta land the Rover
Casa Cruz, Casa Blanca, Casanova
I'm a fashionista, she in Fashion Nova
And a mad persona when I had her over
The outfit, it cost bread, I got the matching loafers
Why? Cah that's somethin' to do
I got a million and two, but they're nothin' on you, nah

[Chorus: Ed Sheeran]
I was rolling off something with you
Kickin' back in a way that we do
I got everything I need in this room
Smoke clouds and a scent of perfume
And all my friends are in the club
And they keep ringin' my phone (Brrt)
But they ain't got nothing on you
And you ain't got nothing on you

[Outro: Ed Sheeran]
She was like, ""Damn
Boy, I never took you for a one night stand""
She was like, ""Damn
Boy, I never took you for a one night stand""
Want to be your man
""Boy, I never took you for a one night stand""
She was like, ""Damn""
And you ain't got nothing on you",en,en,0.9055827856063843
3600303,404846,"[Alex]
What's up everybody
And welcome to the Season Finale of ARB
Animeme Rap Battle Royale!
It is a showdown; it is the showdown of the century
Who will be the last man standing?
And by 'last man', I mean:
Last man, last woman, last set of brothers, last set of sisters, last cat, last dog, last pony, last superhero, last monster, last pocket monster
Or maybe even... last host

[Mario Brothers]
Let's go, why don't you all get real jobs? You think you can win?
We're doing mafia, say hello to our little friend
It's me Mario, yo, and Luigi, homie
Like a Nintendo cartridge, you can all blow me

[Steve]
You two are so short, you won't even see it coming
When I make it rain on ya' with your own plumbing
You're old as balls, on Yoshi, it's one dinosaur riding another
Saw your family pics, you get that mustache from your mother?

[Kanye West]
You're like the girls you get, 1's and 0's
Who's The One now, Neo? You a Jackass, Steve-O
Hah! On this temple, I'm a black steeple
I care less about you than George Bush cares about black people

[Rainbow Dash]
My Cutie Mark's a gang sign, oops, my bad
My brony stampede will leave you like Simba's dad
Yawn, you bore me, I think I'll nap on the ground
As if motherfucker, I can sleep on a cloud

[Doge]
Wow, such surprise, much rap you not good at
You from streets of Equestria, not where the hood at
You want a friend? Meet this bone, here go
Both dull, both lifeless, both yummy treat for Doge

[Meowth]
You're a played out meme, your empire's broken
Doge Coins are worth less than Freddy Fazbear Tokens

[Professor Oak]
What's all that racket? I was having tea with Mr. Fuji
I'm Professor Oak, bitch, eatin' Golden sushi

[Sully]
I'm scarier than the bats that scared Bruce Wayne
Charizard was so scared, he fire punched his brains

[Mike Wazowski]
I never miss with a diss, my rap game's phenomenal
I'm trying to find your talent, let me put in my monocle

[5 Seconds of Summer]
We'll straight up stab you bludgers with our sharpened awards
It's the five-second rule, eat your tucker off the floor
We'll didgeridoo you dirty, and my mates are heap starvin'
Take you outback and burn you like prawns on the barbie

[Frozen Sisters]
It only took five seconds for you to steal people's fans
Can't take the heat? How will you beat winter, man?
We flow so cold like ice cube, boss
Meet my new boy toys, Sub-Zero and Jack Frost

[Batman]
No one can out rap me, not Gordon or Bane
I'm a direct relative of Lil Wayne
I've got a tool bet like Tim ""The Toolman"" Taylor
You babies look out of breath, here's an inhaler

[Rocket & Groot]
We had a record-breaking box office, call us FedEx
I am Groot! Yeah boy, cheers to success!

[Batman]
Watch your movie? I think I'd rather pay taxes
I'll tie a rope around your neck and hang you from Groot's branches

[Alex]
Ladies and gentlemen, the winner is... Batma--

[Insanity Wolf]
Where's everybody at?
They call you 'Insanity Wolf'? Where's your workout DVDs?
Let me tell you about that one time I ripped Shaun T
You're a little teen wolf like Michael J. Fox
I'm butter you're toast, and now we both know who's on top
You're acting like a legend, you ain't the Chupacabra
Fine, I'll move to Mexico and live with Chihuahuas
I'm the wolf whisperer, son *Whispers in ear*

[Sarah McLachlan]
You're about to get neutered

[Insanity Wolf]
Ahh! Sarah McLachlan!

[Baby Godfather]
It's done...",en,en,0.870105504989624
6854962,404846,"[Verse 1]
I miss you pushing me close to the edge
I miss you
I wish I knew what I had when I left
I miss you

[Pre-Chorus]
You set fire to my world, couldn't handle the heat
Now I'm sleeping alone and I'm starting to freeze
Baby, come bring me hell
Let it rain over me
Baby, come back to me

[Chorus]
I want you to ruin my life
You to ruin my life, yeah, to ruin my life, yeah
I want you to fuck up my nights, yeah
Fuck up my nights, yeah, all of my nights, yeah
I want you to bring it all on
If you make it all wrong, then I'll make it all right, yeah
I want you to ruin my life
Yeah, to ruin my life, yeah, to ruin my life
I want you to ruin my life
You to ruin my life, yeah, to ruin my life, yeah
I want you to fuck up my nights, yeah
Fuck up my nights, yeah, all of my nights, yeah
I want you to bring it all on
If you make it all wrong, then I'll make it all right, yeah
I want you to ruin my life
Yeah, to ruin my life, yeah, to ruin my life

[Verse 2]
I miss you more than I thought that I could
I miss you
I know you missin' me too like you should
I miss you

[Pre-Chorus]
You set fire to my world, couldn't handle the heat
Now I'm sleeping alone and I'm starting to freeze
Baby, come bring me hell
Let it rain over me
Baby, come back to me (Baby, come back to me)

[Chorus]
I want you to ruin my life
You to ruin my life, yeah, to ruin my life, yeah
I want you to fuck up my nights, yeah
Fuck up my nights, yeah, all of my nights, yeah
I want you to bring it all on
If you make it all wrong, then I'll make it all right, yeah
I want you to ruin my life
Yeah, to ruin my life, yeah, to ruin my life
I want you to ruin my life
You to ruin my life, yeah, to ruin my life, yeah
I want you to fuck up my nights, yeah
Fuck up my nights, yeah, all of my nights, yeah
I want you to bring it all on
If you make it all wrong, then I'll make it all right, yeah
I want you to ruin my life
Yeah, to ruin my life, yeah, to ruin my life

[Bridge]
I miss you, I miss you (You-ooh-ooh)
I wish you, I wish you (You-ooh-ooh)
Would come back to, come back to me
Come back to me, come back to me

[Chorus]
I want you to ruin my life
You to ruin my life, yeah, to ruin my life, yeah (Ruin my life, yeah)
I want you to fuck up my nights, yeah
Fuck up my nights, yeah, all of my nights, yeah (All nights, all nights)
I want you to bring it all on
If you make it all wrong, then I'll make it all right, yeah (Make it all right)
I want you to ruin my life
Yeah, to ruin my life, yeah, to ruin my life
I want you to ruin my life
You to ruin my life, yeah, to ruin my life, yeah (Ruin my life)
I want you to fuck up my nights, yeah
Fuck up my nights, yeah, all of my nights, yeah (Oh)
I want you to bring it all on
If you make it all wrong, then I'll make it all right, yeah
I want you to ruin my life
Yeah, to ruin my life, yeah, to ruin my life",en,en,0.9628938436508179
3015647,404846,"Alex:

What's up everyone? My name is Alex and welcome to Animeme Rap Battles Season 2! Today we've got video games versus movies. Fire versus ice! Plumbers versus royalty... MARIO BROTHERS VERSUS FROZEN SISTERS!

Mario Bros:
Bongiorno, and welcome to our terror dome!
We've earned this throne: 400,000,000 games sold!
You have icy hearts? We've got balls of fire, nice crown
But sorry we missed your coronation: we were watching your parents drown!
You try to be tough, but you act in a musical!
The next time you hear singing, it will be at your funeral!
We don't play games like reindeer, get it through your brain, dear:
We'll beat Bowser while still keeping your drain clear!

Frozen Sisters:
Oh? I just saw Bowser, running away with bae
She's not being kidnapped, she's just trying to get away
We're just getting started. You're about to hit retirement
Life's a great ride. But you don't meet the height requirement...
(Sung) Now I'll throw... snowballs... all over your baby overalls...
(Spoken) Love's an open door, but yours is one I'm shutting
We control you. I mean, it only takes two buttons!

Mario Brothers:
Keep shooting your ice at me, you cold-hearted witch
Cause everytime I freeze, someone blows my cartridge!
You don't gonna tell me whose pipes I need to fix
Your singing makes me want to bash my head on these bricks!
But you can make a song about anything, really, that is a gift
So many guys have screwed you over, you're the next Taylor Swift!
We're fat, funny and different. You two are as plain as ice
Two basic white girls who'd probably pissed pumpkin spice!

Frozen Sisters:
We're plain? You're whiter than we are
You play golf, tennis, and drive Nascar
Step to us, son? Marshmallow will be your end
Think we're done, Italians? Say hello to my leeittle friend!
I'm the queen who stopped summer, you're Nintendo's Dumb and Dumber
Your lover ain't Princess Peach: she would never screw a plumber!
This battle is done, and I don't see a flagpole
U mad bro? (Sung) Let it go~",en,en,0.9711214303970337
2421238,404846,"[Verse 1]
They are coming from the deep space
Filling me with pleasance (Filling me with pleasance)
Showing me their purity and grace
I miss their just presence (I miss their just presence)

[Pre-Chorus]
I've seen them in the light (Ooh)
They were bright
When they exposed their lessons
(They brought hope for long)
And made me know their song (Ooh)

[Chorus]
Light is over me
Oh, light is over me
And although I'm a child
They have me beguiled
And I trust on their fair true guide
Light is over me

[Verse 2]
I know they look after me
Goodness is their essence (Goodness is their essence)
So they seems to me
To plenty of luminescence (To plenty of luminescence)

[Pre-Chorus]
I've seen them in the light (Ooh)
They were bright
When they exposed their lessons
(They brought hope for long)
And made me know their song (Ooh)

[Chorus]
Light is over me
Oh, light is over me
And although I'm a child
They have me beguiled
And I trust on their fair true guide
Light is over me

[Guitar Solo]

[Bridge]
And made me know their song (Ooh)

[Chorus]
Light is over me
Oh, light is over me
And although I'm a child
They have me beguiled
And I trust on their fair true guide
Light is over me!",en,en,0.9749805927276611
