Unnamed: 0,artist_id,artist,song_id,title,language,lyrics
37,213513,YMN Gus & Yung Beef,8916223,El Mero Mero 2,en,"[Letra de ""El Mero Mero 2""]

[Intro: YMN Gus]
I was on a different type of time, on a different level
I be pullin' with my bands, buyin' rock and heavy metal
Me and my old bitch broke up, 'cause we couldn't settle
I been won the race, buyin' get respect, don't no metal

[Verse 1: YMN Gus & Yung Beef]
Yo soy mero mero
If a nigga want that smoke, dale con el fuego
Nigga want that blitz stick, hit him with that cuerno
Yo te doy de la blanca, también del hielo (De todo)
Told you in a year or two, how I was gonna make it (How I was gonna make it)
Yo sé que tan agüita'os, I know that you hate me (I know that you hate mе)
Focus on the money and I had to go chase it (Had to go chasе it)
Even little niggas don't like me, ain't no better replace me (Ain't no beeter)
You woke up, it was hella sunny, but I made it rain (Raint)
Gettin' bitches steady pippin', call me purple rain (Call me purple rain)
Yeah, you can have her back, she done fucked the gang (She done fucked the gang)
I think this bitch a little retarded, 'cause I fucked the brain ('Cause I fucked the brain, nigga; ah, wow-wow)

[Verse 2: Yung Beef]
Siempre ando con cueros, te ves bien culero (Wow-wow)
Con mi raza por Tepito con el Angelito Negro (Damn)
Como un toro rojo y negro (¿Qué?), mero mero en el barrio (¿Qué?)
Te vamo' a dejá' como un cerdo, to' tira'o por el barro (Rra)
La bitch me da cerebro (Huh), Christian Dior los perro' (Jaja)
No enchufo, no miro (Ajú), Mercede' son los carro'
Aboga'o pa' los caso' (Ey), no, no vamos descalzo' (Ja)
Con lambone' yo no transo (Nah, nah, nah, nah)
Yo no duermo, yo descanso
Loco, tú estate manso (Yeah), jarabe, doble vaso (Jaja)
Suavecito al paso (Ajá), fumando burrito El Paso (Jaja)
Nah, no lo paso (Nah, fuck it)

[Outro: Yung Beef]
Mero mero, bitch
Yung Beef, bitch, Yung Beef, bitch
Yung Beef, bitch
I get my work from the narco
Mero mero, bitch
Mero mero, bitch"
49,654902,La Mafia del Amor,593105,Maldades,es,"[Letra de ""Maldades"" ft. Seko El Real]

[Intro: D. Gómez]
No me digas tu edad, que no la quiero saber
Dime si quieres quedar, si me quieres ver
Que a mi ya me da igual si eres menor o mujer
Quiero poderte besar, te quiero joder

[Verso 1: D. Gómez]
No me digas tu edad, que no la quiero saber
Dime si quieres quedar, si me quieres ver
Que a mi ya me da igual si eres menor o mujer
Quiero poderte besar, te quiero joder
La estoy mirando, tiene la cara linda
Está goliendo así que no puede ser mu' niña pero no lo sé
La verdad parece un ángel pero yo que sé
Yo sólo pienso en maldades
Ella me mira, me dice que estoy heavy
Mami, lo que estoy es ready así que tráete el peri'
Está muy rica, ya no me aguanto más
Esta noche la voy a joder sin preguntar la edad
Se fuma el porro sin que te des ni cuenta
Se pone rayas que parecen la M-30
Dice que ya ha estado jodiendo con muchos antes que yo
¿Cómo va a ser una menor?

[Verso 2: Yung Beef]
Yo quiero estar contigo ombligo con ombligo
A ver cómo lo digo, mami, tú dame un motivo y me tiro (Oh-oh-oh)
La Mafia del Amor
Dile a la gatita que hoy estamos ready
La botella la consigue Daddy Sevi
La yerba está pestosa, huele heavy (Heavy)
Tírame la pista, Steve (Ah)
Estoy con las gatitas, perreando
'Tan hasta abajo, al demonio están despertando
Tenemo' a la competencia mamando
Los sellos están pujando mientras yo estoy empujando
Ja' me maten, las doy el jaque mate
Ese buyate e' ninety percent de aguacate (Tate)
Tu jevo e' coge cate, tú ya no le quieres como antes

[Refrán: Yung Beef]
Pichoncitos sólo saben piar (Uh)
Yo ya salí del nido, estoy sonando en PR
Las ratchets quieren coco, yo las pongo a esquiar (Azúcar)
Me da igual si tiene novio, yo la voy a hostilar (Argh)
Pichoncitos sólo saben piar (Uh)
Yo ya salí del nido, estoy sonando en PR
Las ratchets quieren coco, yo las pongo a esquiar (Azúcar)
Me da igual si tiene novio, yo la voy a hostilar (Argh)

[Verso 3: Khaled]
Qoli 3lash mshiti
Qoli 3lash khalitini
Mli kan fkar fik qalbi ki bkili
Lwalida kat qoli
Khaled shof kifesh weliti
Lwalida kat qoli Allah yhdik a wldi
T–T–'Toy fumando cheese
Tengo a las morillas poniéndose la mini
Y a to' esas gitanillas llamándome ""habibi""
Qoli 3lash mshiti
Qoli 3lash khalitini
Mli kan fkar fik qalbi ki bkili

[Verso 4: Seko El Real]
Hoy la clica está revoluciona'
Yo te traigo la mandanga que se escucha en la ciuda'
PXXR GVNG, La Mafia del Amor
Facturando con rap y bailando reggaetón
En la noche los gatos son to's pardos
Es lo mismo taxista que comisario
Si nos vemos por la Trap House de guateque
Delante de tu niño vas a salir perreando
Hoy la clica está revoluciona'
Yo te traigo la mandanga que se escucha en la ciuda'
PXXR GVNG, La Mafia del Amor
Facturando con rap y bailando reggaetón"
50,654902,La Mafia del Amor,4258162,Ya Noi,en,"[Letra de ""Ya Noi""]

[Intro: Yung Beef]
Uuuuuuh
Yeeeeeh
La Mafia del Amor, bebé

[Estribillo: Yung Beef]
No sé que ha pasa'o, me encantabas tantísimo (Oh)
Me pongo a pensarlo y me siento tontísimo (Oh)
Muchas veces me he pensa'o de irnos tu y yo lejísimos (Ah)
Ahora no quiero ni verte, porque me quedao loquísimo

No sé que ha pasa'o, me encantabas tantísimo (Oh)
Me pongo a pensarlo y me siento tontísimo (Bebé)
Muchas veces me he pensa'o de irnos tu y yo lejísimos
Ahora no quiero ni verte, porque me quedao loquísimo

[Puente: Yung Beef]
Uui, ya no
Me dejas traumatiza'o
Uuu, ya no
Dime mamasita que nos ha pasa'o
Uuu, ya no
Me siento destroza'o
Uuu, ya no

[Verso 1: Yung Beef]
Mami me pone loquísimo damn me lleva crazy
Yo tenía clarísimo que tú ibas a ser mi baby
Pero no se qué ha pasa'o, siento el corazón lazy
Sin ganas de quererte pero pienso en tí daily
Y a lo mejor a la vida le da el capricho
De tanto alejarnos acabamos en el mismo sitio
El mundo es redondo cabe posibilidad
Pero también cabe, que no nos volvamos a cruzar

[Estribillo: Yung Beef]
No sé que ha pasa'o, me encantabas tantísimo
Me pongo a pensarlo y me siento tontísimo
Muchas veces me he pensa'o de irnos tu y yo lejísimos
Ahora no quiero ni verte, porque me queda'o loquísimo

No sé que ha pasa'o, me encantabas tantísimo
Me pongo a pensarlo y me siento tontísimo
Muchas veces me he pensa'o de irnos tu y yo lejísimos
Ahora no quiero ni verte, porque me queda'o loquísimo

[Puente: Yung Beef]
Uui, ya no
Me dejas traumatiza'o
Uuu, ya noo
Dime mamasita que nos ha pasa'o
Uuu, ya noo
Me siento destrozado
Uuu, ya no

[Verso 2 (Kaydy Cain)]
Sí que has perdido el tiempo porque lo has pasao conmigo
Porque no he sabío' tratarte cómo te trata un amigo
Lo siento, lo siento
Que yo amo las mujeres y ahora soy reggaetonero
Cómo no voy a perrear si ahora hasta gano dinero
Lo siento, lo siento
Nunca he estado enamorado
Pero me gustabas demasiado
Ese culo era desproporcionado
A mi me tenía marcado
Tu culo claro que se ve por los lados
Parece que es de goma, ma' parece operado
Por eso tú te crees que me ibas a tener atado
Yo te pido perdon pero te has equivocado
Sí que has perdido el tiempo porque lo has pasao conmigo
Porque no he sabío' tratarte cómo te trata un amigo
Lo siento, lo siento
Que yo amo las mujeres y ahora soy reggaetonero
Cómo no voy a perrear si ahora hasta gano dinero
Lo siento, lo siento

[Estribillo: Yung Beef]
No sé que ha pasa'o, me encantabas tantísimo
Me pongo a pensarlo y me siento tontísimo
Muchas veces me he pensa'o de irnos tu y yo lejísimos
Ahora no quiero ni verte, porque me queda'o loquísimo

No sé que ha pasa'o, me encantabas tantísimo
Me pongo a pensarlo y me siento tontísimo
Muchas veces me he pensa'o de irnos tu y yo lejísimos
Ahora no quiero ni verte, porque me queda'o loquísimo

[Puente: Yung Beef]
Uui, ya no
Me dejas traumatiza'o
Uuu, ya noo
Dime mamasita que nos ha pasa'o
Uuu, ya noo
Me siento destrozado
Uuu, ya no

[Verso 3: Khaled]
De tenerte a no tenerte (Po)
Ahora estoy solo en mi sofá viendo la tele
Estoy arrepentío' por perderte
Estoy arrepentío' por echar a los que me quieren
Ya nadie viene a verme
A mi no hay quién me camele
Estoy triste aunque los días sean alegres
Que soy de carne y hueso porque hay cosas que me duelen
Acúerdate (?)

[Estribillo: Yung Beef]
No sé que ha pasa'o, me encantabas tantísimo
Me pongo a pensarlo y me siento tontísimo
Muchas veces me he pensa'o de irnos tu y yo lejísimos
Ahora no quiero ni verte, porque me queda'o loquísimo

No sé que ha pasa'o, me encantabas tantísimo
Me pongo a pensarlo y me siento tontísimo
Muchas veces me he pensa'o de irnos tu y yo lejísimos
Ahora no quiero ni verte, porque me queda'o loquísimo

[Puente: Yung Beef]
Uui, ya no
Me dejas traumatiza'o
Uuu, ya noo
Dime mamasita que nos ha pasa'o
Uuu, ya noo
Me siento destrozado
Uuu, ya no

[Outro]"
51,654902,La Mafia del Amor,3959335,Multiorgasmica,en,"[Letra de ""Multiorgasmica""]

[Intro: Yung Beef]
Proud mama
'Tá pesá' (Pipo Beatz)
Oh, yeah, yo

[Pre-Estribillo: Kaydy Cain & Yung Beef]
Na' más que le he dado un par de besos
Después la he metío' la mano y ya lo tenía mojado (Dile, dile, yeah)
Al principio no me decía mucho
Pero en cuanto supe su secreto estaba enamorado (La Mafia del Amor)
Tuve que decirle al resto de la putas
Con las que quedaba que lo nuestro se ha acabado (¿Por qué?)
Oh, porque ahora

[Estribillo: Kaydy Cain & Yung Beef]
Mi gatita multiorgásmica
Ella es mi chica fantástica, mi puta multiorgásmica
La tuya va triste y vacía, es una puta plástica
La mía siempre va llena y encima es mucho más práctica (She's a bad bitch)
Mi gatita multiorgásmica
Ella es mi chica fantástica, mi puta multiorgásmica
La tuya va triste y vacía (Woah), es una puta plástica
La mía siempre va llena y encima es mucho más práctica (Oh-oh, yo)

[Verso 1: Yung Beef]
Mi gatita multiorgásmica (Ah-ah)
Se viene cuatro veces y si no le doy otra más me pone carita 'e lástima (Lástima, lástima)
Me tiene chingando hasta las seis de la mañana
En la cama es una sádica (Oh-oh; yao)
Y si no se lo hago bien, a la mañana está antipática
Mi gatita multiorgásmica (Oh-oh, oh-oh)
Mi gatita multiorgásmica (Oh-oh)
Mi gatita multiorgásmi—

[Verso 2: AC3]
La que se viene si le agarro las costillas
Yo sé que eso solo le hace más que cosquillas
Yo te juro que no hay muchas como esa
Ella se viene si le mamo las tetas
Dejando la cama mojá', oh
Every time we fuck, (Ey, mmm) every time we fuck
Le como el toto y la pongo a temblar
She keep going aunque le di (Wuh), yeah
Yo le doy hasta que no aguanta más (Duro)
She call me ""daddy"" y no soy su papá (Rubia, jajaja, mua; La Mafia del Amor)

[Estribillo: Kaydy Cain & Yung Beef]
Ella es mi chica fantástica, mi puta multiorgásmica
La tuya va triste y vacía, es una puta plástica
La mía siempre va llena y encima es mucho más práctica (She's a bad bitch)
Mi gatita multiorgásmica
Ella es mi chica fantástica, mi puta multiorgásmica
La tuya va triste y vacía (Woah), es una puta plástica
La mía siempre va llena y encima es mucho más práctica (Oh-oh; yo, she's a nympho)

[Verso 3: Khaled]
Yo quiero bailar contigo pegaíto' a tu cuerpo
Que bebamos to' la noche hasta que nos pongamos cerdos
Mami, yo quiero perrear hasta que nos partamos los huesos
Como sigas haciendo esto, te secuestro
Mami, tú vente conmigo, olvídate 'e los sentimientos
Si te llama tu marío' no le cojas el teléfono
Cuando estás conmigo siempre te dejo empapá'
Y cuando estás con el palomo nunca te sientes acabá'

[Pre-Estribillo: Kaydy Cain & Yung Beef]
Mi gatita multiorgásmica
Na' más que le he dado un par de besos
Después la he meti'o la mano y ya lo tenía mojado (Dile, dile, yeah)
Al principio no me decía mucho
Pero en cuanto supe su secreto estaba enamorado (La Mafia del Amor)
Tuve que decirle al resto de la putas
Con las que quedaba que lo nuestro se ha acabado (¿Por qué?)
Oh, porque ahora

[Estribillo: Kaydy Cain & Yung Beef]
Mi gatita multiorgásmica
Ella es mi chica fantástica, mi puta multiorgásmica
La tuya va triste y vacía, es una puta plástica
La mía siempre va llena y encima es mucho más práctica (She's a bad bitch)
Mi gatita multiorgásmica

[Outro: Yung Beef & Ms. Nina]
Ay, papi, dame más
Mi gatita multiorgásmica
Mi gatita multiorgásmica
Mi gatita multiorgásmica"
52,654902,La Mafia del Amor & El Combo Perfecto,696120,La Disco Resplandece,es,"[Letra de ""La Disco Resplandece""]

[Intro: Sergi Gil]
La disco está caliente
Subele a la música pa' esas nenas que se mueven
Si me ves en la disco yo te digo que lo intentes
No pienses que soy cómo el resto de la gente

[Coro: Sergi Gil]
Yo no sé que pasó, pero la disco resplandece
Cuando llega esa mujer, con su cuerpo de indecente
Yo no sé que pasó, pero la disco resplandece

[Verso 1: Yung Beef]
A ella le gusta el roneo (Uhh)
Le gusta el trambolikeo (Ay-Ay-Ay-Ay)
Y yo que bien me veo
Que me veo que la voy a tirar
Y si yo te tiro ma'i, no tienes choice
Nos vamos pa' mi cama a despertar al demonio
Y hasta las mallas ya la tienes moist
Solo maldades, mami, nada de matrimonio

[Verso 2: Unai Sanchez]
Quiere que la llame, que le compre un par de rosas
Ella es diferente, ella pa' mí es otra cosa
De todas las niñas ella es la más hermosa
Tranquila, mi niña, no te pongas celosa
Llego a la disco y te veo con tus amigas
Tú eres la más linda, no hace falta que lo diga
Vente conmigo en esta noche prohibida
Te voy a hacer mía, mami, no to cohíbas

[Coro: Sergi Gil]
Yo no sé que pasó, pero la disco resplandece
Cuando llega esa mujer, con su cuerpo de indecente
Yo no sé que pasó, pero la disco resplandece

[Verso 3: Kaydy Cain]
No me importa si ella es gorda o flaca
No me importa si ella es guapa o fea
A mí me importa como ella lo baila
A mí me importa como lo menea
No me importa si ella es gorda o flaca
No me importa si ella es guapa o fea
A mí me importa como ella lo baila
A mí me importa como lo menea
En la discoteca, buscando a la que mejor se mueva
No me importa si ella es guapa o si es fea
Sólo quiero que parta la biela
Que tengo a las bonitas en espera
Porque estoy perreando a la fea
Que cuando lo mueve tiembla la Tierra
Por eso estoy perreando a la fea

[Coro: Sergi Gil]
Yo no sé qué pasó, pero la disco resplandece
Cuando llega esa mujer, con su cuerpo de indecente
Yo no sé qué pasó, pero la disco resplandece

[Verso 4: Khaled]
Yo ya no voy detrás del queso, ya no vendo
Mis contactos llorando porque me he salio' del gremio
Las payas de mi barrio echándome de menos
Y la mía dice que soy un cerdo
Mami, lo siento, te juro que el dinero ya no viene del joseo
Te lo prometo, si no estás tú en la disco no perreo
Mami, dime si te espero
Quiero comerte entera, hasta chuparme los de'os
Vamos a vivir bien, porque nos lo merecemos
Que yo ya no voy detrás del queso, ya no vendo
Voy a darle a tu madre veinte nietos
Te voy a comprar un Mercedes pa' que me saques del ghetto
Mami muévelo

[Coro: Sergi Gil]
Yo no sé que pasó, pero la disco resplandece
Cuando llega esa mujer, con su cuerpo de indecente
Yo no sé que pasó, pero la disco resplandece"
81,654902,La Mafia del Amor,6639870,Lookin Like This,en,"[Letra de ""Lookin Like This"" ft. FKi 1st]

[Intro: AC3]
All this money got me lookin' like this
Two pack' got me lookin' like this
I've been saying I've been lookin' like this
Pour me some, got me loo—, oh
Our opponent got me lookin' like this
All this money got me lookin' like this
Fast car got me lookin' like this (808 Mafia)
All new phones, I've been lookin' like—

[Estribillo: AC3]
You ain't never-never seen nothing like this
You ain't never seen no shit like this
Ey, you ain't never seen no fly shit like this
Ey, you ain't never seen no fly shit, ey
Pull up on your bi, nigga lookin' like this
Bi-Bi-Big pocket, nigga lookin' like this
Got a whole lotta money, nigga lookin' likе this (Ey)
All my niggas stuntin', nigga lookin' like this
Pull up, drop top, nigga lookin' like this
You ain't nevеr seen nothing quite like this
One time in the trap a nigga lookin' like this

[Verso 1: Kaydy Cain & AC3]
Ella tiene to'a las Jordan' pero quiere unos Christians (Red bottoms)
Y yo le compro unos Christians
Ella solo había vista esa mierda en la revista (Drippin' the sauce, son, some of that bullshit)
Y esa mierda la conquista
Y ahora ve las estrellas desde el asiento del carro
Lleva solo marcas caras y fuma de lo más caro
Y encima todo' los día' le van las pena' a la casa
Y lleva diamantes tan puros que parecen ser de raza, woh

[Estribillo: AC3]
You ain't never-never seen nothing like this
You ain't never seen no shit like this (Ey)
Ey, you ain't never seen no fly shit like this (808 Mafia)
Ey, you ain't never seen no fly shit, ey
Pull up on your bi, nigga lookin' like this
Bi-Bi-Big pocket, nigga lookin' like this (Ey)
Got a whole lotta money, nigga lookin' like this (Ey)
All my niggas stuntin', nigga lookin' like this
Pull up, drop top, nigga lookin' like this
You ain't never seen nothing quite like this

[Verso 2: Yung Beef]
Uh
You've never seen no shit like this
En el droptop con mi bad bitch
Yo, 'tamos guapo', estamo' fácil
Yeah, ""Despacito"", Luis Fonsi
Y no-no-no, no-no-no, no-no-no
Y es criminal cómo hacemo' el amor
Po-po-po-po-po, po-po-po, po-po-po
Mamita chula, click-click po-po-po

[Estribillo: AC3 & Khaled]
Pull up in your bi, nigga lookin' like this
Bi-Bi-Big money, nigga lookin' like this
Got a whole lotta money, nigga lookin' like this (Ey)
Drop top, big car, nigga lookin' like this
Car scent, car sweat, nigga lookin' like this
Part time in my suite, nigga lookin' like this
I can never stop talkin', nigga lookin' like this
I [?], nigga lookin' like this
Yeah, yeah, you ain't never seen nothing quite like this
You ain't never seen nothing quite like this
You ain't never seen nothing quite like this, ah, yeah (Uh, fah)

[Verso 3: Khaled]
Acuérdate cuando éramos pequeñito'
No tenía na', esmayaíco
Ahora lo tenemos to', mmm, es distinto
Pide lo que quieras, mami, que ahora somo' rico' (808 Mafia)
La cama llena 'e coca, ella está dibujando un ángel
Mira cómo me lo hace
Siempre le pone esfuerzo, no había visto algo así ante'
Mami, quiéreme como a un gángster

[Estribillo: AC3]
Eh, you ain't never, ever seen nothing like this
You ain't never seen nothing quite like this
You ain't never seen nothing quite like this, eh-eh
Pull up on your bitch, nigga lookin' like this
Bi-Bi-Big pocket, nigga lookin' like this
I stole one car, nigga lookin' like this
I went on [?], nigga lookin' like this

[Outro: AC3]
Drop top Benz, yeah
I was so ass shit
No more too ass shit, no more
Oh-oh-oh, no-no-no, ah-eh
Oh-oh, mm-mm, mm-mm
Big Benz, pullin' up in a big Benz, nigga lookin' like this
DJ, let 'em hear real quick"
149,1992812,PXXR GVNG & Lo$ Zafiro$,712823,LOS FOREIGN,pl,"[Letra de ""Los Foreign""]

[Intro: Khaled]
808 Mafia
Prra (808 Mafia)
Agreesive zebi
Yumas 7arragas ash gandek, jaja
Ay, ay, ay, ay, ay
C'est la—, c'est la classe
Jaja (Steve Lean)

[Verso 1: Khaled]
C'est la classe, moviendo placas
Tengo dijunas, tengo kahbas
Bodas gitanas cantando con patriarcas
Lléname la copa, Samara
Que mis pena' no se van con la ganja
Classic como la Tarara
Gitanas con pañuelo y moras con la chilaba
Mi pa'e es de Huelva, la mamá de Tánger
Al-Andalus mi raza, wallah pa' la Nujaila
'Toy con los Yumas y los harraga, cria'o con los tanjawas
C'e bon qualité, hardala
Hey mon frere, sir thawak
Aghi mkawed au au3andek y 3atek
'Toy con los Yumas y los harraga
Criao' con los tanjawas
C'e bon qualité, hardala
Hey mon frere, sir thawak
Aghi mkawed au au3andek y 3atek

[Verso 2: Cuban Bling]
0.3 por fifty (Prr)
Ibuprofeno y medio (Skrrt; 
808 Mafia
)
Tengo los días contados (Prr)
M y Jägermeister (Uh)
Necesito dormir (Skrrt), pero también vivir (Bang)
Lo mantengo en el joseo (Po-po-po-po)
Solo le vendo a guiri' (Bang)
Jodo con G's, no con MC's
Metido en el after, mi vida es un party (Prr)
Spanish skill, solo for cheese
Money over pussy, no te jodo gratis
Enamora'o de mí (Prr), tengo dónde elegir (Skrrt)
Si lo quieres OG (Po-po), llama a Cuban Bling (Po-po-po-po)

[Puente]
808 Mafia
808 Mafia

[Estribillo: Kaydy Cain]
Que no descanso tranquilo si no es en un coño como hace Lil Wayne
Tú te haces muy bien la tonta, pero vas a saber quién es Kaydy Cain
Hemos venido de fuera y me siento en mi casa, ahora todo va bien
Estás escuchando Los Yuma', Zafiros, PXXR GVNG
Que no descanso tranquilo si no es en un coño como hace Lil Wayne
Tú te haces muy bien la tonta, pero vas a saber quién es Kaydy Cain
Hemos venido de fuera y me siento en mi casa, ahora todo va bien
Estás escuchando Los Yuma', Zafiros, PXXR GVNG

[Verso 3: Yung Beef]
Esto e' Los Yuma' y yo soy el Seco
España, Cuba y Marrueco' (808 Mafia)
Están esperando a que me quite el chaleco
Y yo con su gata llenándole el hueco
Prrr, stick 'em, dando palo' 'esde los tiempo' de Paquito
Yo 'toy con Lo' Yuma', tu culero en ayuna'
Los nuestro' están nutri'o, loco, kilo' 'e aceituna'
Con las Puma, haciendo sumas
Follando djinunas, tu novia e' una digimona
Se lo echo en la besuna (Wuh), se lo echo en la—
Yuma'

[Estribillo: Kaydy Cain]
Que no descanso tranquilo si no es en un coño como hace Lil Wayne
Tú te haces muy bien la tonta, pero vas a saber quién es Kaydy Cain
Hemos venido de fuera y me siento en mi casa, ahora todo va bien
Estás escuchando Los Yuma', Zafiros, PXXR GVNG

[Verso 4: Papi Trujillo]
Lla-Lla-Llama la popo la snitch (La snitch)
E-En mi barrio se callan, for real (Snitch)
Si vienen los payos don't cry (Don't cry)
No-No-No se habla, no se vende hachís
Motherfucking Jay (Ey), están los birds
Ya no estamo' en eso, otros los van a mover (Prr)
A-A-Ahora estoy haciendo cheese (Cheese!)
To' sale bien porque money over bitch
Por eso las putas te traen el brick
Las ratchets están on my dick
Ya-Ya-Ya-Ya recargué el móvil pa' cerrar el deal
Los babalao' velando por mí
Tengo a los santos a mi vera (My nigga), my nigga
El dinero viene por la santera (Prr)
Virgencita de Altagracia, que me crucé la frontera

[Estribillo: Kaydy Cain]
Que no descanso tranquilo si no es en un coño como hace Lil Wayne (808 Mafia)
Tú te haces muy bien la tonta, pero vas a saber quién es Kaydy Cain
Hemos venido de fuera y me siento en mi casa, ahora todo va bien
Estás escuchando Los Yuma', Zafiros, PXXR GVNG"
150,1992812,PXXR GVNG,529457,PIMPIN,es,"[Letra de ""PIMPIN""]

[Verso 1: Kaydy Cain]
Mucha clase en el ghetto, puedes verlo
Somos gitano' y nos juntamos con modelos
Créelo, tengo tus jevas en celo
Y aunque hablen mal de mí, yo las quiero
Tus ojos no sirven de na' si tu cerebro es ciego
Los pobres nacen con na' pero también sin miedo
Pienso pegarme, pero antes seguro que muero
Ya paso de josear, quiero ser rapero
Quiero viajar por el mundo entero
Solo volver al barrio, hacer llover dinero
Vamo' a robar a to' esos maricones
Y a comprar comida y ropa para los pobres

[Estribillo: Kaydy Cain]
No tengo nada, así que no pidas
No tengo nada, pero me busco la vida
No tengo nada y lo tengo to'
Me follo un culo valorado en un millón
No tengo nada, así que no pidas
No tengo nada, pero me busco la vida
No tengo nada y lo tengo to'
Me follo un culo valorado en un millón

[Refrán: Kaydy Cain]
Y es que yo quiero a tu mujer más que tú
Y ella me prefiere a mí, por mi actitud
¿Qué le voy a hacer si tengo el alma de Romeo?
Y le pongo una bachata mientras se lo meneo
Y es que yo quiero a tu mujer más que tú
Y ella me prefiere a mí, por mi actitud
¿Qué le voy a hacer si tengo el alma de Romeo?
Y le pongo una bachata mientras se lo meneo
Eso sí es rapero (Ja)

[Interludio: Yung Beef]
(Ah, ah) Yung Beef
Aye, you Biggie, what up?
Stevie, uh

[Verso 2: Yung Beef]
Ya no jodo con Jesucristo (Nah)
Al demonio le gusta como visto (Wah)
Yo quiero que se peleen, que haya conflicto (Uh)
Loco, te cojo un Winston
Con el conjuntillo rosa, Killa Cam (Deeper)
Yo estoy haciendo guita, lo que tú hagas me da igual ya (Swa')
El Khaled, el Dani, el Seco (PXXR GVNG)
Viviendo lo que tú no vas a vivir por mamahuevo (Mamahueish)
Lila, tú no puede' ser un salsero (Ay)
Si nunca has parti'o un par de panderos (Pa)
Si nunca has vendi'o uno entero (Hmm)
Esto es música pa' contar dinero (Count music)
Tengo a tu gatita ronroneando (Miau)
Con mi lana por el suelo, rodando (Uf)
'Tá empezando a llamarme Fernando (Oye)
De primera era guasa, ahora no sé, me está gustando
Porque a la verdad hace buenos deep throat
La estoy follando sin quitarle el gistro
Me pone crazy killa', negro gi'tro (Oh)
Le hago un par de fotito' sin filtro (Selfie)

[Verso 3: Khaled]
Quiero gritar ""socorro"" y me tapa la boca el demonio
Pero ahora, por lo menos, cuando pienso en ti no lloro
Pero ahora, por lo menos, cuando pasa la patrulla, no me escondo
Que to' lo que soñaba lo están viendo mi' ojo'
Ojalá que el que esté arriba se apiade de nosotros
عيينا من الخدمه
Pa' alguno' he toca'o cima, pa' otro' fondo
Decidme dónde pollas está el camino, que lo cojo
PXXR GVNG, no' vamo' a quedar con todo
Clocker' de Torro, aka Marlboro
Sabéis que cuando quiera os corto el rollo
Por eso tengo al triste en to'as las listas de moroso
Quiero quitarle a Booba el trono
Mama, no vo'a pisar más los calabozos"
151,1992812,PXXR GVNG & Takers,2330474,Nike Tiburon,es,"[Letra de ""Nike Tiburon""]

[Intro]
COKE

[Verso 1: Khaled]
Nunca he teni'o trabajo, mi perfil no era legal
Siempre me paran los payo', puta, abuso policial (Ja)
Ahora soy famoso y me escuchan en to' la'o (Ouh)
Ahora soy famoso puta, I don't give a fuck
Real trap, Taker' y PXXR GVNG son familia
Yo vo'a morir tranquilo, tú muerto de envidia
Yo 'toy en la cima, pe'azo 'e lila (Lila)
No he mira'o pa'tras en mi vida, [?]

[Verso 2: Israel B & Yung Beef]
Me hago una L con una china de gramo (China de gramo)
Y si no lo pides, mi hermano, pues no te lo paso (No te lo paso)
Llevo los ojos china'os, como un Camboyano (Camboyano)
Acabo a palos con mis hermanos, por un par de calos (Por un par de palos)
Menos mal que tengo to' el día a mi lado al Marko (Al Marcos)
Porque si no ya no recuerdo ni como me llamo (Ni como me llamo)
Fuck that
La puta, la droga te va a matar (Te va a matar)
Como a mi primo Antonio, descanse en paz (Que descanse en paz)
Escupo esta mierda, pa' salir de esta mierda (Pa' salir de esta mierda)
Pa' cenar con tu paya y que no me invite ella (No me invite ella)
Mira mama, estoy single, no tengo novia (No tengo novia; you, los Taker'; los PXXR)
Mira mama estoy casa'o con la paranoia (Uh)

[Verso 3: Yung Beef]
Mami 'toy en el trap, y si rapeo es porque veo money (Cash)
Un joseador, na' que ve' a esos huevone'
Cocaína y cordones, las TN sin cordone' (Cordone')
Me la' han quita'o para que no me ahorque esos maricone'
Yo soy pobre pero si quiero algo lo cojo (A Taker)
Yo soy pobre como el fuckin' Chavo 'el 8 (Money maker)
Yo soy pobre pero hacemos fajos gordo' (Yeah)
Yo no corro puta, voy andando cojo (Ja)
A ti te han chapea'o, eres un pato laquea'o
Yo estoy fumando loud, damn, huele de exagera'o (Jaja)
Ten cuidado manin, como es que estás pega'o
Si no eres de los míos, keloke you talk about?, pussy

[Estribillo: Hakim]
Con las Nike Tiburón, a 200 en el León
Cortándole inyección, 2 kilos, fuckin' combustión
Con las Nike Tiburón, a 200 en el León
Cortándole inyección, 2 kilos, fuckin' combustión

[Verso 4: Kaydy Cain]
Encuéntrame en el trap, Kaydy Cain
Que viva El Chapo, free Gucci Mane
Encuentrame en tu casa con tu mujer
Mientras hablo de negocios me hace de comer (COKE)
Lo estoy vendiendo bien, lo estoy vendiendo fácil, easy
Y el disco está en la calle
Nos patrocina Puma como a Balotelli
Tu vives una movie, una peli
Te-Te-Tengo niños en la calle trabajando el beef
Te pisaron la cabeza, por fin
¿Cómo te atreves a tirarme? Si yo como de esto
Y ahora estamos más ballin' que en baloncesto

[Verso 5: Marko Italia]
Con 16 se me ahogaba el skipper en la pira
Tu mujer me funde el móvil, piensas que es mentira
Yo le doy gracias a Dios, por la vida que he lleva'o
Que en la vida he madrugado na' mas que pa' bajar al juzga'o
De esa vida me he quita'o, ¿no me ves que ya estoy calma'o?
Ahora quiero mi trabajo y mi mujer tenerla al la'o
Solo vacila de piquetes si estas en mi bando
Tú eres un sapo con las Gucci de contrabando
Menos mal que no soy guapo
Que aunque vacile de ser pobre a la que quiera me la cargo

[Estribillo: Hakim]
Con las Nike Tiburón, a 200 en el León
Cortandole inyección, 2 kilos, fuckin' combustión
Con las Nike Tiburón, a 200 en el León
Cortandole inyección, 2 kilos, fuckin' combustión"
152,1992812,PXXR GVNG,494689,Pxxrin,es,"[Letra de ""Pxxrin""]

[Estribillo: Kaydy Cain & Yung Beef]
Sus beefeos me dan lache
Pero ya verás cuando te enganche
Te hacemos correr por tu calle
Hacemos bailar a las ratchet'
Tú quieres ser pobre sin faltarte na'
Yo quiero ser rico, pero soy PXXR GVNG
Las menore' quieren que seamos su' papá'
Sus padre' nos juran los muertos
Sus madre' nos quieren ver muertos
Porque las ponemo' a perrear en los conciertos (Skrrt, skrrt)
Somos los niños sin miedo
Somos los niños del medio

[Verso 1: Yung Beef]
Vamos a surtir, ya eso pa' que loki (Beefie)
El primer check-in y ya la cosa está apretá' (Ah)
Ya me la han querí'o jugar
Quiero irme bien lejos, donde no pueda' envidiarme (Na)
Nunca he deja'o de buscarme
Maricón, tú no eres calle (PXXR GVNG, baby)
Los más duro' en mi ciudad (Mi ciuda')
Y si voy pa' la tuya me lo tienes que mama'
La racheta está empapá'
La tenemo' haciendo twerk como si lo fuera a cobrar (Skii)
En la trap house una dispuesta siempre lo quiere cobrar
Di-Di-Dice que lo va a probar, pero no sabe si podrá (Ah)
Medio por el bollo y lo que quede por detrás (-Trá')
Y es que shorty, sabes que lo qué
Imagina que es 50 Cent
Dice que si se lo hacemos atrás, le va a entrar bien (Más bien, más bien)

[Interludio: Yung Beef]
Los más sweet
Los pobre', baby
El Dani, el Khaled
Yung Beef, baby

[Verso 2: Khaled]
Primo, ¿qué está' hablando?
Si pasa' al la'o mío y miras pa' abajo
Mientras tu novia me hace un gesto pa' que la llame en un rato
Me ha dicho que pa' que le dieras bien tiene' que pillar un gramo (Sahbo)
Yo me la llevo a perrea' y ya se está mordiendo los labios (Ay)
Pu-Puta, ¿qué está' hablando, a quién estás buscando?
Si voy sin camiseta y dando palmas por tu barrio
Me come la polla el más malo
Una semana en el Raval y parece que llevo do' año'
A mí me quieren en to' lado'
Los gypsies me dicen: ""Vente al cristo con lo' gitano'""
PXXR GVNG haciendo esto porque no hay trabajo

[Estribillo: Kaydy Cain]
Sus beefeos me dan lache
Pero ya verás cuando te enganche
Te hacemos correr por tu calle
Hacemos bailar a las ratchet'
Tú quieres ser pobre sin faltarte na'
Yo quiero ser rico, pero soy PXXR GVNG
Las menore' quieren que seamos su' papá'"
153,1992812,PXXR GVNG,2250284,Cigala,es,"[Letra de ""Cigala""]

[Pre-Estribillo: Yung Beef]
Co-co-coca y marihuana, nos vamos de gala
Te convierto el club en una boda gitana
Tangos y fandangos, tirando de pala
Lléname de oro, puta, soy el Cigala
Lléname de oro, puta, soy el Cigala

[Estribillo: Yung Beef]
Coca y marihuana, puta, soy el Cigala
Bodas gitanas, puta, soy el Cigala
Tangos y fandangos, puta, soy el Cigala
Treinta cadenas, puta, soy el Cigala
La gigi mueve el chocho con lo' 808 (Ay)
La gigi mueve el chocho con lo' 808 (Ay)
La gigi mueve el chocho con lo' 808 (Ay)
La gigi mueve el chocho con lo' 808 (Skrrt)

[Verso 1: Khaled]
Mi pa'e es Camarón y mi ma'e Cleopatra
Me creo el Cigala, siempre voy en chándal
Aunque haya gala, voy a seguir dando palmas
Bailando sevillanas con las payas
¿Qué sus pasa? pa' arrancarme tiene que haber grasa
Toma loco, póntela en mi guitarra
Que verás como me parto la garganta
Corto el aire como la cachaba
Mama, no quiero más drama
Quiero una gitana que se llame Samara
Cantar como si fuera el Cigala
Hacer conciertos por el Almanjayar
Comprarle a toda la familia un plasma
Jawa, PXXR GVNG son los que chanan
Ata la jaca a la estaca que si no te la clavan, mama
Me voy a comprar una esclava
Y un cordón de oro con tu cara

[Verso 2: Yung Beef]
Lléname de oro, puta, soy el Cigala
La puta, gitana, la coca, Guatemala
Dice que la pongo mala, yallah yallah
Que la lleve al Caribe pa' una cala
Tera, mira, sonando en la carretera
No soy un cualquiera, tengo money en la cartera
Estamos en el party con la gigi má' santera
Me la suda si es casá' o soltera
Tengo sortijas, tengo cadenas
Tengo burro' y cocaína
Gano en la música, lo invierto en la esquina
Pa' que lo baile tu prima
Esa gitana llora lágrima' negra'
Cuando le digo que voy pa' la guerra
Esa gitana llora lágrima' negra'
Con lo' flamenco' armao' y de fiesta

[Estribillo: Yung Beef]
Coca y marihuana, puta, soy el Cigala
Bodas gitanas, puta, soy el Cigala
Tangos y fandangos, puta, soy el Cigala
Treinta cadenas, puta, soy el Cigala
La gigi mueve el chocho con lo' 808 (Ay)
La gigi mueve el chocho con lo' 808 (Ay)
La gigi mueve el chocho con lo' 808 (Ay)
La gigi mueve el chocho con lo' 808 (Skrrt)

[Verso 3: Kaydy Cain]
Que la chupe 2 Chainz, yo soy el Cigala
Llevo nueve cadenas y ninguna es mala
Undebel, qué bonita es la mañana
Salgo a la calle con los oros y en pijama
Las niñas me tocan las palmas, soy el Cigala
La coca me la traen a casa, soy el Cigala
La party dura 3 días, cantando alegrías
Que dios bendiga a la mama mía
Que la chupe 2 Chainz, yo soy el Cigala
Llevo 9 cadenas y ninguna es mala
Undebel, que bonita es la mañana
Salgo a la calle con los oros y en pijama

[Estribillo: Yung Beef]
Coca y marihuana, puta, soy el Cigala
Bodas gitanas, puta, soy el Cigala
Tangos y fandangos, puta, soy el Cigala
Treinta cadenas, puta, soy el Cigala
La gigi mueve el chocho con lo' 808 (Ay)
La gigi mueve el chocho con lo' 808 (Ay)
La gigi mueve el chocho con lo' 808 (Ay)
La gigi mueve el chocho con lo' 808 (Skrrt)"
154,1992812,PXXR GVNG & Takers,2419547,No Es Por El Dinero,es,"[Letra de ""No Es Por El Dinero""]

[Verso 1: M. Ramírez]
Nos criamos en la calle, donde nadie vale un cheli
Donde todo lo que pasa de esquina a esquina es la poli
Y si sales, no sabes lo que te depara
Cuando juegas en la calle no sabes con quién te casas
He vivido y he crecido con los míos hasta que la chiva entró como el desvío de un tiro en medio de la habitación
Con tu chica rogándome, que le estás dando a la pipa
Que haga algo con tu vida, que ella todavía confía
El Trece estaba esperando a Carlitos
Y le sacaron a tiritos, un dominico, por chivata
Ahora te das cuenta de lo que vale la vida
Ahora no me atracan pa' fumar crack en la pira
Fichando al narco, de las diez hasta las cuatro
Cuidando mi Colombia, viajando volvió sin mano
Nos arriesgamos a perderlo todo por un puñao' de jalleres
Apostamos por la única frontera de la calle
Yo soy rap de verdad, no me perdí esa clase
Ellos no son productores pero hacen base
Ahora sólo pido paz para los que se fueron
Desde el trece de la orden, allá donde mis canelos

[Estribillo: Marko Italia]
Dime qué está pasando, what's goin' on?
Chavales de mi edad en academias policiales
Dime qué está pasando, what's goin' on?
Los críos de mi barrio empotrándose en cristales

[Verso 2: Marko Italia]
Dime qué esta pasando, what's goin' on?
Soy Marvin, te estoy contando la situación
Este era yo hace quince años, antes de dar mil palos
Ahora ya estoy pegao', primo, y me he puesto un piano
Hablas de Chevy Impala
Mientras tu puta va contando por ahí que es de las caras
Se junta con mi banda, la reina de las arcadas
Si se cruza con tu clicka ni con 1000 euros la pagas (Marko Italia)
Tengo pendientes varios juicios, todos por tu vicio
Pero sigo vivo
Viendo desde arriba qué tristes sois tos' mis enemigos
Sumo y sigo
Y por mucho que te joda, maricón, he acabao' contigo

[Verso 3: Markés/Israel B]
Siempre voy en chándal como si me apellido Ruggiero
Y entro al evento sin mirar ni al portero
Porque sé dónde vengo, porque sé a dónde voy
Aunque no sé donde estaré mañana, sé dónde estoy hoy
Con OG's certificaos', pa' mi ganar está chupao'
He perdido diez kilos, tu bitch me está dejando chupao'
No es la droga aunque te joda
Yo en dos años, Singapur; tú, amoniaco en el carrete Kodak
Mami, sólo pienso en conseguir money
Como cuando estaba en la street con las running
Como cuando estaba en la street con el runner
Ahora ya ni tengo el runner, sólo planes, bitch
Sacar al booty a hacer millones, bitch
Hacerme rich, sólo pa' que tú lo veas, bitch
No te quiero prima pero te quiero partir
Multiplicar lo poco que teníamos, fácil like parchís

[Verso 4: Kaydy Cain]
Estamos cambiando el juego, eso es cierto
Pero no puedo dejar de decir ""lo siento""
Lo tiro al suelo por mis presos, por mis muertos
No salgo a la calle si no me ha da'o un beso
Yo estaba perdido en el callejón
Ahora ayudamos que otros salgan, esto es La Vendición
Tengo a las gatitas escuchando mi oración
Y tenemos a los menores haciendo otra canción
Hace dos años nunca había cogido un avión
Ahora tengo pasaporte y también un jet lag cabrón
Bendiciones, para la gente que se escucha mis canciones
Y quieren meterme preso aunque ya me haya quitado
Aunque tenga a mis hermanos trabajando en ese lado
Yo estoy con La Vendición, yo ya casi me he quitado
Ahora estoy ayudando a mis hermanos

[Verso 5: Khaled]
Estoy algare'
A mí no me quiere naide, sólo tengo la calle
Mi mae' enfadá' conmigo porque estoy hecho un desastre
Me ha dejao' hasta la parien', compa're
Si no has pasao' hambre, aquí no cabes
Que tú ni robabas ni vendías, te lo daban tus padres
Pa' qué tiraros beef, si al final to' se sabe
Al final mato a alguien
Que tengo puñalás' pero ninguna echa sangre

[Verso 6: Yung Beef]
Yo hace años lo juré, voy a vivir del cante
Me escribía cancioncillas pa' intentar buscarme
Escribía lo que veía cuando salía a buscarme
Estaba perdí'o, dando pena en la calle
Andé caminos que nunca debí de andar
Chingándome a demonias que nunca debí chingar
Le dí comida a falsos y no me arrepiento
Yo soy de barrio, yo vivo del sufrimiento
Y mama, que no es por el dinero
Porque con eso no se cura la penica que tenemos
Y mama, que no es por el orgullo
Que si los he mata'o es pa' poder decir a mi baby
Que to' esto es tuyo
Y mama, que no es por el dinero
Porque eso no nos cura la penica que tenemos
Y mama, que no es por el orgullo
Que es pa' decirle a mi hijo: ¿ves to' esto? Ahora es tuyo

[Estribillo: Marko Italia]
Dime qué está pasando, what's goin' on?
Chavales de mi edad en academias policiales
Dime qué está pasando, what's goin' on?
Los críos de mi barrio empotrándose en cristales"
155,1992812,PXXR GVNG,2344482,Tu Coño Es Mi Droga,es,"[Letra de ""Tu Coño Es Mi Droga""]

[Coro: Kaydy Cain]
Tu coño es mi droga, tu coño es mi droga
Tu coño es mi droga, tu coño es mi droga
Tu coño es mi droga, tu coño es mi droga
Tu coño es mi droga, tu coño es mi droga
Tu coño es mi droga, tu coño es mi droga
Tu coño es mi droga, tu coño es mi droga
Tu coño es mi droga, tu coño es mi droga
Tu coño es mi droga, tu coño es mi droga
Tu coño es mi droga, tu coño es mi droga
Tu coño es mi droga, tu coño es mi droga
Tu coño es mi droga, tu coño es mi droga
Tu coño es mi droga, tu coño es mi droga
Tu coño es mi droga, tu coño es mi droga
Tu coño es mi droga, tu coño es mi droga
Tu coño es mi droga, tu coño es mi droga
Tu coño es mi droga, tu coño es mi droga

[Verso 1: Yung Beef]
Tu coño es mi droga, tengo baking soda (Skrrt)
Vamo' a cocinar to' eso mamá, vamo' a hacer dollar
Me tiene jukiao como pajarico
Me tiene engancha'o como Paco al pico
Te entro con otro tema pero tú sa'e quiero droga
En la mirada me se nota, yo lo que quiero es tota
Tu coño me produce fucking drogadicción
Quiero darte duro a toa's horas
Hold up, tu coño es mi droga

[Coro: Kaydy Cain]
Tu coño es mi droga, tu coño es mi droga
Tu coño es mi droga, tu coño es mi droga
Tu coño es mi droga, tu coño es mi droga
Tu coño es mi droga, tu coño es mi droga
Tu coño es mi droga, tu coño es mi droga
Tu coño es mi droga, tu coño es mi droga
Tu coño es mi droga, tu coño es mi droga
Tu coño es mi droga, tu coño es mi droga
Tu coño es mi droga, tu coño es mi droga
Tu coño es mi droga, tu coño es mi droga
Tu coño es mi droga, tu coño es mi droga
Tu coño es mi droga, tu coño es mi droga
Tu coño es mi droga, tu coño es mi droga
Tu coño es mi droga, tu coño es mi droga
Tu coño es mi droga, tu coño es mi droga
Tu coño es mi droga, tu coño es mi droga

[Verso 2: Kaydy Cain]
Tu coño es mi droga, me chupa la polla hasta que se ahoga
La unto el toto en momo y se lo chupo
Soy un cliente fijo, siempre me da mucho
Porque sabe que no voy a fallar
Que la voy a follar, que la voy a hacer gozar, aah, aah (Aaah)

[Puente: Kaydy Cain]
Si ella lo mueve tiembla el suelo, estoy enganchado
Si me la chupa veo el cielo, estoy enganchado
Y es que yo no sé, qué tengo que hacer pa' quitarme sin enloquecer
Si ella lo mueve tiembla el suelo, estoy enganchado
Si me la chupa veo el cielo, estoy enganchado
Y es que yo no sé, qué tengo que hacer pa' quitarme sin enloquecer

[Coro: Kaydy Cain]
Tu coño es mi droga, tu coño es mi droga
Tu coño es mi droga, tu coño es mi droga
Tu coño es mi droga, tu coño es mi droga
Tu coño es mi droga, tu coño es mi droga
Tu coño es mi droga, tu coño es mi droga
Tu coño es mi droga, tu coño es mi droga
Tu coño es mi droga, tu coño es mi droga
Tu coño es mi droga, tu coño es mi droga
Tu coño es mi droga, tu coño es mi droga
Tu coño es mi droga, tu coño es mi droga
Tu coño es mi droga, tu coño es mi droga
Tu coño es mi droga, tu coño es mi droga
Tu coño es mi droga, tu coño es mi droga
Tu coño es mi droga, tu coño es mi droga
Tu coño es mi droga, tu coño es mi droga
Tu coño es mi droga, tu coño es mi droga"
199,3460412,YouTube,4141489,YouTube Rewind 2018: Everyone Controls Rewind,en,"Aaaah
It's Rewind time
If I controlled Rewind I would want Fortnite and Marques Brownlee
- Is this what you wanted?
- You know who I would have asked for?
- Quit horsing around. Play me some of that jumping music
Yeah baby, I like it like that
- Ok... Did you say jumping music?
- Jumping music?
You gotta believe me when I tell you
I said I like it like that
- Todo el mundo! Fuera!
You gotta believe me when I tell you
I said I like it like—
Yeah they call me Cardi B, I run this **** like cardio
- Not even a thank you?!
Yeah they call me Cardi B, I run this **** like cardio
Cardio, cardio
I said I like it like that
- Is this Marques?
- Quiero a Liza
- Yeaaaaaahhhh!!

- So guys, apparently we control Rewind this year
Y’all, we can do whatever we want. What do we do?
- There's one thing this video needs. K-pop!

[BTS: Idol]
You can call me artist (Artist)
You can call me idol (Idol)
아님 어떤 다른 뭐라 해도 (해도)
I don't care
I never gon’ change (I never gon' change)
I never gon' trade (Trade off)

- Can I have a Royal Wedding?
- Yeah, but you're marrying Bongo Cat
- Wait, what?

[BTS: Idol]
Oh-oh-owoah
Oh-oh-owoah-owoah
Oh-oh-owoah
덩기덕 쿵더러러 (얼쑤)

- Rewind needs more science
- Can we do an experiment?
- Love that! Melting lipsticks!

[BTS: Idol]
덩기덕 쿵더러러
(Hoo hoo) 얼쑤 좋다

- I want to eat something
- Mukbang!
- Mukbang!
- Yes, let's do it in Korea!

Now I like dollars, I like diamonds (Hoo hoo)
I like stunting, I like shining
I like million dollar deals
Where's my pen? ***** I'm signin'
- Gallop, what do you want?
I like those Balenciagas, the ones that look like socks
I like going to the jeweler, I put rocks all in my watch

I said I like it like that
- Marshmello needs to be in this video
- Who is Marshmello?
- How about yodeling kid?
- With Adam Rippon!
Hoo hoo
I said I like it like that
Run this **** like cardio (Hoo hoo)
Run this **** like cardio (얼쑤 좋다)
Run this **** like cardio
You can’t stop me loving myself
Run this **** like cardio
Run this **** like cardio (얼쑤 좋다)
- Guys, let’s do the ""In My Feelings"" challenge
- Right!

[Drake: In My Feelings]
Kiki, do you love me?
- I love this song!
- Agora vamo' fazer o remix, vai!
Kiki, do you love me? Are you riding?
Say you’ll never ever leave from beside me
'Cause I want ya, and I need ya
And I'm down for you always
KB, do you love me? Are you riding?
Say you'll never ever leave from beside me
’Cause I want ya, and I need ya
And I'm down for you always
Kiki, do you love me? Are you riding?
Say you'll never ever leave 'cause I loved you...

- Wait, wait, wait. Hold on, hold on! You know who really needs to be in this Rewind video? Everyone who managed to do something bigger than themselves this year. Who found a way to help the causes that matter to them most
- To everyone who proved it's ok to talk about mental health this year, and showing our viewers that it's ok to go through tough times like that
- It takes a lot of bravery to be that vulnerable and I'm so proud of this community
- I think this year's Rewind should celebrate the fierce, fabulous and empowering art of drag
- I want to see all of you be your own kind of beautiful
- And to those people who have raised money in the field of education
- Can we also give a moment to Asian representation in entertainment this year?
- Major strides were made
- And to the people who put aside their differences
- Yeah, and created something really special
- Here's to all women in 2018 finding their voices
- Foi muito bacana ver como as mulheres cresceram este ano, elas ganharam poder
- Can we give a moment to working moms?
- Let's do it
- E a todo mundo que ensinou
- Ou que aprendeu alguma coisa nesse ano
- And to all the refugees and anyone looking for a home
- Todos nosotros deberíamos enviarles un saludo a los niños que siguen sus sueños
- Yo quiero agradecer a toda la comunidad que siempre apoya en buenas y malas
- Kita adalah keluarga
- Kita adalah tim
- Family is everything
- I want to give a moment to everyone who supported me when I got sick
- All of the comments and messages I got made me feel like I wasn't alone
- We're forgetting something
- I think we should read the comments
- Yeah I have a feeling this is going to get a little bit crazy
- Let's give the people what they want

I said I like it like that, I like it like that
Had to have high, high hopes
I said I like it like that, that, that
Diamond district in the chain, chain
Certified, you know I'm gang, gang, gang, gang
Had to have high, high hopes (Drop the top and blow the brains)
Always had high, high hopes (Oh, he's so handsome, what's his name?)
Had to have high, high hopes for a living
Always had high, high hopes
Didn't know how but I always had a feeling
Had to have high, high hopes for a living
I was gonna be that one in a million
Always had high, high hopes for a living
Didn't know how but I always had a feeling
I was gonna be that one in a million
Always had high, high hopes for a living (Lately, I've been)
Didn't know how but I always had a feeling (I've been thinking, I want you to be happier)
I was gonna be that one in a million
Always had high, high hopes
Baby shark, doo doo doo doo doo doo
Baby shark, doo doo doo doo doo doo
I want you to be happier
So I'll go, I'll go
I will go, go, go

- Ahahaaa! Ah, that's hot, that's hot"
200,3460412,YouTube,3356804,YouTube Rewind: The Shape of 2017,es,"[Stephen Colbert]
Welcome back to YouTube Rewind, we've got two special guests with us
Okay Lele and Liza, tell me about 2017

[Luis Fonsi, Daddy Yankee and Ed Sheeran]
Oh no
Hey. yeah!
Despacito
Quiero respirar tu cuello despacito
Deja que te diga cosas al oído
Para que te acuerdes si no estás conmigo
(
Sube, sube, sube, sube, sube
)
(
I'm in love with the shape of you
)

Quiero ver bailar tu pelo, quiero ser tu ritmo (
woah, woah
)
Que le enseñes a mi boca (
woah, woah
)
Tus lugares favoritos
(
I'm in love with your body
)

Pasito a pasito, suave suavecito
Nos vamos pegando, poquito a poquito
(
I'm in love with the shape of you
)
Hey, yeah! (Hey yeah, hey yeah)

[Kendrick Lamar and Ed Sheeran]
Nobody pray for me
It been that day for me
Waaaay, yeah, yeah!
(hol up, hol up, hol up, hol up) Sit down
(hol up, hol up, hol up, hol up) Be humble
(hol up, hol up, hol up, hol up) Sit down
Be humble
(hol up, hol up, hol up, hol up) Sit down
Sit down (yeah!)
(
Everyday discovering something brand new, brand new
)

[Ed Sheeran]
(Now I'm singing like) Now I'm singing like
Girl you know I want your love
Your love was handmade for somebody like me
I may be crazy, don't mind me
Say, come on now, follow my lead
I'm in love with your body
Oh-I-Oh-I-Oh-I-Oh-I (come, come on now, follow my lead)
Come, come on now, follow my lead
I'm in love with the shape of you
Oh-I-Oh-I-Oh-I-Oh-I
Come, come on now, follow my lead
(Come, come on now, follow my lead) I'm in love with your body
Come on, be my baby, come on
Come on, be my baby, come on
Come on, be my baby

[Kendrick Lamar]
Hol' up

(Instrumental of Shooting Stars by Bag Raiders plays)

[Ed Sheeran]
Oh-I-Oh-I-Oh-I-Oh-I
Oh-I-Oh-I-Oh-I-Oh-I

[Kendrick Lamar]
This that Grey Poupon, that Evian, that TED Talk
Sit down, be humble
Sit down, be humble
Sit down, be humble
Sit down

[Ed Sheeran]
Oh-I-Oh-I-Oh-I-Oh-I

[Smash Mouth]
Somebody once told me the world is gonna roll me (world is gonna roll me)

[Alessia Cara]
Stay, stay, stay, stay, stay

[Kendrick Lamar]
Hol' up

[Alessia Cara]
All you have to do is stay a minute
Just take your time
The clock is ticking, so stay, a second
Your hands on mine (on mine)
The clock is ticking, so stay
All you have to do is stay

[News Reporters]
...much of the Houston area is still in a state of disrepair
...received reports of an explosion
...organizer el concierto de Ariana Grande
...మెక్సికోలోనే గత 100 ఏళ్ళలో అత్యంత తీవ్రతరమైన
...this is a very difficult time, but we've been through very difficult times before
...so many brothers and sisters that have come to help
...the community rallying to show its support
...junto con voluntaries se organizaron para retirar los escombros
...long lines are now wrapping around one of the blood banks
...and that are doing all they can and are helping
...le vivre ensemble, c'est bien, mais construire ensemble, c'est encore mieux
...this is a moment where we stand up for one another

[Justin Bieber and DJ Khaled]
Yeah, you're lookin at the truth, but money never lie, no
I'm the one, yeah, I'm the one
Early morning in the dawn, know you wanna ride now (
Let's ride
)
(I'm the one, yeah)

[Daddy Yankee]
Si te pido un beso, ven, dámelo, yo sé que estás pensándolo
Llevo tiempo intentándolo, mami, esto es dando y dándolo
Sabes que tu corazón conmigo te hace bang-bang
Sabes que esa beba está buscando de mi bang (bang, bang, bang, bang, bang)

[Justin Bieber, Kendrick Lamar and DJ Khaled]
Don't you know girl, don't you know girl
I am the one for you (
My left stroke just went viral
)
Don't you know girl, don't you know girl
I am the one for you (
Let's ride
)

[Alessia Cara and Kendrick Lamar]
All you have to do is stay (
sit down
)
Just take your time
(
sit down, sit down, be humble, be humble
)

[Voices]
Floor is lava!
Floor is lava!
Floor is lava!

[Daddy Yankee, Poppy and Big Shaq]
Pasito a pasito, suave suavecito
Nos vamos pegando, poquito a poquito (I'm Poppy)
Pasito a pasito, suave suavecito
Nos vamos pegando, poquito a poquito (Man's not hot!)

[Alessia Cara and Ed Sheeran]
Guess I need you (
Come on, be my baby
)
And I need to (
Come on, be my baby
)
Guess I need you
All you have to do is stay a minute
Just take your time

[Justin Bieber]
Yeah, you're sick of all those other imitators
Don't let the only real one intimidate ya

[Ed Sheeran and Kendrick Lamar]
Oh-I-Oh-I-Oh-I-Oh-I (
Nobody pray for me, even a day for me
)
Everyday discovering something brand new (
Waaaay
)
I'm in love with the shape of you

[Kendrick Lamar]
Nobody pray for me
Even a day for me (even a day for me)

[Alessia Cara]
Make it on your own, but we don't have to grow up
We can stay forever young
All you have to do is stay (stay, stay, stay)

[Stephen Colbert]
Sorry guys, looks like you were interrupted there
You were about to tell me about 2017?
[Liza Koshy]
It was, uh, it was, it was good...
[Lele Pons]
..okay"
303,344604,Hombres G,1317761,Venezia,it,"[Letra de ""Venezia""]

[Intro: Javier Molina]
Io sono il capone della mafia
Io sono il figlio della mia mamma
Tu sei uno stronzo di merda, ¡ja ja ja!
E un figlio di troia in Venezia
Venezia, Venezia
Venezia, cha, cha, cha!
Lo tengo preparado, tengo las maletas
Vamos juntos hasta Italia
Quiero comprarme un jersey a rayas
Pasaremos de la mafia
Nos bañaremos en la playa

[Verso 1: David Summers]
Io sono il capone della mafia
Io sono il figlio della mia mamma
Tu sei un stronzo di merda
E un figlio di troia in...

[Puente 1: David Summers, Javier Molina, Daniel Mezquita]
Venezia (Quiero spaghetti...)
Venezia (...Y mozarella)
Venezia (Quiero tirarme...)
Venezia (...A Donnatella)
¡Cha, cha!

[Pre-Coro: David Summers]
Lo tengo preparado, tengo las maletas

[Coro: David Summers]
Vamos juntos hasta Italia
Quiero comprarme un jersey a rayas
Pasaremos de la mafia
Nos bañaremos en la playa
Vamos juntos hasta Italia
Quiero comprarme un jersey a rayas
Pasaremos de la mafia
Nos bañaremos en la playa

[Verso 2: David Summers]
Stavamo per farci la numero mile
Cuando arrivó la guardia civile
Io sono al capone della mafia
Si non le prenti ti spacco...

[Puente 2: David Summers, Javier Molina, Daniel Mezquita]
La faceia (Quiero spaghetti...)
La faceia (...Y mozarella)
La faceia (Quiero tirarme...)
La faceia (...A Donnatella)
¡Cha, cha!

[Pre-Coro: David Summers]
Lo tengo preparado, tengo las maletas

[Coro: David Summers]
Vamos juntos hasta Italia
Quiero comprarme un jersey a rayas
Pasaremos de la mafia
Nos bañaremos en la playa
Vamos juntos hasta Italia
Quiero comprarme un jersey a rayas
Pasaremos de la mafia
Nos bañaremos en la playa

[Outro: Coro de niños]
Vamos juntos hasta Italia
Quiero comprarme un jersey a rayas
Pasaremos de la mafia
Nos bañaremos en la playa"
340,344604,Hombres G,2241293,Venecia,,"...Io sono il capone della mafia
Io sono il figlio della mia mamma

Tu sei uno stronzo di merda JA! JA! JA!
E un figlio di troia in Venezia
Venezia...
Venezia...
Venezia... CHA! CHA! CHA!

Lo tengo preparado, tengo las maletas
Vamos juntos hasta Italia, quiero comprarme un jersey a rayas
Pasaremos de la mafia, nos bañaremos en la playa

Io sono il capone della mafia
Io sono il figlio della mia mamma
Tu sei un stronzo di merda
E un figlio di troia in Venezia
(Quiero spaghetti...)
Venezia...
(...Y mozarella)
Venezia...
(Quiero tirarme...)
Venezia...
(...A Donnatella)

Lo tengo preparado, tengo las maletas
Vamos juntos hasta Italia, quiero comprarme un jersey a rayas
Pasaremos de la mafia, nos bañaremos en la playa...

Vamos juntos hasta Italia, quiero comprarme un jersey a rayas
Pasaremos de la mafia, nos bañaremos en la playa...

Stavamo per farci la numero mile
Cuando arrivó la guardia civile

Io sono al capone della mafia
Si non le prenti ti spacco la faceia
(Quiero spaghetti...)
La faceia...
(...Y mozarella)
La faceia...
(Quiero tirarme...)
La faceia...
(...A Donnatella) CHA! CHA!

Lo tengo preparado, tengo las maletas
Vamos juntos hasta Italia, quiero comprarme un jersey a rayas
Pasaremos de la mafia, nos bañaremos en la playa

Vamos juntos hasta Italia, quiero comprarme un jersey a rayas
Pasaremos de la mafia, nos bañaremos en la playa

Vamos juntos hasta Italia, quiero comprarme un jersey a rayas
Pasaremos de la mafia, nos bañaremos en la playa"
401,614962,Kidd Keo,3253751,Foreign,en,"[Intro]
Livinlargeinvenus
Hold on!

[Chorus]
I got a new girl and she foreign
When the sun goes down, mami never gets bored (Nah)
She comin' with me when I'm touring (Okay)
And every city we step, mami ridin' like she's from there (Oh, God)
Like she from there, she riding like she from there (She wa')
Like she foreign, she ride me different always (She wa')
Like she from there, she riding like she from there (She wa')
Like she foreign, she ride me different always

[Verse 1]
I got a new girl from Dubai (From Dubai)
She know my name, but she love to call me bae, ayy (She call me bae)
She ride me dirty in L.A. (Skrrt, skrrt, skrrt)
But she on her mami's shit when we came back to Spain-ain (Mami, mami)
Mi chica no es de por aquí (No)
Ella es blanca como Europa, pussy como Medellín-llín (Yeah, yeah, yeah)
Estuvo en party por París (París)
Y me lo estuvo dando todo cuando estabamo' en Berlín-lín
Hold on, wait a minute
(Hold on, wait a second, what up?) Eh, eh, eh
Maybe have you seen my girl around this spot, ayy (Have you seen my girl?)
She was making business (She was—, right there, right there)
I don't know the fuck she do when where the shooters at, ayy (Psh-psh-psh)
You know, baby, all the money I'ma spend it all with you (Prr; skrt )
Y todas esas que hatean en verdad quieren ser como tú (Quieren serlo)
So baby, baby lemme get high, lemme flex on you (Around you)
Estamos siempre, siempre haciendo money, ya quisieran hacer tanto flush, aye (Uh, uh)

[Chorus]
I got a new girl and she foreign
When the sun goes down, mami never gets bored (Never)
She comin' with me when I'm touring (Skrt-skrt)
Every city we step, mami ridin' like she's from there (She from there)
Like she from there, she riding like she from there (She ride)
Like she foreign, she ride me different always (She ride)
Like she from there, she riding like she from there (She ride)
Like she foreign, she ride me different always (Oh)

[Verse 2]
""Come on, baby, pull up"" (Skrt, skrt)
Then she pulled up so hard (Goddamn!)
Oh, she's driving me crazy, and she ain't even have a car (Skrt, skrt)
I don't know why everybody want her (What?), even haters getting mad
But she loves me so good (Yeah), she knows Keo getting guap (Getting guapo)
Estamos cashin', estamos cashin'
Estamos haciendo pila, manin, te lo juro (Te lo juro)
Y todo eso vale mierda si me paso una noche sin tu culo (Te lo juro)
Si tú eres mía, tú eres mía, solo mía, mami, yo eso te lo juro (I swear)
Y sabes que como yo te lo hago por aquí no lo va a hacer ninguno
I'm in clean money like a jeweler, ayy
Soon I'ma 'come a jeweler (Prr-prr-prr)
Mama screaming, ""Hallelujah""
Now we got money spittin' like a shooter
We are the party twistin', vaya lío (Yo)
Cita sin sex y pussy like a río (Ayy)
'Tá tan caliente, siempre tiene frío
Quiere cariño, quiere estar conmigo
Stay on my lane, tell up, stay on my lane (Bang, bang)
And get money all different ways (Okay)
Stay on the flame, my chica, if she's from the flame (Yeah, yeah, yeah)
The pussy got all different tastes
She's like the queen (What?), she's like the promethazine (What?)
Every time I fuck her I get high like is Lean (What?, what?)
I see you purple, I love the Codeine (Hold on)
I see you purple, that pussy is Codeine, hey! (Oh, what? Ayy)

[Chorus]
I got a new girl and she foreign
When the sun goes down, mami never gets bored (Never)
She comin' with me when I'm touring
And every city we step, mami ridin' like she's from there (She ridin')
Like she from there, she riding like she from there (She wa')
Like she foreign, she ride me different always (She wa')
Like she from there, she riding like she from there (She wa')
Like she foreign, she ride me different always"
402,614962,Kidd Keo,3397349,Superstars,en,"[Letra de ''Superstars'']

[Intro: Kidd Keo]
Yeah
Bang
Yo', yeah
SHB
Yeah

[Estribillo]
Finally we coming off the dark (Off the dark)
The homie selling, trying to come off the block (Man, off the block)
I'm on my shit, my gang don't give a fuck (Ain't give no fuck)
All they know is fuck up parties, trap a lot (Trap a lot)
I got my people living like they're superstars (Like superstars)
I got my people living like they're superstars (Like superstars)
I got my people living like they're superstars (Like superstars)
I got my people living like they're superstars (Like superstars)

[Verso 1]
Finally we coming off the hood (Gang)
I leave alone my mom and now she's living good (I love you, mom)
Since I was a kid I knew I was the one (Yes, the one)
I don't wanna see my homies selling none (Ain't no try)
I had a girl but she threw me to the trash (Buagh)
She met me on the block when I was chasing bands (Around, my man)
Me dejó roto el pecho y no la volví a ver (Gang)
Me lo arreglé gastando billete' de cien (I'll make it rain)
La vida es puta y yo la puse del revés (Turn it around)
No tengo tiempo pa' prestárselo a una ex (Let's fuck around)
I need the money, yo tengo cosas que hacer (Money)
My mom is poor and all my brothers in the trap (On the trap)
I'm chasing money with my people, fuck up commas with my fam (What?)
No te quieren si en verdad no le' importa verte caer (What?)
I gotta apologize my manners with who really fuck with me (I'm sorry)
Trying get it, harder do it when nobody loved me

[Estribillo]
Finally we coming off the dark (Off the dark)
The homie selling, trying to come off the block (Man, off the block)
I'm on my shit, my gang don't give a fuck (Ain't give no fuck)
All they know is fuck up parties, trap a lot (Trap a lot)
I got my people living like they're superstars (Like superstars)
I got my people living like they're superstars (Like superstars)
I got my people living like they're superstars (Like superstars)
I got my people living like they're superstars (Like superstars)

[Verso 2]
I remember when I was tryna get it by my own (Own)
I was making all these clothes and with the homie selling dope (Designer)
I remember when I was by myself and by my own (Own)
I had a baby by my side who tryna teach me how to love (How to love)
I came from the bottom, puta, yo soy como soy (All my deal)
Sé de donde vengo, mami, sé pa' donde voy (Nyum!)
I'm from the block, I get the guap, I got no time to love, no thot (No)
Got my brothers selling coke, molly, trucks, to get the guap (Trap, trap, trap, trap)
Y'all be talkin' 'bout my people like you wanna have a problem (Prr)
Better don't fuck with the Keo while the Keo get the money
All my people had to trap, trying it turn it into something (Had to trap)
I turned out, bitch on my back, it's gonna kick ya all in troubles (Prr)
I smoke two blunts and now I'm passed out (God damn)
I got your girl, she makes that ass bounce (Bounce that ass)
I had to push it all the streets, to make it out
Gang shit and bad hoes and money, what my fame about (SHB)

[Estribillo]
Finally we coming off the dark (Off the dark)
The homie selling, trying to come off the block (Off the block)
I'm on my shit, my gang don't give a fuck (Ain't give no fuck)
All they know is fuck up parties, trap a lot (It's trap a lot)
I got my people living like they're superstars (Like superstars)
I got my people living like they're superstars (Like superstars)
I got my people living like they're superstars (Like superstars)
I got my people living like they're superstars (Like superstars)

[Outro]
Y'all my people only live like superstars, man"
407,614962,Kidd Keo,3598508,Igot,en,"[Letra de ""Igot""]

[Intro]
Yeah
I got hoes, I just need one ring
One ring, one ring, yeah
I got money enough to spend
Enough to spend, yeah, ayy
Keo, look (Enry-K beats, bitch), ayy

[Estribillo]
I got hoes, I just need one ring (Nasty)
I got money enough to spend (Prr)
You got a hit, boy, I've got like ten (Skrrt)
Dope and killers around this thing (Pew, pew)
I got my gang, I don't need no friends
All these haters look me like ""Damn""
To'a esa' puta fuera el sostén
M'en bats les couilles, negro, que les den (Fuck 'em)
I got hoes, I just need one ring (Prr)
I got money enough to spend
You got a hit, boy, I've got like ten
Dope and killers around this thing
I got my gang, I don't need no friends
All these haters look me like ""Damn"" (What you looking at?)
To'a esa' puta fuera el sostén (Ayy)
M'en bats les couilles, negro, que les den

[Verso 1]
What's your price, boy, I've got the plug (Prr)
DBTrap 'cause we trap a lot (Trap)
We got the bricks and we build like Bob
Sauvage Vie is all in my blood
Sauvage Vie is all in my fila
Touch me and they touch the trigger
Keo started with eight on Relax
Now is fifty dealers and a hundred killers
I got green in my spot (Where?)
Hush and lean in my blood
I got mami in the fourth floor (Ah)
Checking out if there's some cops
Keo de vuelta al bloque (Where?)
Le dije al Popo ""No toques"" (What are you looking at?)
Semilla de albaricoque (What?)
Recto, firme y parao' como un poste

[Estribillo]
I got hoes, I just need one ring (Prr)
I got money enough to spend
You got a hit, boy, I've got like ten (Boss)
Dope and killers around this thing (Pew, pew)
I got my gang, I don't need no friends
All these haters look me like ""Damn"" (What you lookin' at?)
To'a esa' puta fuera el sostén
M'en bats les couilles, negro, que les den (Fuck 'em)
I got hoes, I just need one ring
I got money enough to spend (Prr)
You got a hit, boy, I've got like ten
Dope and killers around this thing (Pew, pew)
I got my gang, I don't need no friends (What you looking at?)
All these haters look me like ""Damn""
To'a esa' puta fuera el sostén
M'en bats les couilles, negro, que les den

[Verso 2]
I made this bitch going down so easy (Bitch)
If I throw it up she'd come back like a Frisbee (Pew, pew)
Now she miss me, she needs me
I picked the phone, I'm so busy (Prr)
Smoking this cheesy (Yes)
Run around upon Bakel City (Skrrt)
Dont show up aroun Gotham district (Skrrt)
Look the way that a man being speaking
That's a fact that I ain't no civilian (Ni-no, ni-no)
All my homies they're trappers (Ayy)
They stacking money on boxes (Where?)
If you wanna blow call Casper
See a opp or a cop and we know the process
To' lo que sé es por el money (Gang)
Vendiéndole verde al publi en el party (Gang)
Nunca– por hobby
You talking dirty (Enry-K Beats, bitch)
Shots on your body like rojo Ferrari (Pew, pew)

[Estribillo]
I got hoes, I just need one ring
I got money enough to spend (Prr)
You got a hit, boy, I've got like ten (Boss)
Dope and killers around this thing (Pew, pew)
I got my gang, I don't need no friends
All these haters look me like ""Damn""
To'a esa' puta fuera el sostén (Bitches)
M'en bats les couilles, negro, que les den (Bang)
I got hoes, I just need one ring
I got money enough to spend (What?)
You got a hit, boy, I've got like ten (Ayy)
Dope and killers around this thing (Pew, pew)
I got my gang, I don't need no friends
All these haters look me like ""Damn"" (Trap)
To'a esa' puta fuera el sostén (Ayy)
M'en bats les couilles, negro, que les den (Trap, trap)

[Outro]
Bang, bang!
Keo (Pew)
DBT (Pew, pew)
Bang
(Pew, pew)
(Pe-pe-pe-pe-pe-pe-pew, pew)"
411,614962,Kidd Keo,3244790,Understand Me,en,"[Letra de ""Understand Me""]

[Intro Videoclip: SuperStaar Beats, Kidd Keo]
SuperStaar, what the fuck have you created
(Oh lord, they don't understand me
I swear that they don't understand me
Mama, they don't understand me)

[Coro]
Oh lord, they don't understand me (No)
I swear that they don't understand me
Mama, they don't understand me
Oh, oh, oh
That's why I gotta do it by my own (By my own)
That's why I gotta get it by my own (By my own)
That's why I'm always walking by my own
That's why I'm always feel like I'm alone, yeah

[Verso 1]
Ellos no me entienden (Eh-heh)
No saben qué es ni qué se siente (¡No!, ey)
Corazón negro, mente en verde (SuperStaar)
Por eso es que no sé quererte (Be-Be-Be-Beats; yeah)
They don't understand me (Understand me)
My pocket's full, my heart is empty (Empty)
I went through much shit, my mind is crazy (SuperStaar), ey
Mom I'ma turn you rich, then blaze me (Be-Be-Be-Beats)
(Fight, fight!)
At the end fell in love with the commas (Yeah)
I did it for me and for my mom (Yeah)
De risa y de amor no sé nada (No)
Yo sé que no soy lo que esperabas (No)
Turn a Kid into the savage (Savage)
Shooting three times likes a FAMAS (Fah)
Three was the times I've run up (Yeah)

[Coro]
Oh lord, they don't understand me (Understand me)
I swear that they don't understand me
Mama, they don't understand me (SuperStaar Beats)
Oh, oh, oh
That's why I gotta do it by my own
That's why I gotta get it by my own
That's why I'm always walking by my own
That's why I'm always feel like I'm alone

[Verso 2]
I gotta get it by my own (Own)
I gotta get it all alone (Alone)
I gotta fight to get the throne (Fight!)
Me ven flexeando con el money (Flex)
No ven mi sangre en ese money (Flex)
Se creen que todo vino fácil (Yeah; SuperStaar)
Ve tú, pregúntale a mi madre (No; Be-Be-Be-Beats)
I got my own problems, don't put the blame on me (Fuck)
No me lo eches a mí
Never understand me (¡No!)
Yo ya tengo mis problemas, no me culpes a mí (A mí)
Mama, lo hice por ti (SuperStaar)
Rico antes de morir (Be-Be-Be-Beats; Por ti)
Oh, oh, oh
Cashin' the cash, mentaly ready for blast
My head on stress, la casa puesta del revés
I fight for me and for my fam (Fight, fight!)
Now we on a gang
We making the commas all that
Estábamos perdios', ahora prendíos'
Encontré mi camino dentro del game (Gang, gang!)

[Coro]
Oh lord, they don't understand me
I swear that they don't understand me
Mama, they don't understand me
Oh, oh, oh
That's why I gotta do it by my own
That's why I gotta get it by my own
That's why I'm always walking by my own
That's why I'm always feel like I'm alone

[Outro]
(They don't understand me...
Never understand me...
Never understand me...
Fuck you if you don't understand me...
Fuck you if you don't understand me...
All I know is get the money...
To' lo que sé es el money)"
420,614962,Kidd Keo,3386545,0640,en,"[Letra de ''0640""]

[Spanish Translation]

[Verse]
I woke up early in the morning (Yeah)
Same shit but it's some different on me (Yeah)
I feel depressed when the hood is game boring (Yeah)
All the problems, all the drama, hatin' on me (Ayy)
When it look like a grey day (Hey), mean for us it's a pay day (Ayy)
Sitting on a house looking how the day pass
Tryna get it for my own it got me crazy (Oh, oh)
All the lean and the gas is now hitting hard (Oh, oh)
All I got in my head is run up off the block (Skrrt)
Feeling, bro, I wanna run, I wanna get it all
I wanna take the whole world 'cause I deserve some (Oh)
I called my brother, I tell him ""Bro, I need to move"" (Brr)
I called my mama, and I told her ""I'ma take the moon"" (Brr)
Don't cry for me, I'ma going be back soon (No, no, no)
Don't cry, baby, I will think about you (No, no, no)

[Pre-Chorus]
Late night, I get the keys off the whip (Off the whip)
Now I'm leaving out the crib (Out the crib)
Now I'm carving on the road and everybody sleeps (Skrrt-skrrt)
All I've got in my head is that I'm going to be rich

[Chorus]
Six forty, driving in the foreign
No license, I don't give no fuck man
Big bag on the back, fear on me
All I know I gotta get out by the morning
Six fifty, driving in the foreign
No license, I don't give no fuck man
I don't wanna live my life as a broke man
I prefer dying young and baller
Seven twenty, driving in the foreign
No license and the police chasing on me
I've gotta press the gas when the phone ring
Baby calling on the phone, she waiting on me
Seven forty, driving in the foreign
I picked the phone she said ""What's up?!"", I couldn't say nothing
She heard all the ""skrrs"" and the sirens
I said ""Babe, I gotta go, you'll be proud of me"""
432,614962,Kidd Keo,3821042,Flashback,en,"[Intro]
Back to the Future
I don't know what it's if bro

[Chorus]
It's been a while ya'll see me running spots
They see me ballin' and they tryna say: ""Wassup?""
I said: ""I'm sorry, I just focus on the guap"" (Sorry)
I got my family and the rest don't give a fuck (Fuck it, fuck it)
Spend my time going crazy on the road (Skrr, skrr, skrr!)
These bitches never knew to treat me like a boss (Boss!)
They let me down, I guess they never give me hope (All supposed)
This why I never ever-ever trusted these hoes (Fuck them all!)

[Verse]
I'm about my ex she called me tryna give me top
I said 'I'm passed, I'm on the road. I'm on the top' (Skrr, skrr!)
If you say ""bye"", then tell me why you looking back (Why?)
You broke my heart, don't tell me that you're coming back
Now I'm flex-flex, now I'm living fast-fast (Skr!)
This could be us but you were looking something better (Woah)
Fuck the people, I don't need 'em, now I'm better
All these bitches twerking 'cause our money father
Ahora estoy ballin’ mami sólo pienso en mí
Y tú estás broke y todo te recuerda al Kidd
¿Cómo pudiste? si yo sí que era pa' ti (Oh, god!)
La última vez que tú va joder con un G (G, G!)
You know ain't nobody better than me (Prrr)
You thought you was gonna live the movie (Brrr)
Oh, gal, you and me, and you ain't groovy
And all my bitches now they love me like you do it

[Chorus]
It's been a while ya'll see me running spots
They see me ballin' and they tryna say: ""Wassup?""
I said: ""I'm sorry, I just focus on the guap"" (Sorry)
I got my family and the rest don't give a fuck (Fuck, fuck)
Spend my time going crazy on the road (Skrr, skrr, skrr!)
This bitches never knew to treat me like a boss (Boss)
They let me down, I guess they never give me hope (All supposed)
This why I never ever-ever trusted these hoes (Fuck them all)

[Outro]
These fama dogs they be pull it on the block (On the block)
I swear my broda 'I'mma take you out the block' (Gang)
I guess some demons 'cause I grew up on the dark (On the dark)
Yo nací roto pero tenía que brillar (Brrr)
I got the choppa-choppa on the trace spot (Prr, prr!)
I grab my hair, I put it on the cash box
Don't hit my line now I'm chasing on my path
I wanna love you but I'm married with the cash
I wanna love you but I'm married with the cash
I wanna love you but I'm married with the cash
Now that you are coming back
I wanna love you but I'm married with the cash
(With the cash)"
435,614962,Kidd Keo,3821039,Dbtrap,en,"[Letra de ""Dbtrap""]

[Intro]
Ayy, Keo
Ayy, Keo
Ayy, fuck it
Ayy, fuck it
Ayy, money
Retromoney (Retromoney)

[Pre-Coro]
Stay in L.A. for a while, we party four hoes', real hot, outta that, ayy
Step in the club with Alex, spend like 20k, 20 on that, ayy
Bitch I'm so high, I'm so fucked up, yo creo que he gasta'o de más
Sorry, boy, I gotta make my money, I just go to Keoland

[Coro]
Trap for the money, make a call for the money, and the money come fast, Dbtrap, ayy (prr)
Trap for the money, make a call for the money, and the money come fast, Dbtrap, ayy (uh)
Trap for the money, make a call for the money, and the money come fast, Dbtrap, ayy (prr)
Trap for the money, make a call for the money, and the money come fast, Dbtrap, ayy

[Verso 1]
Tengo a par de hoes en el mainback, creo que la' pongo a twerkear, ayy
Step in the club with Alex, spend like 20k, 20 on that, ayy
Party so lit and the girls so hot, I really really get fucked up, hmm
Flex on the bitch, no I'm on stripclub, big bang, should I would be gone, ayy
Runnaman, gotta go out, el chulo está mosquea'o, ayy (ok)
Step back home, homie, on the freesound man now started throwing out, ayy
To' el alcohol y to' el subidón se me está empezando a hacer to' pesa'o, ayy
Homies on meth get a girl with meth but sorry I'm already passed out (I'm done)

[Puente]
Oh shit, I'm fucking no bitch (work)
(Keo ey, Keo ey, Keo ey)
Throw money on it
(Keo ey, Keo ey, Keo ey)
I'll be like
(Keo ey, Keo ey, Keo ey)
Throw some money on her
(Keo ey, Keo ey, Keo ey)
Throw some money on her
(Keo ey, Keo ey, Keo ey)
Throw some money on her
(Keo ey, Keo ey, Keo ey)
Throw some money on her (ey)

[Pre-Coro]
Stay in L.A. for a while, we party four hoes', real hot, outta that
Step in the club with Alex, spend like 20k, 20 on that
Bitch I'm so high, I'm so fucked up, yo creo que he gasta'o de más
Sorry boy I gotta make my money I just gonna make out-

[Coro]
Trap for the money, make a call for the money, and the money come fast, Dbtrap, ayy (prr)
Trap for the money, make a call for the money, and the money come fast, Dbtrap, ayy
Trap for the money, make a call for the money, and the money come fast, Dbtrap, ayy
Trap for the money, make a call for the money, and the money come fast, Dbtrap, ayy (¿Cómo es?)

[Verso 2]
I step up on Hollywood, just fucked a bitch from Malibu
Pull up with her in our booth, Keo be now a money boot
Tal como piso L.A., tú me ves rulando en lambo
Fajos 'tán llenos de cien, y la hoe' me lo está contando (ey)

Bajo pa'l sur, pa'l bando, fuck you bitch, I use no condom
My homies acting, we acting like bando
Step in the club and you looking like tonto
Hasta parecen gorilas del zoo, joden con Keo y estamos pa'l boom

Keoland, Keoland, Keoland, uh
Killers and dealers fuckin' with me too, uh (uh)

[Outro]
Keo no shit, no opinion
Keo no shit, no opinion (ey)
Keo no shit, no opinion (no opinion)

Ret-, Ret-
Retromoney, Retromoney"
437,614962,Kidd Keo,2827138,Diablo,en,"[Letra de ""Diablo""]

[Intro]
Yeah; you was good, sk—
Keloke
Look, yo, that's that

[Verso 1]
Rap diablo, el niño sucio guapo
Spitting like I'm Rambo and moving like el Chapo
We still in Spain, so we really drink gazpacho
Cause everybody is talking but nobody knows where I'm from
Family from Toronto, shout out Tory and Umbrella
We always keep it chilly, mami, mueve tus caderas
Rolling with my homies, smoking maria, drinking forties
Sipping codeine, we on party until the morning
Working on the day light, moving on the midnight
See me going damn high, see me winning this fight
Mamma in the kitchen cleaning dishes, cooking meat
I swear to god, mom, Imma get rich; Imma buy you a new crib
Niño, ¿qué tu quieres? Billetes de cienes
La mama en la cocina, los platos, las sartenes
""Fuego"" gritó el niño, el bloque esta que arde
Somos bandoleros, puta, como el Abayarde
Diez en cada pierna, y veinte en sus caderas
Se movió conmigo y ahora ella es bandolera
Rolling with the smokers, got my twist like rollercoasters
Catch me doing donuts, got contacts in every postes

[Verso 2]
Oye pollo, basta ya de tonterías
Si quieres criticar hazlo a la cara y de día
No me mande a sus amigos atacando por el Facebook
A pussy is a pussy and you hate me cuz' you hate you
So now ask you, you really wanna test me bro?
Cause I got homies and they really wanna set you off
It's not my problem that your girl just wanna sex me bro
And now your homie pussies all are gonna let you alone
Burst fire, and I'm done
Lets go eat McDonalds like I'm eating all this MC’s flows
I got bananas, I ain’t talking but no panties hoes
I know you thirsty bitch, I notice when you wanna fuck

[Puente]
Yeah, keloke
Por eso me llaman diablo
That's why they call me diablo in this bitch (Diablo ya)
Yo, ey

[Verso 3]
So baked on the street; bitch, I'm doing neat
Trynna don’t get into troubles
Bro, you know that I'm a G
But mama love the kids so I got to keep her alive
Cause she’s everything I got, If I die she gonna be ill
Se que es lo que pasa
Me criticais un dia, pero saco un tema y vais corriendo detrás mía
El rubio se enfado, su chica a mi me prefería
Primero era un apoyo y ahora dice tonterías
So you know that we turn up, on Spain we run up
All this bitches on us, pop the pussy go hard
Try to copy my style; call me young designer
All I rock is self-made, how you can compare that?
Oh shit I'm off this, lyrically on top speed
Bambi like a Bambi, rocking with no gold rings
Bitch I got the poison, this got you on slow mo
We say ""fuck the po-pos"", drinking and we loco
Suelto chispa fuego, me pulo to'l juego
Lo que tu hace' hoy yo me lo hice hace un huevo
Crudo como el ruedo, rudo como un sueco
No vayas de narco si no puedes mantenerlo, hoe

[Outro]
Fuck, haha
Dale candela"
450,614962,Kidd Keo,2826582,LOYAL,en,"[Hook]
I'm too loyal
Yeah I'm too loyal
All my homies loyal
All my bitches loyal

Always loyal to the gang
Always loyal to the fam
Always focused on the money
All straighten my thang

Bitch I'm too loyal
Yeah I'm too loyal
All my homies loyal
All my bitches loyal

Always loyal to the gang
Always loyal to the fam
Always focused on the money
All straighten my thang

[Verse 1]
Baby you know that I am broke up
I got a couple of homies selling dope
I got a couple of homies on the film
Walking for the club in the obus

For fam, bitch, I got loco (Loco)
For my gang, bitch, is the same tho
I wish that I can make it pronto (Yeah)
Right now on the low bow'll make noise (Wuh!)

My mom always said ""Never sell drugs"" (Drugs)
Always focused on your money and make clothes!""
I got homies that be mobbing for the bang bro (Bro)
All you pussies say that know me, I'mma say ""Fuck"" (Fuck)

When you pussies say that know me, Imma fuck a bitch (Bitch)
When your homies say that know me, Imma get Rich (Rich)
Nine five is a brand gang on the street (Bang, bang, bang!)
47 Like an Aka when I'm in bitch (Prra)

[Hook]
Bitch I'm too loyal
Yeah I'm too loyal
All my homies loyal
All my bitches loyal

Always loyal to the gang
Always loyal to the fam
Always focused on the money
All straighten my thang

Bitch I'm too loyal
Yeah I'm too loyal
All my homies loyal
All my bitches loyal

Always loyal to the gang
Always loyal to the fam
Always focused on the money
All straighten my thang

[Bridge]
Bitch Im too loyal (Yeeh)
Im too loyal (Yeeh)
(Ey) Baby im too loyal
Im too loyal (Yeeh)
Im too loyal, loyal
Im too loyal

[Verse 2]
Tryna roll the wipe from spain
Tryna make a lot on the states
Tryna fit finger in the cake
Tryna get the crib on L.A (Yeah)
Shoutout to the Eo's in the bay (Bay)
Tryna get the keys for a ranger (Ranger)
Tryna get signing for live (Yeah)
All we got fucked up the game (Paw-paw-paw)
You heard but for hear you don't know bout me
So angry Imma catch you boy (Prrr)
Woke up sweating dream when driving rari
Dream 2 on 2 nightmare ever be my day
Daddy was on cocaine
Now I'm clean like aquafilm
All my savages got the finger on the trigger (Bang, bang)
When I'll be south Bitch Imma kill it (Bang, bang)
Some stacks
Honey some stacks
All I need Bad bitches twerking on the desk
Oh my god, homies saying I am an az
Drop codeine bottle on the fucking glass
Talk in spanish, call me Tony Montana
Mami quiere chavos, mueve el culo por la pasta
Fuck bebe más, black bandana
Homie so loyal, money of the drama

[Hook]
I'm too loyal
Yeah im too loyal
All my homies loyal
All my bitches loyal

Always loyal to the gang
Always loyal to the fam
Always focused on the money
All straighten my thing
I'm too- ah
Mama I love you"
564,1344687,Aitana,4095164,Stupid,en,"[Intro]
All these stupid guys like these stupid, stupid girls

[Verse 1]
Don't talk, girl, just listen
Keep it to yourself, don't tell 'em your opinion
Better know your, better know your way around the kitchen
Found low force, stop playing your position
Put your face on, but not too heavy
It's taking too long for you to get ready
You might not like it, but just keep quiet
'Cause that's what stupid girls do

[Pre-Chorus]
I can be a girl, not a stepford
I am not a step for you to step on, I'mma step forward
You can take a step back, playing like a chessboard
Don't you know the queen protect the king when you're on check boy?

[Chorus]
All these stupid guys like these stupid, stupid girls (Stupid girls)
Telling stupid lies, like we're stupid, stupid girls (Stupid girls)
Why do all these guys want these stupid, stupid girls? (Stupid girls)
All these stupid guys like these stupid, stupid, stupid girls

[Verse 2]
I'mma get blunt, I'mma get twisted
Took your two cents, turned it into seven figures
I don't know my, I don't know my way around a kitchen
If I let you eat it, I'mma make you do the dishes
When I get dressed, I'ma look sexy
Wear a little less, I'mma let you undress me
Your friends don't like it, but they can keep quiet
'Cause they like stupid girls too

[Pre-Chorus]
I can be a girl, not a stepford
I am not a step for you to step on, I'mma step forward
You can take a step back, playing like a chessboard
Don't you know the queen protect the king when you're on check boy?

[Chorus]
All these stupid guys like these stupid, stupid girls (Stupid girls)
Telling stupid lies, like we're stupid, stupid girls (Stupid girls)
Why do all these guys want these stupid, stupid girls? (Stupid girls)
All these stupid guys like these stupid, stupid, stupid girls

[Interlude]

[Pre-Chorus]
I can be a girl, not a stepford
I am not a step for you to step on, I'mma step forward
You can take a step back, playing like a chessboard
Don't you know the queen protect the king when you're on check boy?

[Chorus]
All these stupid guys like these
All these stupid guys like these stupid, stupid girls (Stupid girls)
Telling stupid lies, like we're stupid, stupid girls (Stupid girls)
Why do all these guys want these stupid, stupid girls? (Stupid girls)
All these stupid guys like these stupid, stupid, stupid girls"
570,1344687,Aitana,4095166,Popcorn,en,"[Verse 1]
You're like popcorn, tasty
Can't get enough, I want you on the daily
It's so good, it's a habit
I need a refill 'cause I gotta have it

[Pre-Chorus]
And I know I should stop
But the way that you talk
Makes me spin like a clock
Around, around, around, now
You got me, oh no
So what should I do?

[Chorus]
I kinda need to quit ya
I kinda wanna stay
'Cause, baby, when I'm with ya
You know it feels too good to walk away
Just when I'm learning my lesson
Ready to leave you behind
You do the thing that I'm missing
Making me lose my mind, ooh-oh
So what should I do?

[Post-Chorus]
What should I do?
Tell me, what should I do?
What should I do?
Tell me, what should I do?

[Verse 2]
I'm like popcorn (Popcorn), tasty
Heat it up, and don't you go and waste it
I can be a little salty
But I'm sweet, long as you keep it real with me

[Pre-Chorus]
And I know I should stop (I know, I know)
But the way that you talk
Makes me spin like a clock
Around, around, around, now
You got me, oh no
So what should I do?

[Chorus]
I kinda need to quit ya
I kinda wanna stay
'Cause, baby, when I'm with ya
You know it feels too good to walk away
Just when I'm learning my lesson
Ready to leave you behind
You do the thing that I'm missing
Making me lose my mind, ooh-oh
So what should I do?

[Post-Chorus]
What should I do?
Tell me what should I do?
What should I do?
Tell me what should I do?

[Bridge]
And just when I'm learning my lesson
Ready to leave you behind
You do the thing that I'm missing
Yeah, eh, eh

[Chorus]
I kinda need to quit ya
I kinda wanna stay
'Cause, baby, when I'm with ya
You know it feels too good to walk away
Just when I'm learning my lesson
Ready to leave you behind
You do the thing that I'm missing
Making me lose my mind, ooh-oh
So what should I do?"
603,2613457,"La Pantera, Quevedo & Juseph",7560503,Cayó La Noche (Remix),en,"[Letra de ""Cayó La Noche (Remix)"" ft. Cruz Cafuné, Abhir Hathi, Bejo, EL IMA]

[Intro: EL IMA, La Pantera & Juseph]
This is the motherfucking remix
BDP Music, mami
Este es el remix, baby
Pow, pow
Si no se acuerda no pasó, ese es su lema
Trajo una botella para ahogar las pena'
Su amiguita pa' to's la'os la acompaña
Hace tiempo que por hombres no se raya

[Pre-Estribillo: La Pantera]
Si no se acuerda no pasó, pero esta vez se arrebató
Se puso pa' la vuelta cuando la noche cayó
Baby, ahora no digas que no que tú ya sabes quiénes somos, seh
Y este remix es pa' que el booty te bote solo, mai

[Estribillo: Quevedo & Bejo]
Ya cayó la noche
Las gatas se bajaron del coche, ahora toca pecar
Hace que no me conoce (Eh-eh)
Y me la imagino en mil poses al verla bailar
Por eso cuando lo hacemos ella se viene y rápido se va (El Bejote)
Quiere estar conmigo y a la misma vez no estar amarrá' (Wow, woh)

[Verso 1: Bejo & La Pantera]
Ella se prende como la pinocha
Las flores que le regalaron se pusieron pochas
Con su cora jugaron como quien juega a las bochas
Por eso es que conmigo en la noche se desabrocha el
Pantalón, botón por botón
Ese booty bom-bom, tú me tienes tonto
Escándalo, escoge su posición
Si la vuelvo a probar voy a acabar con una adicción (¿Qué será?)
¿Será que tiene un cuerpo de delito? (Quizá)
Por ti me estoy volviendo pajarito (No má')
Loco con tus teta', con tu totito
Tú lo tienes todo tan bonito, ¿me explico?
Woh-woh, tú no estás buena, estás buenísima (Yeah)
No te hagas la difícil, esto es easy, ma' (Woh)
En la intimidad no eras tan tímida (Ey)
Loquísima, mmm

[Verso 2: La Pantera]
Volvió a caer la noche y quiere que se repita
Pusimos las luces rojas a juego con sus nalguitas
Y, baby, yo sé que ya tú estabas maldita
Al momento lo pensé: ""Imposible que sea buena estando tan rica""
Eran mil poses diferentes pero baby, dale, ven
Que voy a ponerte en hora cuando te meta el Big Ben
Uh, arrebatá' en una Cayenne
Es de las que siempre se porta mal pero te lo mama bien
Y baby, yo no sé tú, pero yo estoy bien piquetú
Y me entraron ganas de verte ese culo hijo 'e la gran pu
Es tremenda bellaca, se transforma ca' vez que apaga la luz

[Verso 3: Abhir Hathi]
La nueva de Las Palmas
No quieres pleito con la ganga, no
Por si quedas mancha'o como dálmata
Blanquita, se camufla entre las sábanas
No quiere estar amarrá' pero le gusta que la amarren
Aburrí'a de la isla, ven, mami, te meto un viaje
No quiere cenar conmigo, pero sí hacer de to' (Oh-oh-oh)
Y distraer al conductor
Vo'a tener que reclinar el asiento 'el copiloto en el Corolla
Pídeme to' lo que pienses cuando estás sola
Pon la playlist ""Malianteo"" mientras me montas
Te gusta escuchar Anuel pa' entrar en la zona (Eh, wow)
Y te gustan exóticos por lo que veo (Yeah)
Y góticas culonas, baby, yo te entiendo (Yeah)
Tienes tu par de fetiches, flaca, yo me presto (What?)
Díselo, Quevedo

[Estribillo: Quevedo & Cruz Cafuné]
Ya cayó la noche
Las gatas se bajaron del coche, ahora toca pecar
Hace que no me conoce (Eh-eh)
Y me la imagino en mil poses al verla bailar (Yeah, Cruzzi)
Por eso cuando lo hacemos ella se viene y rápido se va (922, 928, yeah)
Quiere estar conmigo y a la misma vez no estar amarrá'

[Verso 4: Cruz Cafuné]
Me hizo un amarre con esas nalgotas
No hace falsete y le sube la nota
Tanga XS, le aprieta la tota
No quiere un bobo que fume cachimba en el Sota
Si no jangueo con una en el Q1
Fumando de camino pa'l Batán
Paramo' en lo oscuro, entre risas y humo
Podemos notar la complicidad
Mami, logras que me azore
Cuando lo mueves llevando esos shortes
Hotel cinco estrella' en las islas Azores
Pichó a las demás como en ligas mayores
Ya cayó la noche, estamos golfos
Cuando se lo desabrocho me hace un ocho
Dios bendiga a mi suegra por tenerte
Qué prontito llegó el día de mi suerte
(Izak, de vuelta al perreo)

[Verso 5: Juseph]
No estudia en Las Encinas pero, papi, ella es la élite (Tra)
No quiero hijos pero sirvo pa' que practique'
Ponte contra la pared, quiere un polvo y le doy tres (Tres)
La pongo a estirar las piernas como en el ballet
Carita de Kendall, el culo de Kylie
Con una actitud demoledora como Miley
Le rezo a ese culo y yo antes era ateo
Acabo 'e salir 'e la discoteca, qué mareo (Tra, tra, tra, tra, tra)
Porque me subió la nota, casi no te veo
Quiero ve' en persona lo que mandaste en video
Avisa a tu novio que esta noche te retrasas
Rompimos la cama, menos mal que no es mi casa (Seh, seh, eh)

[Verso 6: EL IMA]
Ya cayó la noche y yo soy una gárgola
De noche salimos pa' resolver, del carro pa'l hotel
Nadie me verá en la calle (Pow), a no ser un cartel (Jaja)
Contigo me pongo firme como si fuera el cuartel
Si nos desvestimos se le nota la maldad (Oh-oh; oh-oh)
Cómo es en realidad, 'tá puesta pa' pecar (Ah-ah-ah; oh-oh)
Y lo hicimo', pusimo' una serie y ni la vimo' (Pow; oh-oh)
Es que lo de nosotros, mami, es una serie aparte (Plo, plo; oh-oh-oh)
Yo quiero disfrutarte los capítulos por parte' (Oh-oh-oh; eh-eh-eh)
Solo quiere conmigo, por eso no me comparte (Oh-oh-oh)
Pero solo de la cama es que quiere amarrarse, yeah-yeah (Oh-oh-oh)

[Estribillo: EL IMA]
Ya cayó la noche
Las nenas se bajaron del coche, ahora toca pecar
Hace que no me conoce (No)
Y me la imagino en mil pose' al verla bailar
Por eso cuando lo hacemos ella se viene y rápido se va
Quiere estar conmigo y a la misma vez no estar amarrá'

[Interludio: La Pantera & EL IMA]
Céntrate en mejorar, cabrón, y busca un bien común (Eh, eh, EL IMA)
Encuentra tu equipo, baby, despunta, que lo diferente es lo que brilla
Hace un año soñábamos en una habitación sin luz y míranos ahora

[Verso 7: Quevedo]
Bolsito de Dior cuando sale
Y un blinblineo que hace que pite el detector de metales
El terror de las gyales
Un blunt y botellas, y se van to' los male'
Ya cayó la noche
La nena me dijo que no tose, pues la puse a fumar
Y la prefiero a ella aunque tiren un par
Quiere repetir la noche de la que hablé en la original
Con ese flow, flow, flow, flow
Me hace ir a buscarla na' más salir del show
Esta noche voy a hacerte el remix, you know
Pero tú sabes de sobra, bebé, que lo nuestro ya lleva unos cuantos meses
Y sin que nadie se entere
También lo hemos hecho unas cuantas veces
No te has ido y ya quiero que regreses a mi habitación
Dale, prende, y pasemo' a la acción
Tú y yo, y una botella de ron"
615,2613457,Quevedo & Aitana,8974604,GRAN VÍA,es,"[Letra de ""GRAN VÍA""]

[Intro: Quevedo & Aitana]
(Diré que no fuiste tú)
(La que me besaba con inquietud)
Jejeje
Ah-ah
Ey, Aitana
Buenas noches, buenas noches, yeah
Buenas noches, buenas noches, yeah
Eh, eh

[Pre-Estribillo: Quevedo]
Vive en Madrid, pero no suele salir
Que lo de anoche fue una excepción
Nos vimo' en un pre y todo comenzó ahí
Bebiendo hablábamo’ de nada y a la vez de to'
Y na' más llegar al party nos besamo’
Pero mе pidió que to' fuera a escondida'
Quе no debían enterarse sus amiga' (Ah-ah)
Y yo no sé por qué, pero si preguntan, bebé

[Estribillo: Quevedo]
Diré que no fuiste tú
La que me besaba con inquietud
Mami, me tiene' bellaco, pero, ¿por qué tanto misterio?
Con la nota no sé cómo tomarme to' esto en serio
Lo que yo sé es que sí fuiste tú
La que me perreaba con ese cu
La confusión me tiene dándole vuelta', mala mía
Y si te esperan en casa, ¿por qué duerme' en la mía?

[Verso 1: Aitana]
Yo solo quiero verte otra vez pa’ que en secreto me des
En ese hotel en la Gran Vía recógeme a las 3
Si quieres, a mí tu corazón no me lo des, eh
Porque esto no es amor, es solo sex, yeah
Tremenda fantasía tú y yo sin parar
Si no te llamo, no lo tomes personal
Mi cama sigue fría, ven a calentarme
Tranquilo, tú confía, nadie va a enterarse
Guardé con otro nombre tu tel
Nadie puede saber, nadie puede saber
Lo que esta noche hagamo’ los dos nadie lo puede ver

[Estribillo: Quevedo & Aitana]
Diré que no fuiste tú
La que me besaba con inquietud
Mami, me tiene' bellaco, ¿pero por qué tanto misterio?
Con la nota no sé cómo tomarme to’ esto en serio
Yo sé que sí fuiste túEl que te volvía loco con mi cu
En el coche vamos dándole vueltas a Gran Vía
Tú no duermes en tu casa, tú duermes en la mía (Ey)

[Verso 2: Quevedo]
Esa gata e' una gyal, bichiyal, como Bad Bo
Pide lo que quiera', yo me encargo (Sí)
Uñas hecha', mami, y el pelito largo
Estoy esperando que me diga’ de hacer algo
Pa' caerle a donde esté', yeah
Que yo me conformo con darte una ve' al mes
Esa noche no se va de, yeah (Yeah, yeah)
Mi mente, entonces, ¿por qué no repetirla otra ve'?
Yo no sé cuál es tu fantasía, pero sí cuál es la mía
Y no hay sitio, fecha, ni hora, pero estás tú, bebé
Sé que no me conocía' y que lo meno' que quería'
Era enamorarme, pero es que ya es tarde, bebé

[Puente: Aitana & Quevedo]
Sorry, bebé
Pero no creo en amores, no
Dime si quieres pasarla bien
Pero no le pongas corazón, pongámosle la piel (La piel; jejeje)

[Estribillo: Aitana & Quevedo]
Diré que no fuiste tú
El que me besaba con inquietud
Te tengo bellaco, pero, ¿por qué tanto misterio?
Bebé, baja la nota, no lo tomes tan en serio
Diré que sí fuiste tú
La que me perreaba con ese cuLa confusión me tiene dándole vuelta', mala mía
Y si te esperan en casa, ¿por qué duerme' en la mía?

[Outro: Aitana]
(Tú no duermes en tu casa, tú duermes en la mía)"
624,2613457,Quevedo & La Pantera,11095536,HALO,es,"[Letra de ""HALO""]

[Intro: Quevedo]
Cuando te conocí
Tú estabas soltera, salías con cualquiera
Alguno que tuviera llena la cartera y cadena' por fuera
Pero ahora to' eso no es así
Ya no está soltera, ahora tiene un gatito y cuando él no se entera
Viene a verme al show con tal de que la viera
Dice que si me ve se va a formar la balacera, pero

[Estribillo: Quevedo]
Tu noviecito que se quite el guille 'e malo
Pregúntale por qué me dio unfollow, mmm-mmm-mmm-mmm
Sabe que de vez en cuando te lo instalo
Y que no se me ponga bruto, que aquí las balas son halo, prr-prr
Dile que se quite el guille 'e malo
Pregúntale por qué me dio unfollow, mmm-mmm-mmm-mmm
Sabe que de vez en cuando te lo instalo
Y que no se me ponga bruto, que aquí las balas son halo, prr-prr

[Verso 1: La Pantera]
Parqueé la G-Wagon Brabus
Al la'o de tu jevo ""el gángster"" y no se le ve tan malo
Las bala' halo, oh-oh, los outfit caro', oh-oh
Tú estás pa' un cantante, ma, hablándote claro, oh-oh
Bésame por si me cogen los disparo', plo-plo
Pa' cuidarte a ti fue que compré mi primera Glock, yeah
En mi VIP siempre están tú y el CÎROC
Dile que a ese bobo que deje de buscar donde no hay que
Si se confunde responde la .45, ¡brr!
Que si quiere guerra, guerra es la que hay (Mmm), yeah
Que no busque, bobo, que estoy en mi prime
Por ti lo ventilo, te lo juro por mi mai

[Estribillo: La Pantera & Quevedo]
Que dile a ese tonto que no me mire raro
Y pregúntale por qué me dio unfollow, mmm-mmm-mmm-mmm
Sabe que de vez en cuando te lo instalo
Y que no se me ponga bruto, que aquí las balas son halo, prr-prr
Tu noviecito que se quite el guille 'e malo
Pregúntale por qué me dio unfollow, mmm-mmm-mmm-mmm
Sabe que de vez en cuando te lo instalo
Y que no se me ponga bruto, que aquí las balas son halo, prr-prr
Dile que se quite el guille 'e malo
Pregúntale por qué me dio unfollow, mmm-mmm-mmm-mmm
Sabe que de vez en cuando te lo instalo
Y que no se me ponga bruto, que aquí las balas son halo, prr-prra, ja

[Verso 2: Quevedo]
Yo no soy malean, no tengo pistola ni na' de eso
Pero me como esa pussy, no como ese tolete que es vegetarian
El bobo está sapeando, ese es un guardia
Y si ese cabrón se mete, se vuelve a casa en sandalia'
Mami, indícame, por dónde quieres que entre
Y si es de frente, limítate
A ponerte cómoda, que yo sí te lo doy
Toda posh girl necesita un bad boy
Y eso que yo no soy malo, pero tengo un palo
Que si abre' la boca, te va a dejar un regalo
Ese culo está grande, eso no es humano
Pa' agarrarlo bien tengo que usar las dos mano'
Ese pussy está clean, me tiene comiendo sano
Bad Gyal, en el toto siempre lleva un gramo, prr-prr-prr
Ponte tonto y te buscamo'
Y nos diferencia' por los oro' en el cuello como El Vaticano, ma

[Estribillo: Quevedo]
Tu noviecito que se quite el guille 'e malo
Pregúntale por qué me dio unfollow, mmm-mmm-mmm-mmm
Sabe que de vez en cuando te lo instalo
Y que no se me ponga bruto, que aquí las balas son halo, prr-prr
Dile que se quite el guille 'e malo
Pregúntale por qué me dio unfollow, mmm-mmm-mmm-mmm
Sabe que de vez en cuando te lo instalo
Y que no se me ponga bruto, que aquí las balas son halo, prr-prr

[Outro: Quevedo]
Las balas son halo, las ba—las balas son halo
Las balas son halo, las ba—las balas son—
Las balas son halo, las ba—las balas son halo
Las balas son halo, las ba—las balas son—
Prr-prr"
632,2613457,Quevedo & La Pantera,7083237,Piel de Cordero,es,"[Letra de ""Piel de Cordero""]

[Verso 1: Quevedo]
No sé cómo empezó la noche pero sé que terminaste tú en mi casa mojada
Me decías que siguiera dándote aunque tú te sintieras cansada
Lo peor de toda esta historia es que no le dijiste que no a nada
Pensando en que me echaría para atrás como si esa mierda me importara
Desde que ya no estás ya no siento nada

[Estribillo: Quevedo]
Las noches cuando son sin ti son más frías que el propio hielo
No puedo еvitar en pensar en cuando tе jalaba del pelo
Intento olvidarte pero es que no puedo, ni tampoco quiero
Comiéndote con piel de lobo y tú con tu piel de cordero
Las noches cuando son sin ti son más frías que el propio hielo
No puedo evitar en pensar en cuando te jalaba del pelo
Intento olvidarte pero es que no puedo, ni tampoco quiero
Comiéndote con piel de lobo y tú con tu piel—

[Verso 2: La Pantera]
Hey, hey
Nena, por más que los demás te tiren sabes que tú eres para mí
Aunque no to'as las noches me acueste contigo y no to's los días amanezca feliz
Es imposible olvidar la noche en la que te conocí
Bebiendo y fumando en aquel VIP
Te propuse mil cosas y a todas dijiste que sí
Eres mala pero porque te apetece
Y te alejas de quien no te trata como te mereces
Entrabas a las discotecas con 13
Y con 19 ya no le bajas hasta que amanece
Baby, dime qué te parece
Que solo nos comamos un par de veces
Sé que no quieres volver
Yo tampoco lo haría si pudiese (Si pudiese)
Hey, baby, no puedo olvidar la forma en la que tú me gemías
Los besos que yo te daba más los besos que tú a mí me pedías
Sabes que ahora estoy liándola como un bala perdida
Porque se cumplió lo que yo más temía
La Pantera, baby, hey

[Verso 3: Quevedo]
Hola, ¿cómo estás? Dime, ¿dónde estás?
Solo me gusta repetirlo contigo aunque sabes de sobra que hay veinte más
Las noches sin ti son eternas
Si cuando son contigo te lo hago diez veces antes de que duermas
Tú tan sana pa' mi mente tan enferma
—Ñana será otro día, bebé, hagámoslo que extraño cómo hueles
Pensaba que estabas debajo de la cama pero en mi mente estabas debajo de estas pieles
Seamos lo que seamos, no sé lo que contigo me sucede
Que aunque ninguna me importe, ese culito me puede
Debería volverte a complacer
Aunque solamente paso noches y pensando
Te tenían que probar para entender
Que mi cora es un cristal, que aún se puede romper

[Estribillo: Quevedo]
Las noches cuando son sin ti son más frías que el propio hielo
No puedo evitar en pensar en cuando te jalaba del pelo
Intento olvidarte pero es que no puedo, ni tampoco quiero
Comiéndote con piel de lobo y tú con tu piel de cordero
Las noches cuando son sin ti son más frías que el propio hielo
No puedo evitar en pensar en cuando te jalaba del pelo
Intento olvidarte pero es que no puedo, ni tampoco quiero
Comiéndote con piel de lobo y tú con tu piel—

[Outro: La Pantera & Quevedo]
Hey, baby, no puedo olvidar la forma en la que tú me gemías
Los besos que yo te daba más los besos que tú a mí me pedías (L-I, L-I)
Sabes que ahora estoy liándola como un bala perdida porque se cumplió lo que yo más temía
La Pantera, baby, hey (Free Lion)
Quevedo con BDP Music, mai
Yeah-eah-eah-eah, yeah-eah-eah-eah
Los Rookies comin' soon, mai"
638,2613457,"Xiyo, Fernandezz, Yung Beef & Quevedo",12388491,Ruina,es,"[Letra de ""Ruina""]

[Intro: Fernandezz]
La-La-La-La Vendicion, papi
Ah, ah-ah-ah-ah-ah-ah
Y es una ruina na' má' que tu padre ya no me quiera
Será que voy con traquetos que llevan tola y cadena'

[Estribillo: Fernandezz]
Porque (Baby) quizás tal ve' se fueran
Esos besito', mami, de malas maneras
Tal vez quizá' es que no quieras
Acordarte, mami, de esa bellaquera (Brr)

[Verso 1: Fernandezz]
Son grise' (Brr)
Esos ojitos hacen que me freeze (Uh-uh)
Mami tira tacón, Carolina Herrera
Modélame, Roberto Piquera' (Rrah)
Y mai, si no me quiere'
Dímelo ahora, quе yo tengo más mujere'
Dímеlo ahora que no estoy en el tra' (Tra')
Bellaqueamo' y te choco detrá' (Prr)
Y nos fugamo', baby, en Panamera
Cruzamo' frontera (Ah, ah, ah-ah)

[Verso 2: Yung Beef]
Son empresario' y traficantes, sus quedantes
Eso e' de nadie, tú conmigo va' a quedarte
Tú sabes, baby, rico vo'a tratarte
Y es que tú eres mía y de nadie más
Me mira', te leo
'Ta noche no te aguanto un fronteo
No quiere dinero
Esta noche solo quiere' un vaceo
Y soon, soon, ey, tú (Ja)
Ay, cómo mueve' esa chapita
Uh, es imposible que te resista'

[Estribillo: Fernandezz & Quevedo]
Porque quizá' tal ve' se fueran
Esos besito', mami, de malas maneras (Yeah)
Tal vez quizá' es que no quiera'
Acordarte, mami, de esa bellaquera

[Verso 3: Quevedo]
Tú eres mala, me tiene' en la ruina (Sí)
Comprándote Victoria y Carolina pa' ti (Ah-ah-ah)
Estas prenda' y este lujo, mami, aquí son gratis (Ey)
Si llama', llego rapi' pa' darte un plaki-plaki-plaki-plaki-plakito
Ese culito en la calle, mami, para el tránsito (Hmm)
Y tú me lo modelabas
Te comía el coochie mientras que tú cocinaba'
Si me encuentro a tu pai le digo que yo no sé nada de ti
Pero disculpe, caballero, déjeme serle sincero
Su hija no quiere poli, prefiere reggaetonero'
Que le escriban cancione' y la lleven pa' la disco
Que la tenga enganchá' por si alguien se pasa de listo
Es una ruina na' má' que tus padre' ya no me quieran
Será que voy con traquetos que llevan tola y cadena'

[Verso 4: Xiyo]
Mientras se me trepa, yo la toco, la toco, la toco
Su tota y su culo, la exploto, lo exploto
La llevo a lo oscuro mientras me la cojo, la cojo, la cojo
Dímelo ahora que no estoy en el tra'
Bellaqueamo' y te choco detrá'
Le di tan duro, que rompí el sofá
La Percocet y la puse a volar, y se puso mojá'
Y la di sin parar, la presión la puso a vibrar
Vente conmigo a la nave a volar
Ah-ah-ah (Vente conmigo a la nave a volar)

[Estribillo: Fernandezz & Quevedo]
Porque quizás tal ve' se fueran
Esos besito', mami, de malas maneras
Tal vez quizá' es que no quieras
Acordarte, mami, de esa bellaquera (Bellaquera, mami)

[Outro]
Pipo Beatz"
643,2613457,Clementino,8927406,GUARDANDO LA LUNA (NAPOLI RMX),it,"[Testo di ""GUARDANDO LA LUNA (NAPOLI RMX)""]

[Intro]
(Iena White, remix)
Ricordo che ero solo e a Napoli era buio
La luce era scomparsa dietro all'ombra del Vesuvio
Affacciato al balcone penso ai tuoi sorrisi
La fiamma di 'sto male ci aveva divisi

[Pre-Ritornello 1]
E cerco la fortuna guardando la luna
E quelle notti rapido correvo da te
Non dormivo perché il mondo crollava intorno a me
E allora pensai che tu sei tutto quello che c'è

[Ritornello 1]
E cerco la fortuna guardando la luna
E quelle notti rapido correvo da te
Non dormivo perché il mondo crollava intorno a me
E allora pensai che tu sei tutto quello che c'è

[Strofa 1]
Quella sera еro innamorato di una Iena vera
Guarda come l'anima si gеla appena
Ti vedo parlare con un altro la mia mano trema
Con la luna piena (Piena)
Perché lo so che non lo capirai mai
Quello che provo e mi caccio nei guai
Sai chissà se mi aiuterai-ai-ai-ai

[Pre-Ritornello 2]
Senza te, che la notte non ha stelle
Mi ricordo il lungomare, le feste alle tre
Ed io non chiedo nada che non sia con te

[Ritornello 2]
Senza te, che la notte non ha stelle
Mi ricordo il lungomare, le feste alle tre
Ed io non chiedo nada che non sia con te

[Strofa 2]
Ed un'altra volta (Volta)
Cercavi la svolta ed andavi di corsa
Per scappare via
Guarda lì quella mia faccia tosta (Eh)
Se gira la giostra (Giostra)
Non lo faccio apposta, ti scrivo su WhatsApp
E po tutt'a pposto (Eh-eh-eh)
Vaco a casa d''e guagliune, ce vulesse Tenerife
Guardo 'o golf a Marechiaro e metto 'e piede 'int'ê radice
Nell'appartamento privato
Resti in prima fila sul divano
Se tu non mi baci, non canto
Come sei bella

[Pre-Ritornello 1]
E cerco la fortuna guardando la luna
E quelle notti rapido correvo da te
Non dormivo perché il mondo crollava intorno a me
E allora pensai che tu sei tutto quello che c'è

[Ritornello 2]
Senza te, che la notte non ha stelle
Mi ricordo il lungomare, le feste alle tre
Ed io non chiedo nada che non sia con te
Senza te, che la notte non ha stelle
Mi ricordo il lungomare, le feste alle tre
Ed io non chiedo nada che non sia con te

[Outro]
Yes
Napoli Remix
Clementino
Iena White"
657,358146,Various Artists,1935022,Ay Haiti!,es,"[Letra de ""Ay Haiti!""]

[David Summers]
¿Hay alguien por ahí?
¿Alguien que me pueda oír?
¿Queda algo por decir?
¿Un milagro que nos convierta en ti?

[Najwa]
Tendrán muy pocos años
Desde hace mucho tiempo
Tendrán muy pocos años
Desde hace mucho tiempo

[Bebe]
Ahí tiene' lo que queda, ahí tiene' la tierra
Pa' volvé a ará, pa' limpiá, plantá, con'truí...
Ahí e'tá vacía sin ná
Con tó dipue'to a volverse a llená

[Alejandro Sanz]
Hay amor, hay en ti, hay en mi voz, ay ay Haití
Hay amor, hay en ti, hay en mi voz, ay ay Haití

[Miguel Bosé & Shakira]
Hay amor, hay amor, hay en ti, hay en ti
Y en mi voz, y en mi voz, ay ay Haití

[Miguel Bosé & Zahara]
Hay amor, hay amor, hay en ti, hay en ti
Y en mi voz, y en mi voz

[Daniel Forlán]
Oh, hay tierras que no tienen sueños
Hay tierras que tiemblan de miedo

[Juanes]
Hay tierras que tienen paz
Haití sólo quiere ser normal

[Juanes]
Aún hay tiempo de renacer
De cabalgar sobre el hambre y el hierro
Aún hay tiempo de dar amor
Borrar el miedo y la destrucción

[Todos]
Hay amor, hay en ti, y en mi voz, ay Haití
Hay amor, hay en ti, y en mi voz, ay Haití

[Marta Sánchez]
Ay Haití, ay Haití
Hay un suspiro en tu voz que despierta mi corazón

[Miguel Bosé]
Una vida se detiene a su espalda la desolación
Es un niño de mirada perdida
Que desde el polvo ilumina con su luz

[Leire (LOVG)]
Hay tierras que no tienen sueños
Hay tierras que tiemblan de miedo

[Estopa]
Deja que este llanto desentierre nuestra fe
Enterrada en la mi'ma tierra que no' vio nacer

[Belinda & todos]
Hay amor, hay en ti, y en mi voz, ay Haití

[Todos]
Hay amor, hay en ti, y en mi voz, ay Haití

[Aleks Syntek]
Ay Haití... ay Haití...
Que no hay silencio en mi voz
Que soy ladrillo en tu construcción

[Macaco]
Y way ay ay ay Haití
Hoy contigo quiero e'tar junto a ti
Beredi-bombeando todo' los corazones hoy aquí

[La Mala Rodríguez]
Ha nasío' de la' cenisa' Barón Samedí
Yo vivo por mi gente, no deja de sentir
Devuélveme lo' hombre' que se fueron a pelear por su suerte
Por su propia dignidad
¿Ha'ta cuándo la deuda por ser negro siendo rico?
No le' ba'ta el e'sedente pa' llená el hosico
E'cucha mi' plegaria', Barón Samedí
Quiero resucitá pa' volver a ver Haití

[Shakira & Bebe]
Hay que volver a nacer, perderse otra vez
Volver a creer, empezar otra vez
Hay que volver a nacer
Aquí hay argo má' que uno' cuanto' vivo' perderse otra vez
Metido' dentro de su cuerpo, perderse otra vez
Volver a creer, empezar otra vez

[Bebe]
Porque eso e' lo que hay, no hay más que hacerlo
Eso es lo que hay, proceso de inversión
No queda más opción que volver a con'truir
Todo lo que se derrumbó

[Najwa & Carlos Jean]
Hay que volver a nacer, perderse otra vez y en Haití
Volver a creer, empezar otra vez en Haití
Hay que volver a nacer en la amor
Perderse otra vez en y en Haití
Volver a creer y en la one

[Todos& Alejandro Sanz]
Ay Haití, hay amor, hay amor
Hay en ti, hay en ti
Y en mi voz hay en mi voz, ay Haití ay ay Haití

[ Todos  & Shakira]
Hay amor, hay amor
Hay en ti, hay en ti
Y en mi voz hay en mi voz, ay Haití ay ay Haití

[ Todos  & José Mercé]
Ay Haití, hay amor ay amor
Hay en tiHay en ti
Con mi voz y en mi voz ay ay Haití ay Haití

[Todos & Sandra Carrasco]
Se e'cuchan la', hay amor campana' que
Hay en ti y en mi voz redoblan ay Haití

[Todos & Marta Sánchez]
Mmm, ay Haitíii hay amor
Hay en ti
 aaoohhh 
y en mi voz, ay Haití"
752,118792,C. Tangana,5479316,Nunca Estoy,es,"[Letra de ""Nunca Estoy""]

[Intro]
(Vamos a repetir esta conversación 35 veces)
(35 veces vamos a hablar de la misma mierda)

[Verso 1]
No me has llama'o
Van dos semanas fuera y ni te has molesta'o
To' lo que sé
De ti es lo que sale en las redes si escribo tu nombre
Y otra vez vas a perder el avión
Y otra vez soy una imbécil esperando a su hombre

[Estribillo]
¿Cómo quieres que te quiera si no estás aquí?
¿Cómo quieres que te quiera si no estás aquí? (Eres tú la que no lo entiendes)
¿Cómo quieres que te quiera si no estás aquí?
(Hasta que estemos juntos los dos vamos a resolver lo de esta relación)

[Verso 2]
Dime qué quieres hacer, solo sabes correr pa'lante
Engañarme otra vez no va a salvarte
Estás enfermo de ti, cállate
Esto no va a ninguna parte
Estoy harta de hablar
Y de esperarte
Y de mirar el móvil hasta tan tarde

[Estribillo]
¿Cómo quieres que te quiera si no estás aquí?
¿Cómo quieres que te quiera si no estás aquí?
¿Cómo quieres que te quiera si no estás aquí?

[Verso 3]
Pienso en con quién estás cuando no estás conmigo
Odio que mis planes no sean tu camino
Y haberlo negado por estar contigo
¿Y quién me va a curar el corazón partío'?
Me dan miedo los meses que se van volando
Me he queda'o flaquita de esperarte tanto

[Estribillo]
¿Cómo quieres que te quiera si no estás aquí?
¿Cómo quieres que te quiera si no estás aquí?
¿Cómo?

[Outro Instrumental]"
753,118792,SHINee,3400393,혜야 (Y Si Fuera Ella),ko,"[샤이니 ""혜야"" 가사]

[Verse 1]
혜야 미안하단 말은 말야
언젠가 아주 먼 그 때
마지막의 마지막에 하지 않을래
그래야 지금 이 아픈 시간도
훗날 좋은 추억이라
웃으며 말하고 있을 우리 일 테니까 말이야, oh-oh
혜야 너는 말했었지
그저 좋은 친구의 가슴으로
날 사랑하는 것이라 영원한 거라고

[Pre-Chorus]
그런 말 다신 하지마
네겐 너무 가벼운
그러나 내겐 너무
무거운 이 마음이 너를
힘들게 했구나 조금은
물러설게 기다릴게
니가 편하도록 멀리 서있을게
이리 애원하잖아

[Chorus]
혜야 어찌 떠나려는 거야
웃는 그 눈으로 안녕이란 잔인한 말은
나를 죽이고 숨이 멈춰
행복하게 해주던 그 멜로디가
아직 너무 찬란하다
제발 버리지마 버리지마

[Post-Chorus]
살고 싶지 않아 어찌하나
너 없는 날 어찌하나
아예 모른 채 살 것을
이렇게 미치도록 슬플 줄이야

[Chorus]
혜야 어찌 떠나려는 거야
안녕이란 그런 잔인한 말로
떠나버리는 너를 원망하겠지
Oh, 제발, oh
가지 말아 혜야, oh, oh

[Verse 2]
혜야 너는 말했었지 그저
친구의 가슴으로
사랑하는 것이라 영원 하다고

[Pre-Chorus]
그런 말 다신 하지마
네겐 너무 가벼운
그러나 내겐 너무
무거운 이 마음이 너를
힘들게 했구나 조금은
물러설게 기다릴게
니가 편하도록 멀리 서있을게
이리 애원하잖아

[Chorus]
혜야 어찌 떠나려는 거야
안녕이란 그런 잔인한 말로
떠나버리는 너를 원망하겠지
Oh, 제발
가지 말아 혜야, oh-oh, oh-oh

[Bridge]
아예 모른 채 살 것을
이렇게 미치도록 슬플 줄이야

[Chorus]
혜야 나를 떠나려는 거야
안녕이란 그런 잔인한 인사뿐이었던
너를 원망하고 또 원망하겠지
혜야 제발, oh
가지 말아 혜야, oh

[Outro]
Hmm, no, no
가지 말아 혜야, ooh"
757,118792,Melendi,3572038,Déjala Que Baile,es,"[Letra de ""Déjala Que Baile"" ft. Alejandro Sanz, Arkano]

[Verso 1: Melendi]
Hoy que la tierra no es plana
Ni la ciencia ya es de herejes
Hoy que no marcan tendencia
Más las pinturas rupestres
Hoy que no tienen sentido
Las palomas mensajeras
Ahora que por fin las redes unen al planeta

[Pre-Coro: Alejandro Sanz]
Ella no es la princesa delicada
Que ha venido a este party a estar sentada
Ella no es solamente lo que ves
A ella ni tú ni nadie le para los pies

[Coro: Melendi & Alejandro Sanz]
Déjala que baile con otros zapatos
Unos que no aprieten cuando quiera dar sus pasos
Déjala que baile con faldas de vuelo
Con los pies descalzos dibujando un mundo nuevo
Déjala que baile

[Verso 2: Melendi, Alejandro Sanz]
Ella es destino, ella es origen
Es el relato y la escritura que conviven
Ella es principio y ella es final
Baila con ella en esta fiesta que es global

Hoy que no hay duelos a muerte
Cada vez que alguien te irrite
Para poder desahogarnos
Hemos inventado Twitter
Si pensamos diferente
Ya no huele a disputa
Los filósofos no brindan con cicuta

[Pre-Coro: Melendi]
Ella no es la princesa delicada
Que ha venido a este party a estar sentada
Ella no es solamente lo que ves
A ella ni tú ni nadie le para los pies

Coro: Melendi & Alejandro [Sanz]
Déjala que baile con otros zapatos
Unos que no aprieten cuando quiera dar sus pasos
Déjala que baile con faldas de vuelo
Con los pies descalzos dibujando un mundo nuevo
Déjala que baile

[Verso 3: Melendi, Arkano]
Ella es destino, ella es origen
Es el relato y la escritura que conviven
Ella es principio y ella es final
Baila con ella en esta fiesta que es global

Oye, escucha
Es la lucha
A rimar
Déjala que baile en esta fiesta
Con la idea de liberarse de una moral impuesta
De no culpabilizarse por buscar la respuesta
Si tiene que casarse que sea con su protesta
Este solo es mi humilde modo de decir
Que aquel que busca un florero es que no cuida su jardín
Así que olvida todo lo aprendido y sal a bailar
Pues ninguna estrella pide permiso para brillar

[Coro: Melendi & Alejandro Sanz]
Déjala que baile con otros zapatos
Unos que no aprieten cuando quiera dar sus pasos
Déjala que baile con faldas de vuelo
Con los pies descalzos dibujando un mundo nuevo
Déjala que baile
Déjala que baile"
762,118792,Aitana & Sebastián Yatra,6009939,Corazón Sin Vida,es,"[Letra de ""Corazón Sin Vida""]

[Intro: Aitana]
Tú me dejaste, pero nunca te dije nada
Me enamoraste, pero nunca te dije nada
¿Para qué me curaste cuando estaba herida?
Si me dejas de nuevo un corazón sin vida, ah

[Pre-Coro: Aitana]
Toma tus besos (Oh-oh), te los regreso (Oh-oh)
No será fácil olvidarte, lo confieso
Toma tus cartas (Oh-oh), te las regreso (Oh-oh)
Con las palabras que escribiste en cada verso

[Coro: Aitana]
Dime para qué me curaste cuando estaba herida
Si me dejas dе nuevo un corazón sin vida, ah
Un corazón que no te olvida, ah-ah-ah (Ah-ah-ah)
Un corazón quе no te olvida, ah-ah-ah, ah (Ah-ah-ah)

[Verso: Sebastián Yatra & Aitana]
Tanto daño que hace el mar cuando está a la mitad
Yo nunca aprendí a nadar, tú tampoco a volar
Cuando dejamos de hablar se nos fue la ilusión
Cuántas ganas de llamarte me da esta canción
Quizás faltó decirte que lo siento (Oh-oh-oh)
Que fui yo el que me alejé y me llevó el viento (Oh-oh-oh)
Y aunque sé que estás con alguien de momento (Oh-oh-oh)
Te buscas en mis canciones todo el tiempo (Oh-oh-oh)
Hoy me vuelves a escribir como si nada
Y otra vez te vuelvo a hablar como si nada
Como si nadar en lágrimas curara
Y ese mar que te alejó no se acercara

[Pre-Coro: Aitana, Aitana & Sebastián Yatra]
Toma tus besos (Oh-oh), te los regreso (Oh-oh)
No será fácil olvidarte, lo confieso
Toma tus cartas (Oh-oh), te las regreso (Oh-oh)
Con las palabras que escribiste en cada verso

[Coro: Aitana & Sebastián Yatra, Aitana]
Dime para qué me curaste cuando estaba herida
Si me dejas de nuevo un corazón sin vida, ah
Un corazón que no te olvida, ah-ah-ah (Ah-ah-ah)
Un corazón que no te olvida, ah-ah-ah, ah-ah (Ah-ah-ah)
Un corazón que no te olvida, ah-ah-ah-ah-ah
Un corazón que no te olvida, ah-ah-ah-ah

[Pre-Coro: Aitana, Aitana & Sebastián Yatra]
Toma tus besos, te los regreso
No será fácil olvidarte, lo confieso (Oh-oh-oh, oh-oh-oh)
Toma tus cartas, te las regreso (Oh-oh)
Con las palabras que escribiste en cada verso

[Coro: Aitana & Sebastián Yatra, Aitana]
Dime para qué me curaste cuando estaba herida
Si me dejas de nuevo un corazón sin vida, ah
Un corazón que no te olvida, ah-ah-ah (Ah-ah-ah)
Un corazón que no te olvida, ah-ah-ah, ah-ah (Ah-ah-ah)"
781,118792,Various Artists,1935022,Ay Haiti!,es,"[Letra de ""Ay Haiti!""]

[David Summers]
¿Hay alguien por ahí?
¿Alguien que me pueda oír?
¿Queda algo por decir?
¿Un milagro que nos convierta en ti?

[Najwa]
Tendrán muy pocos años
Desde hace mucho tiempo
Tendrán muy pocos años
Desde hace mucho tiempo

[Bebe]
Ahí tiene' lo que queda, ahí tiene' la tierra
Pa' volvé a ará, pa' limpiá, plantá, con'truí...
Ahí e'tá vacía sin ná
Con tó dipue'to a volverse a llená

[Alejandro Sanz]
Hay amor, hay en ti, hay en mi voz, ay ay Haití
Hay amor, hay en ti, hay en mi voz, ay ay Haití

[Miguel Bosé & Shakira]
Hay amor, hay amor, hay en ti, hay en ti
Y en mi voz, y en mi voz, ay ay Haití

[Miguel Bosé & Zahara]
Hay amor, hay amor, hay en ti, hay en ti
Y en mi voz, y en mi voz

[Daniel Forlán]
Oh, hay tierras que no tienen sueños
Hay tierras que tiemblan de miedo

[Juanes]
Hay tierras que tienen paz
Haití sólo quiere ser normal

[Juanes]
Aún hay tiempo de renacer
De cabalgar sobre el hambre y el hierro
Aún hay tiempo de dar amor
Borrar el miedo y la destrucción

[Todos]
Hay amor, hay en ti, y en mi voz, ay Haití
Hay amor, hay en ti, y en mi voz, ay Haití

[Marta Sánchez]
Ay Haití, ay Haití
Hay un suspiro en tu voz que despierta mi corazón

[Miguel Bosé]
Una vida se detiene a su espalda la desolación
Es un niño de mirada perdida
Que desde el polvo ilumina con su luz

[Leire (LOVG)]
Hay tierras que no tienen sueños
Hay tierras que tiemblan de miedo

[Estopa]
Deja que este llanto desentierre nuestra fe
Enterrada en la mi'ma tierra que no' vio nacer

[Belinda & todos]
Hay amor, hay en ti, y en mi voz, ay Haití

[Todos]
Hay amor, hay en ti, y en mi voz, ay Haití

[Aleks Syntek]
Ay Haití... ay Haití...
Que no hay silencio en mi voz
Que soy ladrillo en tu construcción

[Macaco]
Y way ay ay ay Haití
Hoy contigo quiero e'tar junto a ti
Beredi-bombeando todo' los corazones hoy aquí

[La Mala Rodríguez]
Ha nasío' de la' cenisa' Barón Samedí
Yo vivo por mi gente, no deja de sentir
Devuélveme lo' hombre' que se fueron a pelear por su suerte
Por su propia dignidad
¿Ha'ta cuándo la deuda por ser negro siendo rico?
No le' ba'ta el e'sedente pa' llená el hosico
E'cucha mi' plegaria', Barón Samedí
Quiero resucitá pa' volver a ver Haití

[Shakira & Bebe]
Hay que volver a nacer, perderse otra vez
Volver a creer, empezar otra vez
Hay que volver a nacer
Aquí hay argo má' que uno' cuanto' vivo' perderse otra vez
Metido' dentro de su cuerpo, perderse otra vez
Volver a creer, empezar otra vez

[Bebe]
Porque eso e' lo que hay, no hay más que hacerlo
Eso es lo que hay, proceso de inversión
No queda más opción que volver a con'truir
Todo lo que se derrumbó

[Najwa & Carlos Jean]
Hay que volver a nacer, perderse otra vez y en Haití
Volver a creer, empezar otra vez en Haití
Hay que volver a nacer en la amor
Perderse otra vez en y en Haití
Volver a creer y en la one

[Todos& Alejandro Sanz]
Ay Haití, hay amor, hay amor
Hay en ti, hay en ti
Y en mi voz hay en mi voz, ay Haití ay ay Haití

[ Todos  & Shakira]
Hay amor, hay amor
Hay en ti, hay en ti
Y en mi voz hay en mi voz, ay Haití ay ay Haití

[ Todos  & José Mercé]
Ay Haití, hay amor ay amor
Hay en tiHay en ti
Con mi voz y en mi voz ay ay Haití ay Haití

[Todos & Sandra Carrasco]
Se e'cuchan la', hay amor campana' que
Hay en ti y en mi voz redoblan ay Haití

[Todos & Marta Sánchez]
Mmm, ay Haitíii hay amor
Hay en ti
 aaoohhh 
y en mi voz, ay Haití"
805,405496,Bustamante,4242433,Héroes,,
853,344442,Resistiré 2020,5413768,Resistiré (2020),es,"[Letra de ""Resistiré (2020)""]

Cuando pierda todas las partidas
Cuando duerma con la soledad
Cuando se me cierren las salidas
Y la noche no me deje en paz

Cuando tenga miedo del silencio
Cuando cueste mantenerse en pie
Cuando se rebelen los recuerdos
Y me pongan contra la pared

Resistiré erguido frente a todo
Me volveré de hierro
Para endurecer la piel
Y aunque los vientos de la vida soplen fuerte
Soy como el junco que se dobla
Pero siempre sigue en pie

Resistiré para seguir viviendo
Soportaré
Los golpes y jamás me rendiré
Y aunque los sueños se me rompan en pedazos
Resistiré, resistiré

Cuando el mundo pierda toda magia
Cuando mi enemigo sea yo
Cuando me apuñale la nostalgia
Y no reconozca ni mi voz

Cuando me amenace la locura
Cuando en mi moneda salga cruz
Cuando el diablo pase la factura
O si alguna vez me faltas tú

Resistiré erguido frente a todo
Me volveré de hierro
Para endurecer la piel
Y aunque los vientos de la vida soplen fuerte
Soy como el junco que se dobla
Pero siempre sigue en pie

Resistiré para seguir viviendo
Soportaré
Los golpes y jamás me rendiré
Y aunque los sueños se me rompan en pedazos
Resistiré, resistiré... eh

Cuando pierda todas las partidas
Cuando duerma con la soledad
Cuando se me cierren las salidas
Y la noche no me deje en paz

Resistiré erguido frente a todo
Me volveré de hierro
Para endurecer la piel
Y aunque los vientos de la vida soplen fuerte
Soy como el junco que se dobla
Pero siempre sigue en pie

Resistiré para seguir viviendo
Soportaré
Los golpes y jamás me rendiré
Y aunque los sueños se me rompan en pedazos
Resistiré, resistiré... eh"
855,344442,David Bisbal & Aitana,5405380,Si Tú La Quieres,es,"[Letra de ""Si Tú La Quieres""]

[Verso 1: David Bisbal & Aitana]
Si ella te quiere
Tendrás por dentro esa sensación de tenerlo todo (Uh-uh-uh)
Tendrás la suerte que solo tienen algunos locos
Si ella te quiere qué suerte tienes
Si ella te quiere (Si ella te quiere)
Verás al mundo bailar despacio bajo su foco
Tendrás la fuerza de reponerte de cualquier proto
Si ella te quiere qué suerte tienes (Qué suerte tienes)

[Pre-Coro: David Bisbal, David Bisbal & Aitana]
Si ella te quiere has tocado el cielo
Se abren las puertas del universo
Cuando te quiere
Ya solo hay una dirección
El desenlace de cualquier sueño
Está en su boca si tú la tocas
Ella te quiere, se pinta el mundo de color

[Coro: Aitana & David Bisbal, Ambos]
Si tú la quieres
No dejes nunca que en la distancia se apague el fuego
Y cuídala como cuida el pájaro de su vuelo
Si tú la quieres qué suerte tienes
Si tú la quieres (Si tú la quieres)
Querrás que el sol se retrase toda una vida entera
Y que las calles nos dejen solos cuando amanezca
Si tú la quieres, si ella te quiere (¡No!)

[Post-Coro: David Bisbal, Aitana, Ambos]
Celos, el mundo entero tiene celos
Juego perfecto del destino, oh
Nada lo puede superar (Nada lo puede superar)

[Verso 2: David Bisbal & Aitana]
Si tú la quieres
La magia siempre estará en tus manos cuando despiertes (Mmm)
Ni en siete vidas se ha visto un gato con tanta suerte
Si tú la quieres y ella te quiere (Ah-ah)

[Pre-Coro: David Bisbal & Aitana, David Bisbal]
El desenlace de cualquier sueño
Está en su boca si tú la tocas
Ella te quiere
Se pinta el mundo de color

[Coro: Aitana & David Bisbal]
Si tú la quieres
No dejes nunca que en la distancia se apague el fuego
Y cuídala como cuida el pájaro de su vuelo
Si tú la quieres qué suerte tienes
Si tú la quieres (Si tú la quieres)
Querrás que el sol se retrase toda una vida entera
Y que las calles nos dejen solos cuando amanezca
Si tú la quieres, si ella te quiere

[Post-Coro: David Bisbal, Aitana, Ambos]
Celos, el mundo entero tiene celos
Juego perfecto del destino, oh
Nada lo puede superar (Nada lo puede superar)
Celos, el mundo entero tiene celos
Juego perfecto del destino, oh
Nada lo puede superar (Nada lo puede superar)

[Outro: David Bisbal]
Si ella te quiere"
856,344442,Various Artists,3432448,"Y, ¿Si Fuera Ella? (+ Es +)",es,"[Letra de ""Y, ¿Si Fuera Ella? (+ Es +)""]

[Pablo Alborán]
Ella se desliza y me atropella
Y aunque a veces no me importe

[Niña Pastori]
Sé que el día que la pierda volveré a sufrir por ella
Que aparece y que se esconde

[Abel Pintos]
Que se marcha y que se queda

[Rozalén]
Que es pregunta y es respuesta
Que es mi oscuridad, estrella

[Antonio Carmona]
Ella me peina el alma y me la enreda

[Antonio Carmona + Laura Pausini]
Va conmigo pero no sé dónde va

[Laura Pausini]
Mi rival, mi compañera
Que está tan dentro de mi vida
Y la vez, está tan fuera

[Shakira]
Sé que volveré a perderme
Y la encontraré de nuevo
Pero con otro rostro y otro nombre diferente y otro cuerpo

[Antonio Orozco]
Pero sigue siendo ella
Que otra vez me lleva
Nunca me responde

[Juanes]
Si al girar la rueda
Ella se hace fría y se hace eterna

[Tommy Torres]
Un suspiro en la tormenta, a la que tantas veces le cambió la voz

[Pablo Alborán]
Gente que va y que viene y siempre es ella

[Manuel Carrasco]
Que me miente y me lo niega
Que me olvida y me recuerda
Pero si mi boca se equivoca

[Jesse & Joy]
Pero si mi boca se equivoca
Y al llamarla nombro a otra

[Joy]
A veces siente compasión

[India Martínez]
Por este loco, ciego y loco corazón

[Pablo López]
Sea lo que quiera Dios que sea
Mi delito es la torpeza de ignorar que hay quien no tiene corazón

[Malú]
Y va quemando, va quemándome y me quema
No, no
Y, ¿si fuera ella?
No, no, no...

[Vanesa Martín]
A veces siente compasión por este loco, ciego y loco corazón
¿Era?

[David Bisbal]
¿Quién me dice si era ella?
Y  si la vida es una rueda y va girando y nadie sabe cuándo tiene que saltar
Y la miro...

[India Martínez]
Y, ¿si fuera ella?
Y, ¿si fuera ella?"
862,344442,David Bisbal & Carrie Underwood,6230235,Tears Of Gold,en,"[Intro: David Bisbal & Carrie Underwood]
I hear them fallin' a thousand miles away
Nothing and no one is safe, from her eyes
And  when they hit the ground
Then our whole world starts to shake
I'm drownin' inside of the pain
The end of you and I

[Pre-Chorus: David Bisbal]
Pero si tú te vas
Mi vida no es vida si tú no estás
Mi último aliento te llevarás
Si tú no estás sería imposible continuar

[Chorus: David Bisbal, Carrie Underwood, Both]
'Cause when they fall from your eyes they'll be beautiful
It's the sweetest goodbye that I'll ever know
'Cause it's rainin' ('Causе it's rainin')
'Cause it's rainin' ('Cause it's rainin')
'Cause it's rainin' ('Causе it's rainin')
Tears of gold
Like I'm watchin' the sun explode
I can feel every drop when I watch you go
'Cause it's rainin' (It's rainin')
'Cause it's rainin' (It's rainin')
'Cause it's rainin' (Cause it's rainin')
Tears of gold

[Verse: Carrie Underwood, David Bisbal & Carrie Underwood]
Falling around us, colliding where they land
Paintin' our shadows in sin
We've done all we can

[Pre-Chorus: Carrie Underwood]
Pero si tú te vas
Mi vida no es vida si tú no estás
Mi último aliento te llevarás
Si tú no estás sería imposible continuar

[Chorus: David Bisbal, Carrie Underwood, Both]
'Cause when they fall from your eyes they'll be beautiful
It's the sweetest goodbye that I'll ever know
'Cause it's rainin' ('Cause it's rainin')
'Cause it's rainin' ('Cause it's rainin')
'Cause it's rainin' (It's rainin')
Tears of gold
Like I'm watchin' the sun explode
I can feel every drop when I watch you go
'Cause it's rainin' ('Cause it's rainin')
'Cause it's rainin' ('Cause it's rainin')
'Cause it's rainin' ('Cause it's rainin')
Tears of gold
Fall from your eyes they'll be beautiful
It's the sweetest goodbye that I'll ever know
'Cause it's rainin' ('Cause it's rainin')
'Cause it's rainin' ('Cause it's rainin')
'Cause it's rainin' (It's rainin')
Tears of gold
Like I'm watchin' the sun explode (Ah-ah-ah)
I can feel every drop when I watch you go (Ah-ah-ah)
'Cause it's rainin' (Oh-oh-oh; it's raining)
'Cause it's rainin' (Oh-oh-oh; it's raining)
'Cause it's rainin' (Oh-oh-oh; it's raining)
Tears of gold"
880,344442,"Aitana, Alejandro Sanz, Antonio José, Antonio Orozco & Pablo López",6708196,Himno A La Alegría,es,"[Letra de ""Himno A La Alegría"" ft. Alejandro Lerner, Alessia Cara, Álex Ubago, Ana Mena, Andrés Calamaro, Andrés Ceballos, Brian May, Camilo, Carlos Rivera, David Bisbal, Draco, Dulce Pontes, Fher, India Martínez, Joy Huerta, Juanes, Lali, Laura Pausini, Leire Martínez, Macaco, Malú, Manolo García, Manuel Carrasco, Mau y Ricky, Melendi, Miguel Ríos, Mikel Izal, Nathy Peluso, Pablo Alborán, Rosario, Rozalén, Sebastián Yatra & Vanesa Martín]

[Verso 1]
Escucha hermano la canción de la alegría
El canto alegre del que espera un nuevo día

[Coro]
Ven, canta, sueña cantando
Vive soñando el nuevo sol
En que los hombres volverán a ser hermanos
Ven, canta, sueña cantando
Vive soñando el nuevo sol
En que los hombres volverán a ser hermanos

[Instrumental]

[Verso 2]
Si en tu camino solo existe la tristeza
Y el llanto amargo de la soledad completa

[Coro]
Ven, canta, sueña cantando
Vive soñando el nuеvo sol
En que los hombres volverán a sеr hermanos

[Instrumental]

[Verso 3]
Si es que no encuentras la alegría en esta Tierra
Busca al hermano más allá de las estrellas

[Coro]
Ven, canta, sueña cantando
Vive soñando el nuevo sol
En que los hombres volverán a ser hermanos
Ven, canta, sueña cantando
Vive soñando el nuevo sol
En que los hombres volverán a ser hermanos

[Outro]
Si es que no encuentras la alegría en esta Tierra
Busca al hermano más allá de las estrellas"
905,2107585,"Aitana, Emilia & Ptazeta",8203224,Quieres,es,"[Letra de ""Quieres""]

[Verso 1: Aitana & Emilia]
Tengo la curiosidad de saber cómo besas, ey
Y me marea que siempre dé vueltas en mi cabeza, ey
No hice la tarea de olvidarte
Porque siempre fui mala estudiante
Y sigo todo el día imaginándote, ey

[Coro: Aitana]
Dime si me quieres
Si quieres algo conmigo
Conmigo, si quieres, puedes
Puedes ser más atrevido, y yo lo sé
Dime si te atrеves
Atrévete a algo conmigo
Conmigo, si quiеres, debes
Debes ser más atrevido, y yo lo sé

[Verso 2: Emilia]
Atrévete como René
Sabe' que tiene' el okay, ponle play
Tú y yo estamos en la misma wave
Te doy la password pa' que tú te conectes a mi red
Me tiene' entre la espada y la pared
E-e-esa figura está pa' una escultura
Si fuera Frida, pongo tu cuerpo en una pintura
A ese bombón quiero sacarle la envoltura
Trae las llaves pa' abrir esta cerradura
E-e-esa figura está pa' una escultura (Ah)
Si fuera Frida, pongo tu cuerpo en una pintura
A ese bombón quiero sacarle la envoltura
Trae las llaves pa' abrir esta cerradura

[Coro: Aitana]
Dime si me quieres
Si quieres algo conmigo
Conmigo, si quieres, puedes
Puedes ser más atrevido, y yo lo sé
Dime si te atreves
Atrévete a algo conmigo
Conmigo, si quieres, debes
Debes ser más atrevido, y yo lo sé

[Verso 3: Ptazeta]
Y si tú quiere' volver, mami, dime y te llevo de viaje
Tú estás pa' pasarla rico, no llevamo' ni equipaje
Contigo sale el sol y se van to' los male'
Baby, pon la condición y yo te demuestro que vale
Ve-ve-ve-vente, dale, mami, vente
No quiero presionarte, pero tus ojo' no mienten, ma
Vente, dale, mami, vente
Y quiero bailar contigo y olvidarme de la gente
Así que zumba, que la vida lo que pide es rumba
Yo te voy a dar Pumba
Si tú quieres que vayamo' aparte y te dé a probar rumba
Baby, si esas gana' que tú tiene' son curiosa'
Te las voy a quitar

[Coro: Aitana & Ptazeta]
Dime si me quieres
Si quieres algo conmigo
Conmigo, si quieres, puedes
Puedes ser más atrevida, y yo lo sé
Dime si te atreves
Atrévete a algo conmigo
Conmigo, si quieres, debes
Debes ser más atrevida, yo lo sé

[Verso 4: Aitana]
Esta noche solo quiero verme con él
Y que nadie pueda ver
Y que no sepan dónde estamos ni el nombre del hotel
Ahí, encerraditos como en 2020
Los dos sabemos bien lo que se siente
Así, así, así, y en esa cama nadie va a dormir
Ahí, ahí, de lejos se te nota lo que sientes, dilo de frente
Siempre me porto bien, hoy es diferente, ey
Así, así, así, y en esa cama nadie va a dormir
Ahí, ahí, de lejos se te nota lo que sientes, dilo de frente
Siempre me porto bien, hoy es diferente

[Coro: Emilia & Aitana]
Dime si tú quieres
Si quieres algo conmigo
Conmigo, papi, tú puedes
Puedes ser más atrevido, y yo lo sé
Dime si te atreves
Atrévete a algo conmigo
Conmigo, si quieres, debes
Debes ser más atrevido, y yo lo sé

[Outro: Aitana]
Lo sé, yo lo sé"
952,1530427,Operación Triunfo 2017,3395401,Camina,es,"[Mireya]
Dieciséis almas y un sueño
Muchos miedos que contar
[Roi]
Dando pasos conseguimos
Que se hiciera realidad

[Marina]
Llegamos con las maletas
Una meta que alcanzar
[Ricky]
Y una caja de canciones
Que no dejan de sonar

[Ana Guerra]
Y cuando pienses que no puedes más
[Ana Guerra + Mimi]
Grita fuerte y lucha hasta el final

[Aitana + Cepeda]
Seré tus alas, tu vuelo
No mires al suelo
Que esto acaba de empezar

[Miriam + Nerea]
Y te espero en medio de una eterna despedida

[Todos]
Camina
Da un paso al frente y respira
Es un regalo de la vida
Nada nos puede frenar

Y siente que la música nunca termina
Sigue creando melodías
Que lo bueno está por llegar

[Raoul]
Aquí nos conocimos
Una extraña realidad
[Aitana]
En un mundo paralelo
Imposible de explicar

[Mimi]
Compartiendo nuestras letras
Se compuso esta canción
[Nerea]
Dos acordes mal tocados
Pero mucho corazón

[Alfred]
Seré tus ganas, tu risa
Tu fuerza me inspira
[Amaia]
Si no sabes cómo seguir
Improvisa

[Alfred + Amaia + Nerea]
Que yo estoy contigo
En cada estrofa de tu día

[Todos]
Camina
Da un paso al frente y respira
Es un regalo de la vida
Nada nos puede frenar

Y siente que la música nunca termina
Sigue creando melodías
Que lo bueno está por llegar

[Cepeda]
Camina, conmigo
Y sueña en voz alta
Seré tus alas, tú solo salta y canta
Acompáñame en este viaje de la vida
Tu voz es lo único que me hace falta

[Mimi]
Y siente que esta música no tiene final
Cada nota, cada golpe de la instrumental
Es un latido, que sin cada uno de vosotros
No tendría sentido

[Juan Antonio]
Las palabras en la mesa
Derramaban ilusión

[Thalía]
Uniendo nuestras voces
Esperando ver el sol

[Miriam]
Casi había amanecido
Y la luna apareció

[Agoney + Nerea]
Soñando despiertos
Al ritmo de una emoción

[Todos]
Camina
Da un paso al frente y respira
Es un regalo de la vida
Nada nos puede frenar (nada nos puede frenar)

[Todos]
Y siente que la música nunca termina
Sigue creando melodías
Que lo bueno está por llegar (lo bueno está por llegar)
Camina"
974,1530427,"Rocco Hunt, Elettra Lamborghini & Lola Indigo",8107786,Caramello,it,"[Testo di ""Caramello""]

[Intro]
Lola Indigo
Elettra
Poeta Urbano
Elettra Lamborghini

[Strofa 1: Rocco Hunt]
Sulla strada di casa non mi sembra vero
Ti ho incontrata per caso, ma nel caso non credo
Quante cose da dire, l'importante è capire
Se vieni tu da me o vengo io da te

[Pre-Ritornello: Elettra Lamborghini & Rocco Hunt]
È solo un gioco che dura troppo poco
Il tempo di una foto, scherziamo con il fuoco
Bailando el toro loco
Chissà se dopo tu vieni qui da me

[Ritornello: Elettra Lamborghini]
Vedrai che il cielo non ci trova
Facciamo tardi questa sera
Siamo soltanto noi due
Perché ogni notte inizia con te
Non riesco a nasconderti che
Quando ci penso, poi mi manca l'aria
È caramello, non è cioccolata
Perché ogni notte inizia con te
Non riesco a nasconderti che

[Strofa 2: Rocco Hunt]
Mando mille messaggi, se ti penso troppo cosa posso farci? (Ehi)
Mi son fatto dei viaggi talmente lontani è impossibile andarci (Ehi)
Se il locale è già pieno tanto noi entriamo dal retro
Non ho problemi né con l'amore né col dinero

[Pre-Ritornello: Elettra Lamborghini]
È solo un gioco che dura troppo poco
Il tempo di una foto, scherziamo con il fuoco
Bailando el toro loco
Chissà se dopo dormiamo qui da me

[Ritornello: Elettra Lamborghini]
Vedrai che il cielo non ci trova
Facciamo tardi questa sera
Siamo soltanto noi due
Perché ogni notte inizia con te
Non riesco a nasconderti che
Quando ci penso, poi mi manca l'aria
È caramello, non è cioccolata
Perché ogni notte inizia con te
Non riesco a nasconderti che

[Strofa 3: Elettra Lamborghini]
Se un secondo durasse una vita intera
Vorrei solo viverlo insieme stasera
E poi addormentarmi un po' sulla tua schiena
Da soli io e te (Ehi, uh)

[Strofa 4: Lola Indigo]
Prendimi per mano (Ye-yeah)
Non dirmi neanche se torniamo (No no)
Che non mi importa dove andiamo-oh-oh (Uh)
Basta che voliamo-oh-oh (Ehi)
Sulla tua bocca sento gusto caramello (Uh)
Fermati un secondo che sennò non mi concentro (Ehi)

[Ritornello: Elettra Lamborghini & Lola Indigo]
Vedrai che il cielo non ci trova
Facciamo tardi questa sera
Siamo soltanto noi due
Perché ogni notte inizia con te
Non riesco a nasconderti che
Quando ci penso, poi mi manca l'aria
È caramello, non è cioccolata
Perché ogni notte inizia con te
Non riesco a nasconderti che (È caramello, non è-)"
1008,1135759,C. Tangana & Nathy Peluso,7261199,Ateo,es,"[Letra de ""Ateo""]

[Intro: Nathy Peluso]
Este amor es como una religión

[Pre-Estribillo: C. Tangana]
Asuntos peligrosos del pasado me persiguen todavía
Historias que la gente no olvidó y que me recuerdan cada día
Si llegué vivo aquí no me va a matar una vieja herida
Déjales que hablen mal, se mueran de envidia

[Estribillo: C. Tangana & Nathy Peluso, Ambos]
Yo era ateo, pero ahora creo
Porque un milagro como tú ha tenido que bajar del cielo
Yo era ateo, pero ahora creo
Porque un milagro como tú ha tenido que bajar dеl cielo
Yo era ateo, pеro ahora creo
Porque un milagro bajó del cielo
Yo era ateo, pero ahora creo (Ahora creo)

[Verso 1: Nathy Peluso & C. Tangana, Ambos]
Hablan de mi vida como si hubieran pasa'o todos por ella, eh-eh-eh
Y mientras cuentan cuentos, tú y yo solos, bachatas y una botella
Quiero hacerle religión a tu melena, a tu boca y a tu cara
Y que me perdone la Virgen de la Almudena
Las cosa' que hago en tu cama

[Pre-Estribillo: Nathy Peluso]
Si llegué vivo aquí no me va a matar una vieja herida
Déjales que hablen mal, se mueran de envidia (Que hablen)

[Estribillo: C. Tangana, Ambos]
Yo era ateo, pero ahora creo
Porque un milagro como tú ha tenido que bajar del cielo
Yo era ateo, pero ahora creo
Porque un milagro como tú ha tenido que bajar del cielo
Yo era ateo, pero ahora creo
Porque un milagro bajó del cielo
Yo era ateo, pero ahora creo

[Puente: Nathy Peluso]
Se mueran de envidia
Eh-eh-eh
Se mueran de envidia

[Verso 2: Nathy Peluso & C. Tangana]
Me sacaste de la oscuridad
Somos un asunto 'e gravedad
Tú despierta' ese diablo mío que me roba toda espiritualidad
Ya no sé lo que me pasa
Ahora nada te reemplaza
Tu boca es como mi casa
Lo que ellos dicen parece veneno
Si me preguntan, yo le' diré que no lo sé
Quiero gritar que te echo de menos
Dame del agua bendita que calma mi sed
El último romántico (¡El Madrileño!)

[Estribillo: C. Tangana, Ambos]
Yo era ateo  (Eso es), pero ahora creo
Porque un milagro como tú ha tenido que bajar del cielo
Yo era ateo, pero ahora creo
Porque un milagro como tú ha tenido que bajar del cielo
Yo era ateo, pero ahora creo
Porque un milagro bajó del cielo
Yo era ateo, pero ahora creo"
1016,1135759,Nathy Peluso,3503138,Gimme Some Pizza,en,"[Letra de ''Gimme Some Pizza'']

[Intro]
Gimme some, gimme some pizza, baby, ow
Gimme, oh some pizza, some pizza man, gimme some
Gimme some pizza, man, gimme some pizza, uh
Oh, gimme some pizza, some pizza, man

[Estribillo]
Gimme some, gimme some pizza
Gimme some, gimme some pizza
Gimme some oh, gimme some oh
Gimme some, gimme some pizza
Peperoni man, peperoni man
Peperoni, peperoni, peperoni man
Gimme some pizza, gimme some pizza
Gimme some, gimme some, gimme some pizza
For me baby, yeah
For me baby, oh-oh

[Verso]
Gimme some pizza
Gimme some pizza, baby oh
Gimme some pizza
Peperoni, oh
Peperoni man
Gimme some pizza
Gimme
Gimme some pizza baby, oh
Gimme some pizza, some pizza, man

[Estribillo]
Gimme some, gimme some pizza
Gimme some, gimme some pizza
Gimme some oh, gimme some oh
Gimme some, gimme some pizza
Peperoni man, peperoni man
Peperoni, peperoni, peperoni man
Gimme some pizza, gimme some pizza
Gimme some, gimme some, gimme some pizza
For me baby, oh-oh
For me baby, oh... oh-oh

[Puente]
(I want my pizza now)
Tú sabes que no aguanto más (No aguanto más)
(I want my pizza now)
La passione è inevitabile (La passione)
Tú eres lo único que necesito (I want my pizza now)
Lo único (I want my pizza now)
Io sono la ragazza de tus sueños (I want my pizza now)
(Io sono la ragazza) Sapore d'amore

[Outro]
Gimme some
Gimme some, gimme some pizza
Gimme some, gimme some pizza
Gimme some, gimme some
Gimme some, gimme some pizza
For me, baby, yeah
Fo-o-o-o-o-o-or me, baby
Gimme some, gimme some pizza
Gimme some, gimme some pizza
Gimme some, gimme some
Gimme some, gimme some pizza
Gimme some pizza, man
Gimme some pizza"
1026,1135759,Genius English Translations,6026359,Nathy Peluso - DELITO (English Translation),en,"[Intro]
Everything I said, eh-eh-eh-eh

[Verse 1]
Everything I said, doesn't matter to me
When he looks at me with that wickedness
Don't you see that it doesn't scare me? I can be unjust
If you come looking for me, you know I won't
Submit to temptation
Nobody else makes me
Feel this chemistry, sexual tension

[Pre-Chorus]
In the disco, I want your bite, oh yes
Crawling the disco, oh yes, sir
Give it to me in the disco, oh yes
Give it to me in the disco, oh yes, sir

[Chorus]
To the floor so nasty you're a fanatic
Dancing on the floor, sweating alcohol
My heart is grinding
We dance, it seems like a crime
Together we could be condemned
Let's commit a tragedy
And if they catch us, to escape
We have the perfect excuse

[Verse 2]
I submit to this life of crime
It's a tattoo on me, I promise you
If this is a sentence, let's do it secretly
Let's scrape our knees on the cement

[Pre-Chorus]
In the disco, I want your bite, oh yes
Crawling the disco, oh yes, sir
Give it to me in the disco, oh yes
Give it to me in the disco, oh yes, sir

[Chorus]
To the floor so nasty you're a fanatic
Dancing on the floor, sweating alcohol
My heart is grinding
We dance, it seems like a crime
Together we could be condemned (Oh-oh-oh, oh-oh)
Let's commit a tragedy (Oh-oh-oh, oh-oh)
And if they catch us, to escape (Oh-oh-oh, oh-oh)
We have the perfect excuse

[Bridge]
Yes, I am a prisoner of this bad decision
With a knife to the heart
I can't heal it anymore now
We are a murder to reason (Oh-oh)
I'll stay until you can no longer
Let me go, yeah-eh-eh, oh (Oh-oh)

[Pre-Chorus]
In the disco, I want your bite, oh yes
Crawling the disco, oh yes, sir
Give it to me in the disco, oh yes
Give it to me in the disco, oh yes, sir

[Chorus]
To the floor so nasty you're a fanatic
Dancing on the floor, sweating alcohol
My heart is grinding
We dance, it seems like a crime

[Outro]
Everything I said, everything I said
E-Everything I said,  everything I—everything I—
Everything I said, everything I said
E-Everything I said,  everything I—everything I—
We dance, it seems like a crime
We dance, it seems like a crime
We dance, it seems like a crime
We dance, it—we dance, it—
We dance, it seems like a crime
We dance-We dance-We dance-We—
We dance, it seems like a crime
We dance-We dance-We dance-We—, wuh"
1029,1135759,Nathy Peluso,3503142,La Passione,en,"[Letra de ''La Passione'' ft. Big Menu]

[Intro]
Estoy triste, estoy triste

[Verso]
I've been thinking about you all day long
I call you, but you don't pick up the phone
Baby, it's been so long since I saw your face
Making love with cards, morning God debates, yeah
Someone tell me where the fuck is my baby

Quiero estar con vos, en mi habitación
Te siento lejos, no me digas adiós
Quiero tu sabor, en mi boca, dolor
Dame tu amor, escúchame este dolor

I wanna be with my baby
I wanna be with my man
When I'm with you, it's so crazy
When you're away, it's so sad
I wanna be with my baby
I wanna be with my man
When I'm with you, it's so crazy
Why did you have to leave so fast?

[Puente]
Why?
Why did you have to leave?
Why did you have to leave so fast?
Liked that guy, oh it's so crazy

[Outro]
Why did you have to leave?
Like that, like that, oh, oh, oh...
Why did you have to leave so fast, baby?
So fast baby, so fast baby
Why? Why did you have to leave so fast?
Oh!"
1045,1135759,Genius English Translations,5617086,Nathy Peluso - BUSINESS WOMAN (English Translation),en,"Look, boy, listen to me
Don't play with my ass
'Cause if you play with my ass
You will get burn

They call me because I am a
Business Woman
I have business to run on my own
I make cash since I was born very ""piola""
They call me because I am a
Business Woman

Pure threat
Look how the girl thows it
All the boys ran away from the park
Dude, erase that horse face
After of tasting me you stayed straight
I am a bad girl
A killer drug
My tits shine
You want me as a neighbor
I like boxing
The saliva
The rage
Let's go fight without gloves
Dirty sex
Expensive very expensive
Look how they fall
The bills without touching me
You dreamed of me
Who the fuck are you?
Nobody asked for your permission
I see your face crushed with pleasure on the floor, bitch

They call me because I am a
Business Woman
I have business to run on my own
I make cash since I was born very ""piola""
They call me because I am a
Business Woman

I have a juicy mouth
And a hard mind
I am a wise bitch
A warm head
Look at my height
I move money even when they do my manicure

If you want peach
Hold the fluff
You don't want to like you
Because I am dirty sucia
I put you hard with my rhythm

With my astuteness
Am I a bastard putting my ass in your face, uh?
Don't be ashamed
I have power
I do what the fuck I want
I make the law
My work turns me on
I have you on your knees grinding garlic
Ayyy
If I want I am the devil
An angel from the sky
Oh dear, what did you drink?
You swallowed all my hot juice
A lot of weight on my shoulders
A lot of drama
Look at me in the eyes, suck me like a fucking lady

They call me because I am a
Business Woman
I have business to run on my own
I make cash since I was born very ""piola""
They call me because I am a
Business Woman

Ama business woman
In a business world
Be careful 'cause I am spicy
And this makes me hot
Ama business woman
In a business world
I don't have time and I manage all your money

The enchantress of mambo
Just came to ride you
Only with rapping my bars
Oh I can kill you
My legs are wet
I can't dry them
Ay I was getting turned on of working so much
I am bulky lethal and stimulating latina
I am a dangerous girl
And I go directly to your mind
Ask yourself how much you hate
How much you love
I didn't come to give a lesson
I didn't come to make your bed
I saw you praying on the floor
Ay, how scary is the dark
When you'll do it to me, pull my hair
I toast with a glass of water just because I can
I cut the Roquefort
If you want to eat, come here I have the fork"
1120,355407,Mecano,1846753,Hijo De La Luna (Dis-Moi Lune D’argent),fr,"(J.M. Cano. - Adapt. française: D. Burgard)

[Couplet 1]
Idiot qui ne comprend pas
La légende qui comme ça
Dit qu'une gitane
Implora la lune
Jusqu'au levé du jour
Pleurant, elle demandait
Un gitan qui voudrait
L'épouser par amour

[Couplet 2]
Tu auras ton homme, femme brune
Du ciel répondit la pleine lune
Mais il faut me donner
Ton enfant le premier
Dès qu'il te sera né
Celle qui pour un homme
Son enfant immole
Bien peu l'auraient aimée

[Refrain]
Lune, tu veux être mère
Tu ne trouves pas l'amour
Qui exauce ta prière
Dis-moi lune d'argent
Toi qui n'as pas de bras
Comment bercer l'enfant
Ah.. aaah / Ah.. aaah
Hijo de la Luna

[Couplet 2]
D'un gitan cannelle
Naquit l'enfant
Tout comme l'hermine
Il était blanc
Ses prunelles grises
Pas couleur olive
Fils albinos de lune
""Maudit soit-tu bâtard !
T'es le fils d'un gadjo
T'es le fils d'un blafard !""

[Refrain]
Lune, tu veux être mère
Tu ne trouves pas l'amour
Qui exauce ta prière
Dis-moi lune d'argent
Toi qui n'as pas de bras
Comment bercer l'enfant
Ah.. aaah / Ah.. aaah
Hijo de la Luna

[Couplet 4]
Le gitan se croyant déshonoré
Couteau en main, sa femme alla trouver
""L'enfant n'est pas de moi
Tu m'as trompé, je vois !""
À mort, il la blessa et l'enfant dans ses bras
La colline, il monta là-haut, l'abandonna

[Refrain]
Lune, tu veux être mère
Tu ne trouves pas l'amour
Qui exauce ta prière
Dis-moi lune d'argent
Toi qui n'as pas de bras
Comment bercer l'enfant
Ah.. aaah / Ah.. aaah
Hijo de la Luna

[Outro]
Et les soirs où l'enfant joue et sourit
De joie aussi la lune s'arrondit et lorsque l'enfant pleure
Elle décroit pour lui faire un berceau de lumière
Et lorsque l'enfant pleure
Elle décroit pour lui faire un berceau de lumière"
1124,355407,Mecano,1489727,Une Femme Avec Une Femme,fr,"Deux femmes qui se tiennent la main
Ça n'a rien qui peut gêner la morale
Là où le doute s'installe
C'est que ce geste se fasse sous la table
Quand elles sont seules
Comme elles n'ont rien à perdre
Après les mains, la peau de tout le reste
Un amour qui est secret
Même nues elles ne pourraient le cacher
Alors sous les yeux des autres
Dans la rue elles le déguisent en amitié
L'une des deux dit que c'est mal agir
Et l'autre dit qu'il vaut mieux laisser dire
Ce qu'ils en pensent ou disent ne pourrait rien y faire
Qui arrête les colombes en plein vol
À deux au ras du sol
Une femme avec une femme

Je ne veux pas les juger
Je ne veux pas jeter la première pierre
Et si en poussant la porte
Je les trouve bouche à bouche dans le salon
Je n'aurai pas l'audace de tousser
Si ça me dérange je n'ai qu'à m'en aller
Avec mes pierres elles construiraient leur forteresse
Qui arrête les colombes en plein vol
À deux au ras du sol
Une femme avec une femme

L'une des deux dit que c'est mal agir
Et l'autre dit qu'il vaut mieux laisser dire
Ce qu'ils en pensent ou disent ne pourrait rien y faire
Qui arrête les colombes en plein vol
À deux au ras du sol
Une femme avec une femme
Oh oh oh oh oh
Qui arrête les colombes en plein vol
À deux au ras du sol
Une femme avec une femme"
1125,355407,Mecano,1391198,Dis-Moi Lune D’Argent,fr,"Idiot qui ne comprend pas
La légend' qui comme ça
Dit qu'une gitane
Implora la lune
Jusqu'au lever du jour
Pleurant elle demandait
Un gitan qui voudrait
L'épouser par amour

Tu auras ton homme, femme brune
Du ciel répondit la pleine lune
Mais il faut me donner
Ton enfant le premier
Dès que te sera né
Cell'qui pour un homme
Son enfant immole
Bien peu l'aurait aimé

Refrain:
Lune tu veux être mère
Tu ne trouves pas l'amour
Qui exauce ta prière
Dis-moi Lune d'argent
Toi qui n'as pas de bras
Comment bercer l'enfant
Hijo de la luna

D'un gitan cannelle
Naquit l'enfant
Tout comme l'hermine
Il était blanc
Ses prunelles grises
Pas couleur olive
Fils albinos de lune
"" Maudit soit-tu bâtard!
T'es le fils d'un gadjo
T'es le fils d'un blafard ""

Refrain

Le gitan se croyant déshonoré
Couteau en main sa femme alla trouver
"" l'enfant n'est pas de moi
Tu m'as trompé je vois ""
À mort il la blessa
Et l'enfant dans ses bras
La colline il monta
Là-haut l'abandonna...

Refrain

Et les soirs où l'enfant joue et sourit
De joie aussi la lune s'arrondit
Et lorsque l'enfant pleure
Elle décroît pour lui faire
Un berceau de lumière"
1136,355407,Mecano,1971602,Figlio Della Luna (Hijo de la Luna),it,"Per chi non fraintenda
Narra la leggenda
Di quella gitana
Che pregò la luna
Bianca ed alta nel ciel
Mentre sorrideva
Lei la supplicava
«fa che torni da me»

«tu riavrai quell'uomo
Pelle scura
Con il suo perdono
Donna impura
Però in cambio voglio
Che il tuo primo figlio
Venga a stare con me»
Chi suo figlio immola
Per non stare sola
Non è degna di un re

Luna adesso sei madre
Ma chi fece di te
Una donna non c'è
Dimmi luna d'argento
Come lo cullerai
Se le braccia non hai
Figlio della luna

Nacque a primavera
Un bambino
Da quel padre scuro
Come il fumo
Con la pelle chiara
Gli occhi di laguna
Come un figlio di luna
«questo è un tradimento
Lui non è mio figlio
Ed io no, non lo voglio»

Luna adesso sei madre
Ma chi fece di te
Una donna non c'è
Dimmi luna d'argento
Come lo cullerai
Se le braccia non hai
Figlio della luna

II gitano folle
Di dolore
Colto proprio al centro
Dell'onore
L'afferrò gridando
La baciò piangendo
Poi la lama affondò
Corse sopra al monte
Col bambino in braccio
E lì lo abbandonò

Luna adesso sei madre
Ma chi fece di te
Una donna non c'è
Dimmi luna d'argento
Come lo cullerai
Se le braccia non hai
Figlio della luna

Se la luna piena
Poi diviene
È perché il bambino
Dorme bene
Ma se sta piangendo
Lei se lo trastulla
Cala e poi si fa culla
Ma se sta piangendo
Lei se lo trastulla
Cala e poi si fa culla"
1142,355407,Mecano,1945579,Une Femme Avec Une Femme (Mujer Contra Mujer),fr,"Deux femmes qui se tiennent la main
Ça n'a rien qui peut gêner la morale
Là où le doute s'installe
C'est que ce geste se fasse sous la table
Quand elles sont seules
Comme elles n'ont rien à perdre
Après les mains, la peau de tout le reste
Un amour qui est secret
Même nues elles ne pourraient le cacher
Alors sous les yeux des autres
Dans la rue elles le déguisent en amitié
L'une des deux dit que c'est mal agir
Et l'autre dit qu'il vaut mieux laisser dire
Ce qu'ils en pensent ou disent ne pourrait rien y faire
Qui arrête les colombes en plein vol
À deux au ras du sol
Une femme avec une femme

Je ne veux pas les juger
Je ne veux pas jeter la première pierre
Et si en poussant la porte
Je les trouve bouche à bouche dans le salon
Je n'aurai pas l'audace de tousser
Si ça me dérange je n'ai qu'à m'en aller
Avec mes pierres elles construiraient leur forteresse
Qui arrête les colombes en plein vol
À deux au ras du sol
Une femme avec une femme

L'une des deux dit que c'est mal agir
Et l'autre dit qu'il vaut mieux laisser dire
Ce qu'ils en pensent ou disent ne pourrait rien y faire
Qui arrête les colombes en plein vol
À deux au ras du sol
Une femme avec une femme
Oh oh oh oh oh
Qui arrête les colombes en plein vol
À deux au ras du sol
Une femme avec une femme"
1144,355407,Mecano,865982,Figlio della luna,it,"Per chi non fraintenda
Narra la leggenda
Di quella gitana
Che pregò la luna
Bianca ed alta nel ciel
Mentre sorrideva
Lei la supplicava
«fa che torni da me»

«Tu riavrai quell'uomo
Pelle scura
Con il suo perdono
Donna impura
Però in cambio voglio
Che il tuo primo figlio
Venga a stare con me
Chi suo figlio immola
Per non stare sola
Non è degna di un re»

Luna adesso sei madre
Ma chi fece di te
Una donna non c'è
Dimmi luna d'argento
Come lo cullerai
Se le braccia non hai
Figlio della luna

Nacque a primavera
Un bambino
Da quel padre scuro
Come il fumo
Con la pelle chiara
Gli occhi di laguna
Come un figlio di luna
«questo è un tradimento
Lui non è mio figlio
Ed io no, non lo voglio»

Luna adesso sei madre
Ma chi fece di te
Una donna non c'è
Dimmi luna d'argento
Come lo cullerai
Se le braccia non hai
Figlio della luna

II gitano folle
Di dolore
Colto proprio al centro
Dell'onore
L'afferrò gridando
La baciò piangendo
Poi la lama affondò
Corse sopra al monte
Col bambino in braccio
E lì lo abbandonò

Luna adesso sei madre
Ma chi fece di te
Una donna non c'è
Dimmi luna d'argento
Come lo cullerai
Se le braccia non hai
Figlio della luna

Se la luna piena
Poi diviene
È perché il bambino
Dorme bene
Ma se sta piangendo
Lei se lo trastulla
Cala e poi si fa culla
Ma se sta piangendo
Lei se lo trastulla
Cala e poi si fa culla"
1152,355407,Mecano,4431659,The Uninvited Guest,en,"[Verse 1]
I got that you're nobody's dear
Not invited, I don't care
I know somehow I must be there
And seeing you tonight is worth the fight
There’s a crowd around the door
And they don’t notice just why I’m looking

[Chorus]
Uninvited guest, I’m hiding in your party
Watching every move, I’m waiting for my chance
You don’t know me now but we could have a good time
All I need’s a moment, all I need’s a chance

[Post-Chorus]
What am I going to say?
Look at me, I have nothing to lose
When you let me stay
Look at me, how can you refuse?

[Verse 2]
I see your face, my heart's a race
Everybody wanting you
There must be something I can do
I call your name, please freeze the frame
Turn and smile, you understand you
Give your heart and beg my hand

[Chorus]
Uninvited guest, I’m hiding in your party
Watching every move, I’m waiting for my chance
You don’t know me now but we could have a good time
All I need’s a moment, all I need’s a chance

[Post-Chorus]
What am I going to say?
Look at me, I have nothing to lose
When you let me stay
Look at me, how can you refuse?

[Interlude]

[Chorus]
Uninvited guest, I’m hiding in your party
Watching every move, I’m waiting for my chance
You don’t know me now but we could have a good time
All I need’s a moment, all I need’s a chance

[Post-Chorus]
What am I going to say?
Look at me, I have nothing to lose
When you let me stay
Look at me, how can you refuse?

[Chorus]
Uninvited guest, I’m hiding in your party
Watching every move, I’m waiting for my chance
You don’t know me now but we could have a good time
All I need’s a moment, all I need’s a chance
Uninvited guest, I’m hiding in your party
Watching every move, I’m waiting for my chance
You don’t know me now but we could have a good time
All I need’s a moment, all I need’s a chance
Uninvited guest, I’m hiding in your party
Watching every move, I’m waiting for my chance
You don’t know me now but we could have a good time…"
1159,355407,Mecano,2231965,Le 7 Septembre (El 7 de Septiembre),fr,"C'est fou quand on pense
Qu'alors que nous avons rompu
Nos liens depuis tant d'hivers
On ait encore envie de fêter tous les deux
Notr'anniversaire

Cette fidèle petite table sous laquelle nos mains
Se cherchaient comme par instinct
Veille en sentinelle
Sur le confidentiel
Recoin rituel

Si notre histoire s'est consumée
Sous la cendre une braise a couvé
Et nous avons eu beau souffler
Nous n'avons fait que l'attiser

Les fleurs du printemps
Dans quelque temps seront fanées
Et nos visages marqués
Mais nous aurons l'espoir
Que brille dans no regards
Cet amour passé

Et quand le sept septembre, nous
Fêterons notre anniversaire
Nous en aurons pas où
Nous embrasser, sur la joue
Ou sur la bouche

Si notre histoire s'est consumée
Sous la cendre une braise a couvé
Et nous avons eu beau souffler
Nous n'avons fait que l'attiser

Et quand le sept septembre, nous
Fêterons notre anniversaire..."
1233,31762,Julio Iglesias,1541597,Je N’ai Pas Changé,fr,"Je n'ai pas changé
Je suis toujours ce jeune homme étranger
Qui te chantait des romances
Qui t'inventait des dimanches
Qui te faisaient voyager
Je n'ai pas changé
Je suis toujours ce garçon un peu fou
Qui te parlait d'Amérique
Et n'était pas assez riche
Pour t'emmener à Corfou

Et toi non plus tu n'as pas changé
Toujours le même parfum léger
Toujours le même petit sourire
Qui en dit long sans vraiment le dire
Non toi non plus tu n'as pas changé
J'avais envie de te protéger
De te garder de t'appartenir
J'avais envie de te revenir

Je n'ai pas changé
Je suis toujours l'apprenti baladin
Qui t'écrivait des poèmes
Qui commençaient par je t'aime
Et finissaient par aimer
Je n'ai pas changé
Je prends toujours le chemin qui me plaît
Un seul chemin sur la terre
A réussi à me plaire
Celui qu'ensemble on suivait

Et toi non plus tu n'as pas changé
Toujours le même parfum léger
Toujours le même petit sourire
Qui en dit long sans vraiment le dire
Non toi non plus tu n'as pas changé
J'avais envie de te protéger
De te garder de t'appartenir
J'avais envie de te revenir

Et toi non plus tu n'as pas changé
Toujours le même parfum léger
Toujours le même petit sourire
Qui en dit long sans vraiment le dire
Non toi non plus tu n'as pas changé
J'avais envie de te protéger
De te garder de t'appartenir
J'avais envie de te revenir"
1234,31762,Julio Iglesias,1394732,To All the Girls I’ve Loved Before,en,"[Verse 1: Willie Nelson]
To all the girls I've loved before
Who travelled in and out my door
I'm glad they came along
I dedicate this song
To all the girls I've loved before

[Verse 2: Julio Iglesias]
To all the girls I once caressed
And may I say I've held the best
For helping me to grow
I owe a lot I know
To all the girls I've loved before

[Chorus: Both]
The winds of change are always blowing
And every time I try to stay
The winds of change continue blowing
And they just carry me away

[Verse 3: Willie Nelson]
To all the girls who shared my life
Who now are someone else's wives
I'm glad they came along
I dedicate this song
To all the girls I've loved before

[Verse 4: Julio Iglesias]
To all the girls who cared for me
Who filled my nights with ecstasy
They live within my heart
I'll always be a part
Of all the girls I've loved before

[Chorus: Both]
The winds of change are always blowing
And every time I try to stay
The winds of change continue blowing
And they just carry me away

[Outro: Julio Iglesias, Willie Nelson, Both]
To all the girls we've loved before
Who travelled in and out our doors
We're glad they came along
We dedicate this song
To all the girls we've loved before
To all the girls we've loved before
Who travelled in and out our doors
We're glad they came along
We dedicate this song
To all the girls we've loved before"
1235,31762,Julio Iglesias,949211,My Love,en,"[Verse 1: Stevie Wonder]
My love is warmer than a smile
My love gives to every needing child
If anyone should ask you who's my true love
Tell them my love true is ever letting all their love come through

[Verse 2: Julio Iglesias]
My love sees love with not a face
And lives to love through time and space
If all of everything about my love fits to the tune of you
Then you can say that you are my love too

[Chorus]
Let my love shine throughout the world
To every mountain top and steeple
Let it be felt by every soul
'Til love's all over
Let it reach out to every heart
To every disenfranchised people
'Til it is present and no more is pain all over

[Verse 3:Stevie Wonder, Julio Iglesias]
Our love sees love's the key to peace
We'll pray 'til all world wars have ceased
Should you or anyone you know enough to say they feel as we
Then let our universal song be free

[Chorus]
Let our love shine throughout the world
To every mountain top and steeple
Let it be felt by every soul
'Til love's all over
Let it reach out to every heart
To every disenfranchised people
'Til it is present and no more is pain all over

[Chorus 2]
Say words of love to all we see
To rich or poor for love is equal
Let us lift up humanity
Spead love all over
Let all its forces join as one
So to rebuke all signs of evil
Through every valley, land and sea
Our love's all people"
1236,31762,Julio Iglesias,1175689,Il faut toujours un perdant,fr,"Vois...
C'est moi qui fais ce soir le premier pas
On s'ennuyait un peu mon cur et moi
On revient près de toi

Vois...
Rien qu'un instant je ne vais pas rester
Je prends de tes nouvelles et je m'en vais...
Je ne fais que passer

Moi
Je te retrouve au millieu de tes fleurs
Chez toi la vie a toutes les couleurs
Et le goût du bonheur

Moi
En noir et blanc je vois passer les jours
Comme un brouillard qui tournerait autour
Des choses de l'amour

Je sais
En amour il faut toujours un perdant;
J'ai eu la chance de gagner souvent
Et j'ignorais que l'on pouvait souffrir autant

Je sais
En amour il faut toujours un perdant;
J'ai eu la chance de gagner souvent...
Je t'ai perdue, pourtant

Vois...
C'est moi qui fais ce soir le premier pas
On ne fait plus semblant mon cœur et moi...
On a besoin de toi

Vois...
Je n'aurais jamais cru qu'un jour viendrait
Où près de toi je me retrouverais
Aussi désamparé

Je sais
En amour il faut toujours un perdant;
J'ai eu la chance de gagner souvent
Et j'ignorais que l'on pouvait souffrir autant

Je sais
En amour il faut toujours un perdant;
J'ai eu la chance de gagner souvent...
Je t'ai perdue, pourtant

Vois...
C'est moi qui fais ce soir le premier pas
On s'ennuyait un peu mon cœur et moi
On revient près de toi

Moi
En noir et blanc je vois passer les jours
Comme un brouillard qui tournerait autour
Des choses de l'amour

Je sais
En amour il faut toujours un perdant;
J'ai eu la chance de gagner souvent
Et j'ignorais que l'on pouvait souffrir autant"
1238,31762,Julio Iglesias,1282701,Vous Les Femmes,fr,"Vous les femmes
Vous le charme
Vos sourires
Nous attirent
Nous désarment

Vous les anges
Adorables
Et nous sommes
Nous les hommes
Pauvres diables...

Avec des milliers de roses on vous entoure
On vous aime et sans le dire on vous le prouve
On se croit très forts, on pense vous connaître
On vous dit ""toujours"", vous répondez ""peut-être""

Vous les femmes
Vous mon drame
Vous si douces
Vous la source
De nos larmes

Pauvres diables
Que nous sommes
Vulnérables
Misérables
Nous les hommes...
Pauvres diables
Pauvres diables

Dès qu'un autre vous sourit on a tendance
À jouer plus on moins bien l'indifférence
On fait tout pour se calmer, puis on éclate
On est fous de jalousie, et ça vous flatte...

Vous les femmes
Vous le charme
Vos sourires
Nous attirent
Nous désarment

Pauvres diables
Que nous sommes
Vulnérables
Misérables
Nous les hommes
Pauvres diables
Pauvres diables
Pauvres diables..."
1239,31762,Julio Iglesias,1329878,Viens m’embrasser,fr,"Viens m'embrasser...
Avant de t'en aller ce soir, viens m'embrasser
On ne va plus se voir mais on n'est pas fâchés...
Viens m'embrasser!

Viens m'embrasser...
Dis toi qu'entre nous deux ça ne va rien changer
Ta décision est prise et tu vas me quitter...
Viens m'embrasser!

Toi qui t'en vas
Oublie que je suis triste; oublie et souris-moi;
Fais-moi revivre encore un peu de ce temps-là
Où tu venais te jeter dans mes bras

Toi qui t'en vas
Essaie de m'inventer encore un peu de toi
Essaie de faire semblant d'avoir besoin de moi...
Viens m'embrasser pour la dernière fois!

Viens m'embrasser!
C'est toi qui vas partir, alors pourquoi pleurer?
C'est pas la fin du monde; on n'est pas les premiers
A se quitter

Viens m'embrasser
Et ne me parle plus du mal que tu me fais
Avec le temps tu sais tout devrait s'arranger...
Viens m'embrasser!

Toi qui t'en vas
Oublie que je suis triste; oublie et souris-moi;
Fais-moi revivre encore un peu de ce temps-là
Où tu venais te jeter dans mes bras

Toi qui t'en vas
Essaie de m'inventer encore un peu de toi
Essaie de faire semblant d'avoir besoin de moi...
Viens m'embrasser pour la dernière fois!"
1242,31762,Ajda Pekkan,883580,Bir Günah Gibi,tr,"Bir sayfa kopuyor zamandan
Ayrılırken sen yanımdan
Bu aşkın daha en başından
Korkuyordum ben sonundan

Bir günah gibi gizledim seni
Kimse görmedi seninle beni
Ağlarken içim, güldü gözlerim
Bir günah gibi gizledim

Ne bugün ne de yarından
Beklediğim ne kaldı?
Beni o gün senden kıskanan
Resimler de sarardı

Bir günah gibi gizledim seni
Kimse görmedi seninle beni
Ağlarken içim, güldü gözlerim
Bir günah gibi gizledim

Ağlarken içim, güldü gözlerim
Bir günah gibi gizledim
Ağlarken içim, güldü gözlerim
Bir günah gibi gizledim
Gizledim
Gizledim"
1243,31762,Julio Iglesias,995993,Crazy,en,"[Verse 1]
Crazy, I'm crazy for feeling so lonely
I'm crazy, crazy for feeling so blue

[Verse 2]
I knew, you'd love me as long as you wanted
And then someday, you'd leave me for somebody new

[Verse 3]
Worry, why do I let myself worry?
Wondering, what in the world did I do?

[Chorus]
Crazy, for thinking that my love could hold you
I'm crazy for trying, I'm crazy for crying
And I'm crazy for loving you

Crazy, for thinking that my love could hold you
I'm crazy for trying, I'm crazy for crying
And I'm crazy for loving you"
1245,31762,Julio Iglesias,1410393,Mammy Blue,en,"Oh Mammy, oh Mammy Mammy Blue
Oh Mammy Blue
Oh Mammy, oh Mammy Mammy Blue
Oh Mammy Blue

I may be your forgotten son
Who wandered off at twenty-one
It's sad to find myself at home
Without you
If I could only hold your hand
And say I'm sorry, yes I am
I'm sure you'll really understand
Oh Mammy

Oh Mammy, oh Mammy Mammy Blue
Oh Mammy Blue
Oh Mammy, oh Mammy Mammy Blue

Je suis parti un soir d'été
Sans dire un mot sans t'embrasser
Sans un regard sur le passé-é
Dès que j'ai franchi la frontière
Le vent soufflait plus fort qu'hier
Quand j'étais près de toi ma mère-è-re

Oh Mammy, oh Mammy Mammy Blue
Oh Mammy Blue"
1246,31762,Julio Iglesias,1385492,All of You,en,"[Intro: Diana Ross]
Ahhhh-ha, ooh yeah,  ooooh, ah-hah

I've never had this feeling before
I've never wanted anyone more
And something in your eyes tells me
You feel the way that I do
(I feel like you do)

If you would like to stay here all night
You know that I would say
It's all right
Though I'm saying yes
I confess
I've got more on my mind
'Cause I want more of you
Than your time

All of you, your body and soul
Every kind of love you can express
All the secret dreams you've never told
I want everything
And I'll take nothing less

All of you as long as you live
Everything you've never shared before
I want all of you that you can give
All your joys and all your sorrows
Your todays and your tomorrows

How I long to feel the warmth of your touch
And then if I'm not asking too much
I'd like to spend my life wand'ring through
All the wonders of you
(All the wonders of you)

And when we're lying close in the dark
So close I feel each beat of your heart
I want you to reveal what you feel
All you hold deep inside
There is nothing I want you to hide

All of you, your body and soul
Everything you want this love to be
I want all of you
All that you can give
And in return for all your giving
Let me give you all of me

All of you, your body and soul
Every kind of love you can express
All the secret dreams you've never told
I want everything (Everything), everything
All of you as long as you live
(As long as you live)
Everything you want this love to be
I want all of you
All that you can give
In return (In return) I wanna give you
Let me give y…"
1248,31762,Julio Iglesias,961205,Love Is On Our Side Again,en,"In this crazy life we reach for the best we can
But sometimes it slips away
No matter how we plan
You were the best thing in my life
My only hope of gettin' it right
Who would've thought we'd get to have A second time around?
But now that love is on our side again
Let's take these feelings all the way
Let's open up and live our passions to the end
Now that love is on our side again
I loved you too much, without you I felt so wrong
It's funny how we tear ourselves apart, just to belong
I'll never ever compromise that look of trust within your eyes
We'll let our hearts grow forever here on solid ground

Now that love is on our side again
Let's take these feelings all the way
Let's open up and live our passions to the end
Now that love is on our side again
Now here we are, and the storm is over
We're ready for that dream
We'll get it right
It just could take a little longer
A time to heal our wounds is all we need
Now that love is on our side again
Let's take these feelings all the way
Let's open up and live our passions to the end
Now that love is on our side again
Now that love is on our side again
Let's take these feelings all the way
Let's open up and live our passions to the end
Now that love is on our side again"
1250,31762,Julio Iglesias,1413128,When You Tell Me That You Love Me,en,"I wanna feel this way longer than time
I wanna know your dreams and make them mine
I wanna change the world, only for you
All the impossible, I wanna do

I wanna hold you close under the rain
I wanna kiss your smile and feel your pain
I know what's beautiful, looking at you
Here in a world of lies, you are the truth

And baby
Everytime you touch me, I become a hero
I'll make you safe no matter where you are
And bring you anything you ask for, nothing is above me
I'm shining like a candle in the dark
When you tell me that you love me

I wanna make you see just what I was
Show you the loneliness and what it does
You walked into my life to stop my tears
Everything's easy now, I have you here

And baby
Everytime you touch me, I become a hero
I'll make you safe no matter where you are
And bring you anything you ask for, nothing is above me
I'm shining like a candle in the dark
When you tell me that you love me

In a world without you
I would always hunger
All I need is your love to make me stronger

And baby
Everytime you touch me, I become a hero
I'll make you safe no matter where you are
And bring you anything you ask for, nothing is above me
I'm shining like a candle in the dark
When you tell me that you love me
When you tell me that you love me
When you tell me that you love me
When you tell me that you love me"
1252,31762,Julio Iglesias,1341284,If I Ever Needed You (I Need You Now),en,"I can't be the same
Since you went away
The best of my life
Walked away with you that day
I was wrong, I know
When I hurt you so
I was a fool
To ever let you go
Stay with me... Oh! Stay with me!

If I ever needed you I need you now
There's nothing in my life I've been more sure of
Since I've fallen into your love
And I promise I'll make up for all the hurt somehow
I need one more chance to prove
If I ever needed you I need you now

I was wrong, I know
When I hurt you so
I was a fool
To ever let you go
Stay with me... Oh! Stay with me!

If I ever needed you I need you now
There's nothing in my life I've been more sure of
Since I've fallen into your love
And I promise I'll make up for all the hurt somehow
I need one more chance to prove
If I ever needed you I need you now

Though the words I spoke
To win your heart came easy then
Now I'm speaking from my heart
When I say to you again:

If I ever needed you I need you now
There's nothing in my life I've been more sure of
Since I've fallen into your love
And I promise I'll make up for all the hurt somehow
I need one more chance to prove
If I ever needed you I need you now...
If I ever needed you I need you now!"
1254,31762,Julio Iglesias,1213396,Moonlight Lady,en,"There were beggars and kings in a magical sky
There were wings in the air
And I learned how to fly
There was me
There was you in a world made for two
Then you were gone

Moonlight lady
Come along with me
To the bright city lights
It's all right ‘cause tonight's on me

Moonlight lady
Come along with me
To the bright city lights
It's all right ‘cause tonight's on me

She wore satin and lace on the beach
And her beauty was there to inspire
She was loving the night in the grasp
Of a soft-lit fire

Moonlight lady
Come along with me
To the bright city lights
It's all right ‘cause tonight's on me

Moonlight lady
Come along with me
To the bright city lights
It's all right ‘cause tonight's on me

Every night is so empty without you
I'm so lonely since you went away
If by chance we could dance to the music
Let it play, let me say

Moonlight lady
(Sexy, sexy lady)
Come along with me
(You just drive me crazy)
To the bright city lights
It's all right ‘cause tonight's on me

Moonlight lady
(Sexy, sexy lady)
Come along with me
(You just drive me crazy)
To the bright city lights
It's all right ‘cause tonight's on me

Seems it never rains in Southern California
To the bright city lights
It's all right ‘cause tonight's on me
It never rains in California
But, girl, don't they warn ya?
To the bright city lights
It's all right ‘cause tonight's on me

Seems it never rains in Southern California
To the bright city lights
It's all right ‘cause tonight's on me
It never rains in California
But, girl, don't they warn ya?
To the bright city lights
It's all right ‘cause tonight's on me

Seems it never rains in Southern California…"
1255,31762,Motive & Ajda Pekkan,10544492,Bir Günah Gibi,tr,"[""Bir Günah Gibi"" için şarkı sözleri]

[Verse: Motive]
Görmeyi sıkıldım şeytanların melekleri sokakta yan yana, aynı karede
Ölmeye sıkıldım, duvarları örümcek misali inceleye inceleye
Kendimi saklar acı gibi ve inatken ihaneti aklımda tartar
Yetmiş beşe dönüş baksam, iki bira, asgari maaş beni bi' yoluna saplar
[...]
Çığlıklara bağlar, yıkılır bi' elin deniz büyüklüğünde ""Ama"" vedalar
İçimizde büyüdü bu dert dura dura, gizli bi' günah gibi
Kör ediyo' gözlerini sert vura vura, sisli bi' serap gibi
Ortaya çıkar bi' gün sora sora, yok bunun ortak nedeni
Güçlü bu kalbim dayanır, taşınca patlar bi' silah gibi

[Nakarat: Ajda Pekkan & Motive]
Ağlarken içim güldü gözlerim
Bir günah gibi gizledim
Ağlarken içim (Ağlarken içim) güldü gözlerim (Güldü gözlerim)
Bir günah gibi gizledim (Bir günah gibi, bir günah gibi)
Ağlarken içim (Ağlarken içim) güldü gözlerim (Güldü gözlerim, bir günah gibi)
Bir günah gibi gizledim

[Kesit (
1
, 
2
, 
3
, 
4
) şarkı sözleri, resmî sözler yayımlanınca güncellenecektir]"
1258,31762,Julio Iglesias,2242052,"Un jour tu ris, un jour tu pleures (No Soy De Aqui)",fr,"Une chanson que me fredonne l'automne
Les taches rousses de septembre, ma chambre
Une dernière cigarette, peut-être
Et puis je vais aller dormir
Je pense à tous les solitaires sur Terre
Qui vont éteindre la lumière pour faire
L'aller-retour, la vie, le rêve, je lève
Mon verre à leur prochain sourire
Un jour tu ris, un jour tu pleures
Un jour tu vis, un jour tu meurs
Départ mouchoir
Retour velours
Histoire d'amour
Un jour ça va, un autre non
Un jour lilas, un jour flocon
C'est ça la vie
Un jour tu pleures
Un jour tu ris
J'étais au chaud dans ta romance, dimanche
Lundi j'ai froid dans le silence, l'absence
J'aurai peut-être une semaine de peine
Puis, sûrement, je t'oublierai
Et je dirai d'autres ""je t'aime"" quand même
J'effeuillerai d'autres visages, les pages
Du livre de cette aventure future
Ma vie, mes joies et mes regrets
Un jour tu ris, un jour tu pleures
Un jour tu vis, un jour tu meurs
Départ mouchoir
Retour velours
Histoire d'amour"
1261,31762,Julio Iglesias,2125249,Song of joy - english,en,"Come! Sing a song of joy
For peace shall come, my brother!
Sing! Sing a song of joy
For men shall love each other!

That day will dawn just as sure
As hearts that are pure
Are hearts set free
No man must stand along
With outstretched hands before him

Reach out and take them in yours
With love that endures
Forever more
Then sing a song of joy
For love and understanding

Come! Sing a song of joy
Of freedom! Tell the story!
Sing! Sing a song of joy
For mankind in his glory!

One mighty voice that will bring
A sound that will ring
Forever more
Then sing a song of joy
For love and understanding

Come! Sing a song of joy
Of freedom! Tell the story!
Sing! Sing a song of joy
For mankind in his glory!

One mighty voice that will bring
A sound that will ring
Forever more
Then sing a song of joy
For love and understanding

Sing! Sing a song of joy
For mankind in his glory!"
1264,31762,Julio Iglesias,1770599,Se mi lasci non vale,it,"La valigia sul letto
È quella di un lungo viaggio
E tu senza dirmi niente hai trovato il coraggio
Con l'orgoglio ferito di chi poi si ribella
Ma quando t'arrabbi sei ancora più bella
E così, su due piedi, io sarei liquidato
Ma vittima sai d'un bilancio sbagliato
Se un uomo tradisce, tradisce a metà
Per cinque minuti e non eri più qua

Se mi lasci non vale (se mi lasci non vale)
Se mi lasci non vale (se mi lasci non vale)
Non ti sembra un po' caro
Il prezzo che adesso io sto per pagare
(Se mi lasci non vale) se mi lasci non vale
(se mi lasci non vale) se mi lasci non vale
Dentro quella valigia tutto il nostro passato
Non ci può stare

Metti a posto ogni cosa e parliamone un po'
Io di errori ne ho fatti, di colpe ne ho
Ma quello che conta tra il dire e il fare
È saper andar via ma saper ritornare

Se mi lasci non vale (se mi lasci non vale)
Se mi lasci non vale (se mi lasci non vale)
Non ti sembra un po' caro
Il prezzo che adesso io sto per pagare
(Se mi lasci non vale) se mi lasci non vale
(se mi lasci non vale) se mi lasci non vale
Dentro quella valigia tutto il nostro passato
Non ci può stare
(Se mi lasci non vale) se mi lasci non vale
(se mi lasci non vale) se mi lasci non vale
Dentro quella valigia tutto il nostro passato
Non ci può stare
(Se mi lasci non vale) se mi lasci non vale
(se mi lasci non vale) se mi lasci non vale
Dentro quella valigia tutto il nostro passato
Non ci può stare"
1267,31762,Julio Iglesias,1642642,Fragile,en,"If blood will flow
When flesh and steel are one
Drying in the colour
Of the evening sun
Tomorrow's rain
Will wash the stains away
But something in our minds
Will always stay

Perhaps this final act was meant
To clinch a lifetime's argument
That nothing comes from violence
And nothing ever could
For all those born beneath an angry star
Lest we forget how fragile we are

On and on
The rain will fall
Like tears from a star...
Like tears from a star

On and on
The rain will say
How fragile we are...
How fragile we are

On and on
The rain will fall
Like tears from a star...
Like tears from a star

On and on
The rain will say
How fragile we are...
How fragile we are

If blood will flow
When flesh and steel are one
Drying in the colour
Of the evening sun
Tomorrow's rain
Will wash the stains away
But something in our minds
Will always stay

On and on
The rain will fall
Like tears from a star...
Like tears from a star

On and on
The rain will say
How fragile we are...
How fragile we are

On and on
The rain will fall
Like tears from a star...
Like tears from a star

On and on
The rain will say
How fragile we are...
How fragile we are"
1273,31762,Sting,5806568,Fragile (Duet),en,"If blood will flow when flesh and steel are one
Drying in the colour of the evening sun
Tomorrow's rain will wash the stains away
But something in our minds will always stay

Perhaps this final act was meant
To clinch a lifetime's argument
That nothing comes from violence
And nothing ever could
For all those born beneath an angry star
Lest we forget how fragile we are

On and on the rain will fall
Like tears from a star
Like tears from a star
On and on the rain will say
How fragile we are
How fragile we are

On and on the rain will fall
Like tears from a star
Like tears from a star
On and on the rain will say
How fragile we are
How fragile we are

If blood will flow when flesh and steel are one
Drying in the colour of the evening sun
Tomorrow's rain will wash the stains away
But something in our minds will always stay

On and on the rain will fall
Like tears from a star
Like tears from a star
On and on the rain will say
How fragile we are
How fragile we are

On and on the rain will fall
Like tears from a star
Like tears from a star
On and on the rain will say
How fragile we are
How fragile we are"
1274,31762,Julio Iglesias,1479090,J’ai besoin d’un peu d’amour,fr,"Chaque jour a chaque instant tout recommence
Dans mon coeur c'est a nouveau la folle ronde
Car l'amour c'est mon soleil, mon esperance
La plus belle chose au monde

J'ai l'amour a fleur de coeur, un rien l'enflamme
Un regard me fait chanter ou me dechire
Et je sais que je pourrais donner mon ame
Simplement pour un sourire

J'ai besoin d'un peu d'amour
Pour que chante ma guitare
Pour oublier tout ce qui nous separe
Nuit et jour, j'ai besoin d'un peu d'amour

J'ai besoin,jour apres jour
De sentir une presence
Comme un enfant perdu et sans defense
Nuit et jour, j'ai besoin d'un peu d'amour

Sans amour je ne suis rien, mon ciel se voile
Mon printemps a brusquement des airs d'automne
Et je crois que j'ai perdu ma bonne etoile
Que la chance m'abandonne

J'ai l'amour a fleur de coeur, un rien l'enflamme
Un regard me fait chanter ou me dechire
Et je sais que je pourrais donner mon ame
Simplement pour un sourire

J'ai besoin d'un peu d'amour
Pour que chante ma guitare
Pour oublier tout ce qui nous separe
Nuit et jour, j'ai besoin d'un peu d'amour

J'ai besoin,jour apres jour
De sentir une presence
Comme un enfant perdu et sans defense
Nuit et jour, j'ai besoin d'un peu d'amour"
1275,31762,Julio Iglesias,1850019,Spanish Eyes,en,"Blue spanish eyes
Teardrops are fallin' from your spanish eyes
Please, please don't cry
This is just ""adios"" and not ""goodbye""
Soon I'll return
Bringing you all the love your heart can hold
Please, say ""si, si"" Say you and your spanish eyes
Will wait for me

Tu, solo tu
Has enseсado a mi alma tu querer
Tu y solo tu
Has hecho que yo vuelva a amanecer

Soon I'll return
Bringing you all the love your heart can hold
Please, say ""si, si"" Say you and your spanish eyes
Will wait for me

Soon I'll return
Bringing you all the love your heart can hold
Please, say ""si, si"" Say you and your spanish eyes
Will wait for me

Soon I'll return
Bringing you all the love your heart can hold
Please, say ""si, si"" Say you and your spanish eyes
Will wait for me"
1276,31762,Diana Ross,1646760,All of You,en,"I've never had this feeling before
I've never wanted anyone more
And something in your eyes tells me
You feel the way that I do
(I feel like you do)

If you would like to stay here all night
You know that I would say
It's all right
'Though I'm saying yes
I confess
I've got more on my mind
'Cause I want more of you
Than your time

All of you, your body and soul
Every kind of love you can express
All the secret dreams you've never told
I want everything
And I'll take nothing less
All of you as long as you live
Everything you've never shared before
I want all of you that you can give
All your joys and all your sorrows
Your todays and your tomorrows

How I long to feel the warmth of your touch
And then if I'm not asking too much
I'd like to spend my life wand'ring through
All the wonders of you

And when we're lying close in the dark
So close I feel each beat of your heart
I want you to reveal what you feel
All you hold deep inside
There is nothing I want you to hide

All of you, your body and soul
Everything you want this love to be
I want all of you
All that you can give
And in return for all your giving
Let me give you all of me

All of you, your body and soul
Every kind of love you can express
All the secret dreams you've never told
I want everything (everything) everything
All of you as long as you live
(As long as you live)
Everything you want this love to be
I want all of you
All that you can give
In return (in return) I wanna give you"
1277,31762,Julio Iglesias,1576096,When I Need You,en,"When I need you
I just close my eyes and I'm with you
And all that I so want to give you
Is only a heartbeat away

When I need love
I hold out my hands and I touch love
I never knew there was so much love
Keeping me warm night and day

Miles and miles of empty space in between us
The telephone can't take the place of your smile
But you know I won't be travelling forever
It's cold out
So hold out
And do like I do

When I need you
I just close my eyes and I'm with you
And all that I so want to give you
Is only a heartbeat away

It's not easy when the road is your driver
Honey that's a heavy load that we bear
But you know I won't be travelling a lifetime
It's cold out
So hold out
And do like I do
When I need you

When I need love
I hold out my hands and I touch love
I never knew there was so much love
Keeping me warm night and day

When I need you
I just close my eyes
And you're right by my side
Keeping me warm night and day
I just hold out my hand
Hold out my hand
And I'm with you
All I wanna give you
Is only a heartbeat away
When I need you"
1278,31762,Julio Iglesias,1988170,Je n’ai pas change (no vengo ni voy),fr,"Je n'ai pas changé
Je suis toujours ce jeune homme étranger
Qui te chantait des romances
Qui t'inventait des dimanches
Qui te faisaient voyager
Je n'ai pas changé
Je suis toujours ce garçon un peu fou
Qui te parlait d'Amérique
Et n'était pas assez riche
Pour t'emmener à Corfou

[Refrain:]
Et toi non plus tu n'as pas changé
Toujours le même parfum léger
Toujours le même petit sourire
Qui en dit long sans vraiment le dire
Non toi non plus tu n'as pas changé
J'avais envie de te protéger
De te garder de t'appartenir
J'avais envie de te revenir
Je n'ai pas changé
Je suis toujours l'apprenti baladin
Qui t'écrivait des poèmes
Qui commençaient par je t'aime
Et finissaient par aimer
Je n'ai pas changé
Je prends toujours le chemin qui me plaît
Un seul chemin sur la terre
A réussi à me plaire
Celui qu'ensemble on suivait

[au Refrain, 2x]"
1281,31762,Eddie Murphy,3383556,Yeah,en,"Mmm yeah
[Stevie Wonder: Oh yeah, oh yeah, oh yeah]
Well alright, yeah, well alright, yes (yeah), Alright yeah (yeah), well alright
[Babyface: (Oh yes, ah yeah)]
Oh yes, so good
Oh yeah
Yeah, yeah, yeah, yeah, yeah, so good
[Luther Vandross: Everybody, all of the people say]
Yeah, yeah
[Johnny Gill: Say yeah, yeah]
Yeah, yeah (Alright, so good)
Yeah, yeah (Anything you wanna)
[Patti LaBelle: Say yeah, yeah]
Yeah, yeah (Anything you wanna)
Do, do, yeah, yeah, yeah, yeah
Yeah, yeah… (Anything you wanna)
[Heavy D: The 'y' to the 'e' to the 's', yes, y'all
The 'y' to the 'e' to the 's', yes]
Yeah, yeah
Julio say yes
[Julio Iglesias: Sí, sí, sí]
Oh yeah
Yeah, uh!!
Yeah, yeah
[Luther: I just wanna say]
[En Vogue: Oh yes]
[Luther: Ooh yeah]
Yeah, yeah
Why don't ya say
Yeah, yeah
Just got to say yes
Just got to say yes
It's ok
[Babyface: Everybody sing, everybody sing]
[Patti LaBellel: Just say it]
[Heavy D: The 'y' to the 'e' to the 's', yes, y'all
The 'y' to the 'e' to the 's', yes, y'all]
Yeah, yeah, do, uh yeah
Oh, oh, oh, oh, oh
Yeah, yeah, aha!
Yeah, don't you feel like say it?
Uh!
Yeah, yes
[Aaron Hall: You gotta feel it, gotta feel it deep down inside]
You gotta try
Oh yeah
[Aaron Hall: You gotta really need, yes]
Sí, yeah, yeah
Oh yeah, c'mon
[Aaron Hall: Keep on, (sí), keep on (sí)]
It's all about to go and wanna feel it
[Michael Jackson: Can you feel it? Feel it!]
All the people say: alright
Yes, it's all about… uh, uh, uh
Wanna say yes
Say yes right now
[Luther: I can only say yes]
I wanna say yes
[Luther: If you ask me, only say yeah]
I wanna say yes
[Luther: That's all I can do...]
Yeah, yes
[Luther: ...is say yeah yeah, say yeah
If you ask me I, I can only say
I can only say yeah]
Yes, yes, yes!
Any time that you want me to
I will say yes to you
[Michael Jackson: Yeah, yeah, yeah]
So glad you're saying yes to me
[Johnny Gill: Say yeah, say yeah, say yeah]
[Janet Jackson: Ah, that is so cute]
[Luther: If you wanna know the answer is, yes]
Yeah, yeah
[Luther: The answer is, yes]
Yeah!
[Luther: That's right]
C'mon, say yeah
[Patti LaBelle: Everybody sing…]
Yes! Yeah!
It's alright now, it's alright now, say yes now, say yes now
[Luther: Somebody's going off singing...]
Say yeah…
Ooh, yeah… yes
It's all about you…"
1284,338486,Aitana & Cali y El Dandee,5082105,+,es,"[Letra de ""+""]

[Verso 1: Aitana]
Que no volveré, que no volverás
Que después de un sol, no te veré más
Dime que es mentira, que me lo soñé, que tú ya no te vas
Que a partir de hoy todo es recordar
No te olvidaré, no me olvidarás
Dime que no es cierto y que este amor tan grande no se acabará
Hoy no me voy a dormir para que al reloj no le pasen las horas
Sonrisas por fuera, aunque por dentro lloras
Yo voy a quedarme y tú te vas a ir (Tú te vas a ir)
¿Qué más te puedo decir?
Si el primer amor durará para siempre
Sobrarán recuerdos, faltará tenerte
Dejas una historia en mí por escribir

[Estribillo: Aitana]
Si yo te quiero, te quiero y te quiero
Y por tu culpa febrero me duele de más
¿Dónde guardaré este amor si tú te vas?
Si no es mentira que te echo de menos
Si yo no te echo de menos te extraño de más
Y aunque sé muy bien que tú no volverás (No volverás)
¿Cómo pretendo no echarte de menos si te amé de más?

[Verso 2: Cali, El Dandee]
Más te amo, menos tiempo
Más te alejas, más lo siento
Restas tus ojos cafés pero le sumas sufrimiento
Más besos imaginarios, más peleo en solitario
Yo estoy mal pero te miento más de lo que es necesario
¿Cómo le explico a tu diario que yo ya me he acabado el abecedario por llorar canciones que te escribo a diario?
Quererte no es imposible, soñarte es involuntario
Un amor que es irreversible no lo borran ni los meses ni los años
Yo te extraño

Te extraño con locura y no hay cura para esta historia de un amor extraordinario
¿Y qué le hacen un par de besos? Te quiero por dentro con cada hueso, y si tú me quieres no me digas lo contrario
Pero lo que más me duele
Es llegar segundo si te vi primero
Entregarlo todo y quedarme con cero
Por sumarle aniversarios a un amor que siempre será pasajero

[Estribillo: Aitana]
Si yo te quiero, te quiero y te quiero
Y por tu culpa febrero me duele de más
¿Dónde guardaré este amor si tú te vas?
Si no es mentira que te echo de menos
Si yo no te echo de menos te extraño de más
Y aunque sé muy bien que tú no volverás (No volverás)
¿Cómo pretendo no echarte de menos si te amé de más?

[Puente: El Dandee, Aitana]
No te has ido y ya te extraño de más
Yo no te olvidaré jamás
Yo no te olvidaré jamás
Tú júrame que volverás
No te has ido y ya te extraño de más
Yo no te olvidaré jamás
Yo no te olvidaré jamás
Tú júrame que volverás

[Estribillo: Aitana]
Si yo te quiero, te quiero y te quiero
Y por tu culpa febrero me duele de más
¿Dónde guardaré este amor si tú te vas?
Si no es mentira que te echo de menos
Si yo no te echo de menos te extraño de más
Y aunque sé muy bien que tú no volverás (No volverás)

[Outro: Aitana]
Y aunque ya sé que todas las historias tienen su final
Ya no me pidas que de ti me olvide, que no soy capaz
¿Cómo pretendo no echarte de menos si te amé de más?"
1310,338486,Cali y El Dandee,2177890,No Hay 2 Sin 3 (Gol),es,"[Letra de ""No Hay 2 Sin 3 (Gol)"" ft. David Bisbal]

[Intro: Paco González & José Antonio Camacho]
Centra a Iniesta, para él va ese balón
El— le cae a Cesc Fábregas
Fábregas para Iniesta, ¡Iniesta!
Chuta Iniesta, ¡GOL! (¡GOL!)
¡Gol, gol! ¡Gol de España!
¡A falta de 4 minutos somos campeones del mundo!

[Coro]
Sube la mano y grita gol, -ol, -ol
Oh-oh-oh, -ol, -ol
Oh-oh-oh, -ol, -ol
Oh-oh-oh
Sube la mano y grita gol, -ol, -ol
Oh-oh-oh, -ol, -ol
Oh-oh-oh, -ol, -ol
Oh-oh-oh

[Pos-Coro]
No hay dos sin tres
No-No, No hay dos sin tres

[Verso 1]
Miro para el cielo, me mira la gente
Para ellos yo soy diferente
Los gritos rebotan, las lucen del frente
La pelota me grita ""Te toca""
Las piernas me ruegan que no
Pero el alma me ordena que sí, la vida es así
Y si voy a morir, miré de primero
Sabiendo que soy un guerrero
Mis padre me dieron la raza y la vida, ¿qué pasa?
No pienso perder en mi casa
Yo correo adelante, cronómetro corre de 90 a 0
No importa, yo sé lo quiero
Persigo el balón con las manos en el corazón
Y asustado me mira el portero
Las manos al sol y en mi pierna un impacto certero, yeh

[Coro]
Sube la mano y grita gol, -ol, -ol
Oh-oh-oh, -ol, -ol
Oh-oh-oh, -ol, -ol
Oh-oh-oh
Sube la mano y grita gol, -ol, -ol
Oh-oh-oh, -ol, -ol
Oh-oh-oh, -ol, -ol
Oh-oh-oh
Sube la mano y grita gol

[Pos-Coro]
No hay dos sin tres
No-No, No hay dos sin tres
No hay dos sin tres, eh-eh
No hay dos sin tres
No-No, No hay dos sin tres

[Puente]
Un, deux, trois; no es mi culpa que yo juegue más
Four, five, six; no es mi culpa porque así nací
Eins, zwei, drei; te lo juro que no hay 2 sin 3
Sorry, man, siempre gano y ya me acostumbré
Un, deux, trois; no es mi culpa que yo juegue más
Four, five, six; no es mi culpa porque así nací
Eins, zwei, drei; te lo juro que no hay 2 sin 3
Sorry, man, eh-eh

[Coro]
Sube la mano y grita gol, -ol, -ol
Oh-oh-oh, -ol, -ol
Oh-oh-oh, -ol, -ol
Oh-oh-oh
Sube la mano y grita gol, -ol, -ol
Oh-oh-oh, -ol, -ol
Oh-oh-oh, -ol, -ol
Oh-oh-oh
Sube la mano y grita gol

[Pos-Coro]
No hay dos sin tres
No-No, No hay dos sin tres
No hay dos sin tres, eh-eh
No hay dos sin tres
No-No, No hay dos sin tres

[Verso 2]
Súbele la música que llega la fiesta
Se pone caliente, la casa está llena de gente
Tú sigue bailando, en el aire se siente el ambiente
Lleva las manos al sol, con el alma grita gol, yeah
Dale
Mi patria me ha dado la gloria y la quiero sentir otra vez
No hay dos sin tres
Somos los campeones y cuando nos miras lo ves
No hay dos sin tres
Eh, no hay dos sin tres
Eh, nay dos sin tres, eh-eh

[Coro]
Sube la mano y grita gol, -ol, -ol
Oh-oh-oh, -ol, -ol
Oh-oh-oh, -ol, -ol
Oh-oh-oh
Sube la mano y grita gol, -ol, -ol
Oh-oh-oh, -ol, -ol
Oh-oh-oh, -ol, -ol
Oh-oh-oh
Sube la mano y grita gol, -ol, -ol
Oh-oh-oh, -ol, -ol
Oh-oh-oh, -ol, -ol
Oh-oh-oh
Sube la mano y grita gol, -ol, -ol
Oh-oh-oh, -ol, -ol
Oh-oh-oh, -ol, -ol
Oh-oh-oh
Sube la mano y grita gol

[Pos-Coro]
No hay dos sin tres
No-No, No hay dos sin tres
No hay dos sin tres, eh-eh
No hay dos sin tres
No-No, No hay dos sin tres
Sube la mano y grita gol"
1333,201922,Sabina Ddumba,2412207,Not Too Young,en,"[Verse 1]
They ask me all these questions
Give me these lectures
It's getting old
So many suggestions
On my direction
Where I should go

[Pre-Chorus]
They say ""Hey little girl in this world you will learn when you're older
Don't rush how you feel cause you know when it's real in time""
I don't mean to be rude but I know that we don't live forever
So I'm gonna go with my heart cause a heart don't lie

[Chorus]
They say I'm young
But I'm not too young, to know what love is, to know what love is
They say I'm young
But I'm not too young, to know what love is, to know what love is
Oh

[Verse 2]
They tell me I don't listen
Got all the answers
Miss know it all (miss know it all)
Please quit with your predictions
On my decisions
I'll make my own

[Pre-Chorus]
They say ""Hey little girl in this world you will learn when you're older
Don't rush how you feel cause you'll know when it's real in time""
I don't mean to be rude
But I know that we don't live forever
So I'm gonna go with my heart cause a heart don't lie

[Chorus]
They say I'm young
But I'm not too young, to know what love is, to know what love is
They say I'm young
But I'm not too young, to know what love is, to know what love is

[Bridge]
Not too young, not too young
I know that I'm not too young, not too young
Not too young, not too young
To know what love is
Not too young, not too young
I know that I'm not too young, not too young
Not too young, not too young
To know what love is

[Chorus]
They say I'm young
But I'm not too young, to know what love is
To know what love is
They say I'm young
But I'm not too young, to know what love is, to know what love is
They say I'm young
But I'm not too young, to know what love is, to know what love is
They say I'm young
But I'm not too young, to know what love is, to know what love is

[Outro]
Not too young, not too young
I know that I'm not too young, not too young
Not too young, not too young to know what love is
Not too young, not too young
I know that I'm not too young, not too young
Not too young, not too young to know what love is"
1334,201922,Sabina Ddumba,3284499,Vågorna,sv,"Med solen i ryggen
Och vinden i mitt hår
Följer jag vägen ner mot stranden
Och för en stund känns det lätt att andas
Vi snackar för länge
Tiden försvinner, går för fort
Natt blir gryning trots regnigt i juli
Ekar vårt skratt högre än alla sorger

Vågorna gungar mig
Under bar himmel seglar jag
Händer som gungar mig
Jag har hela världen under mig snart
Vågorna gungar mig mot det lugn jag vill ha

Jag tänker tillbaka
På alla stunder jag haft
Känslor och glasen jag delat med vänner
Och allt de har gjort mig till den jag är
Jag är aldrig ensam
Blir alltid fel med kraft
Med solen i ryggen och vinden som viskar
Är jag en del av alla livets färger

Vågorna gungar mig
Under bar himmel seglar jag
Händer som gungar mig
Jag har hela världen under mig snart
Vågorna gungar mig
Jag är en del av en underbar dag
Händer som gungar mig mot det lugn jag vill ha

Vågorna gungar mig
Under bar himmel seglar jag
Händer som gungar mig
Jag har hela världen under mig snart
Vågorna gungar mig
Jag är en del av en underbar dag
Händer som gungar mig mot det lugn jag vill ha

Mot det lugn jag vill ha"
1335,201922,Michel Dida,2307147,Höru Mej Bae (Remix),sv,"[Vers 1: Michel Dida]
Höru mej bae? Detta är remix
Hatare, hämta din kleenex
Benim har ringt in sin backup
Ledsen, ursäkta min hybris
Har floosen i koffertar
Tugg med min brate, vi surrar på bosniska
Life är belissima, ute vid Korsika
Flowen är sick, måste ringa till hospital
Höru mej bae? Lyssna på mej
Jag har mina systrar med mej
Ekarna ekar, jag hör hur ni snackar
Flowet är vackrast, av blåa jag backas

[Vers 2: Cherrie]
Höru mej bae? Mannen det är Cherrie
Dissa min grej? Är du deli?
Byn ger mig kärlek oändligt
Blåa, Sverige, vad händish?
Kickar den som Henok Goitom
Quaison och dom
Lutar tillbaka, azin är häst
Folket kan hitta mig ute i Väst
Höru mej bae?

[Vers 3: Sabina Ddumba]
Det är Sabina Ddumba
Om det var någon som undra
Jag och mina girls, vi håller det hundra
Always on fleek baby always on fleek
Bae, tryck på repeat yeah and bae as we speak
Jag är här för att stanna, är här för att ta över
Det är Sabina Ddumba. Jag hoppas ni hör mej

[Hook: Michel Dida]
Höru mej Bae? Höru mej Bae?
Höru mej ? Om du hör mej säg yey
Yey, yey... Yey, yey
Höru mej bae? Höru mej bae?
Höru mej ? Om du hör mej säg yey
Yey, yey... Yey, yey

[Vers 4: Silvana Imam]
Höru mej bae?
Quote efter quote, ingen grej
Guzzarna kollar på mej
Snubbe vill kolla sig boss
Ha! Vilket skämt, mannen du jobbar för mej
Höru mej? Alla här jobbar för mej
Min hybris i år är total
Toppen går av, min tjej är convertible bae
Höru mej Sway? Höru mej sway? Höru mej?
Det är som hatarna bildat familj sen jag landat
Kramats och hittat ett rum för varandra
Koss okhtik 3ars kol zeb ya khara
Iza ashoufkom adrebkom keff, walla
Silvana Imam, ingen annan
Spottar min bizr ut rakt i doms amzak
Rakt i doms mamma

[Hook: Michel Dida]
Höru mej Bae? Höru mej Bae?
Höru mej ? Om du hör mej säg yey
Yey, yey... Yey, yey
Höru mej bae? Höru mej bae?
Höru mej ? Om du hör mej säg yey
Yey, yey... Yey, yey

[Vers 5: Seinabo Sey]
Höru mej bae? Det är Seinabo Sej
Nej säg Seinabo Sey, hey!
- Nä dom hör inte dej
Hör ni mej bra ? Vänta, hör ni mej nu ?
Min hollywood show sålde slut
Jag vet att du hörde mej nu
Jag skulle till London men jag missade flighten
I år ska vi ta över världen
Fråga typ Conan O'brien
Jag går Gloria Steinem
Angela Davis, Staples Mavis
Oprah på dej, Neneh på dej
Cherrie på dej, Höru mej bae?
Snackar ba' true shit
Bae är allergisk mot bullshit
Yoncé på dej, Amie på dej
Fanna, Jackie, Höru mej bae?

[Vers 6: Mapei]
Jag hör dej min bae
Min gee, jag skulle döda för dej
Emcees är föda för mej
Sluta snacka skit på beats
Ni är bakgrundskörer till mej
Shuno spelar viktig
Medan alla vet att hela du är fiktiv
Vi kan ta det tillbaka till Borgen
Beiga buffaloskor, Will Smith på Hötorget
Vad?! Winea upp och ner som en hiss
Mina brudar går förbi och han skiter piss
Mållös som ett stolpskott
Boy har inga bollar, vilken miss!
Hallå, det är Mapei bae
Höru mej bae? Höru, höru mej bae?
Han försökte haffa men vi passa
Tjafsa aldrig med en svart katt i natten
Det är ett stort nej, bae

[Hook: Michel Dida]
Höru mej Bae? Höru mej Bae?
Höru mej ? Om du hör mej säg yey
Yey, yey... Yey, yey
Höru mej bae? Höru mej bae?
Höru mej ? Om du hör mej säg yey
Yey, yey... Yey, yey

[Vers 6: Zara Larsson]
Höru mej bae? Jag sa höru mej bae?
Höru mej bae? Tydliga svar när jag pratar med dej
Sätt dig nu ner och lyssna på en tjej
Lyssna på någon som fattar the game
Du säger jag blivit fuckad av fame
Shut the fuck up, gå och tvätta my J's
Du är inte önskad, gå och känn dig saknad
Slaktad av dom som ba' backade Zara
Sa till mig: Lugna dig, backa tillbaka
Sverige är mitt och jag har bara startat
Hääää! Kallas Queen fucking Z
Du följer mig slaviskt, du ger mig shit
Men jag vet du är avis, jag ger en blick
Du får typ panik, om hat vore pengar så vore jag rik
Allt som jag rör det blir till magi
Jag är bad as can be
Me and my team
Du hör första låten du får typ mani
Du gråter ut det jag skrattar med flit
Om du hör mig säg yey"
1336,201922,Katy Perry,230318,Walking On Air,en,"[Intro]
Tonight, tonight, tonight, I'm walking on air
Tonight, ton-ton-tonight, ton-ton-tonight, I'm walking on air

[Verse 1]
You're giving me sweet, sweet ecstasy
Yeah, you take me to utopia
You're reading me like erotica
Boy, you make me feel exotic, yeah

[Pre-Chorus]
Just when I think I can't take anymore
We go deeper and hotter than ever before
We go higher and higher
I feel like I'm already there

[Chorus]
I'm walking on air
Tonight, I'm walking on air
I'm walking, I'm walking on air
Tonight, I'm walking on air
I'm walking on air
Tonight, I'm walking on air
I'm walking, I'm walking on air
Tonight, I'm walking on air
I'm walking on air

[Interlude]
Ton-ton-tonight, ton, to-ton

[Verse 2]
This is pure paradise
Even heaven is jealous of our love
Yes, we make angels cry
Raining down on us from up above

[Pre-Chorus]
Just when I think I can't take anymore
We go deeper and hotter than ever before
We go higher and higher
I feel like I'm already there

[Chorus]
I'm walking on air
Tonight, I'm walking on air
I'm walking, I'm walking on air
Tonight, I'm walking on air
Oh, I'm walking on air
Tonight (
Tonight
), I'm walking on air (
I'm walking
)
I'm walking, I'm walking on air (Yeah)
Tonight (Tonight), I'm walking on air (
I'm walking on air
)
I'm walking on air

[Refrain]
Tonight, tonight, tonight, I'm walking on air
Tonight, ton-ton-tonight, ton-ton-tonight, I'm walking on air

[Bridge]
Heaven is jealous of our love, ooh, yeah
Angels are crying from up above
Oh, yeah

[Chorus]
Tonight (
Tonight
), I'm walking on air (
I'm walking
; Woo!)
I'm walking, I'm walking on air
Tonight (
Tonight
; Yeah!), I'm walking on air (I'm walking on air)
I'm walking on air
Tonight (
Tonight
), I'm walking on air (
I'm walking
)
I'm walking, I'm walking on air
Tonight (
Tonight
), I'm walking on air (
I'm walking on air
; Oh-oh-oh, oh-oh-oh, oh-oh-oh-oh-oh-oh)
I'm walking on air

[Refrain]
Tonight (Hahahaha), tonight, tonight, I'm walking on air (I'm walking on air)
Tonight, ton-ton-tonight, ton-ton-tonight, I'm walking on air

[Outro]
I'm walking on air"
1337,201922,Sabina Ddumba,2003591,Effortless,en,"[Intro]
So effortless

[Verse 1]
Everything feels brand new
Whenever I'm here with you
I don't wanna be nowhere else
But I guess you can already tell
It's feeling just like one love
Is pulling up both of us
No matter what seasons do
I'm always gonna roll with you

[Chorus]
'Cause we float like the river, oh
Bring sweet to the bitter, oh
If we fall then we get up, oh
We don't even try
'Cause through it all

[Hook]
It's effortless
So effortless
It's effortless
We don't even try, not at all
Not at all, so effortless, yeah

[Verse 2]
I'm gonna invest in us
I'm feeling like you're good luck
Like a, like a billion dollar trust
That's just about to open up
We're glowing like bright sunlight
'Cause happiness just abides
As long as we keep this tide
It's gonna be an easy ride

[Chorus]
'Cause we float like the river, oh
Bring sweet to the bitter, oh
If we fall then we get up, oh
We don't even try
'Cause through it all

[Hook]
It's effortless
So effortless
It's effortless
We don't even try, not at all
Not at all, not at all
So effortless

[Bridge]
No we don't work hard
'Cause we don't gotta
'Cause you and me don't get in that drama
No we don't work hard
'Cause we don't gotta
'Cause you and me don't get in that drama
No, no, no, no

[Chorus]
'Cause we float like the river, oh
Bring sweet to the bitter, oh
If we fall then we get up, oh
We don't even try
'Cause through it all

[Hook]
It's effortless
So effortless
It's effortless
We don't even try, not at all
It's effortless
So effortless
It's effortless
So effortless"
1338,201922,Silvana Imam,472208,I•M•A•M,sv,"[Vers 1]
Ritar smiley med 2 x
Svart bläck, gula streck på min svarta sweat
Mitt självporträtt är fan fantastisk
Stirrar ner i vattnet, där möter jag min Narciss
Jag är klassisk
Flow gudalik bombastisk
Så långt bort från allt ni vill
För alltid så andlig
Tar min revolution ner från Stockholm till Saudi
Från Jordan till Basquiat
Jag är bastant, finns bara en I•M•A•M
Bara en I•M•A•M och det är inte en man
Vi är POWER PUSSIES
Fuck en 5:2 diet
Jag 176 centimeter pussy riot!

[Hook: Sabina Ddumba]
I•M•AAAAA•M

[Vers 2]
Salamu aleikum mashallah 
Ana achsan wahde fi kol al-alam 
Ya chasarty ya chatyar
Bass fil wahde I•M•A•M
Bara en I•M•A•M och vi är inga rookies
Bara en I•M•A•M vi är POWER PUSSIES
I sneakers och hoodies
I burka av ståltråd och naglar av råkrom
Vi är eld, vi är allt, vi är ett
Så låt brandlarmet gå
Fuck en Putin stat vi är guldbarn
Fuck en jantelag jag är underbar
Klärvoajant
Den nya revolutionen början på allt
I•M•A•M

[Hook: Sabina Ddumba]
I•M•AAAAA•M

[Vers 3]
Don't fuck with us
Vi slänger deuces up och målar himlen i röd ton
Till tonerna av Fairuz
När dom är redo att mörda sin egen bror
Som Kain och Abel, så vi lever utanför ramen
Se oss skriva på den nya Iliaden
Nya Bibeln, nya Koranen!
Åker shotgun som om vi vore adel, men vi är inte adel
Inget blått blod, ingenting är konstgjort
Vi är araber!
Simone de Beauvoir soldater
Så dom vill döda oss
Men dom är satan
Och vi är awesome
Och vi lyser, ingenting för ytliga typer
Låt stå i hieroglyfer"
1339,201922,Seinabo Sey,3916833,Good In You,en,"[Verse 1]
Just as I
Thought that it was time to say goodbye
I see you in the corner of my eye
Smiling like you'll never say goodbye
Can barely hold your gaze and I'm not shy
The words escape me as you pass on by
So graciously I told him of the glitter in his eye

[Pre-Chorus]
And he said, ""It's your reflection, darling""
And he said, ""It's your reflection, baby""

[Chorus]
I see the good in you
Do you see it too?
I see the good in you
Do you see it too?
What's your name or can I call you mine?
All I want is a moment of your time
'Cuz I see the good in you
Do you see it too?

[Verse 2]
Simple but I
Can't organize my thoughts
You make them fly
Feeling like I've never seen the sky
Feeling like I've never seen the sky
The colors blue and light like crystal I
Hope that you can read what's on my mind
Simple but I
Told him of the glitter in his eye

[Pre-Chorus]
Then he said, ""It's your reflection, darling""
Then he said, ""It's your reflection, babe""

[Chorus]
I see the good in you
Do you see it too?
I see the good in you
Do you see it too?
What's your name, or can I call you mine?
All I want is a moment of your time
'Cuz I see the good in you
Will you see it too?

[Bridge]
Is that your skin or mine?
Is that your heart of mine?
I won't be running out of time
I won't be running out of time
'Cuz with you I'm forever
You I'm forever, babe
'Cuz with you I'm forever
Yeah, with you I'm forever
With you I'm forever

[Chorus]
I see the good in you
Do you see it too?
I see the good in you
Do you see it too?
What's your name, or can I call you mine?
All I want is a moment of your time
'Cause I see the good in you
Do you see it too?"
1340,201922,Sabina Ddumba,2895868,Did It For The Fame,en,"[Verse 1]
Little girl, little girl, little girl
Wasn’t so bright in school
You gotta wait with me
You’re so damn good lookin’
’Cause everybody says you're cute
Baby girl, baby girl
Daddy bought you every single thing you want
Now there’s no more money
It’s not so funny when you gotta get it on your own

[Pre-Chorus]
Oh boy, oh boy
What you gonna do about it when there's
No dough, no more toys?

[Chorus]
So I did it for the fame and all of the fortune
But who you gonna blame now your life's not your own?
Yeah I did it for the fame, but didn’t they warn you?
It’s crazy, that now we know your name
‘Cause you did it, you did it for the fame
(You did it for the fame, don’t lie about it
You did it for the fame no doubt, doubt)
You did it for the fame
(You did it for the fame don’t lie about it
You did it for the fame no doubt, doubt)

[Verse 2]
Your honor, your honor
What I did really wasn’t no crime
‘Cause he said that he loved me, put no one above me
But guess who put it online
Mama said, mama said, mama said
Why you gotta take it this far?
Now it’s lights, camera, action
Hollywood’s callin’
Paparazzi at the front door

[Pre-Chorus]
Oh boy, oh boy
What you gonna do about it when there's
No dough, no more toys?

[Chorus]
So I did it for the fame and all of the fortune
But who you gonna blame now your life's not your own?
Yeah I did it for the fame, but didn’t they warn you?
It’s crazy, that now we know your name
‘Cause you did it, you did it for the fame
(You did it for the fame, don’t lie about it
You did it for the fame no doubt, doubt)
You did it for the fame
(You did it for the fame don’t lie about it
You did it for the fame no doubt, doubt)
(You did it for the fame, don’t lie about it
You did it for the fame no doubt, doubt)
You did it for the fame
(You did it for the fame don’t lie about it
You did it for the fame no doubt, doubt)

[Bridge]
Your name is up in lights, but what you famous for?
So is it paradise when they won’t leave you alone?

[Chorus]
So I did it for the fame and all of the fortune
But who you gonna blame now your life's not your own?
Yeah I did it for the fame, but didn’t they warn you?
It’s crazy, that now we know your name
‘Cause you did it, you did it for the fame
(You did it for the fame, don’t lie about it
You did it for the fame no doubt, doubt)
You did it for the fame
(You did it for the fame don’t lie about it
You did it for the fame no doubt, doubt)
(You did it for the fame, don’t lie about it
You did it for the fame no doubt, doubt)
You did it for the fame
(You did it for the fame don’t lie about it
You did it for the fame no doubt, doubt)"
1341,201922,Danny Saucedo & Sabina Ddumba,6455494,Fan va har vi gjort...,sv,"[Vers 1: Danny Saucedo]
Igår
Vad gjorde vi igår?
Vad blir av jag och du
Nu när allting har fått nytt ljus?

[Brygga: Sabina Ddumba]
Skulle inte jag gå hem vid midnatt?
Skulle inte du bett mig dra hem?
Om jag inte borde va här varför känns allt bra?
Du borde bett mig dra hem

[Refräng: Danny Saucedo & Sabina Ddumba, Danny Saucedo]
Fan va har vi gjort?
För jag tänker på dig ända sen
Fan va har vi gjort?
Man ligger inte med sin bästa vän
Står nakna inför varandra, finns ingen återvändo
Jag vet vi båda vill stanna men en av oss måste gå
Vad har vi gjort? Yeah
För jag tänker på dig ända sen
Ända sen

[Vers 2: Sabina Ddumba  med Danny Saucedo, Danny Saucedo]
Igen
Vi gjorde det igen (Vi gjorde det igen)
Jag håller om och kysser dig
Från dörren till din säng, yeah, mm

[Brygga: Danny Saucedo & Sabina Ddumba, med Sabina Ddumba]
Sitter här och fyller på ditt vinglas (Sitter här och fyllеr på ditt vinglas)
Trots att klockan snart har slagit fem (Ditt fel, ditt fel)
Om jag intе borde va här varför känns allt bra?
Du borde bett mig dra hem

[Refräng: Danny Saucedo & Sabina Ddumba, Danny Saucedo]
Fan va har vi gjort?
För jag tänker på dig ända sen
Fan va har vi gjort?
Man ligger inte med sin bästa vän
Står nakna inför varandra, finns ingen återvändo
Jag vet vi båda vill stanna men en av oss måste gå
Vad har vi gjort? Yeah
För jag tänker på dig ända sen
Ända sen

[Stick: Danny Saucedo & Sabina Ddumba, med Sabina Ddumba]
Men om
Du inte var min bästa vän
Tänk om
Om vi kunnat börja om igen
Igen, igen, igen, igen
För jag tänker på dig ända sen
Tänker på dig ända sen
Fan va har vi gjort?
Fan va har vi gjort?

[Refräng: Danny Saucedo & Sabina Ddumba, Sabina Ddumba, Danny Saucedo]
Fan va har vi gjort?
För jag tänker på dig ända sen (Tänker på dig ända sen, yeah)
Fan va har vi gjort?
Man ligger inte med sin bästa vän, ooh
Står nakna inför varandra, finns ingen återvändo
Jag vet vi båda vill stanna men en av oss måste gå
Vad har vi gjort? Yeah, yeah, yeah
För jag tänker på dig ända sen
Ända sen

[Outro: Sabina Ddumba]
Vad har vi gjort?
Vad har vi gjort?"
1342,201922,Sabina Ddumba,3770133,Small World,en,"[Verse 1]
I remember when I would just pretend that
That I knew true love, oh how wrong I was
Oh, no one told me what it really means
That there'd be joy and pain
The tears will wash away sometime

[Pre-Chorus]
You may be somewhere that you don't belong
Nowhere to turn but you gotta be strong
We gotta be strong
Loving is patient and loving is kind (kind)
If you don't feel it then don't compromise (don't compromise)

[Chorus]
Maybe it's a small world?
You are not alone
So don't think you're alone
Maybe it's a small world?
You are not alone
So what you waiting on?

[Post-Chorus]
Because we never give up
We never give up on love
Never give up
We never give up on love
Never give up
We never give up on love

[Verse 2]
It's out of this world just how love returns
If you give it honestly from your heart
In this purest form is how it's meant to be
So don't let anyone grab and run

[Pre-Chorus]
You may be somewhere that you don't belong
Nowhere to turn but you gotta be strong
We gotta be strong
Loving is patient and loving is kind (kind)
If you don't feel it then don't compromise
(Don't compromise, don't compromise)

[Chorus]
Maybe it's a small world?
You are not alone
So don't think you're alone (Don't think you're alone)
Maybe it's a small world?
You are not alone (You are not alone)
So what you waiting on?

[Post-Chorus]
Because we never give up
We never give up on love
Never give up
We never give up on love
Never give up
We never give up on love

[Bridge]
Maybe it's a small world?
You are not alone
So don't think you're alone
Maybe it's a small world?
But you are not alone
So what you waiting on?

[Chorus]
Maybe it's a small world?
You are not alone (you are not alone)
So don't think you're alone
Maybe it's a small world?
You are not alone
So what you waiting on?

[Post-Chorus]
Because we never give up
We never give up on love
Never give up
We never give up on love
Never give up
We never give up on love
'Cause we never give up
We never give up on love
Never give up
We never give up on love
Never give up
We never give up on love

[Outro]
Maybe it's a small world?"
1343,201922,Sabina Ddumba,2054438,Scarred For Life,en,"[Verse 1]
I've done, everything we've talked about
I tried, they don't wanna give it up (give it up)
I thought, you really got it right this time
So wrong, they don't wanna give it up (give it up)
It almost felt alive again, now this struggle long and vain
Made up, made up
You made it up
I believed in every lie 'bout a love that never dies
Made up, made up
You made it up

[Chorus]
Cuts are getting deeper
You really fucked me up this time
I just can't stop bleeding
Baby I am scarred for life

[Verse 2]
Was it worth it, did it do you any good
Was she worth it, did she do you good
Every night I had to wait, telling me you're working late
Made up, made up
You made it up
I remember what you said and it echoes in my head
Made up, made up
You made it up

[Chorus]
Cuts are getting deeper
You really fucked me up this time
I just can't stop bleeding
Baby I am scarred for life

[Bridge]
I will never try again can't survive another end
Give up, give up
I give it up
We'll build us up a hundred times
You really told me down tonight
(Break up, break up)
I'm breaking up

[Chorus]
Cuts are getting deeper
You really fucked me up this time
I just can't stop bleeding
Baby I am scarred for life
Cuts are getting deeper
You really fucked me up this time
I just can't stop bleeding
Baby I am scarred for life
Baby I am scarred for life"
1344,201922,Sabina Ddumba,3527443,Varför Är Kärleken Röd,sv,"[Vers 1]
Innan du kom, var jag nöjd med bara jag
Aldrig behövt nån annan, för att kunna andas
Innan du kom, kunde höra vad dom sa
Men dom var så långt borta för mig
Nu hittar jag ord som jag aldrig sagt
Nu vill jag att du stannar hos mig inatt

[Pre-Kor]
Varför är kärleken röd
Varifrån får den sin glöd
Kroppar som möter varandra
Allt som jag nånsin behövt
Ingenting får mig att vända
Vill vara tillsammans med dig
Du som kan få mig att känna
Lever för dig

[Bro]
Märker inte dem som är utanför och grå
Känns som allt försvinner
Bara du finns här

[Pre-Kor]
För sen du kom har du fått mig att förstå
Att jag väntat på, väntat på dig
Nu hittar jag ord som jag aldrig sagt
Nu vill jag du stannar hos mig inatt

[Chorus]
Varför är kärleken röd
Varifrån får den sin glöd
Kroppar som möter varandra
Allt som jag nånsin behövt
Ingenting får mig att vända
Vill vara tillsammans med dig
Du som kan få mig att känna
Lever för dig

[Kor]
Varför är kärleken röd
Varifrån får den sin glöd
Kroppar som möter varandra
Allt som jag nånsin behövt
Ingenting får mig att vända
Vill vara tillsammans med dig
Du som kan få mig att känna
Lever för dig"
1345,201922,Sabina Ddumba,3429873,Manboy,en,"[Verse 1]
You've got the looks, you got the beauty inside
You got the looks
There's no one can lie
The way you move you do it with ease
And I must admit you making me feel
Give me love
And don't go oh
Give me love (Oh oh)

[Pre-Chorus]
Could you be my ""Manboy"" could you be my man
All I really want is
You to show me how to love
The moment that your eyes are looking back at me
I'm losing self control
Could you be my ""Manboy""
Could you be my man
Could you be my man

[Chorus]
I bet you know how often I found you
You're always around though you're not here
I feel imprisoned you're always around

[VERSE 2]
Give me love (oh oh)
And don't go (oh oh)
Give me love
Would you be my ""Manboy""
Could you be my man
All I really want is you to show me how to love
The moment that your eyes are looking back at me
I'm losing self control
Could you be my ""Manboy""
Could you be my man
Be my man

[Bridge]
Could you be my man
(Oh oh)
The moment that your eyes are looking back at me
I lose self control
Could you be my ""Manboy"" (could you be my ""Manboy"")

[OUTRO]
Could you be my man (could you be my man) (oh baby) could you be my man (could you be my man)"
1346,201922,Sabina Ddumba,3429876,Två Mörka Ögon,sv,"[Verse 1]
Två mörka ögon, och leendet du gav mig
Och ingenting var längre som förut
Den varma känsla, som bor nånstans inom dig
Förändrade mitt liv på en minut

[Chorus]
Jag såg ett ljus i dina ögon
Ett ljus som ännu lever kvar
Jag minns så väl den första gången, min vän
Vi möttes, det var sommar
Och jag fann kärleken
Två mörka ögon, och leendet du gav mig
Och ingenting var längre som förut
Den varma känsla, som bor nånstans inom dig
Förändrade mitt liv på en minut
Två mörka ögon, och kärlekslågor tändes
Som värmde mig och lyste upp min väg
Den blick du gav mig, så underbar den kändes
Den sommaren för länge sen, då jag fann kärleken

[Verse 2]
Det fanns en sång, en sång på dina läppar
En sång som du lärde mig förstå
Jag minns så väl de vackra orden, min vän
Du lärde mig den sommaren
Då jag fann kärleken

[Chorus]
Två mörka ögon, och leendet du gav mig
Och ingenting var längre som förut
Den varma känsla, som bor nånstans inom dig
Förändrade mitt liv på en minut
Två mörka ögon, och kärlekslågor tändes
Som värmde mig och lyste upp min väg
Den blick du gav mig, så underbar den kändes
Den sommaren för länge sen, då jag fann kärleken"
1347,201922,Sabina Ddumba,2891022,Time,en,"[Verse 1]
What you thinking about?
What you thinking about?
What you thinking about?
'Cause I'm sure I'm thinking the same thing
There's no way around it, it's bringing me down
It's proving my doubts and I don't see anything changing
Tell me I'm wrong, say that we're strong
And lie to yourself, and pretend everything is okay
But the words I never hear make it so clear
We both know we're not gonna make, not gonna make it

[Chorus]
If it's over, over
Well baby, you've been nice to know
It's really time we let this go
'Cause if it's over, over
We're just wasting time
We're just wasting time
If it's over, over
I should really set you free
Here's not where you're supposed to be
'Cause if it's over, over
We're just wasting time
We're just wasting time

[Verse 2]
'Cause when I look at that clock
The time never stops, so I'm just here thinking
Maybe we're about to run out
I don't know what I've done wrong
The flame is long gone, hard to go on
It fills me with misery and doubt
We try to pretend that this ain't the end
Making believe ain't gonna make it go away
But the words you never stay in my brain
Got me feeling like we're not gonna make it, not gonna make it
We both know we're not gonna make it
Oh, maybe we're not gonna make it

[Chorus]
If it's over, over
Oh, baby you've been listening
It's really time we let this go
'Cause if it's over, over
We're just wasting time (time)
We're just wasting time (time)
If it's over, over
I should really set you free
Here's not where you're supposed to be
'Cause if it's over, over
We're just wasting time
We're just wasting time

[Bridge]
The time that could be spent loving someone new
Time that could be spent getting over you
Time is going by at the speed of light
But I'm not gonna cry for this goodbye

[Chorus]
If it's over, over
Oh, baby you've been listening
It's really time we let this go
'Cause if it's over, over
We're just wasting time (time)
We're just wasting time (time)
If it's over, over
I should really set you free
Here's not where you're supposed to be
'Cause if it's over, over
We're just wasting time
We're just wasting time
Over, over
We're just wasting time
We're just wasting time"
1348,201922,Sabina Ddumba,2895863,Homeward Bound,en,"[Verse 1]
Settle down, hear me now
Every time we're up then we drop down low
I run my mouth, you say I never ever seem to keep that closed
You tell me no, I tell you yes
Why you think that mama always knows best?
Tell me now how you think we ever gonna get that close

[Pre-Chorus]
My life, my life, my life and your life, your life, your life
They don't combine, combine, combine
Let's just save tomorrow

[Chorus]
Since this love ain't good enough, I'm homeward bound
And it hurt so much that I, I'm homeward bound
Either way we'll walk away, maybe one day we'll talk again
But for now, no matter how, I can't pretend
(So I go)
Since this love ain't good enough
I'm homeward bound
And it hurt so much that I, am homeward bound
Either way we'll walk away
Maybe one day we'll talk again
But for now, no matter how, I can't pretend
(So I go home)

[Verse 2]
So tell me when it began
Crumbling up like him no more
My daddy did more than he should now
What's that about?
I trusted you, gave you everything
He's been there more than you've ever been
Maybe it's time that we need to give 'cause

[Pre-Chorus]
My life, my life, my life and your life, your life, your life
They don't combine, combine, combine
Let's just save tomorrow

[Chorus]
Since this love ain't good enough, I'm homeward bound
And it hurt so much that I, I'm homeward bound
Either way we'll walk away, maybe one day we'll talk again
But for now, no matter how, I can't pretend
(So I go)
Since this love ain't good enough
I'm homeward bound
And it hurt so much that I, am homeward bound
Either way we'll walk away
Maybe one day we'll talk again
But for now, no matter how, I can't pretend
(So I go home)

[Bridge]
We will fall apart
Told you heart to heart, right back from the start
(So I go home)
Yeah, see we fell apart
Told you heart to heart, right back from the start
(So I go home)
I trusted you, gave you everything
He's been there more than you've ever been
Maybe it's time that you need to give 'cause

[Chorus]
Since this love ain't good enough, I'm homeward bound
And it hurt so much that I, I'm homeward bound
Either way we'll walk away, maybe one day we'll talk again
But for now, no matter how, I can't pretend
(So I go)
Since this love ain't good enough
I'm homeward bound
And it hurt so much that I, am homeward bound
Either way we'll walk away
Maybe one day we'll talk again
But for now, no matter how, I can't pretend
(So I go home)"
1349,201922,Sabina Ddumba,2895873,I Cry,en,"[Verse 1]
Could we forget about the time
’Cause now it’s moving so fast
And I feel lost but I don’t know why

I don’t know who I’ve become
But I want to find out
Get out of dark and see the light

[Pre-Chorus]
Searching for
Some things
Are not what they seem to be
I’m tired of darkness
I’m tired of darkness

[Chorus]
Hear me out
I’ve danced before you here
So won’t you
Hear me now

’Cause I cry
I cry
Make me hope
’Cause I am torn to pieces
Could you make me hope?

’Cause I cry
I cry

[Verse 2]
Lost in a world that I don’t know
So afraid of what’s unknown
Can only be
But I’m holding on

Hoping for better times to come
Although I’m feeling so numb
I guess I need you to save my life

[Pre-Chorus]
Searching for
Some things
Are not what they seem to be
I’m tired of darkness
I’m tired of darkness

[Chorus]
Hear me out
I’ve danced before you here
So won’t you
Hear me now

’Cause I cry
I cry
Make me hope
’Cause I am torn to pieces
Could you make me hope?

’Cause I cry
I cry
Oh-oh I cry
Oh-oh I cry
Oh

[Verse 3]
All this beauty
I can’t see
I see no color
My eyes stay covered
For me

[Chorus]
Hear me out
I’ve danced before you here
So won’t you
Hear me now

’Cause I cry
I cry
Make me hope
’Cause I am torn to pieces
Could you make me hope?

’Cause I cry
I cry

Hear me out
I’ve danced before you
I’ve danced before you here
So won’t you
Hear me now

Because I cry
I cry"
1350,201922,Sabina Ddumba,4513446,Blow My Mind,en,"[Intro: Mr Eazi]
Zagadat
It's your boy, Eazi

[Verse 1: Sabina Ddumba]
Never been the type to fall in love blind
Boy, you really blow my mind
Yeah, you really blow my mind
Do it everyday, love me every night
Baby, you another kind
Yeah, you really blow my mind

[Pre-Chorus: Sabina Ddumba]
Never have I felt this way for another
Someone to from another
Such a rush, boy, you taking all my time

[Chorus: Sabina Ddumba]
Baby, it blows my mind
The way you do what you do
Almost too good to be true
My God, I'm so into you
Baby, it blows my mind
So much, I got no words to say
You got that special thing about you
That blows me away, away

[Verse 2: Sabina Ddumba]
Your hands around my waist
The way you make my body shake
While the birds moving in time
Looking into each others eyes
Then you go step by step
Taking away my breath
This is more than just a sign
Boy, you really blow my mind

[Pre-Chorus: Sabina Ddumba]
Never have I felt this way for another
Someone to from another
Such a rush, but you're taking all my time
I know that this is not an illusion
With you, I see my future
Can't be wrong, baby, if it feels this right

[Chorus: Sabina Ddumba]
Baby, it blows my mind
The way you do what you do
Almost too good to be true
My God, I'm so into you
Baby, it blows my mind
So much, I got no words to say
You got that special thing about you
That blows me away, away

[Post-Chorus: Sabina Ddumba]
(Away away, away away, away away, away)
You blow my mind
(Away away, away away, away away, away)
You got that special thing about you that blows me away

[Verse 3 Mr Eazi]
Hey girl, your love, nah, can't stand
Me no want one time, me want forever (Zagadat)
Hey girl, your vast, Medula
My heart freeze one time
So fast, Medusa (Listen)
My friends say it's a lie
That's a one lie for you could love me
They say I'm out of my mind
To believe everything that you got
Baby, make a tell you one more time (Away, away)
If you only here to bust my mind (Away, away)
Baby, make a tell you one last time (Away, away)
Sick of you having bust my night, bust my night (Away)

[Chorus: Sabina Ddumba & Mr Eazi]
Baby, it blows my mind
The way you do what you do
Almost too good to be true
My God, I'm so into you
Baby, it blows my mind
So much, I got no words to say
You got that special thing about you
That blows me away, away (Let's go, away, away)
Baby, it blows my mind
The way you do what you do
Almost too good to be true
My God, I'm so into you (Baby)
Baby, it blows my mind (Blows my mind)
So much, I got no words to say
You got that special thing about you
That blows me away, away (Blows ya)

[Post-Chorus: Sabina Ddumba & Mr Eazi]
(Away away, away away, away away, away)
You blow my mind (Blow my mind, yeah)
(Away away, away away, away away, away)
You got that special thing about you that blows me away
Zagadat

[Outro: Sabina Ddumba]
Never been the type to fall in love blind
Boy, you really blow my mind
Yeah, you really blow my mind"
1351,201922,Sabina Ddumba,2895865,Loyal Royal,en,"[Verse 1]
This time, face the music
Let's put the walls and all our guards up
We can't afford to lose it
There's way too much at stake to crush this kingdom

[Pre-Chorus]
I'll face this battlefield for you
I'll face this battlefield
We're young but we hold the crown, your crown won't fall down

[Chorus]
Your love is royal, royal now
So I've been loyal, loyal now
Treat me like a queen, I will treat you like a king
If you treat me like a queen, I will treat you like a king now
Royal, royal now
So I've been loyal, loyal now yeah
Oh eh oh, oh eh oh ah
Oh eh oh, oh eh oh ah

[Verse 2]
I'll treasure you like a diamond
Just honour and protect my heart now
And no matter what we go through
We're back to back until the empire falls down

[Pre-Chorus]
I'll face this battlefield for you
I'll face this battlefield
We're young but we hold the crown, your crown won't fall down

[Chorus]
Your love is royal, royal now
So I've been loyal, loyal now
Treat me like a queen, I will treat you like a king
If you treat me like a queen, I will treat you like a king now
Royal, royal now
So I've been loyal, loyal now yeah
Oh eh oh, oh eh oh ah
Oh eh oh, oh eh oh ah

[Bridge]
I'm everything, I'm everything, I'm everything you've got
You're everything, you're everything, you're everything I'm not
I'm everything, I'm everything, I'm everything you've got
You're everything, you're everything

[Chorus]
Your love is royal, royal now
So I've been loyal, loyal now
Treat me like a queen, I will treat you like a king
If you treat me like a queen, I will treat you like a king now
Royal, royal now
So I've been loyal, loyal now yeah
Oh eh oh, oh eh oh ah
Oh eh oh, oh eh oh ah
Oh eh oh, oh eh oh ah
Oh eh oh, oh eh oh ah"
1352,201922,Kleerup,2468938,Carry On,en,"[Verse 1]
Have to be in track, I run
No more chasing shadows
And they can't bring me down

[Pre-Chorus]
In the dead of night
I'm gonna be alright

[Chorus]
Carry on
That's how we follow
Carry on
Despite that sorrow
You said you believe in yourself
Our time is far gone
I will own tomorrow

[Verse 2]
No, there's no other way I'll go
I'm a dreamer, I just let it go
They can't talk me down

[Pre-Chorus]
In the dead of night
I'm gonna be alright

[Chorus]
Carry on
That's how we follow
Carry on
Despite that sorrow
You said you believe in yourself
Our time is far gone
I will own tomorrow

[Instrumental bridge]

[Bridge]
Carry on
That's how we follow
Carry on
Despite that sorrow
You said you believe in yourself
Our time is far gone
I will own tomorrow

[Chorus]
Carry on
That's how we follow
Carry on
Despite that sorrow
You said you believe in yourself
Our time is far gone
I will own tomorrow"
1353,201922,Sabina Ddumba,3259877,Want,en,"[Verse 1]
Time's so slow, feels infinite
It's been my world, need you in it
Won't hide it, just let it show
I'm not gonna lie with you, there's no limit
Oh, you know how you bring it
So now come reap what you've sown

[Pre-Chorus]
'Cause we can be all night, all day
We can be it all life, always
Only live it once so don't wait
Now you can be my one way, one light
Got me feeling so high, so right
We can be right here, right now

[Chorus]
If you want what I want with you, yeah
Let it loose and let me through
You ain't got nothing to prove
I'll stay if you want me to
If you want what I want with you

[Verse 2]
Oh, your light makes me wanna
Stay in that night like we're gonna
Start up a fire, let it burn
When I'm with you, my heartbeat can't be faking
Incredible's what we're making
The world ain't nothing, you know

[Pre-Chorus]
'Cause we can be all night, all day
We can be it all life, always
Only live it once so don't wait
Now you can be my one way, one light
Got me feeling so high, so right
We can be right here, right now

[Chorus]
If you want what I want with you, yeah
Let it loose and let me through
You ain't got nothing to prove
I'll stay if you want me to
If you want what I want with you

[Bridge]
No more time for hesitating
I want you and you want me too
Admit it, please tell me it's true
White [?] in my arms
You and I are resonating
So I don't wanna wait no more
I don't wanna wait no more

[Chorus]
If you want what I want with you, yeah
Let it loose and let me through
You ain't got nothing to prove
I'll stay if you want me to
If you want what I want with you
If you want what I want with you, yeah
Let it loose and let me through
You ain't got nothing to prove
I'll stay if you want me to
If you want what I want with you"
1354,201922,Icona Pop,3305519,Not Too Young,en,"They ask me all these questions
Give me these lectures
It's getting old
So many suggestions
On my direction
Where I should go

They say ""Hey little girl in this world you will learn when you're older
Don't rush how you feel cause you know when it's real in time""
I don't mean to be rude but I know that we don't live forever
So I'm gonna go with my heart cause a heart don't lie

They say I'm young
But I'm not too young, to know what love is, to know what love is
They say I'm young
But I'm not too young, to know what love is, to know what love is
Oh

They tell me I don't listen
Got all the answers
Miss know it all (miss know it all)
Please quit with your predictions
On my decisions
I'll make my own

They say ""Hey little girl in this world you will learn when you're older
Don't rush how you feel cause you'll know when it's real in time""
I don't mean to be rude
But I know that we don't live forever
So I'm gonna go with my heart cause a heart don't lie

They say I'm young
But I'm not too young, to know what love is, to know what love is
They say I'm young
But I'm not too young, to know what love is, to know what love is

Not too young, not too young
I know that I'm not too young, not too young
Not too young, not too young
To know what love is
Not too young, not too young
I know that I'm not too young, not too young
Not too young, not too young
To know what love is

They say I'm young
But I'm not too young, to know what love is
To know what love is
They say I'm young
But I'm not too young, to know what love is, to know what love is
They say I'm young
But I'm not too young, to know what love is, to know what love is
They say I'm young
But I'm not too young, to know what love is, to know what love is

Not too young, not too young
I know that I'm not too young, not too young
Not too young, not too young to know what love is
Not too young, not too young
I know that I'm not too young, not too young
Not too young, not too young to know what love is"
1355,201922,Sabina Ddumba,3429872,"It’s Been Hurting All the Way With You, Joanna",en,"[Verse 1]
Come on in, I got second thoughts
This evening, let's talk about us

[Pre-Chorus]
Lights are low
Tension's gone
I think it's time
To let it go

[Chorus]
Let me in, 'cause I'm feeling lost
I'm tired of lying, I know it won't work for us

[Pre-Hook]
Lights are low
Tension's gone
I think it's time
To let you go

[Verse 2]
It's been hurting all the way with you, Joanna
I've been through all this before
I just can't take this no more
It's been hurting all the way with you, Joanna
Know we've done what we do best
It takes two to make a mess
Two of us...

[Verse 3]
I know we're supposed to solve this problem, right?
But tell me what's the point of doing it over ????

[Hook]
Lights are low
Tension's gone
I think it's time
To let us go

[Bridge]
It's been hurting all the way with you, Joanna
I've been through all this before
I just can't take this no more
It's been hurting all the way with you, Joanna
Know we've done what we do best
It takes two to make a mess
It's been hurting all the way with you, Joanna
I've been through all this before
I can't take it no more
(It's been hurting all the way with you, Joanna)
Two of us..."
1356,201922,Lukas Graham,4256462,Love Someone (Spotify Singles),en,"[Verse 1: Lukas Graham & Sabina Ddumba]
There are days
I wake up and I pinch myself
You're with me, not someone else
And I’m scared, yeah, I'm still scared
That it's all a dream

[Pre-Chorus: Lukas Graham & Sabina Ddumba]
’Cause you still look perfect as days go by
Even the worst ones, you make me smile
I'd stop the world if it gave us time

[Chorus: Lukas Graham & Sabina Ddumba]
'Cause when you love someone
You open up your heart
When you love someone
You make room
If you love someone
And you're not afraid to lose 'em
You probably never loved someone like I do
You probably never loved someone like I do

[Verse 2: Sabina Ddumba, Lukas Graham & Both]
When you say
You love the way I make you feel
Everything becomes so real (Ooh)
Don't be scared, no, don't be scared (No, no, no, no)
'Cause you’re all I need

[Pre-Chorus: Lukas Graham & Sabina Ddumba]
And you still look perfect as days go by
Even the worst ones, you make me smile
I’d stop the world if it gave us time

[Chorus: Lukas Graham & Sabina Ddumba]
'Cause when you love someone (Love someone)
You open up your heart
When you love someone
You make room
If you love someone
And you’re not afraid to lose 'em
You probably never loved someone like I do
You probably never loved someone like I do

[Bridge: Lukas Graham, Sabina Ddumba & Both]
All my life (All my life)
I thought it'd be hard to find
The one, 'til I found you (’Til I found you)
And I find it bittersweet
'Cause you gave me something to lose

[Chorus: Lukas Graham, Sabina Ddumba & Both]
But when you love someone (When you love someone)
You open up your heart
When you love someone
You make room
If you love someone (If you love)
And you're not afraid to lose 'em
You probably never loved someone like I do (Someone like I do)
You probably never loved someone like I do
You probably never loved someone like I do"
1357,201922,Sabina Ddumba,3259876,Kingdom Come,en,"[Verse 1]
I didn't know the meaning of the world until I found you
I grew up in the ghetto where the children didn't play
A warm heart in a cold world
Where women skip being girls
But there's a happy ending for true, true

[Pre-Chorus]
All we got is street lights shining in the one bedroom
Tomorrow doesn't matter baby 'cause your love is food

[Chorus]
'Til kingdom come, I'm gonna love you 'til my heartbeat done, yeah
'Til every river to the sea stop reun
As long as you love me
Put nobody above me
'Til kingdom come, come, come
'Til kingdom come, come, come, yeah

[Verse 2]
I will be the woman that you need make your life complete
We ain't got a lot but every day, give time some pray
A warm heart in a cold world
Where young boys pull the gun first
But I feel safe when I'm next to you, you

[Pre-Chorus]
All we got is street lights shining in the one bedroom
Tomorrow doesn't matter baby 'cause your love is food

[Chorus]
'Til kingdom come, I'm gonna love you 'til my heartbeat done, yeah
'Til every river to the sea stop reun
As long as you love me
Put nobody above me
'Til kingdom come, come, come
'Til kingdom come, come, come, yeah

[Bridge]
Someone to love, someone to love, someone to love
Someone to love
Someone to love, someone to love, someone to love
Me too, oh
Someone to love, someone to love, someone to love
Someone to love, oh
Someone to love, someone to love, someone to love
Me, yeah, ooh

[Chorus]
'Til kingdom come, I'm gonna love you 'til my heartbeat done, yeah
'Til every river to the sea stop reun
As long as you love me
Put nobody above me
'Til kingdom come, come, come
'Til kingdom come, come, come, yeah

[Outro]
Someone to love, someone to love, someone to love, yeah"
1358,201922,Sabina Ddumba,3429874,Brightside,en,"[Verse 1]
I wear a smile, you ride the frown
Always do my best to get you upside down
When you're throwing shade, I rearrange the clouds
Got my head up but we're going south
Let me be the rose to tint your glass
Spray-paint the lawn to get a greener grass
I'll be your brightsider, 'cause all I wanna do is make you feel a little better

[Pre-Chorus]
I'll be your cheerleader, with no allowance, baby, I'll be on the bleachers
Get up, get up tonight

[Chorus]
I will be the one to show you your brightside
Get up, get up tonight
I will be the one to show you your brightside
To show you your brightside

[Verse 2]
If the nightmares come, I'll wake you up
I'll give you Lucky Charms and a sunny-side-up
When your streak runs out, I'll win you more
I'll be your four-leaf clover and a unicorn
Let me be the rose to tint your glass
Spray-paint the lawn to get a greener grass
I'll be your brightsider, 'cause all I wanna do is make you feel a little better
I'll be your cheerleader, with no allowance, baby, I'll be on the bleachers
Get up, get up tonight
I will be the one to show you your brightside
Get up, get up tonight
I will be the one to show you your brightside
To show you your brightside

[Chorus In Swedish] (Nimo and Naaak)
[?]

[Outro] (Nimo and Sabina Ddumba)
Get up, get up tonight
I will be the one to show you your brightside
Get up, get up tonight
I will be the one to show you your brightside
To show you your brightside"
1359,201922,Sabina Ddumba,4787251,Conversation,en,"[Verse 1: Sabina Ddumba]
What's on your mind?
I can see that you're thinking right now
What's deep inside, ah
If you wanna, tell me what's wrong
I feel there's a distant right now
Oceans apart, now
I don't wanna

[Pre-Chorus: Sabina Ddumba]
I think you know
I think you really know
It ain't no rocket-science what I need from ya'
I think you know
I think you really know
There is a time for silence, now's the time for talk

[Chorus: Sabina Ddumba]
Let's have a little conversation
Mm, conversation
Just a little conversation
'Cause I can read your mind
Oh I need a conversation
Mm, conversation
Just a little conversation
Before I lose my mind

[Verse 2: Sabina Ddumba]
Is it so hard?
To unlock the chains to your heart
Not the one to judge, no I'm not gonna
Why don't you try?
There's so many levels to climb
Not here to preach, no
If you wanna

[Pre-Chorus: Sabina Ddumba]
I think you know
I think you really know
It ain't no rocket-science what I need from ya'
I think you know
I think you really know
There is a time for silence, now's the time for talk

[Chorus: Sabina Ddumba]
Let's have a little conversation
Mm, conversation
Just a little conversation
'Cause I can read your mind
Oh I need a conversation
Mm, conversation
Just a little conversation
Before I lose my mind

[Bridge: Sabina Ddumba]
'Cause I can read your mind
I'm about to lose my mind
'Cause I can read your mind
I'm about to lose my mind

[Verse 3: Kojo Funds]
Tell me what's on your mind, baby just take your time
Let's have a conversation, I know you're vintage life unwind
I know this could be for life, the feeling it feel so right
I'mma be right outside, I'm waiting for you to be by my side
Just call up, I'm waiting for you baby just to roll up
Let's drink away I don't wanna be sober
When you're on my mind you know I will stay focused
Never bogus

[Chorus: Sabina Ddumba]
Let's have a little conversation
Mm, conversation
Just a little conversation
'Cause I can read your mind
Oh I need a conversation
Mm, conversation
Just a little conversation
Before I lose my mind

[Bridge: Sabina Ddumba]
'Cause I can read your mind
I'm about to lose my mind
'Cause I can read your mind
I'm about to lose my mind
I'm losing my mind
My mind, my mind, my mind"
1360,201922,Sabina Ddumba,5004564,Forgotten Ones,en,"[Chorus]
Me and my crew make due with the little we've got
Split pies, put it all in one pot
Good times, pour it up in one shot
Young, lost and forgotten ones

[Verse 1]
I ain't coming with the cash and the flash
Like the ones that you see on TV
And honestly the only thing I ever had
Are the ones that you see with me (See with me)
We made it through the trends and the fads
We go back like the ODB
It was just us making our moves
Stock town streets

[Pre-Chorus]
So I never dressed for where I was
Dressed for where I was tryna be
Started so deep down in the mud
You know we all just tryna eat
Couldn't nobody hold me back
At first it was only just a dream
That could never ever be done
Without my team
That's why now

[Chorus]
Me and my crew make due with the little we've got
Split pies, put it all in one pot
Good times, pour it up in one shot
Young, lost and forgotten ones
Me and my crew make due with the little we've got
Split pies, put it all in one pot
Good times, pour it up in one shot
Young, lost and forgotten ones

[Verse 2]
Melanin, little ink on our skin
Nobody even knew it was there (Knew it was there)
Only thinking 'bout the places we could go
Little young, broke millionaires
It wasn't easy like the elevator broke
And we all had to take the stairs
Making new rules, me and my dogs
Me and my crew

[Pre-Chorus]
So I never dressed for where I was
Dressed for where I was tryna be
Started so deep down in the mud
You know we all just tryna eat
Couldn't nobody hold me back
At first it was only just a dream (Just a dream)
That could never ever be done
Without my team
That's why now

[Chorus]
Me and my crew make due with the little we've got
Split pies, put it all in one pot
Good times, pour it up in one shot
Young, lost and forgotten ones
Me and my crew make due with the little we've got
Split pies, put it all in one pot
Good times, pour it up in one shot
Young, lost and forgotten ones"
1361,201922,Petter,3172547,Kall vinter,sv,"Jag känner mig som King Kong på skyskrapan
Sinnen har förändrats men jag skiner så dom bländas jag är fri från alla kategorier
Kan inte stämplas

På, toppen av berget där jag satt nivån klättrarfortfarande vertikalt
Matterhorn
Upp i skyn jag och mitt surpreme team
Slipar gran kniv vi i ett flygplan ska bi
Följ inte efter om du är flygrädd
Varför spelar du över? Men jag skiter i din streetcred
Har hört allt redan du låter som ett lekland
Ja' sålt sedan skivor innan vi fick fucking bredband Så låt mig leda generationen åt rätt håll
Jag är som ett kraftverk resten är som N-volt (N-volt, och
Jag är kall som en tung vinter) få sina sten, hitta grus här är guldklimpar
Det är högt uppe, ni ska, min bror, kan inte vika av För allt ni gjort rinner i mitt
Blod
Och över, det är dit vi ska, så högre, mot dit vi ska
Så högre, det är dit vi ska, det är dit vi ska, det är dit vi ska
Så det tills dess är det ba fuck it then
Jag gör det själv för ingen här verkar kunna göra det som jag kan
För instängd det finns en gräns
Och om du ställer du dig i vägen går jag genom dig ja rakt fram
Dit vi ska, dit vi ska
Dit vi ska, dit vi ska
För du förstår att det är P-lex du från mantlar, kullkantar, fulltankar, konkurrans
Som guldbaggar
Och ni som vet ni vet att det här är enkelt
Fett less på folk som snackar inom dom tänker
Biografin blev mycket mer än en bok
En bild utan censurer en film som Ben Muren
Ny subkultur det är min buisness struktur
Jag tänker längre till och med Disney för kul
Aldrig behövt varken stöd eller ryggdunk
Du vet det är svinlungt för saker har sin tidpunkt
Min karriär hårt slit och rutiner
Var med stämplat i mitt pass än kurirer
Fått knivar i ryggen och dom sitter där än
Inte bitter på nån inte ens bitter på... och jag är kall som en tung vinter
Få sina sten, hitta grus här är guldklimpar
Det är högt uppe, ni ska, min bror, kan inte vika av För allt ni gjort rinner i mitt
Blod
Och över, det är dit vi ska, så högre, mot dit vi ska
Så högre, det är dit vi ska, det är dit vi ska, det är dit vi ska
Så det tills dess är det ba fuck it then
Jag gör det själv för ingen här verkar kunna göra det som jag kan
För instängd det finns en gräns
Och om du ställer du dig i vägen går jag genom dig ja rakt fram
Dit vi ska, dit vi ska
Dit vi ska, dit vi ska
Nu har jag fått skrika (Han är fan bad) jag rullar fram hårt med min pansarvagnsrap
Har langat fram facts på hundratusen mikrofoner Och alla vill ha tronen men tyvärr
Jag sitter på den
Runt i världen och dom sju haven
Allt jag droppar blir en klassiker precis som Gudfadern
Ni vet min badplats kommer aldrig stanna
Jag jobbar dag och natt har alltid vart mitt mantra
Jag trampar på över taggtråd och slagfält
Tvåtusenfemton rullar på som en ångvält... och jag är kall som en tung vinter
Få sina sten, hitta grus här är guldklimpar
Det är högt uppe, ni ska, min bror, kan inte vika av För allt ni gjort rinner i mitt
Blod
Och över, det är dit vi ska, så högre, mot dit vi ska
Så högre, det är dit vi ska, det är dit vi ska, det är dit vi ska
Så det tills dess är det ba fuck it then
Jag gör det själv för ingen här verkar kunna göra det som jag kan
För instängd det finns en gräns
Och om du ställer du dig i vägen går jag genom dig ja rakt fram
Dit vi ska, dit vi ska
Dit vi ska, dit vi ska"
1362,201922,Mohammed Ali,2908534,Rapstjärna,sv,"För du ska veta att jag är rapstjärna
Kom o ta en drink med mig
Låt mig fylla upp ditt glas
Vi börjar tjäna lite cash hära
Säg vad fan är det med dig?
Du som hade paraknas
Hört de kallar dig för rapstjärna
Får jag ta en bild med dig
Min syrra skulle bli så glad
Vi börjar tjäna lite cash hära
Säg vad fan hände med dig
Du som bruka va så smart (va så smart)

[Vers 1 – MOMS]
*För de kallar mig för rapstjärna*
Känner motivering det är en sån dag
Kräver uppdatering gör ett omstart
De sa jag var dryg, fått en kaxig attityd
Tycker han leker mangas, han som alltid varit dryg
De fått en uppfattning av mig, av mig
De sa du hör aldrig av dig
Pengar du kommer få ut, hört att du redan sålt ut
Ignorans o arrogans, tror han är smart en besserwisser
Sprider du så resten visste, pissa på alla pessimister
För du har ingenting o gå på, säger random shit på måfå
Men vet du vad, jag skiter vad de säger
Ger en puss till alla dem
Avunsjuka bara kärlek på en o samma gång
Jag vet du älskar mig, älskar mig
Önskar mig det bästa, gästlista nästa gång vi festar
Du vet att jag är…

För du ska veta att jag är rapstjärna
Kom o ta en drink med mig
Låt mig fylla upp ditt glas
Vi börjar tjäna lite cash hära
Säg vad fan är det med dig?
Du som hade paraknas
Hört de kallar dig för rapstjärna
Får jag ta en bild med dig
Min syrra skulle bli så glad
Vi börjar tjäna lite cash hära
Säg vad fan hände med dig
Du som bruka va så smart (va så smart)

[Vers 2 – Ali]
Ali var inte skitsmart
Skolan gick keff, hamna på bidrag
Åt helvete med plugget, kugga varje test, ett krisbarn
Pappa jag fick stryk av med jämna mellanrum
Att jag ville det va hänga runt men var sällan dum
Hade visioner större än skolbetygen
Fanns inga tvivel
Skaffa hiphop-ar stilen
Innan jag noppra ögonbrynen
Innan jag fatta kärlek bruka dö för blondiner
Innan vi bytte Heiniken mot vita röda viner
Back then jag bodde i Borås
Och att skulle bli nåt stadsbarn var svårt o tro då
O ännu mindre trodde jag då jag skulle signa dealen
Med familjen som föder nya Aki's o Linda Pirer
Jag träna Kobe Brynt moves gjorde crossface
Hade Jordan-sneakers innan det var innestadsgrej
Men det var back then på gator i Borås
För en sekund kändes lilla staden som New York


O jag va…
Rapstjärna
Kom o ta en drink med mig
Låt mig fylla upp ditt glas
Vi börjar tjäna lite cash hära
Säg vad fan är det med dig?
Du som hade paraknas
Hört de kallar dig för rapstjärna
Får jag ta en bild med dig
Min syrra skulle bli så glad
Vi börjar tjäna lite cash hära
Säg vad fan hände med dig
Du som bruka va så smart (va så smart)


[Brygga]
Jag sa till mamma ""kommer va på TV snart""
Längesen när ingen visste vem jag var
Vem jag va, jag sa till alla, walla svär på Gud ni kommer se nån dag
Längesen när ingen visste vem jag var
Vem jag va, för nu jag skrivet autografer, jag skriker ""Fuck staten""
Utan tvekan för ni vet vi får betalt sen
Publiken skriker ut vårat namn (namn, namn, namn)
Och grabbarna vill skaka våran hand (hand, hand, hand)
För de vet jag är rapstjärna


[Vers 3 – Aki]
Yeah, de kallar mig rapstar
Tror jag är chilli milli o jag ryx i mitt cash-hav
Egentligen är allt som vanligt, tvärknas
Pank, letar broder jag kan krita en knatch av, shit
Borde lyssnat när jag gick i skolan, äh
Telefonintervju när jag sitter på toan
Shit, folk bara rycker i en o vill fota
Shit, skolgården får flip när jag hämtar min dotter från skolan
Men hey, jag gör det jag aldrig har älskat, alltid kämpat
Är själv förvånad, det går bättre än förväntat
Det är bara tacka för allt o skåla, linda papper runt våra gåsar
Reflektera över tiderna som va svåra
Eller fortfarande är egentligen
Det är bara att jag lever på det här nu äntligen
Grön fantasipara känns slut när man fattar
Markoolio ända rapparn som köpt hus till sin mamma


För du ska veta att jag är rapstjärna
Kom o ta en drink med mig
Låt mig fylla upp ditt glas
Vi börjar tjäna lite cash hära
Säg vad fan är det med dig?
Du som hade paraknas
Hört de kallar dig för rapstjärna
Får jag ta en bild med dig
Min syrra skulle bli så glad
Vi börjar tjäna lite cash hära
Säg vad fan hände med dig
Du som bruka va så smart (va så smart)"
1363,201922,Sabina Ddumba,6464436,Damn Good Woman,en,"[Intro]
Damn good woman, damn, damn good woman (Uh huh, uh huh)

[Verse 1]
No (?), I mean it
No, I didn't take no shortcuts, I took the long way
Didn’t always go the right way, but it was my way
Can't nobody tell me nothing now
Nothing now

[Pre-Chorus]
Had I known hard times were making me stronger
I could've done it much longer
Laughed at the pain and the hunger, I know
Pressure was shaping the brightness
In me so I can be shining
Worth every minute of fighting

[Chorus]
I’m thankful for the bad times (Bad times)
They made a damn good woman
Thankful for the tears cried (Tears cried)
They made a damn good woman

Oh, I ain't afraid of moving or falling down
'Cause I know just how to build it up from the ground
Thankful for the bad times (Bad times)
They made a damn good woman

[Verse 2]
Kept my head up, I stayed walking
Feeling sorry for myself, never an option
But oh, I made it to the high road, from the bottom
But can't nobody tell me nothing now, nothing now

[Pre-Chorus]
Had I known hard times were making me stronger
I could've done it much longer
Laughed at the pain and the hunger, I know
Pressure was shaping the brightness
In me so I can be shining
Worth every minute of fighting

[Chorus]
I'm thankful for the bad times (Bad times)
They made a damn good woman (Woman, yeah yeah)
I'm thankful for the tears cried (Tears cried)
They made a damn good woman (Damn good woman)

Oh, I ain't afraid of moving or falling down (Down)
’Cause I know just how to build it up from the ground
Thankful for the bad times (Bad times)
They made a damn good woman

[Bridge]
Damn good woman, damn, damn good woman
(Damn good woman, yeah a damn good woman, yeah)
Damn good woman, damn, damn good woman
(Ooh yeah, damn good woman)

I’m thankful for the bad times
They made a damn good woman (Yeah)
I'm thankful for the tears cried
They made a damn good woman, woman (Yeah)

Damn good woman, damn, damn good woman (Yeah)
(You’re a damn good woman, yeah, damn good woman, yeah)
Damn good woman, damn, damn good woman
(Yeah yeah, yeah yeah)

[Outro]
Oh, woman, yeah
Woman, woman
Woman, woman, woman, yeah yeah
Woman, woman, yeah yeah
Woman
Woman, woman
Woman, woman, woman
Woman, woman"
1364,201922,Sabina Ddumba,3429875,Orden I Vinden,sv,"[Verse 1]
Så kom den till sist
Vintern vi talat så länge om
De väldiga husen på Nybohov
Nu speglas dom
I den blankhala isen
Som lagt sig på sjön
Där familjerna
Åker skridsko och pulka
Över fasaderna

[Pre-Chorus]
Orden i vinden
Säger att vägarna delas här
Det händer nåt nytt
Det gör alltid det
Och isen bär
Jag vet

[Chorus]
Jag är som förgiftad
Av tvivel och längtan
Och skuld för det
Jag vill inte dö
Utan att en gång
Ha älskat helt

[Verse 2]
Orden i vinden säger
Här tar det slut
Orden i vinden säger
Kasta er ut
Hör du orden i vinden
Ditt namn mitt namn
Hör du orden i vinden
Ditt namn och mitt namn

[Verse 3]
Så kom den till sist
Vintern jag tror
Att den blir rätt lång
Vi tänder i fönstret
Vi sitter på sängen
Med våran son
Och förklarar så enkelt
Vi någonsin kan
Men inga ord
Kan skydda oss nu
Och ingenting vet vi
Om hur det tog

[Pre-Chorus]
Orden i vinden säger
Vad var det jag sa
Orden i vinden säger
Det kommer bli bra
Till slut

[Chorus]
Hör du orden i vinden
Ditt namn mitt namn
Hör du orden i vinden
Ditt namn och mitt namn"
1365,201922,Sabina Ddumba,3259878,Runaway,en,"[Intro]
Are you really ready?
Are you really ready?
Are you really ready?
Are you coming down?
Are you really ready?
Are you really ready?
Are you really ready?
Are you good now?

[Verse 1]
I always go for the simple life
With no drama, ah
Not for love, I'm not really ready
Don't want nobody confusing me
Independently, I'm a boss and I'm getting money
Hard, hard, soft, inside I'm so proud, oh
I can't believe this is happening
Is this heaven sent?
Am I just a good tripper maybe?
I didn't mean to come out tonight
I don't look for guys but you caught my eyes anwyay
Caught my heart inside jumping round

[Chorus]
So baby let's run away
Baby let's run away
Take me by the star lights
Do whatever feels right
Baby let's run away

[Post-Chorus]
Are you really ready?
Are you really ready?
Are you really ready?
Are you coming down?
Are you really ready?
Are you really ready?
Are you really ready?
Are you good now?

[Verse 2]
So let me know if you're feeling it
Like I'm feeling this
Is this counterfeit?
Tell me baby
Not really down for the paying type
Is it just tonight?
Better tell me now either way
This feels good, not sure it should now, yeah
I'm throwing caution up to the wind
If it's genuine, now follow me
Follow me, rain on you, rain on me now

[Chorus]
So baby let's run away
Baby let's run away
Take me by the star lights
Do whatever feels right
Baby let's run away

[Post-Chorus]
Are you really ready?
Are you really ready?
Are you really ready?
When it comes down?
Are you really ready?
Are you really ready?
Are you really ready?
Are you good now?

[Bridge]
The sunshine, moonlight, heaven and delight
Wrapped up into one now, baby baby
Wrapped up into one now, baby baby
Sunshine, moonlight, heaven and delight
Wrapped up into one now, baby baby
Wrapped up into one now, baby baby

[Chorus]
So baby let's run away
Baby let's run away
Take me by the star lights
Do whatever feels right
Baby let's run away

[Post-Chorus]
Are you really ready?
Are you really ready?
Are you really ready?
When it comes down?
Are you really ready?
Are you really ready?
Are you really ready?
Are you good now?"
1366,201922,Prop Dylan,3942048,Still,en,"[Intro]
I, I, I gots to get it
I gots to get it while the get-go gettin is good
You will respect me, it's simple as that
We gonna rock, till nothin else matters
I, I, I gots to get it
I gots to get it while the get-go gettin is good
I fly high with the winds of change
Through the times they cherish, but I'm still the same

[Verse 1]
Uh, still one and the same
Still made it when the crime saw my government name
Though the terrain's been mudded with troublesome pain
On tracks, I'ma run it with train that came back like nothin has changed
Stayin in my lane, gears and clockworks the thoughts to [...]
Make somethin outta nada, squeeze water outta stone
I'm a hometown hero, a poet like Nasir Jones
In the zone, old head on young shoulders
A free agent to no fences to jump over
Fuck being stuck in a blunt coma
Still a hard-working entrepreneur like Shawn Hova
I rose up from the ashes like a phoenix bird
Zigzags to sit back to see the earth
Back to reach the world with these beats and words
Never leavin my dreams to phert, and that's word

[Chorus]
I, I, I gots to get it
I gots to get it while the get-go gettin is good
You will respect me, it's simple as that
We gonna rock, get it right
I, I, I gots to get it
I gots to get it while the get-go gettin is good
I fly high with the winds of change
Through the times they cherish, but I'm still the same

[Verse 2]
Ayo, still the same kid who fell in love with the game
But now a different team though, none of us playin
As far as the queen go, I'm no son of a saint
I'm one cool customer at the money exchange
So whatchu sayin?
I'm playin for keeps, stayin awake when I sleep every day of the week
Y'all was wastin classics, so I pray to the east
That taught me how to keep an ace up my sleeve, at the table of thieves
Before I got a two for high standin
It's a done deal if the duo's dynamic
Goddammit, let you stew the sound language
Fuck you, pay me, so do what I'm plannin
Can't stand it but it's food for your thought
The number one, so provider
I do what went hard
Light a Cuban cigar at the coast of Havanna
After all, it's a lucrative job, let off the sampler

[Chorus]
I, I, I gots to get it
I gots to get it while the get-go gettin is good
You will respect me, it's simple as that
We gonna rock, till nothin else matters
I, I, I gots to get it
I gots to get it while the get-go gettin is good
I fly high with the winds of change
Through the times they cherish, but I'm still the same

[Verse 2: Sabina Ddumba]
Still, of course I'm real
It's the S, double D, got them scorchin skills
Young, black, if they never lost the thrill
Ready or not, Lauren Hill
Pause and chill
Nah, I bust the grammar
Goin worldwide, yo, what's up Uganda
Straight out the sampler, I'm kealin, this looks
I gots to get it payed off the books

[Chorus]
I, I, I gots to get it
I gots to get it while the get-go gettin is good
You will respect me, it's simple as that
We gonna rock, till nothin else matters
I, I, I gots to get it
I gots to get it while the get-go gettin is good
I fly high with the winds of change
Through the times they cherish, but I'm still the same"
1367,201922,F.A.M.,720556,Forever Ain’t Long Enough,en,"Kristin Amparo:

Why always

Why is it always like this oh-oh

You split my vision in two

Don’t exactly know how you do it, but thats what you do

If i choose you,  i choose you over me and now is not the time

You’ll see let’s stop and reverse



D-Luzion:

Your body all over my body

You’re just the dyke to kick it with me, know i’m bout it

Big belly booty brings so naughty

I know you like it even if you won’t acknowledge

The fact that I can make you eat it like a cannibal

Raw like we’re animals fuck it I will have it all

Make it rain, make it pour let’s go disappear and go

Far away from all the stress leave the world behind and yes

Interact on different levels, separate the sex from lust

'cause all we really need is trust, and all we really do is Ah!

'cause hey, your the one, my only favorite

And maybe we should put it down on papers



Feliciana:

When he puts his hands on me I can feel him right through my soul

Just to know that he prays for me, makes me wish he never let’s me go

Forever, Forever ain’t long enough



Sabina Ddumba:

You’re sensitive touch all over my body

Kissin' on my neck your hands around my waist

I wanna feel safe, tell me that you love me

'cause you know I love you, please don’t leave me babe

I’m sorry for the things I did, it didn’t mean a thing

I promise you I regret everything but I admit it was true

Please forgive, let’s forget, start all over let’s re-set



Shedney Ruffin’:

I’m hooked up, hooked up

‘cause that is what you cooked up

Dirty mama anything my sanity it took ya (?)

Tryna catch my breath while you stretch it out for max

It’s like a drug I’m-a yeah doper man attack, hey

See that’s my crap man I don’t know how to act

Got me to break my back, gymnastics to the max-tes

Love is a fact, feels like my body I don’t own

Now Im out here in the purgatory got that in the danger zone

Danger zone, danger zone



Mc Melodee:

I wanna be your chick, I wanna be down for you

Never be square but a round for you

Like gay-gay Im bound to you

I see you pop that thing for the club

How many dips, how many preps, how many licks

Does it take 'til you get to the center of attention

Niggas own thang, she ain’t even gonna mention, goin back to the mansion with me

Down ass bitch you get down for whatever, cream of the props see you down for the cheddar

I see you poppin pills like you tryna get better

She said: all i wanna do is pop happy pills, ‘cause i don’t really fuckin’ know what happy feels

And pregnant Tri still eat happy meals, you make me feel like the shittest, so for real:

""Girl i know how much you really want somebody, want somebody that don’t really need you""

Love? no, i prefer vodka take your clothes off take your dance for the doctor

Girl on girl so i can’t get you knocked up, inhale let the weed get you fucked up yeah

Inhale exhale let the weed get you fucked up yeah (i said)



Feliciana:

When he puts his hands on me I can feel him right through my soul

Just to know that he prays for me makes me wish he never let’s me go

Forever, Forever ain’t long enough"
1368,201922,Sabina Ddumba,6701829,Swishers,en,"[Intro]
Got my chick rollin' swishers
Hennessy in my red cup
Baby, we keep shining (Ooh-ooh-ah)
I don't give a fuck

[Verse 1]
I've been holding my breath for you
Now I'm dying for a sweet little breakthrough
Still the more I push, the less I move
And you got me, got me thinking
It ain't over 'til it's over baby
So, I keep going 'cause I know love matters
Wouldn't have it any other way
And you got me thinking
Is there a method to my madness?
A method to truth?
Shifting through the ashes
Looking for the truth
We are here on borrowed time
Sue me if I have some fun!

[Chorus]
Got my chick rollin' swishers (Ooh-ooh-ah)
And we here, rollin', Hennessy in my red cup (Ooh-ooh-ah)
I'ma buy him diamonds, I don't give a fuck
Baby, we keep shining, trying up my luck
So you know that I
Got my chick rollin' swishers (Ooh-ooh-ah)

[Verse 2]
I'll buy a ticket, we can leave today
They can't stop us when we ride together
Leave them troubles in the yesterday
You got me thinking
Is there a method to my madness?
Method to truth?
Sifting through the ashes
Looking for the truth
We're all here on borrowed time
Sue me if I have some fun

[Chorus]
Got my chick rollin' swishers (Ooh-ooh-ah)
And we here, rollin', Hennessy in my red cup (Ooh-ooh-ah)
I'ma buy him diamonds, I don't give a fuck
Baby, we keep shining, trying up my luck
So you know that I
Got my chick rollin' swishers (Ooh-ooh-ah)

[Bridge]
If you're on my wave tonight
Put your hands up in the sky
And wave them, side to side
If you're on my wave tonight
Put your hands up in the sky
Wave them side to side

[Chorus]
Got my chick rollin' swishers (Ooh-ooh-ah)
And we here, rollin', Hennessy in my red cup (Ooh-ooh-ah)
I'ma buy him diamonds, I don't give a fuck
Baby, we keep shining, trying up my luck
So you know that I
Got my chick rollin' swishers (Ooh-ooh-ah)"
1369,201922,Sabina Ddumba,6896497,4 Life,,
1370,201922,Sabina Ddumba,5237914,Pick Sides,en,"Pick sides, no
Pick sides, no

Let it go, 'cause I won't have this conversation
For the hundredth time, don't ask why
You're not gon' get me to choose, just know, baby
You're gonna lose, so don't make me, pick sides, no

I know we got somethin'
You gon' go mess it up, being all up in your feelings
Why is we arguin'?
About somethin' you've known about me ever since the beginnin'
I never lied, I never tried to be nobody
Else but myself, you tryna make me into somebody
I don't believe in
You need to take me as I am, try to understand my reasons

I wanna be who I was when we met, yeah
It's funny just how fast you can forget, yeah
That I have wanted this all of my life, how I sacrificed
Just accept it

Let it go, 'cause I won't have this conversation
For the hundredth time, don't ask why
You're not gon' get me to choose, just know, baby
You're gonna lose, so don't make me, pick sides, no

Turnin' the table
If I was you I wouldn't put you in that situation
I would be patient
Wait for me, wait, wait for me, baby
I ain't never switch up, I gave you love
I showed you myself, that should be enough
We should be makin', love, love, love, baby

I wanna be who I was when we met, yeah
It's funny just how fast you can forget, yeah
That I have wanted this all of my life, how I sacrificed
Just accept it

Let it go, 'cause I won't have this conversation
For the hundredth time, don't ask why
You're not gon' get me to choose, just know, baby
You're gonna lose, so don't make me, pick sides, no

Even when I'm gone
You know I'm comin' back to you
I won't be long, no
No matter where, I'm always here
No matter who, I'm with you
You can tell by my moves
All the things that I do
I do it all for you
I shouldn't have to prove
So let it go

'Cause I won't have this conversation
For the hundredth time, don't ask why
You're not gon' get me to choose, just know, baby
You're gonna lose, so don't make me, pick sides, no
Pick sides, no"
1371,201922,Sabina Ddumba,8293985,Best Friend,en,"[Hook]:
This thing
Don’t know if it’s love or this drink
Something in between
Listen, i got you, I’ll be your best friend
If you want me to be

[Verse 1]:
Whatever you want me to be
Yeah, let me show you devotion
You've got a hold of my heart
I don’t mind, wanna grow closer
Could be love or the drugs 
Either way I feel it taking over
But it’s OK, I’m with it babe
Had one too many
Can’t get enough, can’t get enough of this
Heart feels heavy when your gone, when you're gone
Yeah

[Hook]:
This thing, don’t know if it’s love or this drink
Something in between
Listen, i got you, I’ll be your best friend
If you want me to be
This thing, don’t know if it’s love or this drink
Something in between
Listen, i got you, I’ll be your best friend
If you want me to be

[Verse 2]:
Am I the only one feeling it?
Can’t tell how real it is
I just follow your lead
Backstrokes in your love, tryina see how deep it is
Yeah all the way, I’m with it babe
Had one too many
Can’t get enough, can’t get enough of this
Heart feels heavy when your gone…

[Hook]:
This thing, don’t know if it’s love or this drink
Something in between
Listen, i got you, I’ll be your best friend
If you want me to be
This thing, don’t know if it’s love or this drink
Something in between
Listen, i got you, I’ll be your best friend
If you want me to be

[Bridge]:
Heart feels heavy when you're gone
Heart feels heavy when you're gone
When you're gone, yeah
Heart feels heavy when you're gone
Heart feels heavy when you're gone
When you're gone, yeah

[Hook]:
This thing, don’t know if it’s love or this drink
Something in between
Listen, i got you, I’ll be your best friend
If you want me to be
This thing, don’t know if it’s love or this drink
Something in between
Listen, i got you, I’ll be your best friend
If you want me to be"
1372,201922,Sabina Ddumba,6914872,Coast,en,"One, two
One, two, three, let′s go

You hit the Motorolla phone call
In the backseat of your dad's car
There′s no dinner we can go for
Turn this and get to a rock star
Instead, all the way to the bus-stop
Drinking, smoking on the cigars
Put that body on a poster
Yeah, send it on a postcard

Baby
You look like a visit on an island
Oh, you got me hooked and I can't hide it, oh
But you love and love and love and love, I know me
Just come along with me

To the coast
Let's drive that Jaguar to the coast
Oh, coast, mhm
Go
Let′s go see how far we can go
Coast

Roller coaster
Dressed like locomotion
Let′s make it a moment
Waving up the ocean
Roller coaster
Dressed like locomotion
Let's make it a moment
And drive that Jaguar to the coast

We run like this to the coast, haa
Oh yeah yeah yeah

You my little rude boy
When I want you, just grab my waist
Control me when I say go
Get me on a ride on the seashore
Mighty wave, it wet like ocean (Ocean)
My love language is devotion
Maybe you could be the one to do so
And I′m willing to that now (To the coast)

Let's drive that Jaguar to the coast
Oh, coast
Go
Let′s go see how far we can go
Coast

Roller coaster
Dressed like locomotion
Let's make it a moment
Waving up the ocean
Roller coaster
Dressed like locomotion
Let′s make it a moment
And drive that Jaguar to the coast

You look like a visit on an island (Yeah)
Oh, you got me hooked and I can't hide it, no no no no no
But you love and love and love and love, I know me
Just come along with me

To the coast (Together)
Let's drive that Jaguar down to the coast
Oh, coast, mhm
Go
Let′s go see how far we can go
Coast

Roller coaster
Dressed like locomotion
Let′s make it a moment
Waving up the ocean
Roller coaster
Dressed like locomotion
Let's make it a moment
And drive that Jaguar to the coast"
1373,201922,Olivier Dion,4460215,Curious,en,"[Verse 1]
One hundred days
You can feel it when the energy change
So you different in the summertime
Girl I know that you were always the same
You are

[Pre-Chorus]
I, I, I, I think 'bout you when I can't can't start eh
I, I, I, I think I can be little little too harsh baby
Do, you, you, you think about me cause I think you do
I can see it in your eyes I'ain't going through twice yeah

[Chorus]
I don't know what it is girl
Got me feeling like this girl
Serious but I want it
I'm curious I got to have it
You gave me so hope girl
Put down whatever this is girl
Serious but I want it
I'm curious I got to have it yeah
Eh yeah yeah yeah
Tarara tarara tarara

[Verse 2]
I got you to text me
I answered you nicely
I asked for a coffee
You answered me next week
See your love how you're talkin
You are so easy and it all comes so naturally

[Pre-Chorus]
I, I, I, I think 'bout you when I can't can't start eh
I, I, I, I think I can be little little too hursh baby
Do, you, you, you think about me cause I think you do
I can see it in your eyes I'ain't going through twice yeah

[Chorus]
I don't know what it is girl
Got me feeling like this girl
Serious but I want it
I'm curious I got to have it
You gave me so hope girl
Put down whatever this is girl
Serious but I want it
I'm curious I got to have it yeah

[Pont]
I got, got have it, curious
You got me wanting it, curious
You gonna, gonna, gonna

[Chorus]
I don't know what it is girl
Got me feeling like this girl
Serious but I want it
I'm curious I got to have it
You gave me so hope girl
Put down whatever this is girl
Serious but I want it
I'm curious I got to have it yeah

[Outro]
You got me feeling so serious
You got me wanting it, curious
You got me feeling so serious
You got me wanting it, curious"
1374,201922,Sabina Ddumba,8347497,Indifferent,en,"[Verse]:
It’s on you now
Cause everytime I turn over the cards it looks like you won
And we can’t even talk no more
No, look what you’ve done
Everything you said to me
Everything it used to mean
We got nothing worth to keep
Not even the memories
All ups and downs, no in-between
And baby I’m so tired
I could deal with bittersweet, but now it’s all sour
(it's all sour...)

[Hook]:
Think you’re so special
Don’t even miss ya
Oh I thought we’d go the distance
But these days I’m so indifferent
What we had don’t mеan a thing
(Now what we had don't mean a thing, yeah)
Takе some time, let that sink in
What we had don’t mean a thing

[Verse]:
You win some, you lose some
Lately we’ve been counting losses
Thousands of restarts and now we’ve run out of options
And I’ve tried to patient
But we’re beyond saving cause
I could deal with bittersweet
But now it’s all sour

[Hook]:
Think you’re so special
Don’t even miss ya
Oh I thought we’d go the distance
But these days I’m so indifferent
What we had don’t mean a thing
(Now what we had don't mean a thing, yeah)
Take some time, let that sink in
What we had don’t mean a thing
Think you’re so special
Don’t even miss ya
Oh I thought we’d go the distance
But these days I’m so indifferent
What we had don’t mean a thing
(Now what we had don't mean a thing, yeah)
Take some time, let that sink in
What we had don’t mean a thing

[Bridge]:
Ooh, this ain't how I thought it would feel
All this empty space next to me
Maybe it just wasn't that deep (that deep)
That deep (that deep)
Ooh, we're so far from what we used to be
And it don't really matter to me
Baby, was it ever that deep? (that deep)
That deep (that deep)

[Hook]:
Think you’re so special
Don’t even miss ya
Oh I thought we’d go the distance
But these days I’m so indifferent
What we had don’t mean a thing
(Now what we had don't mean a thing, yeah)
Take some time, let that sink in
What we had don’t mean a thing
Think you’re so special
Don’t even miss ya
Oh I thought we’d go the distance
But these days I’m so indifferent
What we had don’t mean a thing
(Now what we had don't mean a thing, yeah)
Take some time, let that sink in
What we had don’t mean a thing

[Outro]:
(Now what we had don't mean a thing...)

(Don't mean a thing)"
1375,201922,Olivier Dion,4460221,Curious (Depuis qu’on se connait),en,"[Paroles de Curious (Depuis qu'on se connait)]

[Couplet 1]
One hundred days
You can feel it when the energy change
So you different in the summertime
Girl I know that you were always the same
You are

[Pré-refrain]
I, I, I, I think 'bout you when I can't can't start eh
I, I, I, I think I can be little little too harsh baby
Do, you, you, you think about me cause I think you do
I can see it in your eyes I'ain't going through twice yeah

[Refrain]
Depuis qu'on se connaît
Je me sens envoûté
C'est sérieux quand je le veux
J'suis dans le jeu et je t'aurai
Tu m'as pris dans tes filets
Plus besoin d'être secret
C'est sérieux quand je le veux
J'suis dans le jeu et je t'aurai ouais
Eh yeah yeah yeah
Tarara tarara tarara

[Couplet 2]
Il n'y a pas de non-dits
Je pense qu'on s'est compris
Je voudrais te revoir
Tu me permets d'y croire
J'aime bien ces moments
C'est si facile
Et tout vient naturellement ouais

[Pré-refrain]
I, I, I, I think 'bout you when I can't can't start eh
I, I, I, I think I can be little little too hursh baby
Do, you, you, you think about me cause I think you do
I can see it in your eyes I'ain't going through twice yeah

[Refrain]
Depuis qu'on se connaît
Je me sens envoûté
C'est sérieux quand je le veux
J'suis dans le jeu et je t'aurai
Tu m'as pris dans tes filets
Plus besoin d'être secret
C'est sérieux quand je le veux
J'suis dans le jeu et je t'aurai ouais

Tarara tarara tarara

[Refrain]
Depuis qu'on se connaît
Je me sens envoûté
C'est sérieux quand je le veux
J'suis dans le jeu et je t'aurai
Tu m'as pris dans tes filets
Plus besoin d'être secret
C'est sérieux quand je le veux
J'suis dans le jeu et je t'aurai ouais

[Outro]
You got me feeling so serious
You got me wanting it, curious
You got me feeling so serious
You got me wanting it, curious"
1376,201922,Patrik Jean,5267490,Losing Sleep (Acoustic Version),,
1377,201922,Sabina Ddumba,8171310,Lose You,en,"[Verse 1]
The world on my shoulders
I don't want this weight no more
I'm getting stronger
Guess it really hurts to grow
All that I left behind
I forget that it takes some time
Let the dust settle
So I waited, I hold on

[Pre-Chorus]
God knows you almost got to me
I was in therapy, but I will finally
Oh, I am letting myself loose
No, it's not up to you
'Cause in the end, I choose

[Chorus]
I choose to forgive you
I needed to forgive myself
It came out of resistance
But I did away from my distance
I choose to forgive you

[Verse 2]
Emancipated
You're about to see me in a different light
It's not complicated
Might be young, but it's still my life

[Pre-Chorus]
God knows you almost got to me
I was in therapy, but I will finally
Oh, I am letting myself loose
No, it's not up to you
'Cause in the end, I choose

[Chorus]
I choose to forgive you
I needed to forgive myself
It came out of resistance
But I did away from my distance (Yeah, yeah)
I choose to forgive you

[Pre-Chorus]
God knows you almost got to me
I was in therapy, but I will finally
Oh, I am letting myself loose
No, it's not up to you
'Cause in the end, I choose
God knows you almost got to me
I was in therapy, but I will finally
Oh, I am letting myself loose
No, it's not up to you
'Cause in the end, I choose

[Chorus]
I choose to forgive you
I needed to forgive myself
It came out of resistance
But I did away from my distance, yeah
I choose to forgive you

[Outro]
(Mm-mm, mm-mm)
I choose to, to lose you"
1378,201922,Prins Daniel,8019071,Vissa rosor,sv,"[Vers: Prins Daniel]
Nio till fem fick mig känna mig usel
Väntade länge vid stupet
Rädd för att slänga mig ut men det
Kändes som enda beslutet
Känns som det vände på temperaturen
För nu kommer främlingar fram och
Berömmer för mina grejer på tuben
Och nu ringer legender på luren
Brukade se dem som seriefigurer men
Numera ber de mig vända med Ubern och
Komma till studion med sexton på lager
Aldrig gjort dеt för femton minuter
Räknade fеl om du räknade ut mig
Jag är här för att stanna och svär att jag håller i
Längden som permakulturer, lovar dig
Dagen jag slutar är helvetet fruset
Lager på lager av färger på duken
Långt ifrån klar, inte ens med konturen
Men meteorologer har redan prognoser
För dagen när jag ställer ut den: ""regn av
Valutor"", jag kommer skriva tills bläcket är
Slut eller pennan är bruten, men även om
Det skulle ske har jag verser i huvet
Som skriver sig själva, nu väller de ur mig
Van vid att vrida på vokabulären
Vet hur man plockar isär den, låter den
Färdas från botten av själen, igenom
Artärer till toppen av världen. Långt ifrån
Där än, typ inte nån karriär än men
Kan inte heller se nånting i vägen
Vet inte något som är säkert men hoppade
Ut och får hoppas det är värt det

[Refräng: Sabina Ddumba]
Borsta bort askan
Bort från dina axlar
Våga ta det sakta
Kom ihåg att andas
Tog ett tag att fatta
Men vissa rosor växer genom asfalt
Om du bara vattnar
Så låt det falla
Våga stanna kvar även när molnen är som svartast
Och vinden blåser kallast
Tog ett tag att fatta
Men vissa rosor växer genom asfalt
Om du bara vattnar

[Vers: Prins Daniel]
Tror att det är nånting som flyter i blodet
Det är svårt att beskriva i ord men har
Sett när det händer, sett hur det lett mina
Vänner ifrån 44:an till Globen
Stod i publiken med stora pupiller
Större visioner, inre bilder nog för
Rummen i Louvren, ramade in dem
La energin på att slipa på orden
Vissa personer vill sitta på tronen
Andra försöker förfina metoden
Följa passionen och inte förrän vid
Pensionen fråga sig själv vart det tog en
Säger det sällan men vet att jag borde
Svårt att få fram när vi ses över borden
Men tack för att ni gav mig motivationen
Och trodde på mig när jag själv inte gjorde det

[Refräng: Sabina Ddumba]
Borsta bort askan
Bort från dina axlar
Våga ta det sakta
Kom ihåg att andas
Tog ett tag att fatta
Men vissa rosor växer genom asfalt
Om du bara vattnar
Så låt det falla
Våga stanna kvar även när molnen är som svartast
Och vinden blåser kallast
Tog ett tag att fatta
Men vissa rosor växer genom asfalt
Om du bara vattnar"
1379,201922,Sabina Ddumba,8171010,Ride,en,"[Intro]
(One, two, three)

[Verse 1]
Baby, pack your bag
I wanna go somewhere with you
Somewhere we can relax
Where we can dive into the blue, mm-mm
I know we're feeling tired
Pick what you need and leave the rest
Let's go find some peace of mind
By letting go of our regrets
So if you're down, I'll pick you up

[Pre-Chorus]
Jump in, jump in, let's go somewhere far away
Jump in, jump in, we could use a holiday
Jump in, jump in, I know where we can go
If you just let me show

[Refrain]
Let mе take you places that you've nеver been
I'm a whole new world you've never seen before
Where the skies are blue and trees are evergreen (Are evergreen)
I know it's beautiful, baby, there's so much more

[Chorus]
I wanna ride, ride, ride with you
I just wanna ride, ride, ride with you
Travel through time and space with you
Baby, come rain or shine, wanna spend all my time with you

[Verse 2]
Down the boulevard, let's take the highway by the sea
Ooh, in our five-seat car creating countless memories
If you're still down, I'll pick you up

[Pre-Chorus]
Jump in, jump in, let's go somewhere far away
Jump in, jump in, we could use a holiday
Jump in, jump in, I know where we can go
If you just let me show

[Refrain]
Let me take you places that you've never been
I'm a whole new world you've never seen before
Where the skies are blue and trees are evergreen (Are evergreen)
I know it's beautiful, baby, there's so much more

[Chorus]
I wanna ride, ride, ride with you
I just wanna ride, ride, ride with you
Travel through time and space with you
Baby, come rain or shine, wanna spend all my time with you

[Bridge]
Ooh, baby, baby, baby, why won't you come here?
There's so much out there and I don't wanna stay here
Don't think I'm ready, would you be my company?
So I can take you right there

[Chorus]
I wanna ride, ride, ride with you
Travel through time and space with you
Baby, come rain or shine
I wanna ride, ride, ride with you
I just wanna ride, ride, ride with you
Travel through time and space with you
Baby, come rain or shine, wanna spend all my time

[Outro]
Come rain or shine, wanna spend all my time
Come rain or shine, wanna spend all my time with you"
1380,201922,Sabina Ddumba,8185069,Cloud 9,en,"[Verse 1]
If you're down down (I want to talk to you)
Then I'm down down
If you've got a minute
I've got a bed with me in it

So tell me if you're still up
Baby make it just us
Baby you've got me thinking
Thinking this could be something different

[Chorus]
It's the way you're talking magic with your eyes
Not I'm feeling sentimental but tonight

I don't wanna let go, yeah
So I just wanna let you, yeah
Baby I'm loving the way you make me feel
You know this energy is so unreal
I don't wanna let go, yeah
So I just wanna let you, yeah
Baby I'm loving how you make me high
Making me feel like I'd be on cloud 9

[Verse 2]
It's a head rush
With only one touch
My knees keep on giving
And the whole room keeps on spinning

[Chorus]
It's the way you're talking magic with your eyes
Not I'm feeling sentimental but tonight

I don't wanna let go, yeah
So I just wanna let you, yeah
Baby I'm loving the way you make me feel
You know this energy is so unreal
I don't wanna let go, yeah
So I just wanna let you, yeah
Baby I'm loving how you make me high
Making me feel like I'd be on cloud 9

[Bridge]
Be mine, be mine, be mine, be mine
To be mine, be mine, be mine, be mine

For na na na na na na na na

To be mine, be mine, be mine, be mine
(Would you, would you?)

For na na na na na na na na

[Outro x6]
Baby won't you wanna hold my body [??]
OK, [??]
Tell me baby that you want me only
Cause you got me, you got me"
1381,201922,Sabina Ddumba,6914871,No One Compares,,
1382,201922,Sabina Ddumba,6914870,Sometimes,,
1391,344667,Various Artists,4819963,El Último Adiós,es,"[Letra de ""El Último Adiós""]

[Ricky Martin]
Se quebró la calma
Y el silencio en ruido se volvió

[Alejandro Sanz]
Quedaron desnudos
Nuestra imagen y nuestro dolor

[Thalia]
Se mezclaba el cielo

[Juan Luis Guerra & Gloria Estefan]
Junto con la calle y el rencor

[Celia Cruz]
Nos llenó de miedo

[Juan Luis Guerra, Gloria Estefan & Olga Tañon]
Dónde fue el amor

[Ricardo Montaner]
Dime si el dolor despierta el alma

[Ana Gabriel]
Dime si es capaz de despertar el corazón

[Jorge Hernandez & Alicia Villareal]
Ni todo el rencor, ni la venganza

[Alejandro Fernandez]
Nos va a poder calmar las ganas
De ver de nuevo aquellas caras

[Carlos Vives]
Dime si el dolor abre una puerta

[Jaci Velasquez]
Dime si es capaz de despertar el corazón

[Jose Luis Rodriguez]
Juzga tú señor a quién tú quieras

[Marco Antonio Solis]
Quién iba a pensar
Que esa mañana era el último

[José José & Lucia Mendez]
Adiós

[Jennifer Lopez]
Nadie va a cambiarnos

[Emanuelle]
Nadie nos va hacer perder la fe

[Chayanne]
Nadie va a callarnos

[Chayanne & Gliberto Santarosa]
Nuestra fuerza vuelve a renacer

[Paulina Rubio]
Hoy me siento libre

[Beto Cuevas]
Y estamos unidos por amor

[Ana Barbara]
Hoy todo ha cambiado

[Carlos Ponce]
Creo más en ti

[Jon Secada]
Señor

[Shakira]
Dime si el dolor despierta el alma

[Gian Marco]
Dime si es capaz de despertar el corazón

[Luis Fonsi]
Ni todo el rencor, ni la venganza

[Yuri & Miguel Bosé]
Nos va a poder calmar las ganas

[Wilkins, Giselle & Melina Leon, Ramiro]
De ver de nuevo aquellas caras

[Christina Aguilera]
Oh oh, dime

[Todos]
Dime si el dolor despierta el alma
Dime si es capaz de despertar el corazón
Ni todo el rencor, ni la venganza (Oh yeah)
Nos va a poder calmar las ganas
De ver de nuevo aquellas caras
Dime si el dolor abre una puerta
Dime si es capaz de despertar el corazón (Despertar el corazón)
Juzga tú Señor a quién tú quieras

[José Feliciano]
Quién iba a pensar

[Alejandro Sanz]
Quién iba a pensar

[José Feliciano]
Que esa mañana era el último adiós"
1395,344667,Hombres G & Miguel Bosé,1413629,Lo Noto,es,"[Letra de ""Lo Noto""]

Lo noto
Sé que nos pasa algo
Aunque selles tus labios
El mal rollito entre los dos
Lo noto

Tú siempre estás cansada
Y nunca dices nada
Sé que no estoy loco
Y lo noto

Me está matando poco a poco
Y lo noto, lo noto
Me lo dicen tus ojos
Y esos besos tan flojos
Que dejan un sabor amargo y roto
Aunque tú me lo niegues
No queda más que nieve
Donde hubo calor y yo lo noto
Puedo ser un cabrón pero no un tonto
Y lo noto

Noto que mi corazón
No sé, no va
Que las miradas se caen
Y que muere el mar
Tú y yo tenemos que hablar
Porque
Ya se va acabando el aire entre nosotros
Y lo noto

Lo noto
Noto que me esquivas
Que evitas mis caricias
Que pones mala cara si te toco
Y yo que estoy perdido
No puedo hablar contigo
Y cada día me siento más sólo
Me voy hundiendo poco a poco
Todo se va a la mierda entre nosotros
Y lo noto

Noto que mi corazón
No sé, no va
Que las miradas se caen
Y que muere el mar
Tú y yo tenemos que hablar
Porque
Ya se va acabando el aire entre nosotros
Y lo noto"
1399,344667,Various Artists,1935022,Ay Haiti!,es,"[Letra de ""Ay Haiti!""]

[David Summers]
¿Hay alguien por ahí?
¿Alguien que me pueda oír?
¿Queda algo por decir?
¿Un milagro que nos convierta en ti?

[Najwa]
Tendrán muy pocos años
Desde hace mucho tiempo
Tendrán muy pocos años
Desde hace mucho tiempo

[Bebe]
Ahí tiene' lo que queda, ahí tiene' la tierra
Pa' volvé a ará, pa' limpiá, plantá, con'truí...
Ahí e'tá vacía sin ná
Con tó dipue'to a volverse a llená

[Alejandro Sanz]
Hay amor, hay en ti, hay en mi voz, ay ay Haití
Hay amor, hay en ti, hay en mi voz, ay ay Haití

[Miguel Bosé & Shakira]
Hay amor, hay amor, hay en ti, hay en ti
Y en mi voz, y en mi voz, ay ay Haití

[Miguel Bosé & Zahara]
Hay amor, hay amor, hay en ti, hay en ti
Y en mi voz, y en mi voz

[Daniel Forlán]
Oh, hay tierras que no tienen sueños
Hay tierras que tiemblan de miedo

[Juanes]
Hay tierras que tienen paz
Haití sólo quiere ser normal

[Juanes]
Aún hay tiempo de renacer
De cabalgar sobre el hambre y el hierro
Aún hay tiempo de dar amor
Borrar el miedo y la destrucción

[Todos]
Hay amor, hay en ti, y en mi voz, ay Haití
Hay amor, hay en ti, y en mi voz, ay Haití

[Marta Sánchez]
Ay Haití, ay Haití
Hay un suspiro en tu voz que despierta mi corazón

[Miguel Bosé]
Una vida se detiene a su espalda la desolación
Es un niño de mirada perdida
Que desde el polvo ilumina con su luz

[Leire (LOVG)]
Hay tierras que no tienen sueños
Hay tierras que tiemblan de miedo

[Estopa]
Deja que este llanto desentierre nuestra fe
Enterrada en la mi'ma tierra que no' vio nacer

[Belinda & todos]
Hay amor, hay en ti, y en mi voz, ay Haití

[Todos]
Hay amor, hay en ti, y en mi voz, ay Haití

[Aleks Syntek]
Ay Haití... ay Haití...
Que no hay silencio en mi voz
Que soy ladrillo en tu construcción

[Macaco]
Y way ay ay ay Haití
Hoy contigo quiero e'tar junto a ti
Beredi-bombeando todo' los corazones hoy aquí

[La Mala Rodríguez]
Ha nasío' de la' cenisa' Barón Samedí
Yo vivo por mi gente, no deja de sentir
Devuélveme lo' hombre' que se fueron a pelear por su suerte
Por su propia dignidad
¿Ha'ta cuándo la deuda por ser negro siendo rico?
No le' ba'ta el e'sedente pa' llená el hosico
E'cucha mi' plegaria', Barón Samedí
Quiero resucitá pa' volver a ver Haití

[Shakira & Bebe]
Hay que volver a nacer, perderse otra vez
Volver a creer, empezar otra vez
Hay que volver a nacer
Aquí hay argo má' que uno' cuanto' vivo' perderse otra vez
Metido' dentro de su cuerpo, perderse otra vez
Volver a creer, empezar otra vez

[Bebe]
Porque eso e' lo que hay, no hay más que hacerlo
Eso es lo que hay, proceso de inversión
No queda más opción que volver a con'truir
Todo lo que se derrumbó

[Najwa & Carlos Jean]
Hay que volver a nacer, perderse otra vez y en Haití
Volver a creer, empezar otra vez en Haití
Hay que volver a nacer en la amor
Perderse otra vez en y en Haití
Volver a creer y en la one

[Todos& Alejandro Sanz]
Ay Haití, hay amor, hay amor
Hay en ti, hay en ti
Y en mi voz hay en mi voz, ay Haití ay ay Haití

[ Todos  & Shakira]
Hay amor, hay amor
Hay en ti, hay en ti
Y en mi voz hay en mi voz, ay Haití ay ay Haití

[ Todos  & José Mercé]
Ay Haití, hay amor ay amor
Hay en tiHay en ti
Con mi voz y en mi voz ay ay Haití ay Haití

[Todos & Sandra Carrasco]
Se e'cuchan la', hay amor campana' que
Hay en ti y en mi voz redoblan ay Haití

[Todos & Marta Sánchez]
Mmm, ay Haitíii hay amor
Hay en ti
 aaoohhh 
y en mi voz, ay Haití"
1402,344667,Miguel Bosé,2180853,Morena Mía (Versione Italiana),it,"Morena mia
Contiamo un po' fino a dieci
Uno è il sole che porti
Due le gambe decise siamo in tre nel tuo letto, Tre
Morena mia
Il Quarto bussa alla porta
Cinque i tuoi continenti
Sei le calde passioni di proposte indecenti...
E c'è di meglio ancora...

Morena mia
Sette sono i peccati confessati
Otto cuori su un corpo
Nove amori sudati
Dieci frutti proibiti
Sai in un messaggio non è giusto dire mai
Non si può mai dire mai
Non oserai mai dire mai...

Se la tua bocca, mi tocca, mi provoca mi schocca
Mi mastica mi morde, mi vince e poi mi tocca e brucia con me, insieme nel piacere come in un caffè
Morena gatta che matta, di amore disperata un tuffo nell'inferno, metti che non sia eterno
Brucia con me insieme nel piacere come in un caffè
Però se la tua bocca mi tocca mi provoca mi shocca
Mi mastica mi morde vince e poi mi blocca
Suda e brucia brucia con me
Insieme nel piacere come vuoi... caffè

...bien bien bien bien bien bien...
Morena mia
Guardiamo in faccia la vita
E se quello che sento non è poi paradiso, o è morte
Sai in un messaggio non è giusto dire mai
Non si può come si fà
A dire mai mai dire mai

Se la tua bocca, mi tocca, mi provoca mi schocca
Mi mastica mi morde, mi vince e poi mi tocca e brucia con me, insieme nel piacere come in un caffè
Morena gatta che matta, di amore disperata un tuffo nell'inferno, metti che non sia eterno
Brucia con me insieme nel piacere come in un caffè
Però se la tua bocca mi tocca mi provoca mi shocca
Mi mastica mi morde vince e poi mi blocca
Suda e brucia brucia con me
Insieme nel piacere come vuoi... caffè"
1423,344667,Miguel Bosé,785119,Se Tu Non Torni,it,"""Se tu non torni
Non tornerà neanche l'estate
E resteremo qui io e mia madre
A guardare la pioggia

Se tu non torni
Non torneranno neanche le rondini
E resteremo qui io e mio padre
A guardare il cielo

Se tu non torni
Non tornerà nemmeno il sole
E resteremo qui io e mio fratello a guardare ai terra...
...Che era così bella quando ci correvi
Con un profumo d'erba che tu respiravi
Era così grande se l'attraversavi e non finiva mai

Così stanotte voglio una stella a farmi compagnia
Che ti serva da lontano ad indicarti la via
Così amore amore amore, amore dove. sei?
Se non torni non c'è vita nei giorni miei

Se tu non torni
Non torneranno i bei tramonti
E resterò con me a contemplare la sera...
...Che era così bella quando ci correvi
Con un profumo d'erba che tu respiravi
Era così grande se l'attraversavi e non finiva mai

Così stanotte voglio una stella a farmi compagnia
Che ti serva da lontano ad indicarti la via
Così amore amore amore, amore dove sei?
Se tu non torni non c'è vita nei giorni miei."""
1429,344667,Miguel Bosé,793977,Senza Di Te,es,"Tiende una mano y da una llama al sentimiento
Y en un suspiro ella siente un tirón...
El italiano caro y ella triste y sola
Con elegancia y encanto le hechizó el corazón
Y sabe que él la enamorará
La besará mintiendo de verdad...y diciéndole....

(Estribillo)
Io non so più vivere...senza di te....senza di te...
Io non so più scegliere...senza di te...senza di te...senza di te...senza di te!

Abre los ojos, se despierta y ella sola
Como una ola él su vida arrasó
Seducida y abandonada llora y llora
Pero el destino que es cine le devuelve a su amor
Lo sabe bien, volverá a caer
No sin querer dejándose llevar...y diciéndole.....

(Repite estribillo dos veces)
Io non so più vivere...senza di te....senza di te...
Io non so più scegliere...senza di te...senza di te...senza di te...senza di te!
Io non so più vivere...senza di te....senza di te...
Io non so più scegliere...senza di te...senza di te...senza di te...senza di te!

Hey! Hey!...tu!"
1431,344667,Miguel Bosé,784446,Bravi ragazzi,it,"[Testo di ""Bravi ragazzi""]

[Strofa 1]
Bravi ragazzi, siamo amici miei
Tutti poeti noi del '56
A spasso in un mondo che si dà via
La vita è solo acrobazia

[Ritornello 1]
Camminiamo sul filo nel cielo
A più di cento metri dall'asfalto
Siamo un punto là in alto
Bandiere nel vento di città

[Strofa 2]
E stare in piedi è quasi una magia
Tra tanti imbrogli, tanta ipocrisia
Andiamo avanti senza mai guardare giù
Tornare indietro non si può più

[Ritornello 2]
Camminiamo allo sbando in un mondo
Che sta quasi per toccare il fondo
Sospesi nel tempo
In crisi da un'eternità

[Strofa 3]
Io vivo come posso, amica mia
Non so chi sono né di me che sarà
Il mio futuro è qualche metro più in là
Seguo soltanto la mia via

[Ritornello 3]
Camminiamo sul filo del cielo
Si può cadere da un momento all'altro
Sospesi nel tempo
Spostati nel vento di città

[Outro]
Noi siamo altrove
Lontani chissà dove
Venuti da un lungo inverno
Direttamente dall'inferno
Tutti noi bravi ragazzi
Tutti noi che stiamo a pezzi
Su queste strade tanta gente
Strade che non portano a niente
Mezzi brilli, mezzi tristi
Tutti noi poveri cristi
In questi anni senza cuore
In questa vita sempre uguale
Tutti noi bravi ragazzi
Tutti noi che stiamo a pezzi..."
1444,1147558,Ed Sheeran,4575101,Nothing on You,en,"[Verse 1: Ed Sheeran]
I feel it, can you feel it tonight?
I feel the fire between you and I
I mean it, don't you turn off the light
So I don't wanna leave here ever, no
She was like, ""Damn
Boy, I never took you for a one night stand
So don't make plans
For nothing but me and a lil' romance,"" hey
You and I, whiskey on ice
Maybe later we can turn down all the lights
So keep 'em on with nothing on
Oh, my, my, my

[Chorus: Ed Sheeran & Paulo Londra]
I was rolling off something with you
Kickin' back in a way that we do
I got everything I need in this room
Smoke clouds and a scent of perfume
And all my friends are in the club
And they keep ringin' my phone (Brrt)
But they ain't got nothing on you (Ah, ah)
And you ain't got nothing on you (Leones Con Flow)

[Verse 2: Paulo Londra]
Mami, suelo acobardarme pero hoy tomo alcohol, ah
Quiero comentarle que no sé qué pasó, ah
Desde que salimo' por la tarde lo' do'
A besarno' lo' do', hasta hacer el amor
Ahora tengo tu olor, ven a la habitación
Lo que hacemo' lo' do' no se puede igualar
Parecemo' ficción cuando entramo' en acción
Esta peli de amor no se puede acabar, yeh (Yo'; ¡wuf!)
Pero lo que mata e' que esta noche no' vemo' ya en mi casa (Ey; wuh)
Y sé lo que te gusta y te atrapa
Que te diga que no te voy a soltar

[Chorus: Ed Sheeran & Paulo Londra]
I was rolling off something with you (¡Wuh!)
Kickin' back in a way that we do
I got everything I need in this room
Smoke clouds and a scent of perfume
And all my friends are in the club
And they keep ringin' my phone (Brrt)
But they ain't got nothing on you
And you ain't got nothing on you

[Verse 3: Dave]
Look, take the lead, follow me, what's it gonna be?
How you playin' hard to get when you hollered me?
I take Chanel to Chanel for a shopping spree
Homegirl, only right she in a proper tee
What I want and need, you and a sofa
I fly in a spaceship, I gotta land the Rover
Casa Cruz, Casa Blanca, Casanova
I'm a fashionista, she in Fashion Nova
And a mad persona when I had her over
The outfit, it cost bread, I got the matching loafers
Why? Cah that's somethin' to do
I got a million and two, but they're nothin' on you, nah

[Chorus: Ed Sheeran]
I was rolling off something with you
Kickin' back in a way that we do
I got everything I need in this room
Smoke clouds and a scent of perfume
And all my friends are in the club
And they keep ringin' my phone (Brrt)
But they ain't got nothing on you
And you ain't got nothing on you

[Outro: Ed Sheeran]
She was like, ""Damn
Boy, I never took you for a one night stand""
She was like, ""Damn
Boy, I never took you for a one night stand""
Want to be your man
""Boy, I never took you for a one night stand""
She was like, ""Damn""
And you ain't got nothing on you"
1495,404846,Animeme Rap Battles,3600303,Battle Royale,en,"[Alex]
What's up everybody
And welcome to the Season Finale of ARB
Animeme Rap Battle Royale!
It is a showdown; it is the showdown of the century
Who will be the last man standing?
And by 'last man', I mean:
Last man, last woman, last set of brothers, last set of sisters, last cat, last dog, last pony, last superhero, last monster, last pocket monster
Or maybe even... last host

[Mario Brothers]
Let's go, why don't you all get real jobs? You think you can win?
We're doing mafia, say hello to our little friend
It's me Mario, yo, and Luigi, homie
Like a Nintendo cartridge, you can all blow me

[Steve]
You two are so short, you won't even see it coming
When I make it rain on ya' with your own plumbing
You're old as balls, on Yoshi, it's one dinosaur riding another
Saw your family pics, you get that mustache from your mother?

[Kanye West]
You're like the girls you get, 1's and 0's
Who's The One now, Neo? You a Jackass, Steve-O
Hah! On this temple, I'm a black steeple
I care less about you than George Bush cares about black people

[Rainbow Dash]
My Cutie Mark's a gang sign, oops, my bad
My brony stampede will leave you like Simba's dad
Yawn, you bore me, I think I'll nap on the ground
As if motherfucker, I can sleep on a cloud

[Doge]
Wow, such surprise, much rap you not good at
You from streets of Equestria, not where the hood at
You want a friend? Meet this bone, here go
Both dull, both lifeless, both yummy treat for Doge

[Meowth]
You're a played out meme, your empire's broken
Doge Coins are worth less than Freddy Fazbear Tokens

[Professor Oak]
What's all that racket? I was having tea with Mr. Fuji
I'm Professor Oak, bitch, eatin' Golden sushi

[Sully]
I'm scarier than the bats that scared Bruce Wayne
Charizard was so scared, he fire punched his brains

[Mike Wazowski]
I never miss with a diss, my rap game's phenomenal
I'm trying to find your talent, let me put in my monocle

[5 Seconds of Summer]
We'll straight up stab you bludgers with our sharpened awards
It's the five-second rule, eat your tucker off the floor
We'll didgeridoo you dirty, and my mates are heap starvin'
Take you outback and burn you like prawns on the barbie

[Frozen Sisters]
It only took five seconds for you to steal people's fans
Can't take the heat? How will you beat winter, man?
We flow so cold like ice cube, boss
Meet my new boy toys, Sub-Zero and Jack Frost

[Batman]
No one can out rap me, not Gordon or Bane
I'm a direct relative of Lil Wayne
I've got a tool bet like Tim ""The Toolman"" Taylor
You babies look out of breath, here's an inhaler

[Rocket & Groot]
We had a record-breaking box office, call us FedEx
I am Groot! Yeah boy, cheers to success!

[Batman]
Watch your movie? I think I'd rather pay taxes
I'll tie a rope around your neck and hang you from Groot's branches

[Alex]
Ladies and gentlemen, the winner is... Batma--

[Insanity Wolf]
Where's everybody at?
They call you 'Insanity Wolf'? Where's your workout DVDs?
Let me tell you about that one time I ripped Shaun T
You're a little teen wolf like Michael J. Fox
I'm butter you're toast, and now we both know who's on top
You're acting like a legend, you ain't the Chupacabra
Fine, I'll move to Mexico and live with Chihuahuas
I'm the wolf whisperer, son *Whispers in ear*

[Sarah McLachlan]
You're about to get neutered

[Insanity Wolf]
Ahh! Sarah McLachlan!

[Baby Godfather]
It's done..."
1498,404846,Zoe Clark,6854962,Ruin My Life,en,"[Verse 1]
I miss you pushing me close to the edge
I miss you
I wish I knew what I had when I left
I miss you

[Pre-Chorus]
You set fire to my world, couldn't handle the heat
Now I'm sleeping alone and I'm starting to freeze
Baby, come bring me hell
Let it rain over me
Baby, come back to me

[Chorus]
I want you to ruin my life
You to ruin my life, yeah, to ruin my life, yeah
I want you to fuck up my nights, yeah
Fuck up my nights, yeah, all of my nights, yeah
I want you to bring it all on
If you make it all wrong, then I'll make it all right, yeah
I want you to ruin my life
Yeah, to ruin my life, yeah, to ruin my life
I want you to ruin my life
You to ruin my life, yeah, to ruin my life, yeah
I want you to fuck up my nights, yeah
Fuck up my nights, yeah, all of my nights, yeah
I want you to bring it all on
If you make it all wrong, then I'll make it all right, yeah
I want you to ruin my life
Yeah, to ruin my life, yeah, to ruin my life

[Verse 2]
I miss you more than I thought that I could
I miss you
I know you missin' me too like you should
I miss you

[Pre-Chorus]
You set fire to my world, couldn't handle the heat
Now I'm sleeping alone and I'm starting to freeze
Baby, come bring me hell
Let it rain over me
Baby, come back to me (Baby, come back to me)

[Chorus]
I want you to ruin my life
You to ruin my life, yeah, to ruin my life, yeah
I want you to fuck up my nights, yeah
Fuck up my nights, yeah, all of my nights, yeah
I want you to bring it all on
If you make it all wrong, then I'll make it all right, yeah
I want you to ruin my life
Yeah, to ruin my life, yeah, to ruin my life
I want you to ruin my life
You to ruin my life, yeah, to ruin my life, yeah
I want you to fuck up my nights, yeah
Fuck up my nights, yeah, all of my nights, yeah
I want you to bring it all on
If you make it all wrong, then I'll make it all right, yeah
I want you to ruin my life
Yeah, to ruin my life, yeah, to ruin my life

[Bridge]
I miss you, I miss you (You-ooh-ooh)
I wish you, I wish you (You-ooh-ooh)
Would come back to, come back to me
Come back to me, come back to me

[Chorus]
I want you to ruin my life
You to ruin my life, yeah, to ruin my life, yeah (Ruin my life, yeah)
I want you to fuck up my nights, yeah
Fuck up my nights, yeah, all of my nights, yeah (All nights, all nights)
I want you to bring it all on
If you make it all wrong, then I'll make it all right, yeah (Make it all right)
I want you to ruin my life
Yeah, to ruin my life, yeah, to ruin my life
I want you to ruin my life
You to ruin my life, yeah, to ruin my life, yeah (Ruin my life)
I want you to fuck up my nights, yeah
Fuck up my nights, yeah, all of my nights, yeah (Oh)
I want you to bring it all on
If you make it all wrong, then I'll make it all right, yeah
I want you to ruin my life
Yeah, to ruin my life, yeah, to ruin my life"
1500,404846,Animeme Rap Battles,3015647,Mario Brothers vs. Frozen Sisters,en,"Alex:

What's up everyone? My name is Alex and welcome to Animeme Rap Battles Season 2! Today we've got video games versus movies. Fire versus ice! Plumbers versus royalty... MARIO BROTHERS VERSUS FROZEN SISTERS!

Mario Bros:
Bongiorno, and welcome to our terror dome!
We've earned this throne: 400,000,000 games sold!
You have icy hearts? We've got balls of fire, nice crown
But sorry we missed your coronation: we were watching your parents drown!
You try to be tough, but you act in a musical!
The next time you hear singing, it will be at your funeral!
We don't play games like reindeer, get it through your brain, dear:
We'll beat Bowser while still keeping your drain clear!

Frozen Sisters:
Oh? I just saw Bowser, running away with bae
She's not being kidnapped, she's just trying to get away
We're just getting started. You're about to hit retirement
Life's a great ride. But you don't meet the height requirement...
(Sung) Now I'll throw... snowballs... all over your baby overalls...
(Spoken) Love's an open door, but yours is one I'm shutting
We control you. I mean, it only takes two buttons!

Mario Brothers:
Keep shooting your ice at me, you cold-hearted witch
Cause everytime I freeze, someone blows my cartridge!
You don't gonna tell me whose pipes I need to fix
Your singing makes me want to bash my head on these bricks!
But you can make a song about anything, really, that is a gift
So many guys have screwed you over, you're the next Taylor Swift!
We're fat, funny and different. You two are as plain as ice
Two basic white girls who'd probably pissed pumpkin spice!

Frozen Sisters:
We're plain? You're whiter than we are
You play golf, tennis, and drive Nascar
Step to us, son? Marshmallow will be your end
Think we're done, Italians? Say hello to my leeittle friend!
I'm the queen who stopped summer, you're Nintendo's Dumb and Dumber
Your lover ain't Princess Peach: she would never screw a plumber!
This battle is done, and I don't see a flagpole
U mad bro? (Sung) Let it go~"
1526,404846,Dark Moor,2421238,Gabriel,en,"[Verse 1]
They are coming from the deep space
Filling me with pleasance (Filling me with pleasance)
Showing me their purity and grace
I miss their just presence (I miss their just presence)

[Pre-Chorus]
I've seen them in the light (Ooh)
They were bright
When they exposed their lessons
(They brought hope for long)
And made me know their song (Ooh)

[Chorus]
Light is over me
Oh, light is over me
And although I'm a child
They have me beguiled
And I trust on their fair true guide
Light is over me

[Verse 2]
I know they look after me
Goodness is their essence (Goodness is their essence)
So they seems to me
To plenty of luminescence (To plenty of luminescence)

[Pre-Chorus]
I've seen them in the light (Ooh)
They were bright
When they exposed their lessons
(They brought hope for long)
And made me know their song (Ooh)

[Chorus]
Light is over me
Oh, light is over me
And although I'm a child
They have me beguiled
And I trust on their fair true guide
Light is over me

[Guitar Solo]

[Bridge]
And made me know their song (Ooh)

[Chorus]
Light is over me
Oh, light is over me
And although I'm a child
They have me beguiled
And I trust on their fair true guide
Light is over me!"
1614,1307617,DAPS (ESP) & Kilvertz,10884503,Axelle,,
