song_id,artist,title,n_verses,lyrics_len,release_date,release_year,decade,album,country,gender_or_group,genres_all,genre_main,is_misogynistic,type_sexualization,type_violence,type_hate,has_gender_stereotype,in_train,in_test
10002733,Quevedo,LA ÚLTIMA,9,2683,01/02/24,2024,2020,LA ÚLTIMA,España,hombre,"['reggaeton', 'rap', 'hip-hop', 'hip hop', 'dance pop']",reggaeton,NM,,,,,True,False
1001688,Héroes Del Silencio,El Camino Del Exceso,6,1187,14/06/93,1993,1990,El Espíritu del Vino,España,grupo,"['rock', 'spanish rock', 'hard rock', 'rock en espanol', 'gothic rock', 'rock en español', 'alternative rock', 'rock español']",rock,NM,,,,,True,False
1002340,Hombres G,Indiana,5,1222,28/04/86,1986,1980,La Cagaste... Burt Lancaster,España,grupo,"['rock', 'rock en espanol', 'pop', 'spanish rock', 'rock en español', 'pop rock', 'spanish pop']",rock,M,0,1,1,Y,False,True
10048649,"Lucho RK, La Pantera & BDP Music (Producer)",Lucy,7,2789,15/02/24,2024,2020,Lucy,España,hombre,"['canarias', 'urban']",canarias,M,1,1,1,Y,True,False
10055546,Hombres G & Carín León,Te quiero,7,808,09/02/24,2024,2020,¿Por qué no ser amigos?,España,grupo,"['rock', 'rock en espanol', 'pop', 'spanish rock', 'rock en español', 'pop rock', 'spanish pop']",rock,NM,,,,,True,False
10059105,"Yung Beef, Cookin Soul & Cruz Cafuné",Konbini Wars,5,2088,28/03/24,2024,2020,Los Papasitos,España,hombre,"['trap', 'reggaeton', 'rap', 'cloud rap', 'spanish trap', 'hip-hop', 'g o a t', 'hip hop', 'trap latino']",trap,M,1,0,1,Y,True,False
10077087,Lola Indigo & Manuel Turizo,1000COSAS,11,2512,08/03/24,2024,2020,NAVE DRAGÓN,AU,mujer,"['pop', 'dance', 'latin pop', 'reggaeton', 'lola indigo', 'brazilian funk', 'upcoming album 2023', 'electropop', 'dance-pop', 'funk carioca']",pop,M,1,0,0,N,True,False
1009423,Cristian Castro,Agua Nueva,6,967,30/06/92,1992,1990,Agua Nueva,México,hombre,"['pop', 'latin pop', 'pop latino', 'cristian castro', 'romantica']",pop,M,1,1,0,Y,True,False
10103583,Maria Becerra & Ivy Queen,PRIMER AVISO,9,2787,29/02/24,2024,2020,Primer aviso,Argentina,mujer,"['reggaeton', 'dancehall', 'pop', 'trap', 'argentinian', 'sieb', 'maria becerra', 'm', 'trap latino']",reggaeton,NM,0,0,0,N,False,True
1011021,Melendi,Mi Primer Beso,8,1930,13/11/12,2012,2010,Lágrimas desordenadas,España,hombre,"['pop', 'flamenco', 'new flamenco', 'rumba', 'melendi', 'rock']",pop,M,1,0,0,N,True,False
1011392,Cartel de Santa,Ella (Me Canse De Rogarle),5,1550,,2006,2000,La noche perfecta,México,hombre,"['hip-hop', 'rap', 'hip hop', 'cronica babilonia', 'cartel de santa', 'hip hop latino', 'conexion puerto rico', 'mexican rap']",hip-hop,M,0,0,1,Y,False,True
1011524,Romeo Santos,Vale la Pena el Placer,6,1206,,2012,2010,"Fórmula, Vol. 1 (Deluxe Edition)",Estados Unidos,hombre,"['bachata', 'pop', 'latin pop', 'rnb', 'american', 'aventura', 'r&b']",bachata,M,0,1,1,Y,True,False
10119635,3-2 Get Funky,Mujeres Calientes,10,2793,01/01/02,2002,2000,The Godfather,Puerto Rico,grupo,"['reggaeton', 'world', 'boricua']",reggaeton,M,1,0,1,Y,True,False
1012622,Ricardo Arjona,La Mujer Que No Soñé,5,1023,17/09/91,1991,1990,Del otro lado del sol,Guatemala,hombre,"['pop', 'latin pop', 'ricardo arjona', 'romantica', 'arjona', 'baladas']",pop,NM,,,,,True,False
1013133,"Nat ""King"" Cole",Adios Mariquita Linda,5,546,,1990,1990,More Cole Español,Estados Unidos,hombre,"['jazz', 'swing', 'blues', 'oldies', 'jazz vocal', 'vocal jazz', 'nat king cole', 'american']",jazz,NM,,,,,True,False
1013451,Mecano,"""Eungenio"" Salvador Dalí",8,1224,06/07/88,1988,1980,Descanso Dominical,España,grupo,"['pop', 'spanish pop', 'post-punk', 'new wave', 'mecano', 'synthpop']",pop,NM,,,,,True,False
1014993,Selena,Amor Prohibido,5,1058,13/04/94,1994,1990,Amor Prohibido,Estados Unidos,mujer,"['tejano', 'pop', 'latin pop', 'cumbia', 'selena']",tejano,NM,,,,,True,False
1015141,Nicky Jam,Me Voy Pa'l Party,10,2812,05/08/03,2003,2000,Conspiración 2,Puerto Rico,hombre,"['reggaeton', 'pop', 'nicky jam', 'oldies', 'rock and roll', 'mierda', 'puerto rico music']",reggaeton,M,1,1,0,Y,True,False
10161175,Patota,Te Tragas La Gasolina (Daddy Yankee díss),6,2349,,2020,2020,Gasolina,Argentina,grupo,['rap'],rap,M,1,0,1,Y,False,True
1016499,Bronco,Con Zapatos De Tacón,12,1086,,1997,1990,Salvaje y Tierno,México,grupo,"['cumbia', 'bronco', 'rock', 'dance', 'regional mexican', 'stoner metal', 'hard rock']",cumbia,M,1,0,0,Y,True,False
10170747,"Xinola, Natalie Garcia",Bendita tu Eres (Diosa),4,550,12/12/24,2024,2020,Mascaras,España,hombre,['pop'],pop,NM,,,,,True,False
10184200,Sobrepensante,Ego Herido,9,1611,02/01/24,2024,2020,Filosofía de Vida,Argentina,grupo,['trap'],trap,M,1,0,0,Y,True,False
10186688,Reality & KG970,Causas Pendientes,7,3556,20/03/24,2024,2020,Igual Que Nadie,España,hombre,"['hardcore', 'australian', 'melodic hardcore', 'funk', 'anarcho punk', 'hardcore punk', 'punk rock', 'harsh ebm', 'ukhc', 'uk82', 'rock']",hardcore,NM,,,,,True,False
10187950,Sobrepensante,El Egoísta,19,3545,04/06/23,2023,2020,Resiliencia,Argentina,grupo,['trap'],trap,M,1,0,1,Y,True,False
1018992,Hombres G,Marta Tiene Un Marcapasos,6,1524,24/03/86,1986,1980,La Cagaste... Burt Lancaster,España,grupo,"['rock', 'rock en espanol', 'pop', 'spanish rock', 'rock en español', 'pop rock', 'spanish pop']",rock,NM,0,0,0,N,False,True
1019359,Azúcar Moreno,Enreda,6,1233,,1996,1990,Esclava de tu piel,España,grupo,"['pop', 'eurovision', 'flamenco', 'dance', 'duos', 'espagnol']",pop,M,1,0,1,Y,True,False
1020102,Hombres G,El Ataque De Las Chicas Cocodrilo,6,2030,28/04/86,1986,1980,La Cagaste... Burt Lancaster,España,grupo,"['rock', 'rock en espanol', 'pop', 'spanish rock', 'rock en español', 'pop rock', 'spanish pop']",rock,NM,0,0,0,N,False,True
1020623,Los Tucanes De Tijuana,La Piñata,16,1358,,1997,1990,Tucanes de Plata,México,grupo,"['ranchera', 'norteño', 'corridos', 'regional mexican', 'mexican folk', 'corrido', 'los tucanes de tijuana', 'rancho']",ranchera,M,0,0,1,N,False,True
1021007,Sentidos Opuestos,Amor De Papel,4,584,01/01/98,1998,1990,Viento a favor,México,grupo,"['pop', 'latin pop', 'romantica', 'sentidos opuestos', 'dance', 'pop mexicano', 'buenisisimisima']",pop,NM,,,,,True,False
10211874,David Bisbal & Carlos Rivera,Ahora,8,1537,05/04/24,2024,2020,Premonición Live,España,hombre,"['pop', 'latin pop', 'davis bisbal', 'david bisbal', 'operacion triunfo', 'spanish pop', 'ballad']",pop,NM,,,,,True,False
10219172,La Fiera de Ojinaga,Calientita,4,738,29/03/24,2024,2020,Neta Que No,México,grupo,['regional mexican'],regional mexican,M,1,0,0,N,True,False
10241429,Sofos,Pétasse,12,3268,04/04/24,2024,2020,PAROLES PERTINENTES,Francia,mujer,"['gangsta rap', 'drill', 'hip hop', 'alternative hip hop', 'conscious hip hop', 'experimental hip hop', 'underground hip hop']",gangsta rap,M,0,0,1,N,True,False
1025383,Estopa,Tan Solo,7,1867,18/10/99,1999,1990,Estopa,España,grupo,"['flamenco', 'pop', 'rock', 'rumba', 'estopa', 'pop rock']",flamenco,NM,,,,,True,False
10254213,Raul Clyde & La Pantera,seadoO,9,2236,12/04/24,2024,2020,DESTINO 2014,España,hombre,"['reggaeton', 'rock', 'brazilian', 'brasil', 'south american', 'pop rock brasil', 'rock brasil', 'death by heart attack', 'death by diabetes', 'death by pancreatitis']",reggaeton,M,1,0,1,Y,True,False
10256708,Miilooz,"LOS CELOS, EL ODIO Y EL DAÑO",12,996,29/12/23,2023,2020,EL AMOR (CAP.1),México,hombre,['trap'],trap,NM,,,,,True,False
1025736,Hombres G,El Secreto de Vivir,9,913,16/11/10,2010,2010,Desayuno Continental,España,grupo,"['rock', 'rock en espanol', 'pop', 'spanish rock', 'rock en español', 'pop rock', 'spanish pop']",rock,NM,,,,,True,False
10261980,Aitana & Sebastián Yatra,Akureyri,7,1408,26/04/24,2024,2020,Akureyri,España,mujer,"['pop', 'rock', 'pop rock', 'latin pop', 'trash pop', 'electro-pop', 'electropop', 'female vocals', '2020s']",pop,NM,,,,,True,False
10262050,Aitana,"Cuándo Será (Para La Película De Netflix ""Pared con Pared"")",6,789,12/04/24,2024,2020,"Volaré (De La Película De Netflix ""Más Allá De La Luna”)",España,mujer,"['pop', 'rock', 'pop rock', 'latin pop', 'trash pop', 'electro-pop']",pop,NM,,,,,True,False
10266126,Axolotes Mexicanos & Aiko el grupo,ROSAS Y ESPINAS,8,1043,26/04/24,2024,2020,4ever,España,grupo,"['tontipop', 'twee pop', 'bitpop', 'pop', 'acne pop', 'nocilla pop', 'pop naif', 'nonipop', 'indie rock']",tontipop,M,0,0,1,Y,False,True
1027408,Melendi,Mientras No Cueste Trabajo,7,2103,13/11/06,2006,2000,Mientras No Cueste Trabajo,España,hombre,"['pop', 'flamenco', 'new flamenco', 'rumba', 'melendi', 'rock']",pop,NM,,,,,True,False
1027566,Los Rodríguez,Me Estás Atrapando Otra Vez,7,1126,03/09/93,1993,1990,Sin Documentos,España,grupo,"['rock argentino', 'rock', 'rock en espanol', 'spanish rock', 'rock en español', 'pop']",rock argentino,NM,,,,,True,False
10292931,DelaJowy & Morad,Bandido,6,2211,18/04/24,2024,2020,Ojo por ojo,España,hombre,['drill'],drill,M,1,0,1,Y,True,False
103048,Julio Iglesias,Cucurrucucú paloma,4,711,,1975,1970,A México,España,hombre,"['pop', 'julio iglesias', 'latin pop', 'romantic', 'easy listening', 'tango']",pop,NM,,,,,True,False
10307322,tarchi,󠁪corazón partío,4,988,27/09/24,2024,2020,amor amor amor - EP,España,hombre,['trap'],trap,NM,0,0,0,N,False,True
10309833,Reality & Totoy El Frio,Dónde Estás?,7,2327,18/04/24,2024,2020,Igual Que Nadie,España,hombre,"['hardcore', 'australian', 'melodic hardcore', 'funk', 'anarcho punk', 'hardcore punk', 'punk rock', 'harsh ebm', 'ukhc', 'uk82', 'rock']",hardcore,NM,,,,,True,False
10322553,Ptazeta & Lucho RK,Do You Love Me?,9,2258,26/04/24,2024,2020,GORGONA,España,mujer,"['rap', 'pop', 'spanish rap', 'trap']",rap,M,1,0,1,Y,True,False
1032584,Thalía,Arrasando,12,2993,13/04/00,2000,2000,Arrasando,México,mujer,"['pop', 'latin pop', 'dance', 'thalia', 'sexy']",pop,NM,,,,,True,False
1033789,Vicente Fernández,Estos Celos,4,842,10/08/07,2007,2000,Para Siempre,México,hombre,"['ranchera', 'mariachi', 'don vicente fernandez', 'vicente fernandez', 'rancheras', 'por tu maldito amor']",ranchera,NM,0,0,0,N,False,True
10341256,La Pantera,CALIFORNIA,9,2357,03/05/24,2024,2020,UNA SEMANA INCREÍBLE,España,hombre,"['groove metal', 'heavy metal', 'thrash metal', 'metal', 'glam metal', 'southern metal', 'american', 'nu metal', 'power metal', 'hardcore punk', 'glam', 'dance and electronica', 'trash speed metal', 'estados unidos']",groove metal,M,1,0,0,N,False,True
1034640,Héroes Del Silencio,Hechizo,7,1118,04/12/90,1990,1990,Senderos de Traición,España,grupo,"['rock', 'spanish rock', 'hard rock', 'rock en espanol', 'gothic rock', 'rock en español', 'alternative rock', 'rock español']",rock,NM,,,,,True,False
10349763,DAPS (ESP),LiL SHiN CHaN,6,2168,02/05/24,2024,2020,3XL.manga i anime,España,grupo,['trap'],trap,M,1,0,1,Y,True,False
1036867,Los Rodríguez,Copa rota,6,1032,,1992,1990,Disco Pirata,España,grupo,"['rock argentino', 'rock', 'rock en espanol', 'spanish rock', 'rock en español', 'pop']",rock argentino,NM,,,,,True,False
10390204,Nathy Peluso,CORLEONE,3,727,24/05/24,2024,2020,GRASA,España,mujer,"['pop', 'rnb', 'argentinian', 'espana', 'from spain', 'spaniard', 'latin pop']",pop,NM,,,,,True,False
10390205,Nathy Peluso,APRENDER A AMAR,4,1401,17/05/24,2024,2020,GRASA,España,mujer,"['pop', 'rnb', 'argentinian', 'espana', 'from spain', 'spaniard', 'latin pop']",pop,M,0,0,1,N,True,False
10390206,Nathy Peluso,REAL,9,1440,24/05/24,2024,2020,GRASA,España,mujer,"['pop', 'rnb', 'argentinian', 'espana', 'from spain', 'spaniard', 'latin pop']",pop,NM,,,,,True,False
10390207,Nathy Peluso,LEGENDARIO,5,1534,24/05/24,2024,2020,GRASA,España,mujer,"['pop', 'rnb', 'argentinian', 'espana', 'from spain', 'spaniard', 'latin pop']",pop,NM,,,,,True,False
10390209,Nathy Peluso & Ca7riel & Paco Amoroso,TODO ROTO,9,2464,24/05/24,2024,2020,GRASA,España,mujer,"['pop', 'rnb', 'argentinian', 'espana', 'from spain', 'spaniard', 'latin pop']",pop,M,0,1,1,N,True,False
10390211,Nathy Peluso,ENVIDIA,6,942,24/05/24,2024,2020,GRASA,España,mujer,"['pop', 'rnb', 'argentinian', 'espana', 'from spain', 'spaniard', 'latin pop']",pop,NM,0,0,0,N,False,True
10390212,Nathy Peluso & Lua de Santana,MENINA,3,1778,24/05/24,2024,2020,GRASA,España,mujer,"['pop', 'rnb', 'argentinian', 'espana', 'from spain', 'spaniard', 'latin pop']",pop,NM,,,,,True,False
10390214,Nathy Peluso & Duki,MANHATTAN,10,2433,24/05/24,2024,2020,GRASA,España,mujer,"['pop', 'rnb', 'argentinian', 'espana', 'from spain', 'spaniard', 'latin pop']",pop,NM,0,0,0,N,False,True
10390215,Nathy Peluso & Blood Orange,EL DÍA QUE PERDÍ MI JUVENTUD,6,1109,24/05/24,2024,2020,GRASA,España,mujer,"['pop', 'rnb', 'argentinian', 'espana', 'from spain', 'spaniard', 'latin pop']",pop,NM,,,,,True,False
10390216,Nathy Peluso,LA PRESA,6,1227,24/05/24,2024,2020,GRASA,España,mujer,"['pop', 'rnb', 'argentinian', 'espana', 'from spain', 'spaniard', 'latin pop']",pop,M,0,1,1,N,True,False
10392640,Rvfv & David Bisbal,RUEDA,11,2370,30/05/24,2024,2020,EL TIBURÓN,España,hombre,"['rap', 'hip-hop', 'javilda', 'trap latino']",rap,M,0,0,1,Y,True,False
10403736,Ptazeta & Camin,Moncler,8,1863,16/05/24,2024,2020,GORGONA,España,mujer,"['rap', 'pop', 'spanish rap', 'trap']",rap,M,1,1,0,Y,True,False
1042611,Jeanette,Porque Te Vas,6,1064,03/09/74,1974,1970,Porque Te Vas / Seguiré Amando,España,mujer,"['pop', 'german', 'pop rock', 'jeanette biedermann', 'spanish pop', 'soundtrack', 'cria cuervos', 'oldies', 'lovely', 'first hand']",pop,NM,,,,,True,False
10428152,"Omar Montes, Las Chuches & Lola Indigo",EL PANTALON (RUMBAS),11,2368,30/05/24,2024,2020,LÁGRIMAS DE UN MALEANTE,España,hombre,"['reggaeton', 'neo soul', 'contemporary r&b', 'soul', 'hip hop rnb and dance hall']",reggaeton,M,1,0,0,N,True,False
10434777,Paulo Londra,Posdata:,9,1493,30/05/24,2024,2020,Posdata:,Argentina,hombre,"['trap', 'white rapper', 'trap latino', 'trap argentino', 'rap', 'cordoba', 'ended', 'messi']",trap,M,0,0,1,Y,True,False
1043582,Babasónicos,Suturno,9,1552,19/10/03,2003,2000,Infame,Argentina,grupo,"['rock argentino', 'rock', 'alternative', 'rock en espanol', 'rock en español', 'pop', 'alternative rock', 'babasonicos']",rock argentino,M,1,0,0,Y,True,False
1043584,Jenni Rivera,Mudanzas,4,1507,,2021,2020,JENNI,Estados Unidos,mujer,"['banda', 'regional mexican', 'pop', 'busty', 'big boobs', 'breasts', 'boobs']",banda,NM,,,,,True,False
1043683,Mónica Naranjo,Ámame o déjame,7,816,27/05/97,1997,1990,Palabra de Mujer,España,mujer,"['pop', 'dance', 'latin pop', 'monica naranjo', 'diva', 'latin frenzy']",pop,NM,,,,,True,False
1043846,David Bisbal,Lloraré Las Penas,20,1997,,2002,2000,Corazón Latino,España,hombre,"['pop', 'latin pop', 'davis bisbal', 'david bisbal', 'operacion triunfo', 'spanish pop']",pop,NM,,,,,True,False
1044174,Rubén Blades,Sin Tu Cariño,5,1213,,1979,1970,Bohemio y Poeta,Panamá,hombre,"['salsa', 'world', 'chillout', 'guitar', 'lounge', 'funky jazz', 'indie']",salsa,NM,0,0,0,N,False,True
1045947,José Alfredo Jiménez,La Media Vuelta,5,785,,1996,1990,Serenata Sin Luna,México,hombre,"['mariachi', 'ranchera', 'jose alfredo jimenez', 'classic', 'chillout', 'chill', 'chillosophy', 'global fusion']",mariachi,M,0,1,0,Y,True,False
10461738,Maisak & Feid,SE ME OLVIDA,8,2580,22/08/24,2024,2020,FERXXO VOL X: Sagrado,Colombia,hombre,"['pop', 'reggaeton']",pop,M,1,0,0,N,False,True
10471344,"Jere Klein, Lucky Brown & Adan La Amenaza",MUJER FINA,8,1604,30/05/24,2024,2020,ARES KLEIN,Chile,hombre,"['new wave', 'reggaeton', 'el mejor del genero', 'dogshit', 'que wea', 'musica para quedar terrible hardcore', 'mejor mierda amiga']",new wave,M,1,0,1,Y,True,False
1048359,Vilma Palma e Vampiros,Auto Rojo,9,1946,,1997,1990,3980,Argentina,grupo,"['rock en espanol', 'rock', 'pachanga', 'rock argentino', 'rock en español', 'pop', 'latin rock']",rock en espanol,M,1,0,0,N,True,False
1049234,Genitallica,Imagina,5,1077,,2017,2010,¿Picas o platicas?,México,grupo,"['alternative', 'rock', 'latin rock', 'rock en espanol', 'alternative rock', 'ska', 'rock en español']",alternative,M,1,0,0,N,True,False
10493625,La Pantera,2030,6,1683,07/06/24,2024,2020,UNA SEMANA INCREÍBLE,España,hombre,"['groove metal', 'heavy metal', 'thrash metal', 'metal', 'glam metal', 'southern metal', 'american', 'nu metal', 'power metal', 'hardcore punk', 'glam', 'dance and electronica', 'trash speed metal', 'estados unidos']",groove metal,M,1,1,0,N,True,False
1050006,Hombres G & Ha*Ash,Temblando,5,593,29/11/11,2011,2010,En La Playa,España,grupo,"['rock', 'rock en espanol', 'pop', 'spanish rock', 'rock en español', 'pop rock', 'spanish pop']",rock,NM,,,,,True,False
10503581,DAPS (ESP) & ​mauvetrip,LiL BaRT,5,1758,07/06/24,2024,2020,siivagunner's highest quality rips: volume,España,grupo,['trap'],trap,M,1,0,1,Y,False,True
1050461,Soda Stereo,Nada Personal,7,927,04/10/85,1985,1980,Nada Personal,NO,grupo,"['rock argentino', 'rock', 'rock en espanol', 'new wave', 'alternative rock', 'rock en español', 'shoegaze', 'soda stereo']",rock argentino,NM,,,,,True,False
10505135,Lola Indigo,LA REINA,12,1573,14/06/24,2024,2020,NAVE DRAGÓN,España,mujer,"['pop', 'dance', 'latin pop', 'reggaeton', 'lola indigo', 'brazilian funk', 'upcoming album 2023']",pop,M,1,1,1,Y,True,False
10505314,Lola Indigo,PESADILLAS,9,2082,13/09/24,2024,2020,NAVE DRAGÓN,España,mujer,"['pop', 'dance', 'latin pop', 'reggaeton', 'lola indigo', 'brazilian funk', 'upcoming album 2023']",pop,NM,,,,,True,False
1050623,Fly Project,Toca Toca,10,1329,18/09/13,2013,2010,Impreska Vol. 16,RO,grupo,"['dance', 'romanian', 'electronic', 'techno', 'electro house', 'house', 'electro', 'fly project', 'romaneasca', 'pop']",dance,NM,,,,,True,False
10517395,Ptazeta & Omar Montes,A Las 12,11,2405,20/06/24,2024,2020,GORGONA,España,mujer,"['rap', 'pop', 'spanish rap', 'trap']",rap,M,1,0,0,N,True,False
1053274,Cristian Castro,Con Tu Amor,9,1008,,1997,1990,El Camino del Alma,México,hombre,"['pop', 'latin pop', 'pop latino', 'cristian castro', 'romantica']",pop,NM,,,,,True,False
10551097,La Mafia del Amor,Intro (No Hay Futuro Sin Pasado),8,3032,20/06/24,2024,2020,LMDA 8*,España,grupo,"['pop', 'hip hop', 'electronic', 'reggaeton', 'mambo', 'trap']",pop,M,1,0,1,Y,True,False
10555495,Dani Fernández,Criminal,10,1034,21/06/24,2024,2020,La Jauría,España,hombre,"['little star', 'treble', 'twink', 'under 3000 plays', 'youngstar', 'under 90 listeners', 'sapanish', 'under 100 listeners', 'spanish male vocalists']",little star,NM,,,,,True,False
1055740,Rocío Jurado,Un clavel,8,1027,,2016,2010,Rocío Jurado (Un clavel),España,mujer,"['pop', 'flamenco', 'copla', 'female vocalist', 'world', 'oldies']",pop,NM,,,,,True,False
1056780,Rocío Jurado,Lo siento mi amor,6,731,,2016,2010,De ahora en adelante,España,mujer,"['pop', 'flamenco', 'copla', 'female vocalist', 'world', 'oldies']",pop,NM,,,,,True,True
1057319,Rocío Dúrcal,Como Tu Mujer,5,926,29/08/89,1989,1980,Como Tu Mujer,España,mujer,"['pop', 'rocio durcal', 'the ladies that should sit on my sofa or somewhere else in my flat because they are darlings and oh so lovely', 'ranchera']",pop,NM,,,,,True,False
1057382,Azúcar Moreno,Agua Que No Has De Beber,10,1204,,1998,1990,Olé,España,grupo,"['pop', 'eurovision', 'flamenco', 'dance', 'duos', 'espagnol']",pop,NM,0,0,0,N,False,True
10577376,Aitana,4TO 23,11,1465,05/07/24,2024,2020,Pop Latino Que La Rompe,España,mujer,"['pop', 'rock', 'pop rock', 'latin pop', 'trash pop', 'electro-pop']",pop,NM,0,0,0,N,False,True
10581521,Ptazeta & La Pantera,N'Golo,9,2356,21/06/24,2024,2020,GORGONA,España,grupo,"['rap', 'pop', 'spanish rap', 'trap']",rap,M,1,1,1,Y,True,False
10581606,Ptazeta,Matahari,8,2160,21/06/24,2024,2020,GORGONA,España,mujer,"['rap', 'pop', 'spanish rap', 'trap']",rap,M,1,0,1,Y,False,True
10585426,"Daby, La Pantera & Unknwnmade",Like Me,7,2892,27/06/24,2024,2020,Projects in the Jungle,Estados Unidos,grupo,['world'],world,NM,,,,,True,False
10587074,Bustamante,Hola Qué Tal,9,1510,20/06/24,2024,2020,Inedito,España,hombre,"['pop', 'operacion triunfo', 'latin pop', 'need to rate', 'david bustamante']",pop,NM,0,0,0,N,False,True
1058903,Los Bukis,Si Me Recuerdas,5,934,,1987,1980,Si Me Recuerdas,México,grupo,"['los bukis', 'romantica', 'mariachi', 'conjunto primavera', 'marco antonio solis']",los bukis,NM,,,,,True,False
10594256,Macaco,El Murmullo,5,1527,,2004,2000,Entre Raíces Y Antenas,España,grupo,"['fusion', 'world', 'mestizo', 'reggae', 'alternative', 'world music', 'macaco']",fusion,NM,,,,,True,False
1060525,Rocío Jurado,Ese Hombre,6,677,,1979,1970,Señora,España,mujer,"['pop', 'flamenco', 'copla', 'female vocalist', 'world', 'oldies']",pop,NM,,,,,True,False
1060748,Los Auténticos Decadentes,Besándote,11,1062,,2004,2000,Hoy Trasnoche,Argentina,grupo,"['rock argentino', 'rock', 'ska', 'rock en espanol', 'los autenticos decadentes', 'rock argento', 'cumbia', 'latin rock']",rock argentino,NM,0,0,0,N,False,True
1061144,Tego Calderón,Métele Sazón,9,3146,26/08/03,2003,2000,"Mas Flow, Vol. 1",Puerto Rico,hombre,"['reggaeton', 'hip-hop', 'hip hop', 'dance', 'world', 'chill906', 'indie']",reggaeton,M,1,0,0,Y,True,False
1061208,Los Tigres Del Norte,La dieta,9,1178,,1991,1990,¡Incansables!,Estados Unidos,grupo,"['norteño', 'corridos', 'folk', 'los tigres del norte', 'el nino y la boda', 'contrabando y traicion']",norteño,M,1,0,0,Y,True,False
1062199,"Boy Wonder CF (Ft. Randy & Tito ""El Bambino"")",Siente El Boom,13,2524,12/07/06,2006,2000,Chosen Few II: El Documental,Puerto Rico,hombre,"['soul', 'funk', 'contemporary r&b', 'rhythm & blues', 'pop', 'film soundtrack', 'pop soul', 'vegan', 'grammy winner', 'rock and indie']",soul,M,1,0,1,Y,False,True
10624636,Chromazz,Zorras,6,1837,26/07/22,2022,2020,Zorras,España,mujer,"['booba', 'hip-hop', 'thicc', 'female vocalist', 'toronto', 'canada', 'trap', 'onlyfans', 'trap queen']",booba,M,1,0,1,Y,True,False
1062691,David Bisbal,Bulería,11,2315,05/01/04,2004,2000,Bulería,España,hombre,"['pop', 'latin pop', 'davis bisbal', 'david bisbal', 'operacion triunfo', 'spanish pop']",pop,NM,0,0,0,N,False,True
10637817,Niche LS & Isaac S.A,Ya Saben Que Hacer,4,2363,27/08/20,2020,2020,Huellas del pasado,Colombia,grupo,"['rap', 'hip-hop', 'salsa']",rap,NM,,,,,True,False
1064072,José José,Por ella,8,998,,1999,1990,35 Años De Amor,México,hombre,"['bolero', 'jose jose', 'baladas', 'balada', 'el principe', 'latin pop']",bolero,NM,,,,,True,False
1064450,Mecano,No Hay Marcha En Nueva York,8,1386,,1988,1980,Descanso Dominical,España,grupo,"['pop', 'spanish pop', 'post-punk', 'new wave', 'mecano', 'synthpop']",pop,NM,,,,,True,False
10648028,"Albany, Yung Beef & l0rna",RIFLE BISEXUAL,12,5842,23/08/24,2024,2020,Rifle bisexual,España,mujer,"['trap', 'booba', 'reggaeton', 'emo trap', 'cloud rap', 'milkers', 'spanish trap', 'trap latino']",trap,M,1,1,1,Y,False,True
10654770,La Pantera,ASHE,6,2742,18/07/24,2024,2020,UNA SEMANA INCREÍBLE,España,hombre,"['groove metal', 'heavy metal', 'thrash metal', 'metal', 'glam metal', 'southern metal', 'american', 'nu metal', 'power metal', 'hardcore punk', 'glam', 'dance and electronica', 'trash speed metal', 'estados unidos']",groove metal,NM,,,,,True,False
1065508,Juan Gabriel,Te Lo Pido por Favor,7,855,28/11/86,1986,1980,Pensamientos,México,hombre,"['juan gabriel', 'mariachi', 'ranchera', 'pop', 'latin pop', 'pepe aguilar']",juan gabriel,NM,,,,,True,False
10655536,El Canijo de Jerez,Zapatos nuevos,5,873,14/10/14,2014,2010,La Lengua Chivata,España,hombre,"['pop', 'los he visionado en directo', 'flamenco']",pop,NM,,,,,True,False
10659258,Nanu,Mujer Argentina,11,1836,18/07/24,2024,2020,Seahorse,IE,grupo,"['pop', 'canada', 'singapore', 'booba', 'its the crazy latina']",pop,M,0,0,1,N,True,False
10667404,Club Santos,Te llevaré conmigo,8,1120,,1972,1970,Canto de los Guerreros,México,hombre,"['pop', 'new wave', 'blue-eyed soul', 'dance-pop', 'new romantic', 'pop soul', 'punk/new wave', 'alliteration', 'british', 'english', 'classic pop and rock']",pop,NM,,,,,True,False
1066810,Café Tacvba,Pinche Juan,4,346,28/07/92,1992,1990,Demo,México,grupo,"['alternative rock', 'rock', 'rock en espanol', 'rock en español', 'latin rock', 'folk']",alternative rock,NM,,,,,True,False
10677016,Belén Aguilera,LUNA x VÉRTIGO,13,1978,26/07/24,2024,2020,LUNA x VÉRTIGO,España,mujer,"['pop', 'spanish female vocalists', 'spanish or latin artists']",pop,M,1,0,1,Y,True,False
1068172,Botellita De Jerez,El Adicto,7,1248,,1999,1990,¡Naco es chido!,México,grupo,"['guacarrock', 'rock', 'rock mexicano', 'rock en español', 'rockmex', 'rock urbano', 'rock en espanol']",guacarrock,NM,,,,,True,False
1068242,Los Rodríguez,Algo Se Está Rompiendo,12,1444,03/09/93,1993,1990,Sin Documentos,España,grupo,"['rock argentino', 'rock', 'rock en espanol', 'spanish rock', 'rock en español', 'pop']",rock argentino,NM,,,,,True,False
1068839,Luis Miguel,El Día Que Me Quieras,5,669,30/08/94,1994,1990,Segundo Romance,México,hombre,"['boleros', 'baladas', 'pop', 'luis miguel', 'latin pop']",boleros,NM,0,0,0,N,False,True
1068921,Intocable,Contra Viento Y Marea,6,896,,2010,2010,Diez,Estados Unidos,grupo,"['tejano', 'norteno', 'norteño', 'regional mexican', 'intocable', 'grupos']",tejano,NM,,,,,True,False
10690178,Dani Fernández,Me has invitado a bailar,7,1799,23/08/24,2024,2020,La Jauría,España,hombre,"['little star', 'treble', 'twink', 'under 3000 plays', 'youngstar', 'under 90 listeners', 'sapanish', 'under 100 listeners', 'spanish male vocalists']",little star,NM,,,,,True,False
10690179,Dani Fernández,Joderme la vida,5,1204,25/10/24,2024,2020,La Jauría,España,hombre,"['little star', 'treble', 'twink', 'under 3000 plays', 'youngstar', 'under 90 listeners', 'sapanish', 'under 100 listeners', 'spanish male vocalists']",little star,NM,,,,,True,False
10690180,Dani Fernández,¿Y si lo hacemos?,8,1393,25/10/24,2024,2020,La Jauría,España,hombre,"['little star', 'treble', 'twink', 'under 3000 plays', 'youngstar', 'under 90 listeners', 'sapanish', 'under 100 listeners', 'spanish male vocalists']",little star,NM,,,,,True,False
10690181,Dani Fernández,Por no bailar contigo,4,1159,17/10/24,2024,2020,La Jauría,España,hombre,"['little star', 'treble', 'twink', 'under 3000 plays', 'youngstar', 'under 90 listeners', 'sapanish', 'under 100 listeners', 'spanish male vocalists']",little star,NM,,,,,True,False
10690182,Dani Fernández,"Cariño, suéltate el pelo",4,801,25/10/24,2024,2020,La Jauría,España,hombre,"['little star', 'treble', 'twink', 'under 3000 plays', 'youngstar', 'under 90 listeners', 'sapanish', 'under 100 listeners', 'spanish male vocalists']",little star,NM,,,,,True,False
10690183,Dani Fernández,Oaxaca,6,1294,25/10/24,2024,2020,La Jauría,España,hombre,"['little star', 'treble', 'twink', 'under 3000 plays', 'youngstar', 'under 90 listeners', 'sapanish', 'under 100 listeners', 'spanish male vocalists']",little star,NM,,,,,True,False
10690184,Dani Fernández,Inertes,6,1084,25/10/24,2024,2020,La Jauría,España,hombre,"['little star', 'treble', 'twink', 'under 3000 plays', 'youngstar', 'under 90 listeners', 'sapanish', 'under 100 listeners', 'spanish male vocalists']",little star,M,0,1,1,Y,False,True
10690185,Dani Fernández,Me sabe fatal,6,1402,25/10/24,2024,2020,La Jauría,España,hombre,"['little star', 'treble', 'twink', 'under 3000 plays', 'youngstar', 'under 90 listeners', 'sapanish', 'under 100 listeners', 'spanish male vocalists']",little star,NM,0,0,0,N,False,True
10690186,Dani Fernández,Competir,5,1179,25/10/24,2024,2020,La Jauría,España,hombre,"['little star', 'treble', 'twink', 'under 3000 plays', 'youngstar', 'under 90 listeners', 'sapanish', 'under 100 listeners', 'spanish male vocalists']",little star,NM,,,,,True,False
10690187,Dani Fernández,La trama principal,7,1119,25/10/24,2024,2020,La Jauría,España,hombre,"['little star', 'treble', 'twink', 'under 3000 plays', 'youngstar', 'under 90 listeners', 'sapanish', 'under 100 listeners', 'spanish male vocalists']",little star,NM,,,,,True,False
10694934,Próxima Parada,Esta Nochecita,4,641,26/07/24,2024,2020,Into the Way,Estados Unidos,grupo,"['folk', 'soul', 'americana', 'blues', 'alternative', 'r&b', 'funk_add_to_lidarr_batch_21', 'california']",folk,NM,0,0,0,N,False,True
1069547,Rocío Jurado,La Virgen se está peinando,6,568,,1990,1990,Nueva Navidad,España,mujer,"['pop', 'flamenco', 'copla', 'female vocalist', 'world', 'oldies']",pop,NM,,,,,True,False
1070108,Mecano,Esto No Es Una Canción,7,1011,,1998,1990,Ana | José | Nacho,España,grupo,"['pop', 'spanish pop', 'post-punk', 'new wave', 'mecano', 'synthpop']",pop,NM,,,,,True,False
1070598,Conjunto Primavera,Vuelve Conmigo,4,491,,2003,2000,Decide tú,México,grupo,"['conjunto primavera', 'conjunto prinavera', 'banda', 'marco antonio solis', 'norteño', 'accordion', 'conjunto']",conjunto primavera,NM,,,,,True,False
1071099,Camila,Sólo para Ti,7,813,01/01/06,2006,2000,Todo Cambió,México,grupo,"['pop', 'latin pop', 'camila', 'rock', 'romantica', 'soft rock']",pop,NM,,,,,True,False
1071531,Amanda Miguel,Así No Te Amará Jamás,7,981,01/01/81,1981,1980,"El Sonido, Vol. 1",Argentina,mujer,"['pop', 'para hacer aseo', 'latin pop', 'baladas', 'plancha', 'glam', 'adult contemporary']",pop,M,0,0,1,N,True,False
1071904,Pesado,"Te Quiero, Te Amo",9,1973,20/09/05,2005,2000,Tu Sombra,México,grupo,"['pesado', 'norteño', 'cumbia', 'norteno', 'cumbia regia', '2', 'cumbia nortena']",pesado,NM,,,,,True,False
1072041,Milie,De Hoy En Adelante,8,1340,,2005,2000,Amar es un juego,Colombia,grupo,['reggaeton'],reggaeton,NM,,,,,True,False
1072101,Lupillo Rivera,Entre Copas Y Botellas,4,918,,2006,2000,Entre Copas y Botellas,México,hombre,"['lupillo rivera', 'lupillo', 'regional mexican', 'mariachi', 'norteno', 'lupiillo', 'world music']",lupillo rivera,M,0,0,1,Y,True,False
1073462,Luis Miguel,Un Hombre Busca Una Mujer,5,1245,25/11/88,1988,1980,Busca Una Mujer,México,hombre,"['boleros', 'baladas', 'pop', 'luis miguel', 'latin pop']",boleros,M,1,0,1,Y,False,True
10741177,Sam Smith & Aitana,Like I Can,6,1399,09/08/24,2024,2020,In The Lonely Hour (10th Anniversary Edition / Deluxe),Reino Unido,no binario,"['soul', 'pop', 'british', 'electronic', 'dance', 'rnb', 'england', 'english', 'queer', 'pop soul', 'blue-eyed soul', 'adult contemporary', 'r&b', 'contemporary r&b', 'synth funk', 'alternative r&b', 'lgbtqi', 'nuno', 'alliteration']",soul,M,1,0,1,Y,True,False
1076420,Los Rodríguez,Mucho Mejor,13,1927,24/04/95,1995,1990,"Palabras Más, Palabras Menos",España,grupo,"['rock argentino', 'rock', 'rock en espanol', 'spanish rock', 'rock en español', 'pop']",rock argentino,M,1,1,0,Y,True,False
10768078,La Mafia del Amor & QueHicisteBella,20 Conmigo,8,2734,14/02/25,2025,2020,LMDA 8*,Estados Unidos,grupo,"['pop', 'hip hop', 'electronic', 'reggaeton', 'mambo', 'trap']",pop,M,1,0,1,Y,True,False
1076999,Rocío Jurado,"Y sin embargo, te quiero",7,1252,,2016,2010,"Y sin embargo, te quiero (Canciones de España 2)",España,mujer,"['pop', 'flamenco', 'copla', 'female vocalist', 'world', 'oldies']",pop,NM,,,,,True,False
10773347,"Lil Troca, Lucho SSJ & Franux BB (Ft. MC Buzzz)",La 40,11,3681,27/08/24,2024,2020,Nivel,Argentina,hombre,"['mdbcrew', 'trap latino', 'hip hop', 'southern hip hop', 'gangsta rap', 'pop rap', 'rap rock', 'r&b', 'pop', '2000s', '2010s', 'trap', 'rock', 'underground hip hop', 'top 100', 'top 10', 'criminal', 'top 5', 'rap', 'hip hop rnb and dance hall', 'chopped and screwed', 'lil wayne', 'contemporary r&b', 'relic inn', 'as jailed']",mdbcrew,M,1,0,1,Y,True,False
1077693,Mecano,Perdido En Mi Habitación,8,1074,,1982,1980,Mecano,España,grupo,"['pop', 'spanish pop', 'post-punk', 'new wave', 'mecano', 'synthpop']",pop,NM,,,,,True,False
1077864,Héroes Del Silencio,Apuesta Por El Rock 'n' Roll,5,899,28/07/98,1998,1990,Rarezas,España,grupo,"['rock', 'spanish rock', 'hard rock', 'rock en espanol', 'gothic rock', 'rock en español', 'alternative rock', 'rock español']",rock,M,1,0,0,N,True,False
1078018,Reik,Yo Quisiera,9,1413,24/05/05,2005,2000,Reik,México,grupo,"['pop', 'latin pop', 'reik', 'pop latino', 'romantica', 'ballad', 'latin ballad', 'pop rock']",pop,NM,,,,,True,False
1082541,Myriam Hernández,Huele a peligro,5,1128,23/02/98,1998,1990,Todo el amor,Chile,mujer,"['miriam hernandez', 'romanticos', 'pop', 'latin pop', 'soul', 'latin ballad', 'partiendome el alma']",miriam hernandez,NM,,,,,True,False
10835071,San Venus,Efecto Secundario,8,1434,,2001,2000,Medicamentos Para Invierno - EP,España,grupo,['indie'],indie,NM,,,,,True,False
10842460,"Kim Loaiza, FARIANA, Ptazeta, Bellakath & Yami Safdie",5 Babys,10,3532,12/09/24,2024,2020,X Amor II,Argentina,mujer,"['reggaeton', 'urban', 'porn diva', 'flop', 'tanked', 'reggaeton mexicano', 'latin viral pop', 'latin pop', 'pop', 'synth-pop', 'new wave', 'dance-pop', 'pop rock', 'hi-nrg', 'synthpop', '2008 universal fire victim', 'rock', 'british', 'english', 'dance and electronica']",reggaeton,M,1,0,1,Y,True,False
10845574,Julión Álvarez y su Norteño Banda,No Puedo Olvidar Tu Voz,5,807,,2016,2010,"Mis Ídolos, Hoy Mis Amigos!!!",México,grupo,"['banda', 'regional mexican', 'norteno', 'world', 'world music', 'norteño', 'banda sinaloense', 'corrido', 'regional mexicano']",banda,NM,,,,,True,False
10846072,Dani Fernández,Si em deixes tu,4,974,02/12/23,2023,2020,La Marató: Salut Sexual I Reproductiva (Que Dona Llum),España,hombre,"['little star', 'treble', 'twink', 'under 3000 plays', 'youngstar', 'under 90 listeners', 'sapanish', 'under 100 listeners', 'spanish male vocalists']",little star,NM,,,,,True,False
1084702,Los Tigres Del Norte,En Que Fallé,7,1165,,2002,2000,La Reina del Sur,Estados Unidos,grupo,"['norteño', 'corridos', 'folk', 'los tigres del norte', 'el nino y la boda', 'contrabando y traicion']",norteño,NM,,,,,True,False
10856430,Cali y El Dandee,19 de Abril,7,1396,07/09/24,2024,2020,19 de Abril,Colombia,grupo,"['pop', 'male vocalist', 'reggaeton', 'electronic', 'cali', 'spanish hip-hop', 'latin pop', 'latin urban']",pop,NM,,,,,True,False
1085722,Los Gatos,El Rey Lloró,5,340,11/11/67,1967,1960,Los Gatos,Argentina,grupo,"['rockabilly', 'rock argentino', 'classic rock', 'rock', 'rock and roll', 'neo-rockabilly', 'beat', 'blues rock', 'latin rock', 'merseybeat', 'pop rock']",rockabilly,NM,,,,,True,False
10859665,"Paulo Londra, Luck Ra & Valentino Merlo",Princesa,8,1630,12/09/24,2024,2020,Princesa,Argentina,hombre,"['trap', 'white rapper', 'trap latino', 'trap argentino', 'rap', 'cordoba', 'ended', 'messi', 'hip hop', 'latin urban']",trap,M,1,0,0,Y,True,False
1086335,Reyli,La Descarada,7,1326,,2004,2000,En la luna,México,hombre,"['latin pop', 'pop', 'latin rock', 'mexicano']",latin pop,M,0,0,1,Y,True,False
1086716,Mecano,Aire,6,1305,16/10/84,1984,1980,Ya viene el sol,España,grupo,"['pop', 'spanish pop', 'post-punk', 'new wave', 'mecano', 'synthpop']",pop,NM,,,,,True,False
10870914,Grupo Grace,Yo Soy El Que Soy (Yud Hei Vav Hei),5,503,17/08/24,2024,2020,Sabores piña y manzana,Venezuela,grupo,['salsa'],salsa,NM,,,,,True,False
1087219,Ricardo Arjona,Desnuda,5,1465,02/06/98,1998,1990,Sin Daños a Terceros,Guatemala,hombre,"['pop', 'latin pop', 'ricardo arjona', 'romantica', 'arjona', 'baladas']",pop,M,1,0,1,Y,False,True
1087966,Gian Marco,Se Me Olvidó,8,1602,15/10/02,2002,2000,A tiempo,Perú,hombre,"['latin pop', 'rock en espanol', 'pop rock', 'pop espanol', 'gian marco', 'hoy', 'ballad', 'pop']",latin pop,NM,,,,,True,False
10884919,"Caifanes, Fobia, Maldita Vecindad y Los Hijos Del 5to. Patio, Cuca, Jumbo, Santa Sabina, Tijuana No!, Bon Y Los Enemigos Del Silencio",Mátenme Porque Me Muero,6,709,,2015,2010,Antología // Rock En Tu Idioma MX (Vol. 1),México,grupo,"['rock en espanol', 'rock', 'rock mexicano', 'rock en español', 'post-punk', 'new wave', 'ska', 'alternative rock', 'gothic rock', 'cumbia mexicana', 'latin rock', 'latin alternative']",rock en espanol,NM,,,,,True,False
1089038,Rocío Jurado & Juan Pardo,¿Por qué me habrás besado?,6,1093,,1984,1980,Desde dentro,España,mujer,"['pop', 'flamenco', 'copla', 'female vocalist', 'world', 'oldies', 'latin ballad']",pop,NM,0,0,0,N,False,True
10899149,Yandel,GAFAS DE SOL,7,2187,10/10/24,2024,2020,ELYTE,Puerto Rico,hombre,"['reggaeton', 'sexy', 'hot', 'shakira', 'papasote', 'guys i would fuck', 'fuck me']",reggaeton,M,1,0,0,N,True,False
10900337,Pedro Junco Jr.,Nosotros,3,480,01/01/39,1939,1930,Son de Colonia,Cuba,hombre,['bolero'],bolero,NM,,,,,True,False
10907684,"La Pantera, Lucho RK & Raul Clyde",VERANO - INVIERNO,12,3332,27/09/24,2024,2020,UNA SEMANA INCREÍBLE,España,hombre,"['groove metal', 'heavy metal', 'thrash metal', 'metal', 'glam metal', 'southern metal', 'american', 'nu metal', 'power metal', 'hardcore punk', 'glam', 'dance and electronica', 'trash speed metal', 'estados unidos']",groove metal,NM,0,0,0,N,False,True
10907685,La Pantera & Hecky,NOWADAYS,10,2718,27/09/24,2024,2020,UNA SEMANA INCREÍBLE,España,hombre,"['groove metal', 'heavy metal', 'thrash metal', 'metal', 'glam metal', 'southern metal', 'american', 'nu metal', 'power metal', 'hardcore punk', 'glam', 'dance and electronica', 'trash speed metal', 'estados unidos']",groove metal,M,1,0,1,Y,False,True
10907686,La Pantera,NO ES MI VIDA REAL,5,1913,27/09/24,2024,2020,UNA SEMANA INCREÍBLE,España,hombre,"['groove metal', 'heavy metal', 'thrash metal', 'metal', 'glam metal', 'southern metal', 'american', 'nu metal', 'power metal', 'hardcore punk', 'glam', 'dance and electronica', 'trash speed metal', 'estados unidos']",groove metal,NM,0,0,0,N,False,True
10907688,La Pantera,BALENCIAGA,8,2823,27/09/24,2024,2020,UNA SEMANA INCREÍBLE,España,hombre,"['groove metal', 'heavy metal', 'thrash metal', 'metal', 'glam metal', 'southern metal', 'american', 'nu metal', 'power metal', 'hardcore punk', 'glam', 'dance and electronica', 'trash speed metal', 'estados unidos']",groove metal,M,0,0,1,N,False,True
10907690,La Pantera,PINKY PROMISE,6,1741,27/09/24,2024,2020,UNA SEMANA INCREÍBLE,España,hombre,"['groove metal', 'heavy metal', 'thrash metal', 'metal', 'glam metal', 'southern metal', 'american', 'nu metal', 'power metal', 'hardcore punk', 'glam', 'dance and electronica', 'trash speed metal', 'estados unidos']",groove metal,M,1,0,1,Y,True,False
10907693,La Pantera,WONDERFUL WEEKS,6,1485,27/09/24,2024,2020,UNA SEMANA INCREÍBLE,España,hombre,"['groove metal', 'heavy metal', 'thrash metal', 'metal', 'glam metal', 'southern metal', 'american', 'nu metal', 'power metal', 'hardcore punk', 'glam', 'dance and electronica', 'trash speed metal', 'estados unidos']",groove metal,NM,0,0,0,N,False,True
10907694,La Pantera,RECUERDOS AL PERRO,6,1814,27/09/24,2024,2020,UNA SEMANA INCREÍBLE,España,hombre,"['groove metal', 'heavy metal', 'thrash metal', 'metal', 'glam metal', 'southern metal', 'american', 'nu metal', 'power metal', 'hardcore punk', 'glam', 'dance and electronica', 'trash speed metal', 'estados unidos']",groove metal,M,1,0,1,Y,True,False
10907695,La Pantera & EL IMA,ME ARREPENTÍ,10,2838,27/09/24,2024,2020,UNA SEMANA INCREÍBLE,España,hombre,"['groove metal', 'heavy metal', 'thrash metal', 'metal', 'glam metal', 'southern metal', 'american', 'nu metal', 'power metal', 'hardcore punk', 'glam', 'dance and electronica', 'trash speed metal', 'estados unidos']",groove metal,M,1,0,0,N,True,False
10907696,La Pantera,AMORTAL,7,2102,27/09/24,2024,2020,UNA SEMANA INCREÍBLE,España,hombre,"['groove metal', 'heavy metal', 'thrash metal', 'metal', 'glam metal', 'southern metal', 'american', 'nu metal', 'power metal', 'hardcore punk', 'glam', 'dance and electronica', 'trash speed metal', 'estados unidos']",groove metal,M,0,1,0,N,False,True
10907697,La Pantera,MORE MONEY MORE FEELINGS,8,1963,27/09/24,2024,2020,UNA SEMANA INCREÍBLE,España,hombre,"['groove metal', 'heavy metal', 'thrash metal', 'metal', 'glam metal', 'southern metal', 'american', 'nu metal', 'power metal', 'hardcore punk', 'glam', 'dance and electronica', 'trash speed metal', 'estados unidos']",groove metal,M,0,0,1,Y,True,False
10907698,La Pantera & Soge Culebra,VICIO,5,1934,27/09/24,2024,2020,UNA SEMANA INCREÍBLE,España,hombre,"['groove metal', 'heavy metal', 'thrash metal', 'metal', 'glam metal', 'southern metal', 'american', 'nu metal', 'power metal', 'hardcore punk', 'glam', 'dance and electronica', 'trash speed metal', 'estados unidos']",groove metal,M,1,0,0,N,True,False
10907699,La Pantera & Maikel Delacalle,HOME IS HOME,11,2664,27/09/24,2024,2020,UNA SEMANA INCREÍBLE,España,hombre,"['groove metal', 'heavy metal', 'thrash metal', 'metal', 'glam metal', 'southern metal', 'american', 'nu metal', 'power metal', 'hardcore punk', 'glam', 'dance and electronica', 'trash speed metal', 'estados unidos']",groove metal,NM,,,,,True,False
10907700,La Pantera,GODLAND,5,1892,27/09/24,2024,2020,UNA SEMANA INCREÍBLE,España,hombre,"['groove metal', 'heavy metal', 'thrash metal', 'metal', 'glam metal', 'southern metal', 'american', 'nu metal', 'power metal', 'hardcore punk', 'glam', 'dance and electronica', 'trash speed metal', 'estados unidos']",groove metal,M,1,0,1,Y,True,False
1091267,Hombres G,Sueltate El Pelo,8,967,,1988,1980,Agitar Antes de Usar,España,grupo,"['rock', 'rock en espanol', 'pop', 'spanish rock', 'rock en español', 'pop rock', 'spanish pop']",rock,M,1,0,0,N,True,False
1092088,Luis Miguel,Será Que No Me Amas,10,1896,18/05/90,1990,1990,20 Años,México,hombre,"['boleros', 'baladas', 'pop', 'luis miguel', 'latin pop']",boleros,NM,,,,,True,False
1092401,Carlos Gardel,El Dia Que Me Quieras,5,1027,19/03/34,1934,1930,23 Grandes Tangos,Argentina,hombre,"['tango', 'tango argentino', 'oldies', 'argentinian', 'buenos aires', 'french', 'death by airplane']",tango,NM,,,,,True,False
1092408,Rocío Jurado,Muera el amor,7,1150,,1981,1980,La más grande,España,mujer,"['pop', 'flamenco', 'copla', 'female vocalist', 'world', 'oldies']",pop,NM,,,,,True,False
10924572,Quevedo,IGUALES,5,2252,22/11/24,2024,2020,BUENAS NOCHES,España,hombre,"['reggaeton', 'rap', 'hip-hop', 'hip hop', 'dance pop']",reggaeton,M,1,0,1,Y,True,False
1092988,La Frontera,No vuelvas sin ella,8,1392,,2000,2000,Nuevas aventuras,España,grupo,"['spanish rock', 'rock', 'rock espanol', 'rockabilly', 'classic rock', 'southern rock', 'pop', 'country rock', 'pop rock']",spanish rock,NM,,,,,True,False
10936157,Samuraï,La Despedida,6,1278,21/11/24,2024,2020,El Silencio Del Ruido,España,mujer,"['pop', 'electronic', 'heavy metal', 'speed metal', 'canadian metal', 'us metal', 'spanish or latin artists']",pop,NM,,,,,True,False
1094378,Juanes,Volverte A Ver,8,1543,04/09/04,2004,2000,Mi Sangre,Colombia,hombre,"['pop', 'rock', 'latin pop', 'juanes', 'pop rock', 'latin rock']",pop,NM,,,,,True,False
10950974,Natanael Cano & Luis R Conriquez,El Búho,5,1302,03/04/20,2020,2020,Jimmy Humilde Presenta Lo Mejor De Las Calles Edición Mexico,México,hombre,"['corridos tumbados', 'corridos', 'regional mexicano', 'mierda', 'trap', 'sierreno', 'reggaeton', 'corrido tumbado', 'trap latino']",corridos tumbados,NM,,,,,True,False
1095417,Juan Gabriel,Ya Lo Sé Que Tú Te Vas,4,589,11/01/82,1982,1980,Cosas de Enamorados,México,hombre,"['juan gabriel', 'mariachi', 'ranchera', 'pop', 'latin pop', 'pepe aguilar']",juan gabriel,NM,,,,,True,False
109594,Jesse & Joy,¿Con Quién Se Queda El Perro?,6,1313,12/09/12,2012,2010,¿Con Quién Se Queda El Perro?,México,grupo,"['pop', 'latin pop', 'pop rock', 'rock', 'pop en espanol', 'ballad']",pop,NM,,,,,True,False
1096284,Carlos Baute,Te Regalo,11,1787,,2009,2000,Baute,Venezuela,hombre,"['pop', 'pop latino', 'carlos baute', 'latin pop', 'baila latina', 'racist']",pop,NM,,,,,True,False
10963613,Carlos Vives (Ft. Elenco de El club de los Graves),El Latido,8,1550,,2023,2020,El club de los Graves (Banda Sonora Original),Colombia,hombre,"['latin pop', 'vallenato', 'colombian pop', 'cumbia', 'international', 'pop', 'pop en español', 'reggaeton', 'rock', 'salsa', 'south american traditions', 'tropical']",latin pop,NM,,,,,True,False
1096716,Mecano,Sentía,5,700,,1992,1990,Aidalai,España,grupo,"['pop', 'spanish pop', 'post-punk', 'new wave', 'mecano', 'synthpop']",pop,NM,,,,,True,False
1097871,Los Rodríguez,Hasta Que El Sueño Venga,4,967,03/09/93,1993,1990,Sin Documentos,España,grupo,"['rock argentino', 'rock', 'rock en espanol', 'spanish rock', 'rock en español', 'pop']",rock argentino,NM,,,,,True,False
1098832,Café Tacvba,La Chica Banda,6,526,28/07/92,1992,1990,Demo,México,grupo,"['alternative rock', 'rock', 'rock en espanol', 'rock en español', 'latin rock', 'folk']",alternative rock,NM,,,,,True,False
1099296,Rocío Jurado,Qué padre es la vida,7,751,,1979,1970,Rocío Jurado canta con mariachi,España,mujer,"['pop', 'flamenco', 'copla', 'female vocalist', 'world', 'oldies']",pop,NM,0,0,0,N,False,True
11003811,LIT killah & Paulo Londra,Protagonista,9,1351,20/11/24,2024,2020,KUSTOM,Argentina,hombre,"['trap', 'rap', 'hip-hop', 'childrens music', 'trap argentino', 'white rapper', 'hype', 'hip hop']",trap,M,1,0,0,N,True,False
11012874,Gabito Ballesteros & Tito Double P,7 Días,7,1439,30/01/25,2025,2020,Ya No Se Llevan Serenatas,México,hombre,"['producer', 'corridos', 'corridos tumbados', '2020s', 'rkt']",producer,M,0,0,1,Y,True,False
1103191,Melendi,Que El Cielo Espere Sentao,8,1765,25/04/05,2005,2000,Que El Cielo Espere Sentao..,España,hombre,"['pop', 'flamenco', 'new flamenco', 'rumba', 'melendi', 'rock']",pop,NM,,,,,True,False
11034998,Manuel Medrano & Leo Rizzi,Libérame,8,1338,24/10/24,2024,2020,PERFECTO (Deluxe Edition),Colombia,hombre,"['latin pop', 'brutal death metal']",latin pop,NM,,,,,True,False
1103575,Tequila,Quiero Besarte,11,1500,,1979,1970,Rock And Roll,Argentina,grupo,"['rock', 'spanish rock', 'rock and roll', 'pop', 'pop rock', 'movida', 'argentinian', 'latin rock']",rock,M,1,0,0,N,True,False
1103902,Luis Miguel,Si Tú Te Atreves,6,1352,06/05/08,2008,2000,Cómplices,México,hombre,"['boleros', 'baladas', 'pop', 'luis miguel', 'latin pop']",boleros,NM,,,,,True,False
1104444,Elvis Crespo,No Me Olvidarás,12,1140,27/10/00,2000,2000,Wow Flash,Puerto Rico,hombre,"['merengue', 'salsa', 'latin pop', 'elvis crespo', 'pop']",merengue,NM,,,,,True,False
11046608,Lola Indigo & Paulo Londra,PERREITO PA LLORAR,10,2426,29/11/24,2024,2020,NAVE DRAGÓN,España,mujer,"['pop', 'dance', 'latin pop', 'reggaeton', 'lola indigo', 'brazilian funk', 'upcoming album 2023', 'electropop', 'dance-pop', 'funk carioca']",pop,M,1,0,1,Y,False,True
11048012,Andy Montañez,Dulce Veneno,8,1638,14/10/85,1985,1980,Dulce Veneno,Puerto Rico,hombre,"['salsa', 'andy montanez', 'chill906', 'merengue', 'reggaeton', 'bolero']",salsa,M,0,1,1,Y,False,True
11048013,Andy Montañez,Genio y Figura,11,1608,14/10/85,1985,1980,Dulce Veneno,Puerto Rico,hombre,"['salsa', 'andy montanez', 'chill906', 'merengue', 'reggaeton', 'bolero']",salsa,NM,,,,,True,False
11051265,Quevedo,DURO,8,2266,30/10/24,2024,2020,BUENAS NOCHES,España,hombre,"['reggaeton', 'rap', 'hip-hop', 'hip hop', 'dance pop']",reggaeton,M,1,0,1,Y,False,True
11058875,"Yan Block, NTG & SAIKO",Juguete,10,3203,31/10/24,2024,2020,Juguete,Puerto Rico,hombre,['reggaeton'],reggaeton,M,1,1,1,Y,True,False
11095529,Quevedo & Sin Nombre,14 FEBREROS,8,2395,22/11/24,2024,2020,BUENAS NOCHES,España,hombre,"['reggaeton', 'rap', 'hip-hop', 'hip hop', 'dance pop', 'latin trap']",reggaeton,M,1,1,1,N,True,False
11095536,Quevedo & La Pantera,HALO,7,3161,22/11/24,2024,2020,BUENAS NOCHES,España,hombre,"['reggaeton', 'rap', 'hip-hop', 'hip hop', 'dance pop', 'latin trap']",reggaeton,M,1,1,1,Y,True,False
11095982,Quevedo,KASSANDRA,8,2208,22/11/24,2024,2020,BUENAS NOCHES,España,hombre,"['reggaeton', 'rap', 'hip-hop', 'hip hop', 'dance pop']",reggaeton,M,1,0,0,Y,True,False
1110193,Mecano,No es serio este cementerio,8,1913,17/06/86,1986,1980,Entre el cielo y el suelo,España,grupo,"['pop', 'spanish pop', 'post-punk', 'new wave', 'mecano', 'synthpop']",pop,NM,0,0,0,N,False,True
1110533,Los Rodríguez,Una Forma De Vida,4,977,24/04/95,1995,1990,"Palabras Más, Palabras Menos",España,grupo,"['rock argentino', 'rock', 'rock en espanol', 'spanish rock', 'rock en español', 'pop']",rock argentino,NM,,,,,True,False
11106941,Ramma,ELLA SABE,8,1838,01/01/25,2025,2020,INMORTAL,España,hombre,"['trap', 'rap', 'argentine rap']",trap,M,1,0,1,Y,True,False
1112244,José José,El Amar y El Querer,4,1142,,2017,2010,Reencuentro,México,hombre,"['bolero', 'jose jose', 'baladas', 'balada', 'el principe', 'latin pop']",bolero,NM,,,,,True,False
11125040,Endo y Lele (Ft. Ñengo Flow),En La Calle Muero,9,3105,14/08/09,2009,2000,Las Armas Secretas (2009),Puerto Rico,grupo,"['nu metal', 'alternative rock', 'hard rock', 'rock', 'alternative metal', 'metal', 'alternative', 'nu-metal', 'american', 'post-grunge', 'reggaeton']",nu metal,NM,,,,,True,False
1112904,David Bisbal,Esclavo De Sus Besos,9,1596,03/08/09,2009,2000,Sin Mirar Atrás,España,hombre,"['pop', 'latin pop', 'davis bisbal', 'david bisbal', 'operacion triunfo', 'spanish pop']",pop,NM,0,0,0,N,False,True
1113918,David Bisbal,Corazón Latino,8,1126,,2002,2000,Corazón Latino,España,hombre,"['pop', 'latin pop', 'davis bisbal', 'david bisbal', 'operacion triunfo', 'spanish pop']",pop,NM,,,,,True,False
11140605,Quevedo,NOEMÚ,6,2004,22/11/24,2024,2020,BUENAS NOCHES,España,hombre,"['reggaeton', 'rap', 'hip-hop', 'hip hop', 'dance pop']",reggaeton,NM,,,,,True,False
11140608,Quevedo,CHAPIADORA.COM,7,2421,22/11/24,2024,2020,BUENAS NOCHES,España,hombre,"['reggaeton', 'rap', 'hip-hop', 'hip hop', 'dance pop']",reggaeton,M,1,1,1,Y,False,True
11141210,Tokischa & Nathy Peluso,DE MARAVISHA,9,2453,12/12/24,2024,2020,De maravisha,República Dominicana,mujer,"['reggaeton', 'rap', 'dembow', 'dominican', 'trap', 'neoperreo', 'hip-hop', 'pop rap', 'trap latino']",reggaeton,M,1,0,0,N,False,True
11141323,Quevedo,BUENAS NOCHES,6,2903,22/11/24,2024,2020,BUENAS NOCHES,España,hombre,"['reggaeton', 'rap', 'hip-hop', 'hip hop', 'dance pop']",reggaeton,NM,0,0,0,N,False,True
11162818,Aissa & La Pantera,Desde los 15,8,2223,29/11/24,2024,2020,EstaPasandoBB,España,hombre,"['bro is trying so hard', 'grima']",bro is trying so hard,M,1,1,1,Y,True,False
1117645,Vilma Palma e Vampiros,Voy A Vos,9,1175,,1994,1990,Fondo profundo,Argentina,grupo,"['rock en espanol', 'rock', 'pachanga', 'rock argentino', 'rock en español', 'pop', 'latin rock']",rock en espanol,NM,,,,,True,False
1118320,Café Tacvba,Déjate Caer,9,698,29/10/02,2002,2000,Vale Callampa - EP,México,grupo,"['alternative rock', 'rock', 'rock en espanol', 'rock en español', 'latin rock', 'folk']",alternative rock,NM,0,0,0,N,False,True
11197347,Alicia Villarreal,El Gavilán Pollero,8,1304,06/12/24,2024,2020,Donde Todo Comenzó,México,hombre,"['alicia villarreal', 'ranchera', 'nortenas', 'alternative rock']",alicia villarreal,NM,,,,,True,False
11207228,Quevedo,7 / Guayar con cualquiera,7,2570,07/07/24,2024,2020,7 7 2007,México,grupo,"['reggaeton', 'rap', 'hip-hop', 'hip hop', 'dance pop']",reggaeton,M,1,0,1,Y,True,False
1122101,Jarabe de Palo,Agua,8,716,,1998,1990,Depende,España,grupo,"['rock', 'pop', 'spanish pop', 'latin rock', 'rock en espanol', 'jarabe de palo', 'barcelona', 'pop rock']",rock,NM,,,,,True,False
1122210,Héroes Del Silencio,Morir Todavía,5,668,18/09/95,1995,1990,Avalancha,España,grupo,"['rock', 'spanish rock', 'hard rock', 'rock en espanol', 'gothic rock', 'rock en español', 'alternative rock', 'rock español']",rock,NM,,,,,True,False
1122520,Rocío Jurado,Amores a solas,6,752,,1979,1970,Señora,España,mujer,"['pop', 'flamenco', 'copla', 'female vocalist', 'world', 'oldies']",pop,NM,0,0,0,N,False,True
11225774,Anyone/Cualkiera (Ft. KID Sanchez),El Garage,3,868,24/05/23,2023,2020,Go Die,España,hombre,"['rock', 'need to rate', 'maximum acid', 'psychedelic rock', 'space rock', 'stoner rock', 'alternative', 'alternative metal', 'alternative rock', 'symphonic prog']",rock,NM,,,,,True,False
1122734,Soda Stereo,Si No Fuera Por...,6,1069,21/11/85,1985,1980,Nada Personal,Argentina,grupo,"['rock argentino', 'rock', 'rock en espanol', 'new wave', 'alternative rock', 'rock en español', 'shoegaze', 'soda stereo']",rock argentino,NM,,,,,True,False
11228038,Aitana & Myke Towers,SENTIMIENTO NATURAL,5,2099,14/03/25,2025,2020,CUARTO AZUL,España,mujer,"['pop', 'rock', 'pop rock', 'latin pop', 'trash pop', 'electro-pop', 'electropop', 'female vocals', '2020s']",pop,NM,,,,,True,False
1122914,Los Rodríguez,Mr. Jones,5,804,21/05/92,1992,1990,Disco Pirata,España,grupo,"['rock argentino', 'rock', 'rock en espanol', 'spanish rock', 'rock en español', 'pop']",rock argentino,M,0,1,1,Y,True,False
11229792,El Makabelico & Luis R Conriquez (Ft. El Makabelico (Comando Exclusivo) & Luis R Conriquez),Mal Portado,20,3740,29/11/24,2024,2020,"Corridos Bélicos, Vol IV (Versión Deluxe)",México,hombre,"['gangsta rap', 'underground hip hop', 'narcorap', 'rap malandro', 'corrido', 'regional mexicano', 'corrido belico', 'sierreño']",gangsta rap,M,1,0,0,N,True,False
11232620,HOKE & Quevedo,ABC,5,2897,18/12/24,2024,2020,TRES CREUS,España,hombre,"['hip hop', 'rap', 'spanish hip hop', 'spanish rap', 'spanish hip-hop']",hip hop,NM,,,,,True,False
1124486,Rocío Jurado,Cuchillo y espada,6,1285,,1971,1970,Rocío Jurado (Un clavel),España,mujer,"['pop', 'flamenco', 'copla', 'female vocalist', 'world', 'oldies']",pop,NM,0,0,0,N,False,True
11248367,Bustamante,Calma,6,923,24/10/24,2024,2020,INÉDITO,España,hombre,"['pop', 'operacion triunfo', 'latin pop', 'need to rate', 'david bustamante']",pop,NM,,,,,True,False
11265918,Myke Towers,LA FUNDA,7,2493,24/12/24,2024,2020,LYKE MIIKE,Puerto Rico,hombre,"['reggaeton', 'trap', 'rap', 'hip hop', 'hip-hop', 'latin rap', 'dancehall', 'pop rap', 'latin urban', 'trap latino']",reggaeton,M,1,0,1,Y,True,False
11265922,Myke Towers,NO ME DEJO VER,4,1744,24/12/24,2024,2020,LYKE MIIKE,Puerto Rico,hombre,"['reggaeton', 'trap', 'rap', 'hip hop', 'hip-hop', 'latin rap', 'dancehall', 'pop rap', 'latin urban', 'trap latino']",reggaeton,M,1,0,1,Y,True,False
1127127,Rocío Jurado,Viva el pasodoble,3,569,,1991,1990,Sevilla,España,mujer,"['pop', 'flamenco', 'copla', 'female vocalist', 'world', 'oldies']",pop,NM,,,,,True,False
11278950,Emkal,✪ Ego,10,2270,03/01/25,2025,2020,COSMOS,Francia,hombre,"['france', 'hip hop']",france,M,0,0,1,Y,True,False
11299107,"Guardianes Del Amor (Ft. El Mimoso Luis Antonio López & Gerardo ""Quirri"" Padilla)","El Perro, El Gato Y Yo - En Vivo",10,1153,11/02/22,2022,2020,XXX Años (En Vivo),México,grupo,"['classical', 'composer', 'baroque', 'italian', 'european', 'opera', 'concerto', 'italian composer', 'choral', 'chamber music', 'wiener akademie', 'western classical music', 'sinfonia', 'church music', 'i grandi concerti', 'musica classica', 'mallon', 'orlado furioso', ""l' olimpiade"", 'flute sonata', 'production music', 'orlando furioso spinosi']",classical,NM,,,,,True,False
11303299,Álvaro Carrillo,La Mentira,5,698,01/01/69,1969,1960,Los Éxitos de Alvaro Carrillo,México,hombre,['death by automobile'],death by automobile,NM,,,,,True,False
1130863,David Bisbal,Mi Princesa,9,1715,,2009,2000,Sin Mirar Atrás (Sin Mirar Atrás Tour Edition),España,hombre,"['pop', 'latin pop', 'davis bisbal', 'david bisbal', 'operacion triunfo', 'spanish pop']",pop,NM,,,,,True,False
11316724,Alex Bueno,Con El Alma Desnuda,9,1588,,2002,2000,Pídeme,República Dominicana,hombre,"['bachata', 'salsa', 'dominican', 'merengue', 'recuerdo', 'romantica', 'alex bueno']",bachata,M,0,1,0,N,True,False
1132094,Mecano,Las curvas de esa chica,7,1231,17/06/86,1986,1980,Entre el cielo y el suelo,España,grupo,"['pop', 'spanish pop', 'post-punk', 'new wave', 'mecano', 'synthpop']",pop,M,1,0,0,N,True,False
11321327,Yarea,Noviembre,6,788,15/11/24,2024,2020,involuntario,España,mujer,"['pop', 'spanish pop']",pop,NM,0,0,0,N,False,True
1132996,Juanes,Es Por Ti,12,1332,,2002,2000,Un Día Normal,Colombia,hombre,"['pop', 'rock', 'latin pop', 'juanes', 'pop rock', 'latin rock']",pop,NM,,,,,True,False
1133065,Héroes Del Silencio,Maldito Duende,7,1063,04/12/90,1990,1990,Senderos de Traición,España,grupo,"['rock', 'spanish rock', 'hard rock', 'rock en espanol', 'gothic rock', 'rock en español', 'alternative rock', 'rock español']",rock,NM,,,,,True,False
11341111,Los Tigrillos (Ft. Tropical Panamá),La Fiera,9,930,28/07/17,2017,2010,Los Grandes del Baile,México,grupo,['norteño'],norteño,M,0,0,1,Y,True,False
1134508,Héroes Del Silencio,Parasiempre,7,791,18/09/95,1995,1990,Avalancha,España,grupo,"['rock', 'spanish rock', 'hard rock', 'rock en espanol', 'gothic rock', 'rock en español', 'alternative rock', 'rock español']",rock,M,0,0,1,N,True,False
11350178,La Pantera & Dj Conjurer,RATAS,10,3045,12/06/24,2024,2020,Cambio,España,mujer,"['groove metal', 'heavy metal', 'thrash metal', 'metal', 'glam metal', 'southern metal', 'american', 'nu metal', 'power metal', 'hardcore punk', 'glam', 'dance and electronica', 'trash speed metal', 'estados unidos']",groove metal,M,1,0,0,N,True,False
11353993,Aitana,SEGUNDO INTENTO,8,1242,24/01/25,2025,2020,CUARTO AZUL,España,mujer,"['pop', 'rock', 'pop rock', 'latin pop', 'trash pop', 'electro-pop']",pop,NM,,,,,True,False
1136105,Mecano,"El uno, el dos, el tres",5,1171,,1991,1990,Aidalai,España,grupo,"['pop', 'spanish pop', 'post-punk', 'new wave', 'mecano', 'synthpop']",pop,NM,,,,,True,False
1136288,Thalía,Marimar,6,552,16/05/94,1994,1990,Nandito Ako,México,mujer,"['pop', 'latin pop', 'dance', 'thalia', 'sexy']",pop,NM,,,,,True,False
1136508,Molotov,Rastaman-Dita,10,3481,14/09/99,1999,1990,Apocalypshit,México,grupo,"['rapcore', 'alternative', 'rock', 'alternative rock', 'crossover', 'hip-hop', 'rap', 'comedy rock', 'funk rock', 'hip hop', 'nu metal', 'rap metal', 'rap rock']",rapcore,M,1,1,0,Y,True,False
11373644,Rangy (Ft. Tiago (MEX)),Altata,3,578,25/07/24,2024,2020,Sintomas - EP,México,grupo,['corridos tumbados'],corridos tumbados,NM,,,,,True,False
1137550,Héroes Del Silencio,...Y Para Siempre,6,853,28/07/98,1998,1990,Rarezas,España,grupo,"['rock', 'spanish rock', 'hard rock', 'rock en espanol', 'gothic rock', 'rock en español', 'alternative rock', 'rock español']",rock,NM,,,,,True,False
1137863,Rocío Jurado,El tarantán,7,1165,,1990,1990,Nueva Navidad,España,mujer,"['pop', 'flamenco', 'copla', 'female vocalist', 'world', 'oldies']",pop,NM,,,,,True,False
1141441,Panteón Rococó,Toloache Pa' Mi Negra,4,854,,1999,1990,A la izquierda de la Tierra,México,grupo,"['ska', 'reggae', 'mestizo', 'latin ska', 'ska punk', 'rock']",ska,NM,0,0,0,N,False,True
11417301,Aitana,6 DE FEBRERO,8,1230,06/05/25,2025,2020,CUARTO AZUL,España,mujer,"['pop', 'rock', 'pop rock', 'latin pop', 'trash pop', 'electro-pop']",pop,NM,,,,,True,False
11419126,"ORO600, Pablo Chill-E, Duki & Quevedo",Nena Sad Remix,8,3334,23/04/25,2025,2020,Nena Sad Remix,España,hombre,"['duo', 'producer']",duo,M,1,1,1,Y,True,False
11438397,"EAZYBOI, La Pantera & Bigla The Kid",YA NO,5,2261,11/02/25,2025,2020,ASCARI,España,hombre,"['rap', 'hip hop', 'hip-hop', 'trap', 'spanish rap', 'spanish hip-hop', 'spanish hip hop']",rap,M,1,0,1,Y,True,False
11438785,Phuyu y la Fantasma,Quisiera Ser Como El Cactus,4,427,09/10/20,2020,2020,El Patio de los Calla’os,Chile,grupo,"['rock', 'garage rock', 'experimental', 'cueca', 'math rock', 'art rock', 'bass', 'guitar', 'anticueca', 'folk', 'indie']",rock,NM,0,0,0,N,False,True
1144153,RBD,Sólo Quédate en Silencio,11,1183,02/12/04,2004,2000,Rebelde,México,grupo,"['pop', 'latin pop', 'rbd', 'rebelde', 'pop rock', 'teen pop']",pop,NM,,,,,True,False
11446415,Tito Double P,CORAZON PARTÍO (Apple Music Sessions),7,1550,06/02/25,2025,2020,Apple Music Session: Tito Double P,México,hombre,"['corridos', 'noise', 'dembow', 'enjambre', 'regional mexicano', 'corrido']",corridos,NM,0,0,0,N,False,True
11461048,Mda,pesadilla antes de una vida,5,1936,12/02/25,2025,2020,/\/\olly \/\/orld,España,hombre,"['swedish', 'electronic', 'rave', '2', 'trap', 'hyperpop', 'nu rave', 'twittercore']",swedish,M,1,1,1,Y,False,True
1147092,Héctor Lavoe,La Fama,5,1670,,1985,1980,Reventó,Puerto Rico,hombre,"['salsa', 'fania', 'chill906', 'lounge', 'indie', 'electronica', 'classic', 'hip-hop', 'bolero']",salsa,NM,,,,,True,False
1147560,Julio Iglesias,Quiero,6,937,,1997,1990,El Amor,España,hombre,"['pop', 'julio iglesias', 'latin pop', 'romantic', 'easy listening', 'tango']",pop,NM,0,0,0,N,False,True
1148254,Melendi,Mi Rumbita Pa' Tus Pies,5,1737,12/07/03,2003,2000,Sin noticias de Holanda,España,hombre,"['pop', 'flamenco', 'new flamenco', 'rumba', 'melendi', 'rock']",pop,NM,,,,,True,False
1149920,Frankie Ruiz,La Rueda,9,1929,,2008,2000,Reencuentro,Estados Unidos,hombre,"['salsa', 'frankie ruiz', 'salsa boricua', 'latin jazz', 'best salsa', 'franquie ruiz', 'tropicania', 'salsa romantica', 'salsa romántica']",salsa,M,1,0,0,N,True,False
1150718,Rocío Jurado,Huapango Torero,6,1056,,2003,2000,Yerbabuena y nopal,España,mujer,"['pop', 'flamenco', 'copla', 'female vocalist', 'world', 'oldies']",pop,NM,,,,,True,False
1151362,Estopa,Como Camarón,9,2293,18/10/99,1999,1990,Estopa,España,grupo,"['flamenco', 'pop', 'rock', 'rumba', 'estopa', 'pop rock']",flamenco,NM,,,,,True,False
1152038,Los Enanitos Verdes,Dale Pascual,9,815,09/07/96,1996,1990,Guerra Gaucha,Argentina,grupo,"['rock en espanol', 'rock', 'rock argentino', 'latin rock', 'rock en español', 'enanitos verdes', 'argentinian', 'pop rock']",rock en espanol,NM,0,0,0,N,False,True
11523714,La Pantera,QUE HAGO,11,2254,27/03/25,2025,2020,[LIFE LATELY]*,España,hombre,"['groove metal', 'heavy metal', 'thrash metal', 'metal', 'glam metal', 'southern metal', 'american', 'nu metal', 'power metal', 'hardcore punk', 'glam', 'dance and electronica', 'trash speed metal', 'estados unidos']",groove metal,M,0,0,1,N,True,False
1154912,Maná,Mariposa Traicionera,9,1077,20/08/02,2002,2000,Revolución de amor,México,grupo,"['rock', 'latin rock', 'rock en espanol', 'rock en español', 'mana', 'pop', 'pop rock', 'latin pop']",rock,M,1,0,1,Y,True,False
11561581,Zeballos & Natos y Waor,BULLSHIT 3,6,4492,06/03/25,2025,2020,Mal de amores,España,grupo,"['rap', 'white rapper']",rap,M,1,0,0,N,True,False
1156859,Hombres G,Huellas En La Bajamar,7,829,,1987,1980,Estamos Locos... ¿O qué?,España,grupo,"['rock', 'rock en espanol', 'pop', 'spanish rock', 'rock en español', 'pop rock', 'spanish pop']",rock,NM,,,,,True,False
1159167,Armando Manzanero,No sé tú,4,574,,1995,1990,De la A a la Z,México,hombre,"['bolero', 'armando manzanero', 'boleros', 'pop', 'world', 'latin pop']",bolero,NM,,,,,True,False
1159488,Aterciopelados,Baracunatana,7,1059,,1995,1990,La pipa de la paz,Colombia,grupo,"['rock', 'rock en espanol', 'rock en español', 'rock colombiano', 'latin rock', 'alternative rock']",rock,M,0,0,1,Y,True,False
1160231,Molotov,Quítate Que Ma'sturbas (Perra Arrabalera),12,3294,11/03/97,1997,1990,¿Dónde Jugarán Las Niñas?,México,grupo,"['rapcore', 'alternative', 'rock', 'alternative rock', 'crossover', 'hip-hop', 'rap', 'comedy rock', 'funk rock', 'hip hop', 'nu metal', 'rap metal', 'rap rock']",rapcore,M,1,0,1,Y,True,False
1160471,Hombres G,Un Par de Palabras,5,723,28/04/85,1985,1980,La Cagaste... Burt Lancaster,España,grupo,"['rock', 'rock en espanol', 'pop', 'spanish rock', 'rock en español', 'pop rock', 'spanish pop']",rock,NM,,,,,True,False
11614978,Lola Indigo,SIN AUTOTUNE,7,1206,28/03/25,2025,2020,NAVE DRAGÓN,España,mujer,"['pop', 'dance', 'latin pop', 'reggaeton', 'lola indigo', 'brazilian funk', 'upcoming album 2023']",pop,M,1,0,0,N,True,False
11622161,Lola Indigo,MI COLETA,8,2598,28/03/25,2025,2020,NAVE DRAGÓN,España,mujer,"['pop', 'dance', 'latin pop', 'reggaeton', 'lola indigo', 'brazilian funk', 'upcoming album 2023']",pop,M,1,1,0,N,True,False
1162447,Bersuit Vergarabat,Se Viene,9,1345,,1998,1990,Libertinaje,Argentina,grupo,"['rock argentino', 'rock', 'rock argento', 'bersuit', 'rock en español', 'bersuit vergarabat', 'latin rock', 'cumbia', 'alternative rock']",rock argentino,NM,0,0,0,N,False,True
11627859,Lola Indigo & Kidd Voodoo,Q SOMOS?,11,2470,28/03/25,2025,2020,NAVE DRAGÓN,España,mujer,"['pop', 'dance', 'latin pop', 'reggaeton', 'lola indigo', 'brazilian funk', 'upcoming album 2023', 'electropop', 'dance-pop', 'funk carioca']",pop,NM,,,,,True,False
1163145,Paolo Meneguzzi,Que Clase De Hombre,7,1227,,1998,1990,Paolo,CH,hombre,"['italian', 'pop', 'swiss', 'eurovision', 'switzerland', 'romantic', 'italiano', 'svizzera', 'latin ballad']",italian,NM,,,,,True,False
1164344,Mecano,Sólo soy una persona,5,919,,1982,1980,Mecano,España,grupo,"['pop', 'spanish pop', 'post-punk', 'new wave', 'mecano', 'synthpop']",pop,NM,0,0,0,N,False,True
11649940,Lola Indigo,YO TE LLEVO,9,2110,28/03/25,2025,2020,NAVE DRAGÓN,España,mujer,"['pop', 'dance', 'latin pop', 'reggaeton', 'lola indigo', 'brazilian funk', 'upcoming album 2023']",pop,NM,,,,,True,False
1165045,Mecano,El 7 de Septiembre,5,736,,1992,1990,Aidalai,España,grupo,"['pop', 'spanish pop', 'post-punk', 'new wave', 'mecano', 'synthpop']",pop,NM,,,,,True,False
11660633,Eladio Carrión & Quevedo,Romeo y Julieta,9,2489,03/04/25,2025,2020,DON KBRN,Puerto Rico,hombre,"['pop', 'latin pop', 'hip hop', 'reggaeton', 'trap latino']",pop,M,1,1,0,Y,False,True
11667460,Lola Indigo,MOJA1TA,6,1316,13/06/25,2025,2020,NAVE DRAGÓN,España,mujer,"['pop', 'dance', 'latin pop', 'reggaeton', 'lola indigo', 'brazilian funk', 'upcoming album 2023']",pop,M,1,0,0,N,True,False
1168717,Grupo Niche,Se Pareció Tanto a Ti,9,1687,20/12/90,1990,1990,The Best,Colombia,grupo,"['salsa', 'cumbia', 'grupo niche', 'tropical', 'salsa romantica', 'cali', 'niche']",salsa,NM,,,,,True,False
1168920,Reyli,Qué Nos Pasó?,7,961,12/05/09,2009,2000,Qué Vueltas da la Vida,México,hombre,"['latin pop', 'pop', 'latin rock', 'mexicano']",latin pop,NM,,,,,True,False
1169054,Mecano,Cruz de navajas,11,1328,28/07/86,1986,1980,Entre el cielo y el suelo,España,grupo,"['pop', 'spanish pop', 'post-punk', 'new wave', 'mecano', 'synthpop']",pop,NM,,,,,True,False
1170347,Sôber,Arrepentido,6,645,,2002,2000,Paradÿsso,España,grupo,"['alternative rock', 'metal', 'rock', 'spanish metal', 'alternative metal', 'hard rock', 'spanish rock', 'alternative']",alternative rock,NM,0,0,0,N,False,True
1171105,Estopa,Vacaciones,7,2339,16/11/05,2005,2000,Voces de Ultrarumba,España,grupo,"['flamenco', 'pop', 'rock', 'rumba', 'estopa', 'pop rock']",flamenco,NM,,,,,True,False
1171663,Azúcar Moreno,Yo Vendo Unos Ojos Negros,6,1003,,1992,1990,Ojos negros,España,grupo,"['pop', 'eurovision', 'flamenco', 'dance', 'duos', 'espagnol']",pop,NM,0,0,0,N,False,True
11717791,Javy Hustle & La Pantera,LA CONE EN PR,4,1473,11/04/25,2025,2020,"LA GANGA DEL JOSEO, Vol. 1",España,hombre,['reggaeton'],reggaeton,M,1,0,1,Y,True,False
1172254,Los Invasores de Nuevo Leon,A Mi Que Me Quedo,9,907,,1997,1990,Vuelvo Contigo,México,grupo,"['norteño', 'cumbia', 'corridos', 'corrido', 'regional mexican', 'regional mexicano']",norteño,NM,,,,,True,False
1173864,Melendi,Caminando por la vida,7,2131,25/04/05,2005,2000,Que El Cielo Espere Sentao..,España,hombre,"['pop', 'flamenco', 'new flamenco', 'rumba', 'melendi', 'rock']",pop,NM,,,,,True,False
1175532,Azúcar Moreno,Devórame Otra Vez,5,1062,,2006,2000,Bailando Con Lola,España,grupo,"['pop', 'eurovision', 'flamenco', 'dance', 'duos', 'espagnol']",pop,NM,,,,,True,False
1176137,Conjunto Primavera,Te Lloré,9,721,,2007,2000,Que ganas de volver,México,grupo,"['conjunto primavera', 'conjunto prinavera', 'banda', 'marco antonio solis', 'norteño', 'accordion', 'conjunto']",conjunto primavera,NM,,,,,True,False
1176183,Los Tigres Del Norte,Directo al Corazón,10,1169,,2005,2000,Directo al Corazón,Estados Unidos,grupo,"['norteño', 'corridos', 'folk', 'los tigres del norte', 'el nino y la boda', 'contrabando y traicion']",norteño,NM,,,,,True,False
1178005,Michael Stuart,Nido de amor,8,1653,,2010,2010,Salsa: Un Homenaje a El Gran Combo,Estados Unidos,hombre,"['salsa', 'brazilian', 'male vocal', 'latin pop']",salsa,NM,,,,,True,False
1178331,Ha-Ash,Impermeable,9,1818,21/03/11,2011,2010,A Tiempo,México,grupo,"['latin pop', 'pop', 'ha-ash', 'country pop', 'folk pop', 'latin rock']",latin pop,NM,,,,,True,False
1179790,Los Prisioneros,Corazones Rojos,9,1669,20/05/90,1990,1990,Corazones,Chile,grupo,"['rock', 'rock chileno', 'new wave', 'synthpop', 'rock en espanol', 'post-punk', 'pop rock', 'pop']",rock,M,1,0,1,Y,True,False
1182688,Los Rodríguez,Sábado a la Noche (En Vivo 1992),7,1426,21/05/92,1992,1990,Disco Pirata,España,grupo,"['rock argentino', 'rock', 'rock en espanol', 'spanish rock', 'rock en español', 'pop']",rock argentino,NM,,,,,True,False
11828411,Lucho RK & Quevedo,GUAYA,9,2998,08/05/25,2025,2020,GUAYA,España,hombre,"['canarias', 'urban']",canarias,M,1,0,0,N,True,False
1183273,Julio Iglesias,Me Olvide De Vivir,6,1236,25/09/78,1978,1970,Emociones,España,hombre,"['pop', 'julio iglesias', 'latin pop', 'romantic', 'easy listening', 'tango']",pop,NM,,,,,True,False
11835532,"Maria Becerra, Paulo Londra & XROSS",RAMEN PARA DOS,10,2861,08/05/25,2025,2020,QUIMERA,Argentina,mujer,"['reggaeton', 'dancehall', 'pop', 'trap', 'argentinian', 'sieb', 'maria becerra', 'm', 'trap latino']",reggaeton,M,0,1,1,Y,True,False
11840010,"Georgia Scott, La Pantera & AMEX",XMEN,7,1607,09/05/25,2025,2020,I Beg to Differ,Estados Unidos,grupo,"['boom bap', 'chillwave', 'downtempo', 'hip hop', 'instrumental', 'instrumental hip hop', 'lo-fi', 'lo-fi hip hop', 'ambient', 'drone', 'dark ambient', 'field recordings']",boom bap,M,1,1,0,Y,False,True
11847643,Aitana,MÚSICA EN EL CIELO,5,990,30/05/25,2025,2020,CUARTO AZUL,España,mujer,"['pop', 'rock', 'pop rock', 'latin pop', 'trash pop', 'electro-pop']",pop,NM,,,,,True,False
11847655,Aitana & Jay Wheeler,DUELE UN MONTÓN DESPEDIRME DE TI,7,1454,30/05/25,2025,2020,CUARTO AZUL,España,mujer,"['pop', 'rock', 'pop rock', 'latin pop', 'trash pop', 'electro-pop', 'electropop', 'female vocals', '2020s']",pop,NM,,,,,True,False
11847671,Aitana,CUARTO AZUL,7,1502,30/05/25,2025,2020,CUARTO AZUL,España,mujer,"['pop', 'rock', 'pop rock', 'latin pop', 'trash pop', 'electro-pop']",pop,NM,,,,,True,False
11847675,Aitana & Ela Taubert,¿PARA QUÉ VOLVER?,6,1112,30/05/25,2025,2020,CUARTO AZUL,España,mujer,"['pop', 'rock', 'pop rock', 'latin pop', 'trash pop', 'electro-pop', 'electropop', 'female vocals', '2020s']",pop,NM,,,,,True,False
11847678,Aitana & Barry B,TRANKIS,5,1329,30/05/25,2025,2020,CUARTO AZUL,España,mujer,"['pop', 'rock', 'pop rock', 'latin pop', 'trash pop', 'electro-pop', 'electropop', 'female vocals', '2020s']",pop,NM,,,,,True,False
11847690,Aitana,DESDE QUE YA NO HABLAMOS,6,1635,30/05/25,2025,2020,CUARTO AZUL,España,mujer,"['pop', 'rock', 'pop rock', 'latin pop', 'trash pop', 'electro-pop']",pop,NM,,,,,True,False
11847700,Aitana,CUANDO HABLES CON ÉL,4,1447,30/05/25,2025,2020,CUARTO AZUL,España,mujer,"['pop', 'rock', 'pop rock', 'latin pop', 'trash pop', 'electro-pop']",pop,NM,,,,,True,False
11847816,Aitana & Kenia OS,EX EX EX,6,1635,30/05/25,2025,2020,CUARTO AZUL,España,mujer,"['pop', 'rock', 'pop rock', 'latin pop', 'trash pop', 'electro-pop', 'electropop', 'female vocals', '2020s']",pop,M,1,0,0,N,True,False
11847830,Aitana & Fangoria,LA CHICA PERFECTA,7,1855,30/05/25,2025,2020,CUARTO AZUL,España,mujer,"['pop', 'rock', 'pop rock', 'latin pop', 'trash pop', 'electro-pop', 'electropop', 'female vocals', '2020s']",pop,NM,,,,,True,False
1185408,Los Bukis,Tu Cárcel,6,1005,,1987,1980,Me Volví a Acordar De Ti,México,grupo,"['los bukis', 'romantica', 'mariachi', 'conjunto primavera', 'marco antonio solis']",los bukis,NM,,,,,True,False
11858484,La Pantera,GOUT,7,1898,14/05/25,2025,2020,[LIFE LATELY]*,España,hombre,"['groove metal', 'heavy metal', 'thrash metal', 'metal', 'glam metal', 'southern metal', 'american', 'nu metal', 'power metal', 'hardcore punk', 'glam', 'dance and electronica', 'trash speed metal', 'estados unidos']",groove metal,M,1,1,1,N,True,False
1186496,David Bisbal,Esta Ausencia,6,1331,08/11/04,2004,2000,Condenado a tu amor,España,hombre,"['pop', 'latin pop', 'davis bisbal', 'david bisbal', 'operacion triunfo', 'spanish pop']",pop,NM,,,,,True,False
11868636,Aitana,EN EL CENTRO DE LA CAMA,8,1714,30/05/25,2025,2020,CUARTO AZUL,España,mujer,"['pop', 'rock', 'pop rock', 'latin pop', 'trash pop', 'electro-pop']",pop,NM,,,,,True,False
11868637,Aitana,CONEXIÓN PSÍQUICA,8,1882,30/05/25,2025,2020,CUARTO AZUL,España,mujer,"['pop', 'rock', 'pop rock', 'latin pop', 'trash pop', 'electro-pop']",pop,NM,,,,,True,False
11868638,Aitana,SUPERESTRELLA,8,1386,30/05/25,2025,2020,CUARTO AZUL,España,mujer,"['pop', 'rock', 'pop rock', 'latin pop', 'trash pop', 'electro-pop']",pop,NM,,,,,True,False
11868639,Aitana,LIA,8,1409,30/05/25,2025,2020,CUARTO AZUL,España,mujer,"['pop', 'rock', 'pop rock', 'latin pop', 'trash pop', 'electro-pop']",pop,M,1,0,1,Y,False,True
1187006,Emmanuel,Este Terco Corazón,6,1343,,1990,1990,Íntimamente...,México,hombre,"['emmanuel', 'techno', 'pop', 'electronic', 'minimal', 'minimal techno', 'latin pop', 'latin ballad', 'canción melódica']",emmanuel,M,0,1,0,N,False,True
11878429,Alejandro Sanz & Shakira,Bésame,12,1862,23/05/25,2025,2020,¿Y ahora qué +?,España,hombre,"['pop', 'latin pop', 'alejandro sanz', 'romantic', 'balada romántica', 'flamenco pop', 'rock', 'soft rock']",pop,NM,0,0,0,N,False,True
11878577,Alejandro Sanz,El vino de tu boca,4,1079,23/05/25,2025,2020,¿Y ahora qué +?,España,hombre,"['pop', 'latin pop', 'alejandro sanz', 'romantic', 'balada romántica', 'flamenco pop', 'rock', 'soft rock']",pop,NM,,,,,True,False
1188536,Siniestro Total,Ponte en mi lugar,11,1321,,1982,1980,¿Cuándo se come aquí?,España,grupo,"['punk', 'punk rock', 'rock', 'spanish rock', 'galiza', 'galician', 'vigo']",punk,M,1,0,1,Y,True,False
1188669,Siniestro Total,Hoy voy a asesinarte,10,1180,,1982,1980,¿Cuándo se come aquí?,España,grupo,"['punk', 'punk rock', 'rock', 'spanish rock', 'galiza', 'galician', 'vigo']",punk,M,1,1,1,Y,True,False
11888459,Mora & C. Tangana,DROGA,9,2299,18/05/25,2025,2020,LO MISMO DE SIEMPRE,Puerto Rico,hombre,"['noise', 'reggaeton', 'trap', 'progressive metalcore', 'goth', 'urban', 'atmospheric black metal', 'drone', 'trap latino', 'pop rock', ""children's music""]",noise,M,1,1,0,N,True,False
1189237,Melendi,Barbie De Extrarradio,8,1658,02/11/10,2010,2010,Volvamos a empezar,España,hombre,"['pop', 'flamenco', 'new flamenco', 'rumba', 'melendi', 'rock']",pop,NM,,,,,True,False
1190408,Los Rodríguez,Todavía Una Canción De Amor,5,1402,24/04/95,1995,1990,"Palabras Más, Palabras Menos",España,grupo,"['rock argentino', 'rock', 'rock en espanol', 'spanish rock', 'rock en español', 'pop']",rock argentino,NM,,,,,True,False
1192535,Nicky Jam,Chambonea,10,2101,23/11/04,2004,2000,Vida Escante,Puerto Rico,hombre,"['reggaeton', 'pop', 'nicky jam', 'oldies', 'rock and roll', 'mierda', 'puerto rico music']",reggaeton,M,1,1,0,Y,True,False
1192916,Jaguares,Quisiera Ser Alcohol,5,613,22/10/02,2002,2000,Bajo el azul de tu misterio,México,grupo,"['rock en espanol', 'rock', 'rock en español', 'latin rock', 'alternative rock', 'jaguares', 'rock mexicano']",rock en espanol,NM,,,,,True,False
1192924,La Vela Puerca,El Cantador,7,1440,,2005,2000,Normalmente Anormal,Uruguay,grupo,"['ska', 'rock', 'ska rock', 'ska punk', 'rock uruguayo', 'uruguayan', 'la vela puerca']",ska,NM,,,,,True,False
11933976,Myke Towers & Quevedo,SOLEAO,7,2317,29/05/25,2025,2020,ISLAND BOYZ,Puerto Rico,hombre,"['reggaeton', 'trap', 'rap', 'hip hop', 'hip-hop', 'latin rap', 'dancehall', 'pop rap', 'latin urban', 'trap latino']",reggaeton,M,1,0,0,Y,True,False
1193621,RBD,Enséñame,8,1365,30/11/04,2004,2000,Rebelde,México,grupo,"['pop', 'latin pop', 'rbd', 'rebelde', 'pop rock', 'teen pop']",pop,NM,,,,,True,False
1194525,Rocío Jurado,Déjala correr,8,1515,,2004,2000,Señora (La antología completa de sus grandes canciones),España,mujer,"['pop', 'flamenco', 'copla', 'female vocalist', 'world', 'oldies']",pop,NM,,,,,True,False
1197659,Héroes Del Silencio,"¡Rueda, Fortuna!",5,682,18/09/95,1995,1990,Avalancha,España,grupo,"['rock', 'spanish rock', 'hard rock', 'rock en espanol', 'gothic rock', 'rock en español', 'alternative rock', 'rock español']",rock,NM,,,,,True,False
1197679,La Arrolladora Banda El Limón De René Camacho,Ya Es Muy Tarde,11,1380,,2013,2010,Mas adelante,México,grupo,"['arrolladora', 'arrolladora limon', 'banda el limon', 'banda sinaloense', 'la arrolladora', 'limon', 'regional mexicano']",arrolladora,NM,0,0,0,N,False,True
11995692,"Ovy On The Drums, Quevedo & Beéle",YO y TÚ,8,2255,11/06/25,2025,2020,YO y TÚ,Colombia,hombre,"['reggaeton', 'hip-hop', 'corridos tumbados']",reggaeton,M,1,1,0,N,True,False
1200439,Héroes Del Silencio,La Chispa Adecuada (bendecida tres),5,971,18/09/95,1995,1990,Para siempre,España,grupo,"['rock', 'spanish rock', 'hard rock', 'rock en espanol', 'gothic rock', 'rock en español', 'alternative rock', 'rock español']",rock,NM,,,,,True,False
1200494,Los Enanitos Verdes,La Muralla Verde,6,709,02/09/86,1986,1980,Contrareloj,Argentina,grupo,"['rock en espanol', 'rock', 'rock argentino', 'latin rock', 'rock en español', 'enanitos verdes', 'argentinian', 'pop rock']",rock en espanol,NM,,,,,True,False
12007786,Mentiras: La Serie & Mariana Treviño,Pobre Secretaria,4,1373,04/06/25,2025,2020,Mentiras: La Serie,México,mujer,"['broadway', 'musical', 'princess of latin pop']",broadway,M,1,0,1,Y,False,True
1205760,Paulina Rubio,Lo Haré Por Ti,8,1940,11/01/00,2000,2000,Paulina,México,mujer,"['pop', 'paulina rubio', 'latin pop', 'dance', 'singer-songwritter', 'rock pop', 'dance-pop', 'electropop', 'pop rock', 'ranchera', 'trap', 'arena rock', 'cumbia', 'edm', 'folk', 'r&b', 'reggaeton', 'rock en espanol', 'synth-pop', 'techno', 'vallenato']",pop,NM,,,,,True,False
1206657,Niña Pastori,No Digas No,6,1006,,2011,2010,La Orilla de Mi Pelo,España,mujer,"['flamenco', 'nuevo flamenco', 'nina pastori', 'cantaora', 'gypsy', 'pop']",flamenco,NM,,,,,True,False
1207918,Azúcar Moreno,Azúcar Moreno,11,1442,,1984,1980,Con la miel en los labios,España,grupo,"['pop', 'eurovision', 'flamenco', 'dance', 'duos', 'espagnol']",pop,NM,,,,,True,False
12085844,La Pantera & Alejo,GATITA SEPHORA,10,2384,16/07/25,2025,2020,GATITA SHEPORA,España,hombre,"['groove metal', 'heavy metal', 'thrash metal', 'metal', 'glam metal', 'southern metal', 'american', 'nu metal', 'power metal', 'hardcore punk', 'glam', 'dance and electronica', 'trash speed metal', 'estados unidos']",groove metal,M,1,0,1,Y,True,False
1209166,Camilo Sesto,Vivir Así es Morir de Amor,7,1197,,1978,1970,Sentimientos,España,hombre,"['romantico', 'pop', 'pop espanol', 'camilo sesto', 'balada', 'camilo', 'canción melódica', 'latin ballad']",romantico,NM,,,,,True,False
1210583,Pedro Infante,La Traidora,4,611,,2011,2010,Puras pa llorar,México,hombre,"['ranchera', 'mariachi', 'pedro infante', 'world', 'guitar', 'global fusion', 'chill906', 'classic']",ranchera,M,0,1,1,Y,True,False
1210770,Pibes Chorros,Carolina,7,637,08/04/03,2003,2000,Criando Cuervos,Argentina,grupo,"['cumbia villera', 'cumbia', 'los pibes chorros', 'comedy', 'dance', 'salsa', 'cumbia argentina', 'lol']",cumbia villera,NM,,,,,True,False
12109172,Quevedo,TUCHAT,9,2834,07/07/25,2025,2020,TUCHAT,España,hombre,"['reggaeton', 'rap', 'hip-hop', 'hip hop', 'dance pop']",reggaeton,M,1,0,1,Y,False,True
1212015,Bertin Osborne,Era Bella,7,1106,,1982,1980,Como un vagabundo,España,hombre,"['espana', 'navidul', 'grupo1', 'madrid']",espana,NM,0,0,0,N,False,True
1212421,Moderatto,Sentimettal,14,1793,,2006,2000,¡GRRRR!,México,grupo,"['rock', 'rock en espanol', 'metal', 'brutal death metal', 'latin rock', 'glam metal', 'pop rock']",rock,NM,,,,,True,False
1213884,Marco Antonio Solís,O Me Voy O Te Vas,5,987,,2016,2010,Más De Mi Alma,México,hombre,"['marco antonio solis', 'romantica', 'pop', 'latin pop', 'juan gabiel', 'los bukis', 'ballad', 'ranchera']",marco antonio solis,NM,,,,,True,False
1218172,Laura Pausini,Víveme,8,1499,22/10/04,2004,2000,Escucha,Italia,mujer,"['pop', 'italian', 'italian pop', 'ballad', 'adult contemporary', 'soft rock', 'easy listening', 'chanson', 'europop', 'latin pop', 'simon and']",pop,NM,,,,,True,False
1218287,Timbiriche,Amame Hasta Con Los Dientes,8,913,,1999,1990,"Timbiriche, Vol. 8",México,grupo,"['timbiriche', 'mexican pop', 'pop', 'paulina rubio', 'timbiriche 25', 'timbiriche -con todos menos konmigo', 'teen pop']",timbiriche,NM,,,,,True,False
1219733,Los Tigres Del Norte,Ni Parientes Somos,7,1080,,2001,2000,Triunfo Solido / Mi Buena Suerte,Estados Unidos,grupo,"['norteño', 'corridos', 'folk', 'los tigres del norte', 'el nino y la boda', 'contrabando y traicion']",norteño,NM,,,,,True,False
1219837,Rocío Jurado,Cría cuervos,9,1030,,2003,2000,"Y sin embargo, te quiero (Canciones de España 2)",España,mujer,"['pop', 'flamenco', 'copla', 'female vocalist', 'world', 'oldies']",pop,M,0,1,0,N,False,True
1220107,Mecano,Maquillaje,8,1642,,1998,1990,Mecano,España,grupo,"['pop', 'spanish pop', 'post-punk', 'new wave', 'mecano', 'synthpop']",pop,NM,,,,,True,False
1220356,Los Yonic's,Con El Alma En La Mano,8,836,,2014,2010,16 éxitos de oro,México,grupo,"['just cool', 'los yonics', '8', '3', 'romanticas', 'marco antonio solis', 'los angeles negros', 'cumbia mexicana']",just cool,NM,0,0,0,N,False,True
1221492,Estopa,Paseo,8,1780,16/11/05,2005,2000,Voces de Ultrarumba,España,grupo,"['flamenco', 'pop', 'rock', 'rumba', 'estopa', 'pop rock']",flamenco,NM,,,,,True,False
1222382,Frank Reyes,Me Dejaste Abandonado,8,1146,,2012,2010,Vine a decirte adiós,República Dominicana,hombre,"['bachata', 'salsa', 'merengue', 'dominican', 'frank reyes', 'santo domingo']",bachata,M,0,0,1,Y,False,True
1222639,Ivy Queen,Te He Querido Te He Llorado,13,2083,08/02/05,2005,2000,Flashback,Puerto Rico,mujer,"['reggaeton', 'ivy queen', 'hip-hop', 'pr', 'hip hop', 'international', 'latin pop', 'latin rap', 'latin urban', 'tropical', 'urbano', 'urbano latino']",reggaeton,M,0,1,1,N,True,False
1223442,Azúcar Moreno,No quiero que me quieras,6,1250,,1984,1980,Con la miel en los labios,España,grupo,"['pop', 'eurovision', 'flamenco', 'dance', 'duos', 'espagnol']",pop,NM,0,0,0,N,False,True
1225233,José José,Llora corazón,10,1174,,1995,1990,Mujeriego,México,hombre,"['bolero', 'jose jose', 'baladas', 'balada', 'el principe', 'latin pop']",bolero,NM,,,,,True,False
1226195,Cristian Castro,Hoy Quiero Soñar,5,1179,,2004,2000,Hoy Quiero Soñar,México,hombre,"['pop', 'latin pop', 'pop latino', 'cristian castro', 'romantica']",pop,NM,,,,,True,False
1231003,Julio Iglesias,La Cumparsita,9,1635,19/11/96,1996,1990,Tango,España,hombre,"['pop', 'julio iglesias', 'latin pop', 'romantic', 'easy listening', 'tango']",pop,NM,0,0,0,N,False,True
1231196,OV7,Shabadabada,9,2120,18/07/00,2000,2000,CD00,México,grupo,"['latin pop', 'pop', 'ov7', 'old school latin pop', 'favorito de la infancia']",latin pop,NM,,,,,True,False
1231991,Kinto Sol,No Muerdas La Mano,10,1791,,2005,2000,Del Norte Al Sur,Estados Unidos,grupo,"['hip-hop', 'rap', 'mexican rap', 'chicano rap', 'latin rap', 'wisconsin', 'hip hop', 'hiphop']",hip-hop,M,0,1,0,Y,True,False
1233085,Azúcar Moreno,Baila Moreno,9,1069,,2006,2000,Con la miel en los labios,España,grupo,"['pop', 'eurovision', 'flamenco', 'dance', 'duos', 'espagnol']",pop,NM,,,,,True,False
1233197,Yahir,Alucinado,3,735,,2013,2010,Yahir,México,hombre,"['pop', 'latin pop', 'yahir', 'romantica']",pop,NM,,,,,True,False
1234193,Julio Iglesias,Baila Morena,6,886,27/06/95,1995,1990,La Carretera,España,hombre,"['pop', 'julio iglesias', 'latin pop', 'romantic', 'easy listening', 'tango', 'canción melódica', 'ballad', 'eurovision', 'european', 'easy listening soundtracks and musicals', 'latin ballad', 'french']",pop,NM,0,0,0,N,False,True
1237539,Julio Iglesias,Bamboleo,9,1282,,2013,2010,My Life: The Greatest Hits,España,hombre,"['pop', 'julio iglesias', 'latin pop', 'romantic', 'easy listening', 'tango']",pop,NM,0,0,0,N,False,True
12377047,"Soge Culebra, Juseph, La Pantera & Lucho RK",Party Privado,13,3142,05/09/25,2025,2020,Party Privado,España,hombre,['reggaeton'],reggaeton,M,1,1,1,Y,True,False
1238262,Héroes Del Silencio,El Cuadro II,5,447,04/12/90,1990,1990,Senderos de Traición,España,grupo,"['rock', 'spanish rock', 'hard rock', 'rock en espanol', 'gothic rock', 'rock en español', 'alternative rock', 'rock español']",rock,NM,0,0,0,N,False,True
12388491,"Xiyo, Fernandezz, Yung Beef & Quevedo",Ruina,9,2426,25/09/25,2025,2020,Belladonna,España,hombre,['trap'],trap,M,1,1,1,Y,True,False
1239245,Frankie Ruiz,Si Esa Mujer Me Dice Que Si,5,549,01/01/85,1985,1980,Solista... Pero No Solo,Estados Unidos,hombre,"['salsa', 'frankie ruiz', 'salsa boricua', 'latin jazz', 'best salsa', 'franquie ruiz', 'tropicania', 'salsa romantica', 'salsa romántica']",salsa,NM,,,,,True,False
1239278,Cristian Castro,No Podrás,8,809,,2001,2000,Agua Nueva,México,hombre,"['pop', 'latin pop', 'pop latino', 'cristian castro', 'romantica']",pop,NM,,,,,True,False
1240813,Hombres G,No Te Puedo Besar,8,1053,11/03/85,1985,1980,Hombres G,España,grupo,"['rock', 'rock en espanol', 'pop', 'spanish rock', 'rock en español', 'pop rock', 'spanish pop']",rock,M,1,0,0,N,True,False
12428632,"Wos LasPalmas, La Pantera, Yanez & JuniorGC",Best Friend,8,2372,18/09/25,2025,2020,SOLO DIOS SABE,España,hombre,['canarias'],canarias,M,1,0,0,N,True,False
1244618,Belinda,Boba Niña Nice (Teenage Superstar),10,1009,05/08/03,2003,2000,Belinda,México,mujer,"['pop', 'latin pop', 'dance', 'pop rock', 'electronic', 'rock', 'dance-pop', 'electropop', 'teen pop']",pop,M,0,0,1,Y,True,False
1244709,Soda Stereo,Trátame Suavemente,6,760,27/08/84,1984,1980,Soda Stereo,Argentina,grupo,"['rock argentino', 'rock', 'rock en espanol', 'new wave', 'alternative rock', 'rock en español', 'shoegaze', 'soda stereo']",rock argentino,NM,,,,,True,False
1244862,Azúcar Moreno,El Amor,15,2274,,1997,1990,El amor,España,grupo,"['pop', 'eurovision', 'flamenco', 'dance', 'duos', 'espagnol']",pop,NM,0,0,0,N,False,True
1248144,Mecano,Me Cuesta Tanto Olvidarte,5,817,01/12/86,1986,1980,Entre el cielo y el suelo,España,grupo,"['pop', 'spanish pop', 'post-punk', 'new wave', 'mecano', 'synthpop']",pop,NM,0,0,0,N,False,True
1248264,José Alfredo Jiménez,Camino De Guanajuato,5,723,,1950,1950,Mis Corridos...,México,hombre,"['mariachi', 'ranchera', 'jose alfredo jimenez', 'classic', 'chillout', 'chill', 'chillosophy', 'global fusion']",mariachi,NM,0,0,0,N,False,True
1248964,Azúcar Moreno,Ven Devorame Otra Vez,9,1916,,2000,2000,Bandido,España,grupo,"['pop', 'eurovision', 'flamenco', 'dance', 'duos', 'espagnol']",pop,NM,,,,,True,False
1249763,Los Rodríguez,Diez Años Después,6,1430,24/04/95,1995,1990,"Palabras Más, Palabras Menos",España,grupo,"['rock argentino', 'rock', 'rock en espanol', 'spanish rock', 'rock en español', 'pop']",rock argentino,M,0,1,0,N,True,False
1249973,Julio Iglesias,Un Canto a Galicia,9,679,,1997,1990,Un Canto a Galicia,España,hombre,"['pop', 'julio iglesias', 'latin pop', 'romantic', 'easy listening', 'tango']",pop,NM,,,,,True,False
1251305,Héroes Del Silencio,Abiertos a la oscuridad,5,723,,1994,1990,Hologramas perdidos,España,grupo,"['rock', 'spanish rock', 'hard rock', 'rock en espanol', 'gothic rock', 'rock en español', 'alternative rock', 'rock español']",rock,NM,,,,,True,False
1251561,Tito Rojas,Por Esa Mujer,11,2007,,1996,1990,Vida,Puerto Rico,hombre,"['salsa', 'tito rojas', 'chill906', 'world', 'latin america', 'jazz', 'need to rate']",salsa,NM,0,0,0,N,False,True
12519769,La Pantera & Botlok,TRAUMAS E INDICA,10,2388,09/10/25,2025,2020,[LIFE LATELY]*,España,hombre,"['groove metal', 'heavy metal', 'thrash metal', 'metal', 'glam metal', 'southern metal', 'american', 'nu metal', 'power metal', 'hardcore punk', 'glam', 'dance and electronica', 'trash speed metal', 'estados unidos']",groove metal,M,1,0,1,Y,True,False
1252061,Estopa,La Raja De Tu Falda,8,3908,18/10/99,1999,1990,Estopa,España,grupo,"['flamenco', 'pop', 'rock', 'rumba', 'estopa', 'pop rock']",flamenco,M,1,0,0,N,True,False
1254654,Héroes Del Silencio,No Más Lágrimas,6,758,31/10/88,1988,1980,El Mar No Cesa,España,grupo,"['rock', 'spanish rock', 'hard rock', 'rock en espanol', 'gothic rock', 'rock en español', 'alternative rock', 'rock español']",rock,NM,0,0,0,N,False,True
1254901,El Trono De México,Se Fue,6,897,,2012,2010,Fuego Nuevo,México,grupo,"['banda', 'duranguense']",banda,M,0,1,0,N,True,False
1255065,Soda Stereo,¿Por Qué No Puedo Ser del Jet-Set?,7,883,27/08/84,1984,1980,Soda Stereo,Argentina,grupo,"['rock argentino', 'rock', 'rock en espanol', 'new wave', 'alternative rock', 'rock en español', 'shoegaze', 'soda stereo']",rock argentino,M,1,0,0,Y,False,True
1256177,Héroes Del Silencio,Bendecida 2,2,188,14/06/93,1993,1990,El Espíritu del Vino,España,grupo,"['rock', 'spanish rock', 'hard rock', 'rock en espanol', 'gothic rock', 'rock en español', 'alternative rock', 'rock español']",rock,NM,0,0,0,N,False,True
1256325,Wisin & Yandel,Te Hice Mujer,11,3266,06/11/07,2007,2000,Wisin Vs Yandel “Los Extraterrestres”,Puerto Rico,grupo,"['reggaeton', 'dance', 'wisin y yandel', 'hip-hop', 'pop', 'latin urban']",reggaeton,M,1,0,0,Y,True,False
1258377,Los Fabulosos Cadillacs (Ft. Mick Jones),Mal Bicho,16,3186,20/06/95,1995,1990,Rey Azúcar,Argentina,grupo,"['ska', 'latin rock']",ska,NM,,,,,True,False
1258738,Mecano,Barco a Venus,5,753,30/05/83,1983,1980,¿Dónde Está el País de las Hadas?,España,grupo,"['pop', 'spanish pop', 'post-punk', 'new wave', 'mecano', 'synthpop']",pop,NM,0,0,0,N,False,True
1259500,Mecano,Me Colé en una Fiesta,9,1702,22/03/82,1982,1980,Mecano,España,grupo,"['pop', 'spanish pop', 'post-punk', 'new wave', 'mecano', 'synthpop']",pop,M,1,0,0,Y,False,True
1260072,Julio Iglesias,La vida sigue igual,7,735,,1996,1990,Yo Canto,España,hombre,"['pop', 'julio iglesias', 'latin pop', 'romantic', 'easy listening', 'tango']",pop,NM,,,,,True,False
1260349,Joan Sebastian,Amor limosnero,6,941,,2006,2000,Más allá del sol,México,hombre,"['joan sebastian', 'ranchera', 'joan sebastian-tatuajes', 'chayanne', 'cure', 'chalino', 'pop']",joan sebastian,NM,,,,,True,False
1260946,Chalino Sánchez,Prenda Del Alma,5,719,14/05/92,1992,1990,Alma Enamorada,México,hombre,"['corridos', 'based', 'corrido', 'narcocorrido', '_private tag 1', 'death by murder', 'regional mexicano']",corridos,NM,,,,,True,False
1261130,Hombres G,No Lo Sé,6,969,,2005,2000,Todo Esto Es Muy Extraño,España,grupo,"['rock', 'rock en espanol', 'pop', 'spanish rock', 'rock en español', 'pop rock', 'spanish pop']",rock,M,0,1,0,N,True,False
1262078,Estopa,El Del Medio De Los Chichos,8,1628,18/10/99,1999,1990,Estopa,España,grupo,"['flamenco', 'pop', 'rock', 'rumba', 'estopa', 'pop rock']",flamenco,NM,0,0,0,N,False,True
1262636,Pedro Infante,Copa Tras Copa,5,627,,1994,1990,"Rancheras, Vol. 2",México,hombre,"['ranchera', 'mariachi', 'pedro infante', 'world', 'guitar', 'global fusion', 'chill906', 'classic']",ranchera,NM,,,,,True,False
1266088,Violeta Parra,El Guillatún,7,1356,,2023,2020,Las Últimas Composiciones,Chile,mujer,"['folk', 'nueva cancion', 'folklore', 'violeta parra', 'nueva cancion chilena', 'nueva canción chilena', 'chilean music', 'contemporary folk', 'hispanic american folk music', 'nueva canción', 'nueva canción latinoamericana', 'tonada chilena']",folk,NM,,,,,True,False
1266111,Los Rodríguez,"Palabras Más, Palabras Menos",7,1395,24/04/95,1995,1990,"Palabras Más, Palabras Menos",España,grupo,"['rock argentino', 'rock', 'rock en espanol', 'spanish rock', 'rock en español', 'pop']",rock argentino,NM,,,,,True,False
1268509,Mecano,Hijo de la Luna,8,1411,17/06/86,1986,1980,Entre el cielo y el suelo,España,grupo,"['pop', 'spanish pop', 'post-punk', 'new wave', 'mecano', 'synthpop']",pop,M,0,1,0,N,True,False
1269705,Niña Pastori,Cai,6,1743,29/03/00,2000,2000,Cañaílla,España,mujer,"['flamenco', 'nuevo flamenco', 'nina pastori', 'cantaora', 'gypsy', 'pop']",flamenco,NM,,,,,True,False
1270161,Marisela (Ft. Marco Antonio Solís),La Pareja Ideal,4,601,,1989,1980,Sin Él,Estados Unidos,mujer,"['pop', 'classical', 'composer', 'baroque', 'italian', 'european', 'opera', 'concerto', 'italian composer', 'choral', 'chamber music', 'wiener akademie', 'western classical music', 'sinfonia', 'church music', 'i grandi concerti', 'musica classica', 'mallon', 'orlado furioso', ""l' olimpiade"", 'flute sonata', 'production music', 'orlando furioso spinosi']",pop,NM,,,,,True,False
1272256,Hombres G,Nunca Más,6,888,,2007,2000,10,España,grupo,"['rock', 'rock en espanol', 'pop', 'spanish rock', 'rock en español', 'pop rock', 'spanish pop']",rock,NM,0,0,0,N,False,True
1273433,Estopa,Ya No Me Acuerdo,7,1046,03/03/04,2004,2000,¿La Calle Es Tuya?,España,grupo,"['flamenco', 'pop', 'rock', 'rumba', 'estopa', 'pop rock']",flamenco,NM,,,,,True,False
1273482,Los Ángeles Azules,Ay Amor,3,745,01/01/93,1993,1990,Entrega de amor,México,grupo,"['cumbia', 'los angeles negros', 'spanish music', 'los muecas', 'tropical', 'marco antonio solis', 'chill906', 'de microbusero', 'cumbia mexicana', 'cumbia sonidera']",cumbia,NM,0,0,0,N,False,True
1274436,José José,La Nave del Olvido,5,1051,07/05/70,1970,1970,La Nave Del Olvido,México,hombre,"['bolero', 'jose jose', 'baladas', 'balada', 'el principe', 'latin pop']",bolero,NM,,,,,True,False
1277352,El Tri,Caseta De Cobro,4,516,,1988,1980,Otra tocada más,México,grupo,"['rock', 'rock en espanol', 'rock mexicano', 'rock en español', 'latin rock', 'blues rock', 'rock urbano', 'blues']",rock,NM,,,,,True,False
1278081,Cecilia Toussaint,En esta ciudad,8,923,,1988,1980,En esta ciudad,México,mujer,"['rockmex', 'rock mexicano', 'facu1', 'mexican divas', 'puro alt', 'divas alt', 'todox']",rockmex,M,1,0,0,N,True,False
1279168,Los Rodríguez,En El Último Trago,6,975,,1996,1990,Hasta Luego,España,grupo,"['rock argentino', 'rock', 'rock en espanol', 'spanish rock', 'rock en español', 'pop']",rock argentino,NM,,,,,True,False
1280468,José José,"Buenos Días, Amor",6,1323,,1977,1970,Reencuentro,México,hombre,"['bolero', 'jose jose', 'baladas', 'balada', 'el principe', 'latin pop']",bolero,M,1,1,0,N,True,False
1280833,Rocío Jurado,Algo se me fue contigo,3,434,,2016,2010,Señora,España,mujer,"['pop', 'flamenco', 'copla', 'female vocalist', 'world', 'oldies']",pop,NM,,,,,True,False
1283148,José José,"Lo Pasado, Pasado",8,946,31/12/78,1978,1970,Lo Pasado Pasado,México,hombre,"['bolero', 'jose jose', 'baladas', 'balada', 'el principe', 'latin pop']",bolero,NM,,,,,True,False
1286410,"Adan ""Chalino"" Sanchez",Dos Seres Que Se Aman,6,430,,2000,2000,La Corona de Mi Padre,México,hombre,"['narcocorrido', 'corrido', 'death by murder', 'regional mexicano', '_private tag 1']",narcocorrido,NM,,,,,True,False
1290676,Paulina Rubio,Amor De Mujer,7,1385,,1992,1990,La Chica Dorada,México,mujer,"['pop', 'paulina rubio', 'latin pop', 'dance', 'singer-songwritter', 'rock pop', 'dance-pop', 'electropop', 'pop rock', 'ranchera', 'trap', 'arena rock', 'cumbia', 'edm', 'folk', 'r&b', 'reggaeton', 'rock en espanol', 'synth-pop', 'techno', 'vallenato']",pop,NM,,,,,True,False
1291133,José José,Desesperado,7,1212,,2017,2010,Mi Vida,México,hombre,"['bolero', 'jose jose', 'baladas', 'balada', 'el principe', 'latin pop']",bolero,NM,0,0,0,N,False,True
1291385,Azúcar Moreno,Bailando Con Lola,7,1072,,2006,2000,Bailando Con Lola,España,grupo,"['pop', 'eurovision', 'flamenco', 'dance', 'duos', 'espagnol']",pop,NM,,,,,True,False
1299258,Chalino Sánchez,La Entalladita,7,865,,2021,2020,Los Sufrimientos,México,hombre,"['corridos', 'based', 'corrido', 'narcocorrido', '_private tag 1', 'death by murder', 'regional mexicano']",corridos,M,1,1,0,Y,True,False
1300361,Camilo Sesto,Amor No Me Ignores,10,960,,1981,1980,Más y más,España,hombre,"['romantico', 'pop', 'pop espanol', 'camilo sesto', 'balada', 'camilo', 'canción melódica', 'latin ballad']",romantico,NM,,,,,True,False
1303510,Julio Iglesias,Lo Mejor de Tu Vida,10,844,,1987,1980,Un Hombre Solo,España,hombre,"['pop', 'julio iglesias', 'latin pop', 'romantic', 'easy listening', 'tango']",pop,M,1,0,0,Y,True,True
1307771,José Alfredo Jiménez,Ella,4,663,,1964,1960,Down Mexico Way,México,hombre,"['mariachi', 'ranchera', 'jose alfredo jimenez', 'classic', 'chillout', 'chill', 'chillosophy', 'global fusion']",mariachi,NM,0,0,0,N,False,True
1308544,Mecano,El fallo positivo,6,1096,,2005,2000,Aidalai,España,grupo,"['pop', 'spanish pop', 'post-punk', 'new wave', 'mecano', 'synthpop']",pop,NM,,,,,True,False
1308731,Los Rodríguez,Para No Olvidar,6,1780,24/04/95,1995,1990,"Palabras Más, Palabras Menos",España,grupo,"['rock argentino', 'rock', 'rock en espanol', 'spanish rock', 'rock en español', 'pop']",rock argentino,NM,,,,,True,False
1308851,Kabah,La Calle De Las Sirenas,8,1300,,1996,1990,La calle de las sirenas,México,grupo,"['pop', 'latin pop', 'dance', 'deep house']",pop,NM,0,0,0,N,False,True
1308912,Julio Iglesias,CorazÓn De Papel,6,1094,14/11/03,2003,2000,Divorcio,España,hombre,"['pop', 'julio iglesias', 'latin pop', 'romantic', 'easy listening', 'tango']",pop,M,0,0,1,Y,True,False
1310552,Melendi,El Nano,10,1488,,2008,2000,Que El Cielo Espere Sentao..,España,hombre,"['pop', 'flamenco', 'new flamenco', 'rumba', 'melendi', 'rock']",pop,NM,,,,,True,False
1310762,Luis Miguel,El Reloj,3,641,12/08/97,1997,1990,Romances,México,hombre,"['boleros', 'baladas', 'pop', 'luis miguel', 'latin pop']",boleros,NM,,,,,True,False
1311213,Cristian Castro,Lloran Las Rosas,9,1260,22/12/97,1997,1990,Lo Mejor de Mí,México,hombre,"['pop', 'latin pop', 'pop latino', 'cristian castro', 'romantica']",pop,NM,,,,,True,False
1313243,Aterciopelados,Rompecabezas,6,817,,2001,2000,Gozo poderoso,Colombia,grupo,"['rock', 'rock en espanol', 'rock en español', 'rock colombiano', 'latin rock', 'alternative rock']",rock,NM,,,,,True,False
1315111,Julio Iglesias,Hey!,13,2120,,2011,2010,Hey!,España,hombre,"['pop', 'julio iglesias', 'latin pop', 'romantic', 'easy listening', 'tango']",pop,NM,,,,,True,False
1316463,Héroes Del Silencio,Héroe de Leyenda,5,477,31/10/88,1988,1980,El Mar No Cesa,España,grupo,"['rock', 'spanish rock', 'hard rock', 'rock en espanol', 'gothic rock', 'rock en español', 'alternative rock', 'rock español']",rock,NM,,,,,True,False
1318193,Rocío Jurado,Punto de partida,6,1385,,1989,1980,Punto de partida,España,mujer,"['pop', 'flamenco', 'copla', 'female vocalist', 'world', 'oldies']",pop,NM,,,,,True,False
1318313,Ricardo Montaner,Un toque de misterio,4,620,,2025,2020,Un Toque De Misterio (Versión Montaner),Venezuela,hombre,"['ricardo montaner', 'latin pop', 'pop', 'spanish ballad', 'baladas', 'romantica', 'montaner', 'ballad', 'latin ballad']",ricardo montaner,NM,,,,,True,False
1321338,Ricardo Arjona,Historia De Taxi,8,2304,19/04/94,1994,1990,Historias,Guatemala,hombre,"['pop', 'latin pop', 'ricardo arjona', 'romantica', 'arjona', 'baladas']",pop,M,1,0,0,Y,True,False
1325663,Hombres G,Lawrence de Arabia,7,847,11/03/85,1985,1980,Hombres G,España,grupo,"['rock', 'rock en espanol', 'pop', 'spanish rock', 'rock en español', 'pop rock', 'spanish pop']",rock,M,1,0,0,Y,True,False
1327669,Intocable,Voy A Tener Que Olvidarla,7,657,,2000,2000,Es para ti,Estados Unidos,grupo,"['tejano', 'norteno', 'norteño', 'regional mexican', 'intocable', 'grupos']",tejano,NM,,,,,True,False
1327693,Azúcar Moreno,Mamma Mía,12,1467,,2000,2000,Amén,España,grupo,"['pop', 'eurovision', 'flamenco', 'dance', 'duos', 'espagnol']",pop,NM,0,0,0,N,False,True
1328195,Pesado,Llego el Amor,10,800,,2013,2010,Llegó el amor,México,grupo,"['pesado', 'norteño', 'cumbia', 'norteno', 'cumbia regia', '2', 'cumbia nortena']",pesado,NM,,,,,True,False
1328746,José Alfredo Jiménez,El Perro Negro,5,853,,2004,2000,Corridos Con Antonio Aguilar,México,hombre,"['mariachi', 'ranchera', 'jose alfredo jimenez', 'classic', 'chillout', 'chill', 'chillosophy', 'global fusion']",mariachi,NM,,,,,True,False
1330702,Cristian Castro,Vuelveme A Querer,10,1024,,2001,2000,Serie 32: Cristian Castro,México,hombre,"['pop', 'latin pop', 'pop latino', 'cristian castro', 'romantica']",pop,NM,0,0,0,N,False,True
1333329,Grupo Niche,Sin Sentimiento,12,1795,20/12/90,1990,1990,The Best,Colombia,grupo,"['salsa', 'cumbia', 'grupo niche', 'tropical', 'salsa romantica', 'cali', 'niche']",salsa,NM,,,,,True,False
1333683,Melendi,Tu Jardín Con Enanitos,8,2068,13/11/12,2012,2010,Lágrimas desordenadas,España,hombre,"['pop', 'flamenco', 'new flamenco', 'rumba', 'melendi', 'rock']",pop,M,1,0,0,N,True,False
1334686,Juan Luis Guerra,La Cosquillita,8,1707,19/07/94,1994,1990,Fogaraté!,República Dominicana,grupo,"['merengue', 'bachata', 'salsa', 'dominican', 'tropical', 'guitar', 'dance', 'latin pop']",merengue,M,1,0,0,N,False,True
1334827,Melendi,Kisiera Yo Saber,8,2038,13/11/06,2006,2000,Mientras No Cueste Trabajo,España,hombre,"['pop', 'flamenco', 'new flamenco', 'rumba', 'melendi', 'rock']",pop,NM,,,,,True,False
1335471,Luciano Pereyra,Porque Aún Te Amo,6,1086,,2006,2000,Dispuesto a amarte,Argentina,hombre,"['pop', 'romantic', 'latin pop', 'argentinean', 'folk']",pop,NM,0,0,0,N,False,True
1336767,Los Rodríguez,Canal 69,3,584,,1991,1990,Buena Suerte,España,grupo,"['rock argentino', 'rock', 'rock en espanol', 'spanish rock', 'rock en español', 'pop']",rock argentino,M,1,0,0,N,True,False
1337010,Juan Gabriel,Hasta Que Te Conocí,10,1321,28/11/86,1986,1980,Pensamientos,México,hombre,"['juan gabriel', 'mariachi', 'ranchera', 'pop', 'latin pop', 'pepe aguilar']",juan gabriel,NM,,,,,True,False
1338021,Héroes Del Silencio,Oración,5,572,04/12/90,1990,1990,Senderos de Traición,España,grupo,"['rock', 'spanish rock', 'hard rock', 'rock en espanol', 'gothic rock', 'rock en español', 'alternative rock', 'rock español']",rock,NM,,,,,True,False
1338097,Pablo Montero,No Dejes De Quererme,4,695,,2002,2000,Pídemelo Todo,México,hombre,"['pablo montero', 'ranchera', 'regional mexican', 'country', 'sad']",pablo montero,NM,,,,,True,False
1338544,Miguel Bosé,Morenamía (Dueto 2007),8,1918,,2007,2000,Papito,España,hombre,"['pop', 'latin pop', 'balada', 'ballad', 'latin ballad', 'nuno']",pop,M,1,0,0,Y,False,True
1339036,Los Rodríguez,A Los Ojos,6,1000,,1991,1990,Buena Suerte,España,grupo,"['rock argentino', 'rock', 'rock en espanol', 'spanish rock', 'rock en español', 'pop']",rock argentino,NM,0,0,0,N,False,True
1341337,Eddie Santiago,Me Fallaste,9,1635,25/10/88,1988,1980,Invasión de la Privacidad,Puerto Rico,hombre,"['salsa', 'salsa romantica', 'salsa boricua', 'eddie santiago', 'eddy santiago', 'best salsa oldy1983', 'mambo']",salsa,NM,,,,,True,False
1344150,Estopa,Partiendo La Pana,10,2595,24/09/01,2001,2000,Destrangis,España,grupo,"['flamenco', 'pop', 'rock', 'rumba', 'estopa', 'pop rock']",flamenco,NM,0,0,0,N,False,True
1345247,Mecano,Quédate En Madrid,6,651,,1988,1980,Descanso Dominical,España,grupo,"['pop', 'spanish pop', 'post-punk', 'new wave', 'mecano', 'synthpop']",pop,M,0,1,1,Y,True,False
1345592,José Alfredo Jiménez,Serenata Huasteca,7,926,,1998,1990,Down Mexico Way,México,hombre,"['mariachi', 'ranchera', 'jose alfredo jimenez', 'classic', 'chillout', 'chill', 'chillosophy', 'global fusion']",mariachi,M,0,1,0,Y,True,False
1346351,Rocío Jurado,Quién te crees tú,6,1022,,1987,1980,¿Dónde estás amor?,España,mujer,"['pop', 'flamenco', 'copla', 'female vocalist', 'world', 'oldies']",pop,NM,0,0,0,N,False,True
1346460,La Mafia,Me Estoy Enamorando,8,726,03/11/92,1992,1990,Ahora Y Siempre,Estados Unidos,grupo,"['tejano', 'la mafia-los hits', 'cumbia texana', 'sexy', 'la mafia', 'summery', 'ethnic']",tejano,NM,,,,,True,False
1348349,Hombres G,Si No Te Tengo A Ti,7,1289,,1996,1990,Agitar Antes de Usar,España,grupo,"['rock', 'rock en espanol', 'pop', 'spanish rock', 'rock en español', 'pop rock', 'spanish pop']",rock,NM,,,,,True,False
1348484,Héroes Del Silencio,Malas Intenciones,7,785,04/12/90,1990,1990,Senderos de Traición,España,grupo,"['rock', 'spanish rock', 'hard rock', 'rock en espanol', 'gothic rock', 'rock en español', 'alternative rock', 'rock español']",rock,NM,,,,,True,False
1349849,Los Tigres Del Norte,El avión de la muerte,8,1190,,1989,1980,Triunfo Solido / Mi Buena Suerte,Estados Unidos,grupo,"['norteño', 'corridos', 'folk', 'los tigres del norte', 'el nino y la boda', 'contrabando y traicion']",norteño,NM,,,,,True,False
1350503,Luis Fonsi,No Me Doy por Vencido,8,1441,02/06/08,2008,2000,No Me Doy por Vencido,Puerto Rico,hombre,"['pop', 'latin pop', 'romantica', 'luis fonsi', 'balada']",pop,NM,,,,,True,False
1350773,La Arrolladora Banda El Limón De René Camacho,La Calabaza,8,993,,2009,2000,Mas adelante,México,grupo,"['arrolladora', 'arrolladora limon', 'banda el limon', 'banda sinaloense', 'la arrolladora', 'limon', 'regional mexicano']",arrolladora,M,0,0,1,Y,True,False
1351297,Don Omar,Cuéntale,9,2196,23/05/06,2006,2000,King of Kings,Puerto Rico,hombre,"['reggaeton', 'hip-hop', 'don omar', 'hip hop', 'dance', 'latin urban']",reggaeton,NM,,,,,True,False
1353731,Conjunto Primavera,Necesito Decirte,5,849,,1998,1990,Necesito Decirte,México,grupo,"['conjunto primavera', 'conjunto prinavera', 'banda', 'marco antonio solis', 'norteño', 'accordion', 'conjunto']",conjunto primavera,NM,0,0,0,N,False,True
1355272,José José,Voy A Llenarte Toda,9,1656,31/12/82,1982,1980,Secretos,México,hombre,"['bolero', 'jose jose', 'baladas', 'balada', 'el principe', 'latin pop']",bolero,M,1,0,0,N,True,False
1355903,Emmanuel,Insoportablemente Bella,4,935,,1991,1990,Íntimamente...,México,hombre,"['emmanuel', 'techno', 'pop', 'electronic', 'minimal', 'minimal techno', 'latin pop', 'latin ballad', 'canción melódica']",emmanuel,M,1,0,1,Y,True,False
1357347,Gilberto Santa Rosa,Llego el amor,7,2422,,2007,2000,Contraste,Puerto Rico,hombre,"['salsa', 'gilberto santa rosa', 'salsa romantica', 'salsa boricua', 'chill906', 'best salsa', 'bolero', 'salsa romántica']",salsa,NM,,,,,True,False
1360644,Marco Antonio Solís,El Peor De Mis Fracasos,4,977,,2000,2000,Trozos De Mi Alma,México,hombre,"['marco antonio solis', 'romantica', 'pop', 'latin pop', 'juan gabiel', 'los bukis', 'ballad', 'ranchera']",marco antonio solis,NM,,,,,True,False
1360924,Frankie Ruiz,Tú Con Él,6,1423,01/01/85,1985,1980,Solista... Pero No Solo,Estados Unidos,hombre,"['salsa', 'frankie ruiz', 'salsa boricua', 'latin jazz', 'best salsa', 'franquie ruiz', 'tropicania', 'salsa romantica', 'salsa romántica']",salsa,NM,0,0,0,N,False,True
1361905,Porta,Dragon Ball Rap,1,2319,29/01/07,2007,2000,En Boca De Tantos,España,hombre,"['rap', 'hip-hop', 'spanish hip-hop', 'hip hop', 'comedy', 'porta', 'emo', 'lol']",rap,NM,,,,,True,False
1362020,Banda Machos,Un Indio Quiere Llorar,6,631,,2015,2010,Casimira,México,grupo,"['banda', 'regional mexican', 'banda machos', 'salsa', 'ranchera', 'angeles azules', 'pop', 'regional mexicano', 'technobanda']",banda,NM,,,,,True,False
1362339,Bertin Osborne,Como Un Vagabundo,5,1010,,2018,2010,A mi manera,España,hombre,"['espana', 'navidul', 'grupo1', 'madrid']",espana,NM,0,0,0,N,False,True
1363044,Kalimba,Duele (crazy),9,1005,,2007,2000,NegroKlaro,México,hombre,"['kalimba', 'latin pop', 'romantica', 'pop', 'afro-mexican', 'rock']",kalimba,NM,0,0,0,N,False,True
1363549,Héroes Del Silencio,La Chispa Adecuada (Rarezas),13,2787,28/07/98,1998,1990,Rarezas,España,grupo,"['rock', 'spanish rock', 'hard rock', 'rock en espanol', 'gothic rock', 'rock en español', 'alternative rock', 'rock español']",rock,M,1,0,0,N,False,True
1363937,Ha-Ash,Amor a Medias,10,1353,08/06/05,2005,2000,Mundos Opuestos,México,grupo,"['latin pop', 'pop', 'ha-ash', 'country pop', 'folk pop', 'latin rock']",latin pop,NM,,,,,True,False
1364097,Tijuana No!,Pobre De Ti,8,684,,2001,2000,No,República Dominicana,hombre,"['ska', 'rock en español', 'rock', 'rock en espanol', 'ska punk', 'reggae', 'rock mexicano', 'punk', 'ska-rock', 'bachata']",ska,NM,,,,,True,False
1365173,Dulce María,Inevitable,8,1087,10/05/10,2010,2010,Extranjera: Primera Parte,México,mujer,"['pop', 'sexy', 'dance', 'disney', 'guilty pleasure', 'latin pop']",pop,M,1,0,0,N,False,True
1365402,Emmanuel,Detenedla Ya,9,1347,,1990,1990,Emmanuel,México,hombre,"['emmanuel', 'techno', 'pop', 'electronic', 'minimal', 'minimal techno', 'latin pop', 'latin ballad', 'canción melódica']",emmanuel,NM,,,,,True,False
1365739,Rosendo,A la sombra de una mentira,9,862,15/06/94,1994,1990,Para mal o para bien,España,hombre,"['rock urbano', 'rock', 'spanish rock', 'hard rock', 'rock español', 'rock en espanol', 'vieja escuela', 'rosendo', 'blues rock', 'rock and roll']",rock urbano,NM,0,0,0,N,False,True
1366770,Sergio Vargas,La Ventanita,16,1485,,2025,2020,Torero,República Dominicana,hombre,"['merengue', 'sergio vargas', 'caribbean', 'dance', 'tropical', 'salsa', 'best', 'bachata', 'bolero']",merengue,NM,,,,,True,False
1367465,Los Rodríguez,Aquí no podemos hacerlo,8,1623,24/04/95,1995,1990,"Palabras Más, Palabras Menos",España,grupo,"['rock argentino', 'rock', 'rock en espanol', 'spanish rock', 'rock en español', 'pop']",rock argentino,NM,,,,,True,False
1368004,Yuridia,Ángel,6,967,28/08/05,2005,2000,La Voz de Un Ángel,México,mujer,"['pop', 'yuridia', 'latin pop', 'latin american', 'mexican pop', 'banda sinaloense', 'regional mexicano']",pop,NM,,,,,True,False
1368903,Vicente Fernández,Cruz de Olvido,6,651,,1971,1970,La Muerte De Un Gallero,México,hombre,"['ranchera', 'mariachi', 'don vicente fernandez', 'vicente fernandez', 'rancheras', 'por tu maldito amor']",ranchera,NM,0,0,0,N,False,True
136897,Nach (Ft. Lírico),Ser o No Ser,6,4784,,2011,2010,Poesía Difusa,España,hombre,['hip hop'],hip hop,NM,,,,,True,False
1373006,Hombres G,Qué Soy Yo para Ti,7,1247,,2005,2000,Todo Esto Es Muy Extraño,España,grupo,"['rock', 'rock en espanol', 'pop', 'spanish rock', 'rock en español', 'pop rock', 'spanish pop']",rock,NM,,,,,True,False
1375049,Maná,Hechicera,11,863,,1997,1990,Sueños Líquidos,México,grupo,"['rock', 'latin rock', 'rock en espanol', 'rock en español', 'mana', 'pop', 'pop rock', 'latin pop']",rock,M,1,0,0,Y,True,False
1376039,Grupo Niche,Gotas de Lluvia,13,1643,,2001,2000,Huellas del pasado,Colombia,grupo,"['salsa', 'cumbia', 'grupo niche', 'tropical', 'salsa romantica', 'cali', 'niche']",salsa,NM,,,,,True,False
1378790,Héroes Del Silencio,En Brazos De La Fiebre,6,896,18/09/95,1995,1990,Avalancha,España,grupo,"['rock', 'spanish rock', 'hard rock', 'rock en espanol', 'gothic rock', 'rock en español', 'alternative rock', 'rock español']",rock,NM,0,0,0,N,False,True
1380745,José Luis Perales,América,3,702,15/10/91,1991,1990,AMÉRICA,España,hombre,"['jose luis perales', 'pop', 'recuerdos', 'bolero', 'chanson', 'jazz', 'latin ballad', 'latin pop', 'trova']",jose luis perales,NM,0,0,0,N,False,True
1382131,Rocío Jurado,Eres único,6,1042,,2004,2000,Punto de partida,España,mujer,"['pop', 'flamenco', 'copla', 'female vocalist', 'world', 'oldies']",pop,NM,,,,,True,False
1383930,Mecano,Mujer Contra Mujer,8,1070,,1988,1980,Descanso Dominical,España,grupo,"['pop', 'spanish pop', 'post-punk', 'new wave', 'mecano', 'synthpop']",pop,NM,0,0,0,N,False,True
1384347,Molotov,Parásito,9,2911,14/09/99,1999,1990,Apocalypshit,México,grupo,"['rapcore', 'alternative', 'rock', 'alternative rock', 'crossover', 'hip-hop', 'rap', 'comedy rock', 'funk rock', 'hip hop', 'nu metal', 'rap metal', 'rap rock']",rapcore,M,1,0,0,Y,True,False
1384991,La 25,Pidan lo que quieran,3,261,,2001,2000,Rock and Roll,Argentina,grupo,"['rock argentino', 'rocanrol', 'rolinga', 'rock stone', 'rock barrial', 'argentinian', 'spanish rock', 'latin rock', 'rock']",rock argentino,NM,,,,,True,False
1386144,Estopa,Tu Calorro,5,1938,18/10/99,1999,1990,Estopa,España,grupo,"['flamenco', 'pop', 'rock', 'rumba', 'estopa', 'pop rock']",flamenco,NM,,,,,True,False
1389027,Azúcar Moreno,Oye como va (Guajira),11,743,,1995,1990,Toda la pasion,España,grupo,"['pop', 'eurovision', 'flamenco', 'dance', 'duos', 'espagnol']",pop,NM,,,,,True,False
1389893,El Potro de Sinaloa,Chuy y Mauricio,2,803,14/01/09,2009,2000,Los Mejores Corridos,México,hombre,"['el vaso derrama', 'ranchera', 'poco a poquito', 'el potro de sinaloa', 'grupera']",el vaso derrama,NM,,,,,True,False
1390451,Pandora,"Cómo Te Va, Mi Amor",8,1238,07/06/85,1985,1980,Pandora,México,grupo,"['eurodance', 'swedish', 'dance', 'pop', 'progressive rock', 'grunge', 'punk', 'pandora', 'latin pop']",eurodance,NM,,,,,True,False
1391449,Maelo Ruiz,Te Va A Doler,9,1682,27/10/03,2003,2000,En Tiempo De Amor,Puerto Rico,hombre,"['salsa', 'maelo ruiz', 'favorite artists', 'tropical', 'salsa romantica', 'salsa maelo ruiz']",salsa,NM,,,,,True,False
1391880,Azúcar Moreno,Mambo,8,750,,1997,1990,Mambo,España,grupo,"['pop', 'eurovision', 'flamenco', 'dance', 'duos', 'espagnol']",pop,NM,,,,,True,False
1392368,Javier Solís,Qué Bonito Amor,8,617,,2008,2000,"Llorarás, Llorarás",México,hombre,"['ranchera', 'bolero', 'javier solis', 'mariachi', 'romantico']",ranchera,NM,,,,,True,False
1392832,Estopa,Era,6,1197,26/02/08,2008,2000,Allenrok,España,grupo,"['flamenco', 'pop', 'rock', 'rumba', 'estopa', 'pop rock']",flamenco,NM,,,,,True,False
1394451,Mercurio,Enamoradisimo,5,841,,1995,1990,Mercurio,México,grupo,"['pop', 'progressive', 'bands', 'eurodance', 'boybands', 'dancepop', 'progressive house']",pop,NM,0,0,0,N,False,True
1394905,Juan Gabriel,Con Tu Amor,7,1030,,1981,1980,Con tu amor,México,hombre,"['juan gabriel', 'mariachi', 'ranchera', 'pop', 'latin pop', 'pepe aguilar']",juan gabriel,NM,,,,,True,False
1396619,De La Ghetto,Tú Te Imaginas,6,1799,14/10/08,2008,2000,Masacre Musical,Puerto Rico,hombre,"['reggaeton', 'hip hop', 'reggaeton  top-50', 'de la ghetto', 'hip-hop', 'rnb', 'r&b', 'latin urban']",reggaeton,M,1,0,0,Y,True,False
1398153,Camela,Has Cambiado Mi Vida,6,1054,,2009,2000,Se Ciega Por Amor,España,grupo,"['gasolinera', 'quitar', 'chunda-chunda', 'tecnorumba', 'gitaneo', 'electropop', 'coches de choque', 'esto es esparta', 'flamenco']",gasolinera,NM,,,,,True,False
1398615,Ricardo Arjona,Cuándo,6,1248,10/07/00,2000,2000,Galería Caribe,Guatemala,hombre,"['pop', 'latin pop', 'ricardo arjona', 'romantica', 'arjona', 'baladas']",pop,NM,,,,,True,False
1401132,El Tri,Mente Rockera,6,689,,1987,1980,Hecho en México,México,grupo,"['rock', 'rock en espanol', 'rock mexicano', 'rock en español', 'latin rock', 'blues rock', 'rock urbano', 'blues']",rock,NM,,,,,True,False
1403215,Hombres G,Voy a pasármelo bien,7,2461,29/11/89,1989,1980,Voy a Pasármelo Bien,España,grupo,"['rock', 'rock en espanol', 'pop', 'spanish rock', 'rock en español', 'pop rock', 'spanish pop']",rock,NM,,,,,True,False
1404939,Don Omar,Pobre Diabla,12,1870,08/06/04,2004,2000,The Last Don: The Gold Series,Puerto Rico,hombre,"['reggaeton', 'hip-hop', 'don omar', 'hip hop', 'dance', 'latin urban']",reggaeton,NM,,,,,True,False
1410978,Azúcar Moreno,Tus besos me matan,6,784,,1991,1990,Mambo,España,grupo,"['pop', 'eurovision', 'flamenco', 'dance', 'duos', 'espagnol']",pop,NM,,,,,True,False
1412207,Draco Rosa,Sueño Contigo,6,876,,2007,2000,Draco y el teatro del absurdo,Estados Unidos,hombre,"['rock', 'rock en español', 'latin rock', 'rock en espanol', 'alternative rock', 'pop', 'alternative', 'latin pop']",rock,M,1,0,0,N,False,True
1412748,Tren Loco,Ciudad oscura,8,876,,2013,2010,Vieja escuela,Argentina,grupo,"['heavy metal', 'speed metal', 'heavy argento', 'metal argentino', 'thrash metal', 'metal', 'power metal', 'hardcore']",heavy metal,NM,0,0,0,N,False,True
1413629,Hombres G & Miguel Bosé,Lo Noto,5,978,29/11/11,2011,2010,En La Playa,España,grupo,"['rock', 'rock en espanol', 'pop', 'spanish rock', 'rock en español', 'pop rock', 'spanish pop']",rock,NM,,,,,True,False
1415106,Lalo Rodríguez,Ven Devórame Otra Vez,8,2062,,2017,2010,Un Nuevo Despertar,Argentina,hombre,"['salsa', 'best', 'mambo', 'clasica', 'male vocalist', 'salsa erotica', 'lalo rodriguez', 'rock', 'film composer', 'soundtrack', 'jazz', 'big band', 'contemporary classical', 'composers', 'piano music', 'composition', 'television music', 'conducting', 'pianists', 'motion picture music', 'film composers', 'television composers', 'conductors', 'classical', 'argentinian', 'bebop', 'spy', 'south american']",salsa,M,1,0,0,N,True,False
1416097,Intocable,Fuerte No Soy,8,1315,01/01/99,1999,1990,Contigo,Estados Unidos,grupo,"['tejano', 'norteno', 'norteño', 'regional mexican', 'intocable', 'grupos']",tejano,NM,,,,,True,False
1419809,Estopa,Tragicomedia,7,1963,03/03/04,2004,2000,¿La Calle Es Tuya?,España,grupo,"['flamenco', 'pop', 'rock', 'rumba', 'estopa', 'pop rock']",flamenco,NM,,,,,True,False
1421622,Estopa,Luna Lunera,8,2303,24/09/99,1999,1990,Destrangis,España,grupo,"['flamenco', 'pop', 'rock', 'rumba', 'estopa', 'pop rock']",flamenco,M,1,0,0,N,True,False
1421770,Héroes Del Silencio,Avalancha,7,928,18/09/95,1995,1990,Avalancha,España,grupo,"['rock', 'spanish rock', 'hard rock', 'rock en espanol', 'gothic rock', 'rock en español', 'alternative rock', 'rock español']",rock,NM,,,,,True,False
1424446,Maná,Déjame Entrar,12,1087,25/04/95,1995,1990,Cuando Los Ángeles Lloran,México,grupo,"['rock', 'latin rock', 'rock en espanol', 'rock en español', 'mana', 'pop', 'pop rock', 'latin pop']",rock,M,1,1,0,Y,True,False
1424553,Cristian Castro,Yo Quería,6,1135,02/01/01,2001,2000,Azul,México,hombre,"['pop', 'latin pop', 'pop latino', 'cristian castro', 'romantica']",pop,NM,,,,,True,False
1425491,PXNDX,Cita en el Quirófano,9,1474,21/05/05,2005,2000,Para Ti Con Desprecio,México,grupo,"['rock', 'pop punk', 'punk rock', 'punk', 'emo', 'alternative rock', 'pxndx', 'poetics']",rock,M,0,1,0,N,True,False
1428756,Vicente Fernández,Me voy a quitar de en medio,5,660,,1998,1990,Entre El Amor Y Yo,México,hombre,"['ranchera', 'mariachi', 'don vicente fernandez', 'vicente fernandez', 'rancheras', 'por tu maldito amor']",ranchera,NM,,,,,True,False
1431493,RKM & Ken-Y,Lloraras,11,1842,14/02/06,2006,2000,Llorarás,Puerto Rico,grupo,"['reggaeton', 'latin urban']",reggaeton,NM,0,0,0,N,False,True
1431602,Los Rodríguez,Extraño (Versión 96),4,753,,1996,1990,Hasta Luego,España,grupo,"['rock argentino', 'rock', 'rock en espanol', 'spanish rock', 'rock en español', 'pop']",rock argentino,NM,,,,,True,False
1433624,Thalía,No Me Enseñaste,8,1965,21/05/02,2002,2000,Thalía (2002),México,mujer,"['pop', 'latin pop', 'dance', 'thalia', 'sexy']",pop,NM,,,,,True,False
1433771,Toby Love,Te Parece Poco,4,558,,2011,2010,La voz de la juventud,Estados Unidos,hombre,"['bachata', 'toby love', 'reggaeton', 'aventura', 'bachata urbana', 'latin pop', 'hip hop']",bachata,NM,,,,,True,False
1436467,Sin Bandera,Que Lloro,7,1412,21/10/03,2003,2000,De Viaje,México,grupo,"['romantica', 'pop', 'latin pop', 'sin bandera', 'ballad', 'rock en espanol', 'r&b']",romantica,NM,,,,,True,False
1436631,Ricardo Montaner,Será,6,647,,1996,1990,En el Último Lugar del Mundo,Venezuela,hombre,"['ricardo montaner', 'latin pop', 'pop', 'spanish ballad', 'baladas', 'romantica', 'montaner', 'ballad', 'latin ballad']",ricardo montaner,NM,,,,,True,False
1436851,Rocío Jurado,Del cielo cayó una rosa,5,733,,1971,1970,Rocío Jurado (Un clavel),España,mujer,"['pop', 'flamenco', 'copla', 'female vocalist', 'world', 'oldies']",pop,NM,,,,,True,False
1437753,Valentín Elizalde,Vete Ya,5,900,,2023,2020,Mi Satisfacción,México,hombre,"['banda', 'muerto a balazos', 'cumbia', 'world music', 'corridos', 'norteño', 'regional mexican', 'regional mexicano', 'banda sinaloense', 'corrido', 'narcocorrido']",banda,NM,,,,,True,False
1438933,Costumbre,Cuanto te amo,7,932,,2003,2000,Se Repite La Historia,México,grupo,"['tejano', 'norteño', 'regional mexicano']",tejano,NM,0,0,0,N,False,True
1439658,Bersuit Vergarabat,Sr. Cobranza,8,2923,01/01/98,1998,1990,Libertinaje,Argentina,grupo,"['rock argentino', 'rock', 'rock argento', 'bersuit', 'rock en español', 'bersuit vergarabat', 'latin rock', 'cumbia', 'alternative rock']",rock argentino,NM,0,0,0,N,False,True
1440055,La Sonora Dinamita,Se Me Perdió La Cadenita,6,633,,2007,2000,Lo esencial de la música guapachosa,Colombia,grupo,"['cumbia', 'salsa', 'la sonora dinamita', 'world', 'cumbia colombiana', 'world music', 'tropical']",cumbia,NM,,,,,True,False
1440317,Jerry Rivera,Qué Hay De Malo,10,2405,,1993,1990,Cara De niño,Puerto Rico,hombre,"['salsa', 'jerry rivera', 'salsa boricua', 'chill906', 'guys i would fuck', 'latin pop']",salsa,NM,0,0,0,N,False,True
1440800,Pesado,A Chillar a Otra Parte,4,797,20/09/05,2005,2000,Tu Sombra,México,grupo,"['pesado', 'norteño', 'cumbia', 'norteno', 'cumbia regia', '2', 'cumbia nortena']",pesado,M,0,1,1,N,True,False
1442635,Ismael Miranda,La Cosa No Es Como Antes,14,1083,,1975,1970,Este Es... Ismael Miranda,Puerto Rico,hombre,"['salsa', 'bolero', 'como el aguila', 'ismael miranda', 'world', 'chill906', 'reggaeton']",salsa,NM,,,,,True,False
1445085,Jenni Rivera,Ni Me Viene Ni Me Va,10,1069,,2010,2010,JENNI,Estados Unidos,mujer,"['banda', 'regional mexican', 'pop', 'busty', 'big boobs', 'breasts', 'boobs']",banda,NM,0,0,0,N,False,True
1449171,David Bisbal,Ave María,10,2883,13/05/02,2002,2000,Corazón Latino,España,hombre,"['pop', 'latin pop', 'davis bisbal', 'david bisbal', 'operacion triunfo', 'spanish pop']",pop,NM,0,0,0,N,False,True
1456069,Los Rodríguez,100 Pájaros Volando,9,828,,1991,1990,Buena Suerte,España,grupo,"['rock argentino', 'rock', 'rock en espanol', 'spanish rock', 'rock en español', 'pop']",rock argentino,NM,,,,,True,False
1457225,Duelo,Solo Callas,6,705,,2005,2000,En El Area De Sueños,Estados Unidos,grupo,"['duelo', 'banda', 'folk', 'regional mexican', 'mariachi', 'punk', 'melodic hardcore', 'traditional', 'grupera']",duelo,NM,,,,,True,False
1458653,El Cuarteto de Nos,El hijo de Hernández,11,2323,17/09/09,2009,2000,Bipolar,Uruguay,grupo,"['rock', 'rock en espanol', 'rock uruguayo', 'indie', 'alternative rock', 'rap rock', 'alternative', 'uruguayan', 'latin rock']",rock,NM,,,,,True,False
1460132,Estopa,Destrangis In The Night,7,1435,24/09/01,2001,2000,Destrangis,España,grupo,"['flamenco', 'pop', 'rock', 'rumba', 'estopa', 'pop rock']",flamenco,M,1,0,0,N,True,False
1461222,José Alfredo Jiménez,Un Mundo Raro,5,615,,1958,1950,Maria De Lourdes,México,hombre,"['mariachi', 'ranchera', 'jose alfredo jimenez', 'classic', 'chillout', 'chill', 'chillosophy', 'global fusion']",mariachi,NM,0,0,0,N,False,True
1462705,Juan Gabriel,La Farsante,7,1018,11/01/81,1981,1980,Todo,México,hombre,"['juan gabriel', 'mariachi', 'ranchera', 'pop', 'latin pop', 'pepe aguilar']",juan gabriel,M,0,1,1,Y,False,True
1465929,Azúcar Moreno,Él,9,1566,,2003,2000,Desde el principio,España,grupo,"['pop', 'eurovision', 'flamenco', 'dance', 'duos', 'espagnol']",pop,NM,,,,,True,False
1466094,Enjambre,Impacto,5,959,,2008,2000,El Segundo Es Felino,México,grupo,"['indie', 'indie rock', 'alternative', 'garage rock revival', 'indie-rock', 'rock', 'latin rock', 'rock en español', 'efectivamente la vida da un millon de vueltas', 'pop', 'rock mexicano', 'rock en espanol', 'chido', 'latin indie', 'for a cigarette']",indie,NM,,,,,True,False
1466390,Mecano,El Cine,6,1526,06/07/88,1988,1980,Descanso Dominical,España,grupo,"['pop', 'spanish pop', 'post-punk', 'new wave', 'mecano', 'synthpop']",pop,M,1,0,0,N,True,False
1468050,Julio Iglesias,Quijote,5,1121,,1983,1980,Momentos,España,hombre,"['pop', 'julio iglesias', 'latin pop', 'romantic', 'easy listening', 'tango']",pop,NM,,,,,True,False
1474486,Hombres G,Estoy Pintando Tu Sonrisa,6,495,,1990,1990,Esta Es Tu Vida,España,grupo,"['rock', 'rock en espanol', 'pop', 'spanish rock', 'rock en español', 'pop rock', 'spanish pop']",rock,NM,,,,,True,False
1477580,Héroes Del Silencio,Senda,5,917,04/12/90,1990,1990,Senderos de Traición,España,grupo,"['rock', 'spanish rock', 'hard rock', 'rock en espanol', 'gothic rock', 'rock en español', 'alternative rock', 'rock español']",rock,NM,,,,,True,False
1477839,Pibes Chorros,Pamela,6,1138,22/12/04,2004,2000,El Poder de la Guadaña,Argentina,grupo,"['cumbia villera', 'cumbia', 'los pibes chorros', 'comedy', 'dance', 'salsa', 'cumbia argentina', 'lol']",cumbia villera,M,1,0,0,Y,True,False
1478739,Los Rodríguez,Algunos Hombres Buenos,11,1671,24/04/95,1995,1990,"Palabras Más, Palabras Menos",España,grupo,"['rock argentino', 'rock', 'rock en espanol', 'spanish rock', 'rock en español', 'pop']",rock argentino,NM,,,,,True,False
1480233,Azúcar Moreno,Bandido,6,978,,1990,1990,Bandido,España,grupo,"['pop', 'eurovision', 'flamenco', 'dance', 'duos', 'espagnol']",pop,NM,0,0,0,N,False,True
1480709,Azúcar Moreno,Divina de la Muerte,8,1236,,2014,2010,Únicas,España,grupo,"['pop', 'eurovision', 'flamenco', 'dance', 'duos', 'espagnol']",pop,NM,0,0,0,N,False,True
1481129,Frank Reyes,Nada De Nada,7,1304,,2015,2010,Dejame Entrar En Ti,República Dominicana,hombre,"['bachata', 'salsa', 'merengue', 'dominican', 'frank reyes', 'santo domingo']",bachata,NM,,,,,True,False
1481304,Caifanes,La Negra Tomasa (Versión Tropical),7,916,04/12/88,1988,1980,Caifanes,México,grupo,"['rock en espanol', 'rock', 'rock mexicano', 'rock en español', 'post-punk', 'new wave', 'alternative rock', 'cumbia mexicana', 'gothic rock', 'latin alternative', 'latin rock']",rock en espanol,NM,,,,,True,False
1482549,Rocío Jurado,Señora,6,578,,1979,1970,Señora,España,mujer,"['pop', 'flamenco', 'copla', 'female vocalist', 'world', 'oldies']",pop,NM,,,,,True,False
1484216,Estopa,Hemicraneal,6,1603,26/02/08,2008,2000,Allenrok,España,grupo,"['flamenco', 'pop', 'rock', 'rumba', 'estopa', 'pop rock']",flamenco,NM,0,0,0,N,False,True
1484287,Rocío Jurado,Como yo te amo,4,698,,1989,1980,La más grande,España,mujer,"['pop', 'flamenco', 'copla', 'female vocalist', 'world', 'oldies']",pop,NM,,,,,True,False
1484404,Cartel de Santa,Hey Si Me Ven,8,2687,20/03/06,2006,2000,Volumen Prohibido,México,grupo,"['hip-hop', 'rap', 'hip hop', 'cronica babilonia', 'cartel de santa', 'hip hop latino', 'conexion puerto rico', 'mexican rap']",hip-hop,M,1,0,1,Y,True,False
1485321,Rocío Jurado,Qué no daría yo,4,862,,2006,2000,Rocío de luna blanca,España,mujer,"['pop', 'flamenco', 'copla', 'female vocalist', 'world', 'oldies']",pop,NM,,,,,True,False
1487323,Julio Jaramillo,Nuestro Juramento,3,792,,1983,1980,15 Años De Exitos,Ecuador,hombre,"['bolero', 'julio jaramillo', 'pasillo', 'ranchera', 'boleros', 'pasillo ecuatoriano', 'tango', 'folk']",bolero,NM,0,0,0,N,False,True
1488092,Azúcar Moreno,Quiero Pecar en Ti,7,885,,2001,2000,Únicas,España,grupo,"['pop', 'eurovision', 'flamenco', 'dance', 'duos', 'espagnol']",pop,M,1,0,0,N,True,False
1489380,Estopa,Qué Suerte La Mía,9,2173,16/11/05,2005,2000,Voces de Ultrarumba,España,grupo,"['flamenco', 'pop', 'rock', 'rumba', 'estopa', 'pop rock']",flamenco,NM,,,,,True,False
1489479,Rocío Jurado,Quisiera decir ¡no!,3,506,,1969,1960,Mi amigo,España,mujer,"['pop', 'flamenco', 'copla', 'female vocalist', 'world', 'oldies']",pop,NM,,,,,True,False
1489849,Los Fabulosos Cadillacs,El Genio del Dub,11,1348,19/08/87,1987,1980,Yo te avisé!!,Argentina,grupo,"['ska', 'rock argentino', 'rock', 'rock en espanol', 'latin rock', 'reggae', 'los fabulosos cadillacs', 'rock en español']",ska,NM,,,,,True,False
1492436,Ricardo Montaner,Déjame Llorar,8,1287,,2005,2000,En el Último Lugar del Mundo,Venezuela,hombre,"['ricardo montaner', 'latin pop', 'pop', 'spanish ballad', 'baladas', 'romantica', 'montaner', 'ballad', 'latin ballad']",ricardo montaner,NM,,,,,True,False
1492493,Julio Iglesias,Nathalie,5,607,,1998,1990,Momentos,España,hombre,"['pop', 'julio iglesias', 'latin pop', 'romantic', 'easy listening', 'tango']",pop,NM,,,,,True,False
1495867,Azúcar Moreno,Debajo del olivo,11,1462,,1997,1990,Carne de Melocotón,España,grupo,"['pop', 'eurovision', 'flamenco', 'dance', 'duos', 'espagnol']",pop,NM,0,0,0,N,False,True
1496214,Andrés Cepeda,Sabrá Dios,3,583,,2001,2000,El Carpintero,Colombia,hombre,"['latin pop', 'pop', 'andres cepeda', 'rock colombiano', 'pop rock']",latin pop,NM,,,,,True,False
1496529,Héroes Del Silencio,La Apariencia No Es Sincera,8,1556,14/06/93,1993,1990,El Espíritu del Vino,España,grupo,"['rock', 'spanish rock', 'hard rock', 'rock en espanol', 'gothic rock', 'rock en español', 'alternative rock', 'rock español']",rock,NM,,,,,True,False
1497294,David Bisbal,Silencio,7,1343,20/11/06,2006,2000,Premonición,España,hombre,"['pop', 'latin pop', 'davis bisbal', 'david bisbal', 'operacion triunfo', 'spanish pop']",pop,NM,,,,,True,False
1497478,Azúcar Moreno,Vente Conmigo,9,1162,,1992,1990,Ojos negros,España,grupo,"['pop', 'eurovision', 'flamenco', 'dance', 'duos', 'espagnol']",pop,NM,,,,,True,False
1499629,Javier Solís,Te amaré toda la vida,3,465,,1966,1960,Vida de Bohemio,México,hombre,"['ranchera', 'bolero', 'javier solis', 'mariachi', 'romantico']",ranchera,NM,,,,,True,False
1500373,Los Rodríguez,Mi Rock Perdido,7,2130,03/09/93,1993,1990,Sin Documentos,España,grupo,"['rock argentino', 'rock', 'rock en espanol', 'spanish rock', 'rock en español', 'pop']",rock argentino,NM,,,,,True,False
1502872,Luis Miguel,Contigo en la Distancia,5,524,19/11/91,1991,1990,Romance,México,hombre,"['boleros', 'baladas', 'pop', 'luis miguel', 'latin pop']",boleros,NM,0,0,0,N,False,True
1504765,Melendi,Sé Lo Que Hicisteis,6,2019,12/07/03,2003,2000,Sin noticias de Holanda,España,hombre,"['pop', 'flamenco', 'new flamenco', 'rumba', 'melendi', 'rock']",pop,NM,,,,,True,False
1506790,Wisin & Yandel (Ft. Romeo Santos),Noche de Sexo,9,2554,08/11/05,2005,2000,Pa’l Mundo,Puerto Rico,grupo,"['reggaeton', 'dance', 'pop', 'latin pop', 'black metal', 'hip-hop', 'latin urban']",reggaeton,M,1,0,0,Y,True,False
1506942,Camilo Sesto,"Mi Mundo, Tú",14,1077,,1983,1980,Con Ganas,España,hombre,"['romantico', 'pop', 'pop espanol', 'camilo sesto', 'balada', 'camilo', 'canción melódica', 'latin ballad']",romantico,NM,,,,,True,False
1506951,Fito & Fitipaldis,Soldadito marinero,5,1113,01/09/03,2003,2000,"Lo más lejos, a tu lado",España,grupo,"['rock', 'spanish rock', 'rock en espanol', 'blues', 'pop', 'pop rock', 'blues rock', 'rock español']",rock,M,1,0,0,Y,False,True
1507966,Rocío Jurado,La séptima ola,6,1161,,1994,1990,Palabra de honor,España,mujer,"['pop', 'flamenco', 'copla', 'female vocalist', 'world', 'oldies']",pop,NM,,,,,True,False
150870,Violadores del Verso,Máximo Exponente,12,3948,11/06/99,1999,1990,Genios,España,grupo,"['hip-hop', 'rap', 'spanish hip-hop', 'hip hop', 'spanish rap', 'zaragoza', 'doble v', 'violadores del verso', 'rap solo']",hip-hop,M,1,0,0,Y,True,False
1509011,Héroes Del Silencio,La Espuma De Venus,11,836,18/09/95,1995,1990,Avalancha,España,grupo,"['rock', 'spanish rock', 'hard rock', 'rock en espanol', 'gothic rock', 'rock en español', 'alternative rock', 'rock español']",rock,M,1,0,0,N,True,False
1509868,Elvis Crespo,Tu Sonrisa,8,1576,29/09/98,1998,1990,Suavemente,Puerto Rico,hombre,"['merengue', 'salsa', 'latin pop', 'elvis crespo', 'pop']",merengue,NM,0,0,0,N,False,True
1510180,La Sonora Dinamita,Capullo Y Sorullo,11,1739,,1999,1990,"30 pegaditas de oro, vol. 1",Colombia,grupo,"['cumbia', 'salsa', 'la sonora dinamita', 'world', 'cumbia colombiana', 'world music', 'tropical']",cumbia,NM,,,,,True,False
1511936,Frankie Ruiz,Voy Pa' Encima,6,1004,01/01/89,1989,1980,...Voy pa’ encima!,Estados Unidos,hombre,"['salsa', 'frankie ruiz', 'salsa boricua', 'latin jazz', 'best salsa', 'franquie ruiz', 'tropicania', 'salsa romantica', 'salsa romántica']",salsa,M,0,1,0,Y,True,False
1515762,Javier Solís,Esta Tristeza Mía,4,443,,2001,2000,Rancheras Con Javier Solís,México,hombre,"['ranchera', 'bolero', 'javier solis', 'mariachi', 'romantico']",ranchera,NM,,,,,True,False
1516463,Rocío Jurado,Se nos rompió el amor,4,567,,2006,2000,Paloma brava,España,mujer,"['pop', 'flamenco', 'copla', 'female vocalist', 'world', 'oldies']",pop,NM,,,,,True,False
1516785,Los Rodríguez,La Mirada Del Adiós,7,1040,,1996,1990,Buena Suerte,España,grupo,"['rock argentino', 'rock', 'rock en espanol', 'spanish rock', 'rock en español', 'pop']",rock argentino,NM,,,,,True,False
1518259,Estopa,Demonios,5,1662,24/09/01,2001,2000,Destrangis,España,grupo,"['flamenco', 'pop', 'rock', 'rumba', 'estopa', 'pop rock']",flamenco,NM,0,0,0,N,False,True
1519197,Bobby Pulido,Desvelado,6,1129,26/09/95,1995,1990,Desvelado,Estados Unidos,hombre,"['tejano', 'desvalado y sin amor', 'lo que si me gusta aunque no me crean', 'romantic', 'cumbia', 'bobby pulido - desvelado', 'g-u-a-r-r-o', 'desvelado - bobby pulido', 'dance', 'mex', 'bobby pulido', 'bobby']",tejano,NM,,,,,True,False
1522949,Estopa,Poquito A Poco,5,1666,18/10/99,1999,1990,Estopa,España,grupo,"['flamenco', 'pop', 'rock', 'rumba', 'estopa', 'pop rock']",flamenco,NM,,,,,True,False
1523947,Melendi,Como Una Vela,8,1767,16/09/08,2008,2000,Curiosa La Cara De Tu Padre,España,hombre,"['pop', 'flamenco', 'new flamenco', 'rumba', 'melendi', 'rock']",pop,NM,,,,,True,False
1524111,Régulo Caro,Amor Enfermo,8,1379,17/12/10,2010,2010,"Música, Pólvora y Sangre",México,hombre,"['corridos', 'regional mexican', 'corridos progresivos', 'movimiento alterado', 'narco corridos', 'regional mexicano']",corridos,NM,,,,,True,False
1524970,Cristian Castro,Mi Vida Sin Tu Amor,5,952,,1999,1990,Mi Vida Sin Tu Amor,México,hombre,"['pop', 'latin pop', 'pop latino', 'cristian castro', 'romantica']",pop,NM,,,,,True,False
1525111,Fulanito,La Novela,10,3117,,1997,1990,El Hombre Mas Famoso De La Tierra,Estados Unidos,grupo,"['merengue', 'latin rap', 'reggaeton', 'reggaetonson', 'hip-hop', 'hip hop', 'fulanito', 'dance']",merengue,M,1,1,1,Y,True,False
1525668,Los Rodríguez,La Parte De Atrás,8,1143,,1991,1990,Buena Suerte,España,grupo,"['rock argentino', 'rock', 'rock en espanol', 'spanish rock', 'rock en español', 'pop']",rock argentino,NM,,,,,True,False
1528615,Babasónicos,El Loco,6,844,25/07/01,2001,2000,Jessico,Argentina,grupo,"['rock argentino', 'rock', 'alternative', 'rock en espanol', 'rock en español', 'pop', 'alternative rock', 'babasonicos']",rock argentino,M,1,1,1,Y,True,False
1530192,Joaquín Sabina,Viridiana,9,1098,,1996,1990,"Yo, mí, me, contigo",España,hombre,"['rock', 'spanish rock', 'sabina', 'trova', 'pop', 'joaquin sabina', 'latin ballad', 'pop rock']",rock,M,1,0,0,Y,True,False
1531321,Hombres G,Loco de Amor,5,1021,,2007,2000,10,España,grupo,"['rock', 'rock en espanol', 'pop', 'spanish rock', 'rock en español', 'pop rock', 'spanish pop']",rock,NM,,,,,True,False
1534193,Rocío Jurado,Vibro,3,594,,2004,2000,Paloma brava,España,mujer,"['pop', 'flamenco', 'copla', 'female vocalist', 'world', 'oldies']",pop,NM,,,,,True,False
1537945,Estopa,Ojitos Rojos (Directo),6,1910,24/09/01,2001,2000,Destrangis,España,grupo,"['flamenco', 'pop', 'rock', 'rumba', 'estopa', 'pop rock']",flamenco,M,1,0,0,N,False,True
1539628,Los Fabulosos Cadillacs,Paquito,9,1502,20/06/95,1995,1990,Rey Azúcar,Argentina,grupo,"['ska', 'rock argentino', 'rock', 'rock en espanol', 'latin rock', 'reggae', 'los fabulosos cadillacs', 'rock en español']",ska,NM,,,,,True,False
1541145,Jesse & Joy,Ya no quiero,8,755,18/09/06,2006,2000,Esta es mi vida,México,grupo,"['pop', 'latin pop', 'pop rock', 'rock', 'pop en espanol', 'ballad']",pop,NM,,,,,True,False
1541250,Hombres G,He de Saber,5,704,,2004,2000,Todo Esto Es Muy Extraño,España,grupo,"['rock', 'rock en espanol', 'pop', 'spanish rock', 'rock en español', 'pop rock', 'spanish pop']",rock,M,1,0,0,N,True,False
1542389,Intocable,Sueña,7,991,09/04/02,2002,2000,Sueños,Estados Unidos,grupo,"['tejano', 'norteno', 'norteño', 'regional mexican', 'intocable', 'grupos']",tejano,NM,,,,,True,False
1543373,Jeans,Enferma de amor,8,766,,2010,2010,12 Años,México,grupo,"['pop', 'techno', 'downtempo', 'teen pop', 'psytrance', 'goa-trance', 'psychedelic trance', 'bubblegum pop', 'tekkno', 'girl group']",pop,NM,0,0,0,N,False,True
1543884,Inti-Illimani,Canción de la propiedad social y privada,10,791,,1970,1970,Canto al programa,Chile,grupo,"['folk', 'musica andina', 'world', 'nueva cancion', 'political', 'nueva cancion chilena', 'world music', 'andean', 'nueva canción chilena', 'nuno']",folk,NM,,,,,True,False
1545270,Agustín Lara,Piensa En Mi,3,314,,1998,1990,15 Inolvidables en la voz de Agustín Lara,México,hombre,"['bolero', 'agustin lara', 'mexican bolero', 'latino-americain', 'veracruz', 'a-lara', 'latino americain', 'world', 'ranchera', 'songwriter']",bolero,NM,,,,,True,False
1546517,Farruko (Ft. Arcángel & Voltio),Traime A Tu Amiga (Remix),10,3438,04/05/10,2010,2010,El Talento del Bloque,Puerto Rico,hombre,"['reggaeton', 'latin urban', 'trap latino']",reggaeton,M,1,0,1,Y,True,False
1547728,Héroes Del Silencio,La Herida,7,1466,14/06/93,1993,1990,El Espíritu del Vino,España,grupo,"['rock', 'spanish rock', 'hard rock', 'rock en espanol', 'gothic rock', 'rock en español', 'alternative rock', 'rock español']",rock,NM,,,,,True,False
1550405,Melendi,Con La Luna Llena,6,1916,12/07/03,2003,2000,Sin noticias de Holanda,España,hombre,"['pop', 'flamenco', 'new flamenco', 'rumba', 'melendi', 'rock']",pop,M,1,0,0,N,True,False
1551300,Hombres G,Dejad Que Las Niñas Se Acerquen a Mí,5,1492,11/03/85,1985,1980,Hombres G,España,grupo,"['rock', 'rock en espanol', 'pop', 'spanish rock', 'rock en español', 'pop rock', 'spanish pop']",rock,M,0,0,1,Y,True,False
1551399,Tercer Cielo,Yo Te Extrañaré,15,1464,,2010,2010,Hollywood,República Dominicana,grupo,"['christian', 'musica cristiana', 'tercercielo', 'tercer cielo', 'pop', 'gospel', 'cristianas', 'christian music', 'hollywood']",christian,NM,,,,,True,False
1552722,Los Rodríguez,Salud (Dinero Y Amor),7,1565,03/09/93,1993,1990,Sin Documentos,España,grupo,"['rock argentino', 'rock', 'rock en espanol', 'spanish rock', 'rock en español', 'pop']",rock argentino,M,1,0,0,N,True,False
1553915,El Arrebato,Búscate un hombre que te quiera,14,1370,,2004,2000,Que salga el sol por donde quiera,España,hombre,"['flamenco', 'rumbapop', 'espanyol', 'rumba', 'flamenco pop', 'arrebato', 'cumbia villera']",flamenco,NM,0,0,0,N,False,True
1556467,Mecano,Laika,9,1074,,1988,1980,Descanso Dominical,España,grupo,"['pop', 'spanish pop', 'post-punk', 'new wave', 'mecano', 'synthpop']",pop,M,0,0,1,N,True,False
1559215,Conjunto Primavera,Al Mismo Nivel,5,756,,2012,2010,Al mismo nivel,México,grupo,"['conjunto primavera', 'conjunto prinavera', 'banda', 'marco antonio solis', 'norteño', 'accordion', 'conjunto']",conjunto primavera,M,0,0,1,Y,True,False
1560345,Aterciopelados,Maligno,7,803,,1998,1990,Caribe atómico,Colombia,grupo,"['rock', 'rock en espanol', 'rock en español', 'rock colombiano', 'latin rock', 'alternative rock']",rock,NM,,,,,True,False
1561428,K-Paz De La Sierra,Mi Credo,8,904,,2008,2000,Mas Capaces Que Nunca,México,grupo,"['duranguense', 'regional mexican', 'banda', 'k-paza de la sierra', 'g-azulcrema', 'chuntarense', 'jaju']",duranguense,NM,0,0,0,N,False,True
1561695,Azúcar Moreno,Amame Toda La Noche,6,1354,,1996,1990,Esclava de tu piel,España,grupo,"['pop', 'eurovision', 'flamenco', 'dance', 'duos', 'espagnol']",pop,NM,,,,,True,False
1562766,Los Rodríguez,7 Segundos,5,732,03/09/93,1993,1990,Sin Documentos,España,grupo,"['rock argentino', 'rock', 'rock en espanol', 'spanish rock', 'rock en español', 'pop']",rock argentino,NM,,,,,True,False
1566376,Héroes Del Silencio,Mar Adentro,6,754,31/10/88,1988,1980,El Mar No Cesa,España,grupo,"['rock', 'spanish rock', 'hard rock', 'rock en espanol', 'gothic rock', 'rock en español', 'alternative rock', 'rock español']",rock,NM,,,,,True,False
1567779,Hombres G,Me Siento Bien,8,943,,2007,2000,10,España,grupo,"['rock', 'rock en espanol', 'pop', 'spanish rock', 'rock en español', 'pop rock', 'spanish pop']",rock,NM,,,,,True,False
1569312,Daniela Romo,Nadie Entiende,5,889,,1991,1990,Amada más que nunca,México,mujer,"['daniela romo', 'pop', 'latin pop', 'plancha', 'pepe aguilar', 'latin ballad']",daniela romo,NM,0,0,0,N,False,True
1571575,Cecilia,Un Ramito de Violetas,9,1450,,2013,2010,Un Ramito de Violetas,España,mujer,"['protesta', 'estonia', 'estonian', 'folk']",protesta,NM,,,,,True,False
1572214,Estopa,El Run Run,8,1573,26/02/08,2008,2000,Allenrok,RU,hombre,"['flamenco', 'pop', 'rock', 'rumba', 'estopa', 'pop rock']",flamenco,M,1,0,0,N,True,False
1574219,Mecano,"50 palabras, 60 palabras ó 100",8,1081,17/06/86,1986,1980,Entre el cielo y el suelo,España,mujer,"['pop', 'spanish pop', 'post-punk', 'new wave', 'mecano', 'synthpop']",pop,NM,,,,,True,False
1574558,Héroes Del Silencio,Sangre Hirviendo,11,1376,14/06/93,1993,1990,El Espíritu del Vino,España,grupo,"['rock', 'spanish rock', 'hard rock', 'rock en espanol', 'gothic rock', 'rock en español', 'alternative rock', 'rock español']",rock,NM,,,,,True,False
1579175,Estopa,Mi Primera Cana,5,999,24/09/01,2001,2000,Destrangis,España,grupo,"['flamenco', 'pop', 'rock', 'rumba', 'estopa', 'pop rock']",flamenco,NM,0,0,0,N,False,True
1580652,Pibes Chorros,La colorada,5,1107,08/04/03,2003,2000,Criando Cuervos,Argentina,grupo,"['cumbia villera', 'cumbia', 'los pibes chorros', 'comedy', 'dance', 'salsa', 'cumbia argentina', 'lol']",cumbia villera,M,1,0,0,Y,True,False
1581059,Azúcar Moreno,Hazme El Amor,8,855,,2000,2000,Ojos negros,España,grupo,"['pop', 'eurovision', 'flamenco', 'dance', 'duos', 'espagnol']",pop,NM,0,0,0,N,False,True
1581626,Pesado,Le Creí,7,1242,01/01/12,2012,2010,Mi Promesa,México,grupo,"['pesado', 'norteño', 'cumbia', 'norteno', 'cumbia regia', '2', 'cumbia nortena']",pesado,M,0,1,1,N,True,False
1582318,Chalino Sánchez,Me Persigue Tu Sombra,6,971,14/05/92,1992,1990,Nieves de Enero,México,hombre,"['corridos', 'based', 'corrido', 'narcocorrido', '_private tag 1', 'death by murder', 'regional mexicano']",corridos,M,0,0,1,N,False,True
1582803,Banda Machos,La Suegra,9,1916,,2015,2010,25 aniversario: Una leyenda viviente,México,grupo,"['banda', 'regional mexican', 'banda machos', 'salsa', 'ranchera', 'angeles azules', 'pop', 'regional mexicano', 'technobanda']",banda,M,1,0,1,Y,True,False
1583720,Los Rodríguez,Mi Enfermedad (Versión 96),5,969,,1990,1990,Hasta Luego,España,grupo,"['rock argentino', 'rock', 'rock en espanol', 'spanish rock', 'rock en español', 'pop']",rock argentino,NM,,,,,True,False
1584338,Rocío Jurado,Antonio Vargas Heredia,6,964,,1981,1980,Canciones de España,España,mujer,"['pop', 'flamenco', 'copla', 'female vocalist', 'world', 'oldies']",pop,M,0,1,1,Y,True,False
1584651,Ricardo Montaner,Vamos pa la conga,9,1460,,2001,2000,En el Último Lugar del Mundo,Venezuela,hombre,"['ricardo montaner', 'latin pop', 'pop', 'spanish ballad', 'baladas', 'romantica', 'montaner', 'ballad', 'latin ballad']",ricardo montaner,M,1,0,1,Y,True,False
1585812,Estopa,Fuente de Energía,9,2126,03/03/04,2004,2000,¿La Calle Es Tuya?,España,grupo,"['flamenco', 'pop', 'rock', 'rumba', 'estopa', 'pop rock']",flamenco,NM,0,0,0,N,False,True
1587003,Mecano,Un Año Mas,7,1179,,1981,1980,Descanso Dominical,España,grupo,"['pop', 'spanish pop', 'post-punk', 'new wave', 'mecano', 'synthpop']",pop,NM,,,,,True,False
1587648,Mecano,Ay! Que Pesado,6,1243,16/06/86,1986,1980,Entre el cielo y el suelo,España,grupo,"['pop', 'spanish pop', 'post-punk', 'new wave', 'mecano', 'synthpop']",pop,NM,,,,,True,False
1588157,Estopa,Me Quedaré,8,1490,21/11/11,2011,2010,Estopa 2.0,España,grupo,"['flamenco', 'pop', 'rock', 'rumba', 'estopa', 'pop rock']",flamenco,NM,,,,,True,False
1589060,Azúcar Moreno,Cumbaya,9,1202,,1998,1990,Olé,España,grupo,"['pop', 'eurovision', 'flamenco', 'dance', 'duos', 'espagnol']",pop,NM,0,0,0,N,False,True
1590927,Jesse & Joy,Espacio sideral,6,1142,31/07/06,2006,2000,Esta es mi vida,México,grupo,"['pop', 'latin pop', 'pop rock', 'rock', 'pop en espanol', 'ballad']",pop,NM,,,,,True,False
1592360,Daniela Romo,De Mi Enamorate,5,1122,,1959,1950,Super Disco Del Año,México,mujer,"['daniela romo', 'pop', 'latin pop', 'plancha', 'pepe aguilar', 'latin ballad']",daniela romo,NM,,,,,True,False
1593161,Fulanito,Guallando,10,3051,21/11/97,1997,1990,El Hombre Mas Famoso De La Tierra,Estados Unidos,grupo,"['merengue', 'latin rap', 'reggaeton', 'reggaetonson', 'hip-hop', 'hip hop', 'fulanito', 'dance']",merengue,M,1,0,0,N,True,False
1593934,Melendi,Cheque Al Portamor,7,1678,13/11/12,2012,2010,Lágrimas desordenadas,España,hombre,"['pop', 'flamenco', 'new flamenco', 'rumba', 'melendi', 'rock']",pop,M,0,0,1,Y,False,True
1594332,Mecano,Hawaii-Bombay,12,1115,16/10/84,1984,1980,Ya viene el sol,España,grupo,"['pop', 'spanish pop', 'post-punk', 'new wave', 'mecano', 'synthpop']",pop,NM,,,,,True,False
1594762,Los Rodríguez,"Na, Na, Na",7,1433,03/09/93,1993,1990,Sin Documentos,España,grupo,"['rock argentino', 'rock', 'rock en espanol', 'spanish rock', 'rock en español', 'pop']",rock argentino,NM,0,0,0,N,False,True
1595138,Violadores del Verso,Nada Que Hacer,11,5029,,1998,1990,Tu Eres Alguien / Bombo Clap,España,grupo,"['hip-hop', 'rap', 'spanish hip-hop', 'hip hop', 'spanish rap', 'zaragoza', 'doble v', 'violadores del verso', 'rap solo']",hip-hop,NM,,,,,True,False
1596205,Azúcar Moreno,Olé,4,1695,,2005,2000,Olé,España,grupo,"['pop', 'eurovision', 'flamenco', 'dance', 'duos', 'espagnol']",pop,NM,,,,,True,False
1602771,Azúcar Moreno,¡Mecachis!,8,1728,,2014,2010,Olé,España,grupo,"['pop', 'eurovision', 'flamenco', 'dance', 'duos', 'espagnol']",pop,NM,,,,,True,False
1604366,Azúcar Moreno,Moliendo Café,4,645,,1992,1990,Ojos negros,España,grupo,"['pop', 'eurovision', 'flamenco', 'dance', 'duos', 'espagnol']",pop,NM,,,,,True,False
1604827,Luis Miguel,La Incondicional,6,1137,25/11/88,1988,1980,Busca Una Mujer,México,grupo,"['boleros', 'baladas', 'pop', 'luis miguel', 'latin pop', 'latin ballad', 'ballad', 'bolero', 'ranchera', 'national folk', 'latin american', 'canción melódica']",boleros,NM,,,,,True,False
1605786,Los Rodríguez,Salud (dinero & Amor),8,1281,,2014,2010,Sin documentos,España,grupo,"['rock argentino', 'rock', 'rock en espanol', 'spanish rock', 'rock en español', 'pop']",rock argentino,M,1,0,0,N,True,False
1608647,Melendi,Con Sólo Una Sonrisa,5,1646,25/04/05,2005,2000,Que El Cielo Espere Sentao..,España,hombre,"['pop', 'flamenco', 'new flamenco', 'rumba', 'melendi', 'rock']",pop,NM,0,0,0,N,False,True
1609680,Rocío Jurado,Mi amante amigo,7,731,,1943,1940,De ahora en adelante,España,mujer,"['pop', 'flamenco', 'copla', 'female vocalist', 'world', 'oldies']",pop,NM,,,,,True,False
1611236,Melendi,Arriba Extremoduro,10,1766,13/11/06,2006,2000,Mientras No Cueste Trabajo,España,hombre,"['pop', 'flamenco', 'new flamenco', 'rumba', 'melendi', 'rock']",pop,NM,,,,,True,False
1611842,Los Rodríguez,Sin Documentos,13,1671,03/09/93,1993,1990,Sin Documentos,España,grupo,"['rock argentino', 'rock', 'rock en espanol', 'spanish rock', 'rock en español', 'pop']",rock argentino,NM,,,,,True,False
1612016,Estopa,Cuando Cae La Luna,7,1726,03/03/04,2004,2000,¿La Calle Es Tuya?,España,grupo,"['flamenco', 'pop', 'rock', 'rumba', 'estopa', 'pop rock']",flamenco,NM,,,,,True,False
1612902,Mecano,Héroes de la Antártida,7,1163,,1981,1980,Descanso Dominical,España,grupo,"['pop', 'spanish pop', 'post-punk', 'new wave', 'mecano', 'synthpop']",pop,NM,,,,,True,False
1613706,Pesado,No Tengas Miedo de Llorar,7,732,26/05/94,1994,1990,Llegó el amor,México,grupo,"['pesado', 'norteño', 'cumbia', 'norteno', 'cumbia regia', '2', 'cumbia nortena']",pesado,NM,0,0,0,N,False,True
1613822,Ha-Ash,Odio Amarte,9,1878,22/04/02,2002,2000,Ha*Ash,México,grupo,"['latin pop', 'pop', 'ha-ash', 'country pop', 'folk pop', 'latin rock']",latin pop,NM,,,,,True,False
1615062,Los Rodríguez,La Puerta De Al Lado,13,1828,24/04/95,1995,1990,"Palabras Más, Palabras Menos",España,grupo,"['rock argentino', 'rock', 'rock en espanol', 'spanish rock', 'rock en español', 'pop']",rock argentino,NM,0,0,0,N,False,True
1616470,Daniela Romo,Yo No Te Pido La Luna,6,1603,,1959,1950,Amor prohibido,México,mujer,"['daniela romo', 'pop', 'latin pop', 'plancha', 'pepe aguilar', 'latin ballad']",daniela romo,NM,,,,,True,False
1616747,Melendi,Vuelvo A Traficar,9,1937,12/07/03,2003,2000,Sin noticias de Holanda,España,hombre,"['pop', 'flamenco', 'new flamenco', 'rumba', 'melendi', 'rock']",pop,NM,,,,,True,False
1617333,Los Rieleros Del Norte,El Columpio,4,715,15/05/96,1996,1990,Invencible,México,grupo,"['norteño', 'los', 'norteno', 'folk', 'rieleros', 'regional mexican', 'unaaventura', 'regional mexicano']",norteño,M,0,1,1,Y,True,False
1619567,Oscar D'León,Taboga,7,900,,1996,1990,"La leyenda viva, vol. 2",Venezuela,hombre,"['salsa', 'chill906', 'world music', 'dance', 'oscar de leon', 'sonero del mundo', 'bolero']",salsa,NM,,,,,True,False
1619612,Ismael Rivera,La Gata Montesa,7,1463,,1931,1930,Esto Fué Lo Que Trajo El Barco,Puerto Rico,hombre,"['salsa', 'fania', 'latin jazz', 'guaracha', 'dime por que', 'ismael rivera']",salsa,NM,,,,,True,False
1621546,Juan Gabriel,Caray,9,1768,11/01/81,1981,1980,Todo,México,hombre,"['juan gabriel', 'mariachi', 'ranchera', 'pop', 'latin pop', 'pepe aguilar']",juan gabriel,M,0,0,1,Y,True,False
1622067,Maná,Vivir Sin Aire,6,867,27/10/92,1992,1990,¿Dónde Jugarán Los Niños?,México,grupo,"['rock', 'latin rock', 'rock en espanol', 'rock en español', 'mana', 'pop', 'pop rock', 'latin pop']",rock,NM,,,,,True,False
1622636,Hombres G,"Chico, Tienes Que Cuidarte",8,1104,,1982,1980,Voy a Pasármelo Bien,España,grupo,"['rock', 'rock en espanol', 'pop', 'spanish rock', 'rock en español', 'pop rock', 'spanish pop']",rock,NM,0,0,0,N,False,True
1622997,José Luis Perales,Canción de Otoño,7,1127,28/02/82,1982,1980,Entre el Agua y el Fuego,España,hombre,"['jose luis perales', 'pop', 'recuerdos', 'bolero', 'chanson', 'jazz', 'latin ballad', 'latin pop', 'trova']",jose luis perales,NM,,,,,True,False
1625243,Los Tigres Del Norte,Los tres de Zacatecas,6,750,,1996,1990,Unidos para siempre,Estados Unidos,grupo,"['norteño', 'corridos', 'folk', 'los tigres del norte', 'el nino y la boda', 'contrabando y traicion']",norteño,NM,0,0,0,N,False,True
1626036,Azúcar Moreno,Esclava De Tu Piel,9,1082,,1996,1990,Mucho Azúcar,España,grupo,"['pop', 'eurovision', 'flamenco', 'dance', 'duos', 'espagnol']",pop,NM,,,,,True,False
1626405,Los Fabulosos Cadillacs,El Satánico Dr. Cadillac,17,2711,,2008,2000,El Satánico Dr. Cadillac,Argentina,grupo,"['ska', 'rock argentino', 'rock', 'rock en espanol', 'latin rock', 'reggae', 'los fabulosos cadillacs', 'rock en español']",ska,NM,,,,,True,False
1628944,Cosculluela,Prrrum,9,2761,19/09/09,2009,2000,El Príncipe,Puerto Rico,hombre,"['reggaeton', 'cosculluela', 'hip-hop', 'latin rap', 'rap', 'jowel y randy', 'flaitecore', 'hip hop', 'trap latino']",reggaeton,M,1,1,1,Y,False,True
1629355,Rocío Jurado,Inmenso,8,1246,,1993,1990,Como las alas al viento,España,mujer,"['pop', 'flamenco', 'copla', 'female vocalist', 'world', 'oldies']",pop,NM,,,,,True,False
1630226,Estopa,Estopa,10,2467,18/10/99,1999,1990,Estopa,España,grupo,"['flamenco', 'pop', 'rock', 'rumba', 'estopa', 'pop rock']",flamenco,M,1,0,0,N,True,False
1631608,Héroes Del Silencio,El Estanque,4,392,31/10/88,1988,1980,El Mar No Cesa,España,grupo,"['rock', 'spanish rock', 'hard rock', 'rock en espanol', 'gothic rock', 'rock en español', 'alternative rock', 'rock español']",rock,NM,,,,,True,False
1632277,Los Rodríguez,Mi Enfermedad,5,937,,1996,1990,Buena Suerte,España,grupo,"['rock argentino', 'rock', 'rock en espanol', 'spanish rock', 'rock en español', 'pop']",rock argentino,NM,0,0,0,N,False,True
1633325,Héroes Del Silencio,Deshacer El Mundo,6,968,18/09/95,1995,1990,Avalancha,España,grupo,"['rock', 'spanish rock', 'hard rock', 'rock en espanol', 'gothic rock', 'rock en español', 'alternative rock', 'rock español']",rock,NM,0,0,0,N,False,True
1633685,Ismael Miranda,La Cama Vacia,7,1648,,1974,1970,El Compositor Que Canta,Puerto Rico,hombre,"['salsa', 'bolero', 'como el aguila', 'ismael miranda', 'world', 'chill906', 'reggaeton']",salsa,NM,,,,,True,False
1634094,Camila,Mientes,5,1195,16/11/09,2009,2000,Dejarte De Amar,México,grupo,"['pop', 'latin pop', 'camila', 'rock', 'romantica', 'soft rock']",pop,NM,,,,,True,False
1634367,José Luis Perales,Te quiero,4,732,,1945,1940,Nido de Águilas,España,hombre,"['jose luis perales', 'pop', 'recuerdos', 'bolero', 'chanson', 'jazz', 'latin ballad', 'latin pop', 'trova']",jose luis perales,NM,,,,,True,False
1637536,Marc Anthony,Qué Precio Tiene el Cielo (Salsa),11,2291,,2006,2000,Sigo Siendo Yo,Estados Unidos,hombre,"['salsa', 'pop', 'marc anthony', 'latin pop', 'salsa romantica', 'ballad']",salsa,NM,,,,,True,False
1640143,Hombres G,Devuélveme a Mi Chica,4,963,,1982,1980,Hombres G,España,grupo,"['rock', 'rock en espanol', 'pop', 'spanish rock', 'rock en español', 'pop rock', 'spanish pop']",rock,M,0,1,1,N,True,False
1642146,Azúcar Moreno,En Tu Calle Sin Salida,9,832,,1992,1990,Ojos negros,España,grupo,"['pop', 'eurovision', 'flamenco', 'dance', 'duos', 'espagnol']",pop,NM,,,,,True,False
1644389,Hombres G,Vuelve a Mí,7,979,11/03/85,1985,1980,Hombres G,España,grupo,"['rock', 'rock en espanol', 'pop', 'spanish rock', 'rock en español', 'pop rock', 'spanish pop']",rock,NM,,,,,True,False
1645051,Héroes Del Silencio,La Alacena,3,570,14/06/93,1993,1990,El Espíritu del Vino,España,grupo,"['rock', 'spanish rock', 'hard rock', 'rock en espanol', 'gothic rock', 'rock en español', 'alternative rock', 'rock español']",rock,NM,,,,,True,False
1645241,El Tri,El Blues de la Llanta,4,613,,2003,2000,Los número uno: Éxitos 1968-2003,México,grupo,"['rock', 'rock en espanol', 'rock mexicano', 'rock en español', 'latin rock', 'blues rock', 'rock urbano', 'blues']",rock,NM,,,,,True,False
1647463,Los primos mx,Amor Brutal,7,1055,26/03/13,2013,2010,Amor Brutal,México,grupo,"['world music', 'banda']",world music,M,1,1,0,N,False,True
1648203,Mecano,Hoy no me puedo levantar,7,965,,1981,1980,Mecano,España,grupo,"['pop', 'spanish pop', 'post-punk', 'new wave', 'mecano', 'synthpop']",pop,NM,,,,,True,False
1652069,Héroes Del Silencio,Bendecida,8,1617,14/06/93,1993,1990,El Espíritu del Vino,España,grupo,"['rock', 'spanish rock', 'hard rock', 'rock en espanol', 'gothic rock', 'rock en español', 'alternative rock', 'rock español']",rock,NM,,,,,True,False
1656159,Frankie Ruiz,Viajera,20,1526,,1996,1990,Historia musical de Frankie Ruiz,Estados Unidos,hombre,"['salsa', 'frankie ruiz', 'salsa boricua', 'latin jazz', 'best salsa', 'franquie ruiz', 'tropicania', 'salsa romantica', 'salsa romántica']",salsa,NM,,,,,True,False
1658275,Banda Machos,Me Llamo Raquel,8,1198,,2009,2000,Mi Guitarra y Yo,México,grupo,"['banda', 'regional mexican', 'banda machos', 'salsa', 'ranchera', 'angeles azules', 'pop', 'regional mexicano', 'technobanda']",banda,M,1,0,1,Y,True,False
1659866,Hombres G,Esta Es Tu Vida,10,1060,,1982,1980,Esta Es Tu Vida,España,grupo,"['rock', 'rock en espanol', 'pop', 'spanish rock', 'rock en español', 'pop rock', 'spanish pop']",rock,NM,,,,,True,False
1660937,Héroes Del Silencio,Entre Dos Tierras,10,1085,04/05/90,1990,1990,Senderos de Traición,España,grupo,"['rock', 'spanish rock', 'hard rock', 'rock en espanol', 'gothic rock', 'rock en español', 'alternative rock', 'rock español']",rock,NM,,,,,True,False
1663962,Selena,La Carcacha,8,1563,25/02/92,1992,1990,Entre A Mi Mundo,Estados Unidos,mujer,"['tejano', 'pop', 'latin pop', 'cumbia', 'selena']",tejano,NM,,,,,True,False
1664197,Julio Iglesias,La Carretera,8,1285,27/06/95,1995,1990,La Carretera,España,hombre,"['pop', 'julio iglesias', 'latin pop', 'romantic', 'easy listening', 'tango']",pop,NM,,,,,True,False
1665580,Los Rodríguez,En Un Hotel De Mil Estrellas,5,665,24/04/95,1995,1990,"Palabras Más, Palabras Menos",España,grupo,"['rock argentino', 'rock', 'rock en espanol', 'spanish rock', 'rock en español', 'pop']",rock argentino,NM,,,,,True,False
1665930,Camilo Sesto,El Amor de Mi Vida,8,1126,,1946,1940,Sentimientos,España,hombre,"['romantico', 'pop', 'pop espanol', 'camilo sesto', 'balada', 'camilo', 'canción melódica', 'latin ballad']",romantico,NM,,,,,True,False
1667439,Rocío Jurado,Camino de Belén,5,841,,1990,1990,Nueva Navidad,España,mujer,"['pop', 'flamenco', 'copla', 'female vocalist', 'world', 'oldies']",pop,NM,0,0,0,N,False,True
1667969,Azúcar Moreno,Canalla,5,723,,1990,1990,Bandido,España,grupo,"['pop', 'eurovision', 'flamenco', 'dance', 'duos', 'espagnol']",pop,NM,,,,,True,False
1668330,Prince Royce,Te Me Vas,7,1250,10/04/12,2012,2010,Phase II,Estados Unidos,hombre,"['bachata', 'latin music', 'prince royce', 'pop', 'latin pop', 'new york', 'mio']",bachata,NM,,,,,True,False
1668663,Andy Montañez,Casi Te Envidio,9,1864,,2019,2010,El eterno enamorado,Puerto Rico,hombre,"['salsa', 'andy montanez', 'chill906', 'merengue', 'reggaeton', 'bolero']",salsa,NM,,,,,True,False
1668837,Estopa,Cacho A Cacho,6,1609,18/10/99,1999,1990,Estopa,España,grupo,"['flamenco', 'pop', 'rock', 'rumba', 'estopa', 'pop rock']",flamenco,NM,,,,,True,False
1668939,Los Tucanes De Tijuana,Mis Tres Animales,4,931,,1997,1990,14 Tucanazos Bien Pesados,México,grupo,"['ranchera', 'norteño', 'corridos', 'regional mexican', 'mexican folk', 'corrido', 'los tucanes de tijuana', 'rancho']",ranchera,M,0,0,1,Y,False,True
1669844,Víctor Manuelle,Hay Cariño,7,1541,,1998,1990,Ironías,Puerto Rico,hombre,"['salsa', 'world', 'salsa romantica', 'victor manuelle', 'latin pop']",salsa,M,0,0,1,N,True,False
1671119,Azúcar Moreno,Tapame,9,1365,,1996,1990,Esclava de tu piel,España,grupo,"['pop', 'eurovision', 'flamenco', 'dance', 'duos', 'espagnol']",pop,NM,,,,,True,False
1671377,Grupo Niche,La Negra No Quiere,10,1703,,1986,1980,No Hay Quinto Malo,Colombia,grupo,"['salsa', 'cumbia', 'grupo niche', 'tropical', 'salsa romantica', 'cali', 'niche']",salsa,M,1,1,0,Y,False,True
1671685,El Último De La Fila,Llanto de pasión,6,1216,,1984,1980,Como la cabeza al sombrero,España,grupo,"['pop', 'rock', 'pop rock', 'rock en espanol', 'rock español', 'spanish pop', 'spanish rock']",pop,NM,,,,,True,False
1672014,David Bisbal,Diez Mil Maneras,11,2375,16/06/14,2014,2010,Tú y yo,España,hombre,"['pop', 'latin pop', 'davis bisbal', 'david bisbal', 'operacion triunfo', 'spanish pop']",pop,NM,,,,,True,False
1672246,Vicente Fernández,La Diferencia,4,1068,,1940,1940,Es la diferencia,México,hombre,"['ranchera', 'mariachi', 'don vicente fernandez', 'vicente fernandez', 'rancheras', 'por tu maldito amor']",ranchera,NM,,,,,True,False
1673220,Maldita Vecindad y Los Hijos del Quinto Patio,Don Palabras,14,1156,,2010,2010,Baile de máscaras,México,grupo,"['rock en espanol', 'ska', 'rock mexicano', 'rock', 'rock en español', 'ciudad de mexico']",rock en espanol,NM,0,0,0,N,False,True
1673994,Los Inquietos del Norte,Ya No Puedo Vivir Sin Ti,3,490,,2010,2010,Los Padres del Corrido,Estados Unidos,grupo,"['1', '6', '4', 'mexicano', 'los chi chingones', 'la borrachierra', 'chingones', 'norteño', 'norteño-sax', 'regional mexicano']",1,NM,,,,,True,False
1674253,Los Enanitos Verdes,Tu Cárcel (En Vivo),5,995,,1979,1970,En Vivo,Argentina,grupo,"['rock en espanol', 'rock', 'rock argentino', 'latin rock', 'rock en español', 'enanitos verdes', 'argentinian', 'pop rock']",rock en espanol,NM,,,,,True,False
1676789,OV7,"Te Quiero Tanto, Tanto",6,904,15/05/97,1997,1990,Punto,México,grupo,"['latin pop', 'pop', 'ov7', 'old school latin pop', 'favorito de la infancia']",latin pop,NM,0,0,0,N,False,True
1677301,Estopa,Me Falta El Aliento,4,1830,18/10/99,1999,1990,Estopa,España,grupo,"['flamenco', 'pop', 'rock', 'rumba', 'estopa', 'pop rock']",flamenco,NM,,,,,True,False
1677376,Julio Iglesias,Con la Misma Piedra,6,1340,01/01/82,1982,1980,Momentos,España,hombre,"['pop', 'julio iglesias', 'latin pop', 'romantic', 'easy listening', 'tango']",pop,NM,,,,,True,False
1677651,Los Rodríguez,No estoy borracho,9,1045,,1990,1990,Disco Pirata,España,grupo,"['rock argentino', 'rock', 'rock en espanol', 'spanish rock', 'rock en español', 'pop']",rock argentino,NM,,,,,True,False
1678500,La Original Banda El Limón De Salvador Lizárraga,Derecho De Antigüedad,6,994,,2008,2000,Derecho de antiguedad,México,grupo,"['banda', 'regional mexican', 'pop', 'ethnic', 'world music', 'traditional', 'banda sinaloense', 'regional mexicano']",banda,NM,,,,,True,False
1683652,Azúcar Moreno,No Me Digas Adios,5,815,,1997,1990,Serie Brillantes,España,grupo,"['pop', 'eurovision', 'flamenco', 'dance', 'duos', 'espagnol']",pop,NM,,,,,True,False
1683952,Gloria Trevi,Pelo Suelto,9,1688,17/04/91,1991,1990,Tu Ángel de la Guarda,México,mujer,"['pop', 'gloria trevi', 'latin pop', 'rock', 'pop rock', 'latin rock']",pop,NM,,,,,True,False
1683955,Wisin & Yandel,En La Disco Bailoteo,9,1968,01/02/03,2003,2000,Desafío (50 Mil Copias Vendidas),Puerto Rico,grupo,"['reggaeton', 'dance', 'wisin y yandel', 'hip-hop', 'pop', 'latin urban']",reggaeton,M,1,0,1,Y,True,False
1684183,Héroes Del Silencio,Flor De Loto,8,1353,14/06/93,1993,1990,El Espíritu del Vino,España,grupo,"['rock', 'spanish rock', 'hard rock', 'rock en espanol', 'gothic rock', 'rock en español', 'alternative rock', 'rock español']",rock,NM,,,,,True,False
1685445,Hombres G,Te Quiero,7,791,28/04/86,1986,1980,La Cagaste... Burt Lancaster,España,grupo,"['rock', 'rock en espanol', 'pop', 'spanish rock', 'rock en español', 'pop rock', 'spanish pop']",rock,NM,,,,,True,False
1686399,Mecano,Bailando Salsa,8,1526,,1981,1980,Aidalai,España,grupo,"['pop', 'spanish pop', 'post-punk', 'new wave', 'mecano', 'synthpop']",pop,M,1,0,1,Y,True,False
1687712,Intocable,Amor Maldito,9,1017,,2001,2000,Intocable,Estados Unidos,grupo,"['tejano', 'norteno', 'norteño', 'regional mexican', 'intocable', 'grupos']",tejano,M,0,1,1,Y,False,True
1689734,David Bisbal,Desnúdate Mujer,8,1037,17/05/04,2004,2000,Condenado a tu amor,España,hombre,"['pop', 'latin pop', 'davis bisbal', 'david bisbal', 'operacion triunfo', 'spanish pop']",pop,M,1,0,0,Y,True,False
1691571,PXNDX,Muñeca,7,840,01/09/02,2002,2000,Arroz Con Leche,Estados Unidos,mujer,"['rock', 'pop punk', 'punk rock', 'punk', 'emo', 'alternative rock', 'pxndx']",rock,M,0,1,1,N,True,False
1692348,Ricardo Arjona,De Vez En Mes,7,1581,06/12/05,2005,2000,Adentro,Guatemala,hombre,"['pop', 'latin pop', 'ricardo arjona', 'romantica', 'arjona', 'baladas']",pop,M,0,0,1,Y,True,False
1692812,Los Cadetes De Linares,Polvo Maldito,6,890,,1977,1970,Eran Cuatro De A Caballo / Una Lagrima Y Un Recuerdo,México,grupo,"['norteño', 'ranchera', 'el regon', 'puro ranchero', 'desprecio', 'los cadetes de linares', 'ranchogr', 'los cadetes']",norteño,NM,,,,,True,False
1692952,Azúcar Moreno,Bésame,4,992,,1995,1990,Únicas,España,grupo,"['pop', 'eurovision', 'flamenco', 'dance', 'duos', 'espagnol']",pop,NM,,,,,True,False
1694022,Bertin Osborne,Siempre Así,6,872,,2000,2000,Mayor de edad,España,hombre,"['espana', 'navidul', 'grupo1', 'madrid']",espana,NM,,,,,True,False
1696369,Rocío Jurado,Los piconeros,5,624,,1981,1980,Canciones de España,España,mujer,"['pop', 'flamenco', 'copla', 'female vocalist', 'world', 'oldies']",pop,NM,,,,,True,False
1702679,Mecano,Dalai Lama,6,1106,,1991,1990,Aidalai,España,grupo,"['pop', 'spanish pop', 'post-punk', 'new wave', 'mecano', 'synthpop']",pop,NM,,,,,True,False
1704162,Julio Iglesias,Por El Amor De Una Mujer,4,954,,2003,2000,A Flor de Piel,España,hombre,"['pop', 'julio iglesias', 'latin pop', 'romantic', 'easy listening', 'tango']",pop,NM,,,,,True,False
1706591,Héroes Del Silencio,Días De Borrasca (Víspera D Resplandores),5,692,18/09/95,1995,1990,Avalancha,España,grupo,"['rock', 'spanish rock', 'hard rock', 'rock en espanol', 'gothic rock', 'rock en español', 'alternative rock', 'rock español']",rock,NM,,,,,True,False
1706940,Los Tucanes De Tijuana,Secuestro De Amor,4,795,,1997,1990,Tucanes De Oro... Secuestro De Amor,México,grupo,"['ranchera', 'norteño', 'corridos', 'regional mexican', 'mexican folk', 'corrido', 'los tucanes de tijuana', 'rancho']",ranchera,M,1,1,0,N,False,True
1709305,Daniela Romo,Pobre Secretaria,8,1781,,1959,1950,Daniela Romo,México,mujer,"['daniela romo', 'pop', 'latin pop', 'plancha', 'pepe aguilar', 'latin ballad']",daniela romo,M,1,0,1,Y,True,False
1709714,Emmanuel,Es Mi Mujer,6,706,,1996,1990,Desnudo,México,hombre,"['emmanuel', 'techno', 'pop', 'electronic', 'minimal', 'minimal techno', 'latin pop', 'latin ballad', 'canción melódica']",emmanuel,NM,,,,,True,False
1710516,Héctor Lavoe,Periódico De Ayer,6,1695,,1946,1940,De Ti Depende (It’s Up to You),Puerto Rico,hombre,"['salsa', 'fania', 'chill906', 'lounge', 'indie', 'electronica', 'classic', 'hip-hop', 'bolero']",salsa,M,0,0,1,N,True,False
1710684,La Sombra (Grupo),El Sancho,6,1965,,1984,1980,Porque te quiero,Estados Unidos,grupo,"['indie rock', 'dream pop', 'noise pop', 'the lost generation', 'rock', 'american', 'classic pop and rock']",indie rock,M,1,0,1,Y,False,True
1710854,David Bisbal,Oye El Boom,9,1926,12/04/04,2004,2000,Bulería,España,hombre,"['pop', 'latin pop', 'davis bisbal', 'david bisbal', 'operacion triunfo', 'spanish pop']",pop,NM,0,0,0,N,False,True
1714089,Chalino Sánchez,Los Sufrimientos,5,771,,1960,1960,Puros Éxitos de Colección!,México,hombre,"['corridos', 'based', 'corrido', 'narcocorrido', '_private tag 1', 'death by murder', 'regional mexicano']",corridos,NM,,,,,True,False
1716865,Franco De Vita,Un buen perdedor,6,1161,,1954,1950,Franco De Vita,Venezuela,hombre,"['franco de vita', 'pop', 'latin pop', 'romantica', 'balada', 'ballad', 'latin ballad', 'pop music']",franco de vita,NM,,,,,True,False
1717130,Azúcar Moreno,Tequila,10,1134,,2005,2000,Mucho Azúcar,España,grupo,"['pop', 'eurovision', 'flamenco', 'dance', 'duos', 'espagnol']",pop,NM,0,0,0,N,False,True
1717142,Estopa,Bossanova,4,1305,18/10/99,1999,1990,Estopa,España,grupo,"['flamenco', 'pop', 'rock', 'rumba', 'estopa', 'pop rock']",flamenco,M,0,0,1,Y,True,False
1717334,Wisin & Yandel,Zun Zun Rompiendo Caderas,9,3301,06/12/10,2010,2010,Los Vaqueros: El Regreso,Puerto Rico,grupo,"['reggaeton', 'dance', 'wisin y yandel', 'hip-hop', 'pop', 'latin urban']",reggaeton,M,1,0,0,N,True,False
1717464,Mecano,La Fuerza del Destino,8,1272,06/07/88,1988,1980,Descanso Dominical,España,grupo,"['pop', 'spanish pop', 'post-punk', 'new wave', 'mecano', 'synthpop']",pop,M,1,0,0,Y,True,False
1717579,RBD,Nuestro Amor,8,1223,25/09/05,2005,2000,Nuestro Amor,México,grupo,"['pop', 'latin pop', 'rbd', 'rebelde', 'pop rock', 'teen pop']",pop,NM,0,0,0,N,False,True
1719086,José Feliciano,Cuando El amor Se Acaba,7,1170,,1993,1990,Mis mejores canciones: 17 super éxitos,Estados Unidos,hombre,"['folk', 'pop', 'jazz', 'soft rock', 'acoustic', 'christmas', 'jose feliciano', 'bolero', 'latin pop', 'acoustic guitar', 'christmas music', 'folk pop', 'latin soul']",folk,NM,0,0,0,N,False,True
1719679,Yuri (MEX),La Maldita Primavera,6,1050,,1996,1990,Llena De Dulzura,México,mujer,"['latin pop', 'pop', 'ranchera', 'mexican pop', 'salsa', 'mariachi']",latin pop,NM,,,,,True,False
1720523,Jenni Rivera,Yo Soy Una Mujer,6,1048,,1969,1960,La Gran Señora,Estados Unidos,mujer,"['banda', 'regional mexican', 'pop', 'busty', 'big boobs', 'breasts', 'boobs']",banda,NM,0,0,0,N,False,True
1720663,Héroes Del Silencio,Con Nombre De Guerra,3,745,04/12/90,1990,1990,Senderos de Traición,España,grupo,"['rock', 'spanish rock', 'hard rock', 'rock en espanol', 'gothic rock', 'rock en español', 'alternative rock', 'rock español']",rock,M,1,0,1,Y,True,False
1721511,Hombres G & Dani Martín,Te Necesito,7,723,29/11/11,2011,2010,En La Playa,España,grupo,"['rock', 'rock en espanol', 'pop', 'spanish rock', 'rock en español', 'pop rock', 'spanish pop']",rock,NM,,,,,True,False
1721614,José Alfredo Jiménez,Cuando El Destino,7,736,,1985,1980,Down Mexico Way,México,hombre,"['mariachi', 'ranchera', 'jose alfredo jimenez', 'classic', 'chillout', 'chill', 'chillosophy', 'global fusion']",mariachi,M,0,1,1,N,True,False
1726765,Rocío Jurado,"La Guapa, Guapa",7,1349,,1981,1980,Canciones de España,España,mujer,"['pop', 'flamenco', 'copla', 'female vocalist', 'world', 'oldies']",pop,M,0,1,1,Y,True,False
1727357,Víctor Manuelle,Pensamiento y palabra,12,2557,,1996,1990,Víctor Manuelle,Puerto Rico,hombre,"['salsa', 'world', 'salsa romantica', 'victor manuelle', 'latin pop']",salsa,NM,,,,,True,False
172764,Violadores del Verso,Filosofía y Letras,5,5031,02/11/06,2006,2000,Vivir Para Contarlo,España,grupo,"['hip-hop', 'rap', 'spanish hip-hop', 'hip hop', 'spanish rap', 'zaragoza', 'doble v', 'violadores del verso', 'rap solo']",hip-hop,NM,,,,,True,False
172765,Violadores del Verso,Asómate,7,4024,02/11/06,2006,2000,Vivir Para Contarlo,España,grupo,"['hip-hop', 'rap', 'spanish hip-hop', 'hip hop', 'spanish rap', 'zaragoza', 'doble v', 'violadores del verso', 'rap solo']",hip-hop,NM,,,,,True,False
172766,Violadores del Verso,Pura Droga Sin Cortar,7,6137,02/11/06,2006,2000,Vivir Para Contarlo,España,grupo,"['hip-hop', 'rap', 'spanish hip-hop', 'hip hop', 'spanish rap', 'zaragoza', 'doble v', 'violadores del verso', 'rap solo']",hip-hop,NM,,,,,True,False
172767,Violadores del Verso,Información Planta Calle,6,5395,02/11/06,2006,2000,Vivir Para Contarlo,España,grupo,"['hip-hop', 'rap', 'spanish hip-hop', 'hip hop', 'spanish rap', 'zaragoza', 'doble v', 'violadores del verso', 'rap solo']",hip-hop,M,1,0,1,Y,True,False
172768,Violadores del Verso,A las Cosas por Su Nombre,9,4315,02/11/06,2006,2000,Vivir Para Contarlo,España,grupo,"['hip-hop', 'rap', 'spanish hip-hop', 'hip hop', 'spanish rap', 'zaragoza', 'doble v', 'violadores del verso', 'rap solo']",hip-hop,M,1,0,1,Y,True,False
172769,Violadores del Verso,Nada Más,6,4052,02/11/06,2006,2000,Vivir Para Contarlo,España,grupo,"['hip-hop', 'rap', 'spanish hip-hop', 'hip hop', 'spanish rap', 'zaragoza', 'doble v', 'violadores del verso', 'rap solo']",hip-hop,NM,,,,,True,False
172770,Violadores del Verso,Resistencia Arrogante,6,2530,02/11/06,2006,2000,Vivir Para Contarlo,España,hombre,"['hip-hop', 'rap', 'spanish hip-hop', 'hip hop', 'spanish rap', 'zaragoza', 'doble v', 'violadores del verso', 'rap solo']",hip-hop,NM,,,,,True,False
172771,Violadores del Verso,Ocho Líneas,15,4856,02/11/06,2006,2000,Vivir Para Contarlo,España,grupo,"['hip-hop', 'rap', 'spanish hip-hop', 'hip hop', 'spanish rap', 'zaragoza', 'doble v', 'violadores del verso', 'rap solo']",hip-hop,NM,,,,,True,False
172772,Violadores del Verso,Cantando,13,4684,02/11/06,2006,2000,Vivir Para Contarlo,España,grupo,"['hip-hop', 'rap', 'spanish hip-hop', 'hip hop', 'spanish rap', 'zaragoza', 'doble v', 'violadores del verso', 'rap solo']",hip-hop,NM,,,,,True,False
172773,Violadores del Verso,Alergia,10,3440,02/11/06,2006,2000,Vivir Para Contarlo,España,grupo,"['hip-hop', 'rap', 'spanish hip-hop', 'hip hop', 'spanish rap', 'zaragoza', 'doble v', 'violadores del verso', 'rap solo']",hip-hop,NM,0,0,0,N,False,True
172776,Violadores del Verso,Vivir Para Contarlo,7,5421,,1998,1990,Vivir Para Contarlo / Haciendo Lo Nuestro,España,grupo,"['hip-hop', 'rap', 'spanish hip-hop', 'hip hop', 'spanish rap', 'zaragoza', 'doble v', 'violadores del verso', 'rap solo']",hip-hop,NM,,,,,True,False
172778,Violadores del Verso,No Somos Ciegos,6,4510,02/11/06,2006,2000,Vivir Para Contarlo,España,grupo,"['hip-hop', 'rap', 'spanish hip-hop', 'hip hop', 'spanish rap', 'zaragoza', 'doble v', 'violadores del verso', 'rap solo']",hip-hop,NM,0,0,0,N,False,True
172779,Violadores del Verso,Zombis,4,4646,02/11/06,2006,2000,Vivir Para Contarlo,España,grupo,"['hip-hop', 'rap', 'spanish hip-hop', 'hip hop', 'spanish rap', 'zaragoza', 'doble v', 'violadores del verso', 'rap solo']",hip-hop,NM,,,,,True,False
1727805,Operación Triunfo 2001,Vivo Por Ella,9,1403,,1996,1990,Operación Triunfo 2001 (Singles Gala 5),España,hombre,"['classical', 'tenor', 'classical crossover', 'italian', 'pop', 'because i believe', 'classical pop', 'european', 'italian classic', 'italian pop', 'italian tenor']",classical,NM,0,0,0,N,False,True
172781,Violadores del Verso,Dale Tiempo al Rumor,7,4872,02/11/06,2006,2000,Vivir Para Contarlo,España,grupo,"['hip-hop', 'rap', 'spanish hip-hop', 'hip hop', 'spanish rap', 'zaragoza', 'doble v', 'violadores del verso', 'rap solo']",hip-hop,NM,,,,,True,False
1728378,Melendi,Un Violinista En Tu Tejado,7,1762,16/09/08,2008,2000,Curiosa La Cara De Tu Padre,España,hombre,"['pop', 'flamenco', 'new flamenco', 'rumba', 'melendi', 'rock']",pop,NM,,,,,True,False
1729094,Héroes Del Silencio,La Chispa Adecuada (Bendecida 3),6,1001,18/09/95,1995,1990,Avalancha,España,grupo,"['rock', 'spanish rock', 'hard rock', 'rock en espanol', 'gothic rock', 'rock en español', 'alternative rock', 'rock español']",rock,NM,,,,,True,False
1730978,Molotov,Sentido Común,12,1594,16/10/07,2007,2000,Eternamiente,México,grupo,"['rapcore', 'alternative', 'rock', 'alternative rock', 'crossover', 'hip-hop', 'rap', 'comedy rock', 'funk rock', 'hip hop', 'nu metal', 'rap metal', 'rap rock']",rapcore,M,1,0,1,Y,True,False
1732436,Héroes Del Silencio,La Sirena Varada,6,1228,14/06/93,1993,1990,El Espíritu del Vino,España,grupo,"['rock', 'spanish rock', 'hard rock', 'rock en espanol', 'gothic rock', 'rock en español', 'alternative rock', 'rock español']",rock,NM,,,,,True,False
1733005,Rocío Jurado,Me ha dicho la luna,6,1275,,1998,1990,Con mis cinco sentidos,España,mujer,"['pop', 'flamenco', 'copla', 'female vocalist', 'world', 'oldies']",pop,NM,,,,,True,False
1733574,Big Boy (PR) (Ft. Rafy Santana),La Culpable,7,1800,,2002,2000,The Phenomenon,Puerto Rico,hombre,"['latin urban', 'reggaeton', 'latin rock', 'rock', 'jazz fusion', 'jazz rock', 'psychedelic rock', 'pop rock', 'blues rock', 'classic rock', 'jazz', 'hard rock', 'american', 'guitar', 'jazz-rock', 'pop/rock', 'classic pop and rock']",latin urban,M,0,0,1,Y,False,True
1733767,Los Rodríguez,Extraño,5,768,24/04/95,1995,1990,"Palabras Más, Palabras Menos",España,grupo,"['rock argentino', 'rock', 'rock en espanol', 'spanish rock', 'rock en español', 'pop']",rock argentino,NM,0,0,0,N,False,True
1734836,Maldita Vecindad y Los Hijos del Quinto Patio,Solín,4,529,24/09/91,1991,1990,El Circo,México,grupo,"['rock en espanol', 'ska', 'rock mexicano', 'rock', 'rock en español', 'ciudad de mexico']",rock en espanol,NM,,,,,True,False
1735862,Grupo Montéz De Durango,Descuide,3,884,,2012,2010,MMXII,México,grupo,"['duranguense', 'banda', 'montez', 'grupo montez de durango', 'tintemp']",duranguense,NM,,,,,True,False
1737992,Héroes Del Silencio,Nuestros Nombres,6,1085,14/06/93,1993,1990,El Espíritu del Vino,España,grupo,"['rock', 'spanish rock', 'hard rock', 'rock en espanol', 'gothic rock', 'rock en español', 'alternative rock', 'rock español']",rock,NM,,,,,True,False
1740273,Ricardo Montaner,El Poder de Tu Amor,8,677,,2009,2000,Lo Mejor... Con La London Metropolitan Orchestra,Venezuela,hombre,"['ricardo montaner', 'latin pop', 'pop', 'spanish ballad', 'baladas', 'romantica', 'montaner', 'ballad', 'latin ballad']",ricardo montaner,NM,,,,,True,False
174267,Violadores del Verso,"Marrones, Morenas, Coronas",8,3810,11/01/01,2001,2000,Vicios y Virtudes,España,grupo,"['hip-hop', 'rap', 'spanish hip-hop', 'hip hop', 'spanish rap', 'zaragoza', 'doble v', 'violadores del verso', 'rap solo']",hip-hop,M,1,0,0,N,False,True
174268,Violadores del Verso,No Es Ningún Trofeo Noble,6,4985,11/01/01,2001,2000,Vicios y Virtudes,España,grupo,"['hip-hop', 'rap', 'spanish hip-hop', 'hip hop', 'spanish rap', 'zaragoza', 'doble v', 'violadores del verso', 'rap solo']",hip-hop,M,1,0,1,Y,True,False
174272,Violadores del Verso,Tú y Tus Historias,3,1030,11/01/01,2001,2000,Vicios y Virtudes,España,grupo,"['hip-hop', 'rap', 'spanish hip-hop', 'hip hop', 'spanish rap', 'zaragoza', 'doble v', 'violadores del verso', 'rap solo']",hip-hop,NM,,,,,True,False
174274,Violadores del Verso,No Pasa Nada,8,3761,11/01/01,2001,2000,Vicios y Virtudes,España,grupo,"['hip-hop', 'rap', 'spanish hip-hop', 'hip hop', 'spanish rap', 'zaragoza', 'doble v', 'violadores del verso', 'rap solo']",hip-hop,NM,,,,,True,False
174277,Violadores del Verso,Modestia Aparte,6,4440,11/01/01,2001,2000,Vicios y Virtudes,España,grupo,"['hip-hop', 'rap', 'spanish hip-hop', 'hip hop', 'spanish rap', 'zaragoza', 'doble v', 'violadores del verso', 'rap solo']",hip-hop,NM,,,,,True,False
174285,Violadores del Verso,Ninguna Chavala Tiene Dueño / Porque Ella Lo Dijo,8,4101,11/01/01,2001,2000,Vicios y Virtudes,España,grupo,"['hip-hop', 'rap', 'spanish hip-hop', 'hip hop', 'spanish rap', 'zaragoza', 'doble v', 'violadores del verso', 'rap solo']",hip-hop,M,1,0,0,Y,True,False
174290,Violadores del Verso,Qué Te Importan Todos los Demás,5,3899,11/01/01,2001,2000,Vicios y Virtudes,España,grupo,"['hip-hop', 'rap', 'spanish hip-hop', 'hip hop', 'spanish rap', 'zaragoza', 'doble v', 'violadores del verso', 'rap solo']",hip-hop,NM,,,,,True,False
174299,Violadores del Verso,Por Honor,16,5173,11/01/01,2001,2000,Vicios y Virtudes,España,grupo,"['hip-hop', 'rap', 'spanish hip-hop', 'hip hop', 'spanish rap', 'zaragoza', 'doble v', 'violadores del verso', 'rap solo']",hip-hop,M,1,0,0,Y,True,False
174301,Violadores del Verso,La Ciudad Nunca Duerme,6,3985,11/01/01,2001,2000,Vicios y Virtudes,España,grupo,"['hip-hop', 'rap', 'spanish hip-hop', 'hip hop', 'spanish rap', 'zaragoza', 'doble v', 'violadores del verso', 'rap solo']",hip-hop,NM,0,0,0,N,False,True
1746662,Rocío Jurado,Si amanece,4,531,,1943,1940,De ahora en adelante,España,mujer,"['pop', 'flamenco', 'copla', 'female vocalist', 'world', 'oldies']",pop,NM,0,0,0,N,False,True
174799,Mala Rodríguez,Quién Manda,6,2008,11/06/13,2013,2010,Bruja,España,mujer,"['hip-hop', 'rap', 'hip hop', 'alternative rap', 'lounge', 'electronic', 'dance', 'hiphop']",hip-hop,NM,0,0,0,N,False,True
1748209,Gloria Trevi,Chica Embarazada,9,1267,27/01/94,1994,1990,Más Turbada Que Nunca,México,mujer,"['pop', 'gloria trevi', 'latin pop', 'rock', 'pop rock', 'latin rock']",pop,NM,,,,,True,False
1748281,El Bordo,El Traicionero,3,594,,2002,2000,Carnaval de las heridas,Argentina,grupo,"['rock argentino', 'rock chabon', 'rock nacional', 'rocanrol', 'rock and roll', 'rock', 'argentinian', 'rock clasico', 'rock en español', 'alternative rock']",rock argentino,NM,0,0,0,N,False,True
1748486,Julio Iglesias,"Ni Te Tengo, Ni Te Olvido",4,820,,1985,1980,Libra,España,hombre,"['pop', 'julio iglesias', 'latin pop', 'romantic', 'easy listening', 'tango']",pop,NM,0,0,0,N,False,True
1748529,Héroes Del Silencio,...16,5,576,31/10/88,1988,1980,El Mar No Cesa,España,grupo,"['rock', 'spanish rock', 'hard rock', 'rock en espanol', 'gothic rock', 'rock en español', 'alternative rock', 'rock español']",rock,NM,,,,,True,False
1748820,Marco Antonio Solís,Si Te Pudiera Mentir,4,855,,2008,2000,Trozos De Mi Alma,México,hombre,"['marco antonio solis', 'romantica', 'pop', 'latin pop', 'juan gabiel', 'los bukis', 'ballad', 'ranchera']",marco antonio solis,NM,0,0,0,N,False,True
174924,Violadores del Verso,A Solas con un Ritmo (Kase.O),3,2329,11/06/99,1999,1990,Genios,España,grupo,"['hip-hop', 'rap', 'spanish hip-hop', 'hip hop', 'spanish rap', 'zaragoza', 'doble v', 'violadores del verso', 'rap solo']",hip-hop,NM,,,,,True,False
174926,Violadores del Verso,Doble V,7,3493,15/11/02,2002,2000,Genios,España,grupo,"['hip-hop', 'rap', 'spanish hip-hop', 'hip hop', 'spanish rap', 'zaragoza', 'doble v', 'violadores del verso', 'rap solo']",hip-hop,NM,,,,,True,False
174929,Violadores del Verso,B-Boy J,6,1705,11/06/99,1999,1990,Genios,España,grupo,"['hip-hop', 'rap', 'spanish hip-hop', 'hip hop', 'spanish rap', 'zaragoza', 'doble v', 'violadores del verso', 'rap solo']",hip-hop,NM,0,0,0,N,False,True
174931,Violadores del Verso,El Rey de las Cantinas,5,3468,11/06/99,1999,1990,Genios,España,grupo,"['hip-hop', 'rap', 'spanish hip-hop', 'hip hop', 'spanish rap', 'zaragoza', 'doble v', 'violadores del verso', 'rap solo']",hip-hop,NM,,,,,True,False
174943,Violadores del Verso,Sólo Quedar Consuelo,8,5829,,1998,1990,Genios,España,grupo,"['hip-hop', 'rap', 'spanish hip-hop', 'hip hop', 'spanish rap', 'zaragoza', 'doble v', 'violadores del verso', 'rap solo']",hip-hop,NM,,,,,True,False
174957,Violadores del Verso,Ballantains (Token International Remix),7,3501,11/06/99,1999,1990,Genios,España,grupo,"['hip-hop', 'rap', 'spanish hip-hop', 'hip hop', 'spanish rap', 'zaragoza', 'doble v', 'violadores del verso', 'rap solo']",hip-hop,M,1,0,1,Y,True,False
174958,Violadores del Verso,No Paséis por Alto a los Genios,7,4606,11/06/99,1999,1990,Genios,España,grupo,"['hip-hop', 'rap', 'spanish hip-hop', 'hip hop', 'spanish rap', 'zaragoza', 'doble v', 'violadores del verso', 'rap solo']",hip-hop,M,1,0,0,Y,True,False
1749854,Aventura,La Novelita,9,1423,09/11/99,1999,1990,Generation Next,Estados Unidos,grupo,"['bachata', 'pop', 'aventura', 'reggaeton', 'dominican', 'dance', 'rnb']",bachata,NM,,,,,True,False
1749988,Vicente Fernández,La ley del monte,6,836,,1940,1940,El Hijo Del Pueblo,México,hombre,"['ranchera', 'mariachi', 'don vicente fernandez', 'vicente fernandez', 'rancheras', 'por tu maldito amor']",ranchera,NM,,,,,True,False
1750293,Alejandro Fernández,Si Tú Supieras,7,1343,23/09/97,1997,1990,Me Estoy Enamorando,México,hombre,"['mariachi', 'pop', 'alejandro fernandez', 'ranchera', 'latin pop', '1990s', '2000s', 'ballad', 'bolero', 'norteña', 'pop rock']",mariachi,NM,,,,,True,False
1752255,Reik,Noviembre Sin Ti,8,1259,24/05/05,2005,2000,Reik,México,grupo,"['pop', 'latin pop', 'reik', 'pop latino', 'romantica', 'ballad', 'latin ballad', 'pop rock']",pop,NM,0,0,0,N,False,True
1753284,Azúcar Moreno,Mumaita,8,629,,2000,2000,Bandido,España,grupo,"['pop', 'eurovision', 'flamenco', 'dance', 'duos', 'espagnol']",pop,NM,0,0,0,N,False,True
1753339,Azúcar Moreno,"Rumba, Rumba",7,1051,,1990,1990,Bandido,España,grupo,"['pop', 'eurovision', 'flamenco', 'dance', 'duos', 'espagnol']",pop,NM,0,0,0,N,False,True
1753737,Héroes Del Silencio,Fuente Esperanza,7,752,31/10/88,1988,1980,El Mar No Cesa,España,grupo,"['rock', 'spanish rock', 'hard rock', 'rock en espanol', 'gothic rock', 'rock en español', 'alternative rock', 'rock español']",rock,NM,,,,,True,False
1757513,Loquillo y Los Trogloditas,La Mataré,4,821,,1987,1980,Mis Problemas con las Mujeres,España,hombre,"['rock', 'spanish rock', 'rockabilly', 'rock and roll', 'barcelona', 'pop', 'male']",rock,M,1,1,0,N,True,False
1758285,Mecano,Esta es la historia de un amor,6,534,17/06/86,1986,1980,Entre el cielo y el suelo,España,grupo,"['pop', 'spanish pop', 'post-punk', 'new wave', 'mecano', 'synthpop']",pop,NM,0,0,0,N,False,True
1761028,Gerardo Ortiz,La Moneda,6,1586,,2012,2010,El Primer Ministro,Estados Unidos,hombre,"['gerardo ortiz', 'en preparacion', 'corridos', 'el trocko', 'narco corridos', 'narco corrido', 'world music', 'regional mexicano', 'banda', 'corrido', 'mariachi', 'narcocorrido', 'ranchera']",gerardo ortiz,NM,,,,,True,False
1761137,José Alfredo Jiménez,El Jinete,7,666,,1991,1990,Down Mexico Way,México,hombre,"['mariachi', 'ranchera', 'jose alfredo jimenez', 'classic', 'chillout', 'chill', 'chillosophy', 'global fusion']",mariachi,NM,0,0,0,N,False,True
1761740,Rocío Jurado,La bien pagá,5,675,,2001,2000,Canciones de España,España,mujer,"['pop', 'flamenco', 'copla', 'female vocalist', 'world', 'oldies']",pop,M,1,0,0,N,True,False
1763329,Joan Sebastian,Tatuajes,5,863,,2005,2000,Tatuajes,México,hombre,"['joan sebastian', 'ranchera', 'joan sebastian-tatuajes', 'chayanne', 'cure', 'chalino', 'pop']",joan sebastian,NM,,,,,True,False
1763458,Miguel Bosé,Amiga,10,1602,,1992,1990,Linda,España,hombre,"['pop', 'latin pop', 'balada', 'ballad', 'latin ballad', 'nuno']",pop,NM,,,,,True,False
1764424,Los Inquietos del Vallenato,Regalame Una Noche,12,1578,07/04/01,2001,2000,Sueños de Colombia,Colombia,grupo,"['vallenato', 'cumbia']",vallenato,NM,,,,,True,False
1764776,Frankie Ruiz,El Camionero,7,1877,03/09/85,1985,1980,Solista... Pero No Solo,Estados Unidos,hombre,"['salsa', 'frankie ruiz', 'salsa boricua', 'latin jazz', 'best salsa', 'franquie ruiz', 'tropicania', 'salsa romantica', 'salsa romántica']",salsa,NM,,,,,True,False
1765173,Rocío Jurado,Me hubiera gustado tanto,4,471,,1979,1970,Señora,España,mujer,"['pop', 'flamenco', 'copla', 'female vocalist', 'world', 'oldies']",pop,NM,0,0,0,N,False,True
1765237,Azúcar Moreno,Hoy Tengo Ganas De Ti,7,968,,1995,1990,Mucho Azúcar,España,grupo,"['pop', 'eurovision', 'flamenco', 'dance', 'duos', 'espagnol']",pop,NM,0,0,0,N,False,True
1765307,José Alfredo Jiménez,Pa' Todo El Año,9,982,,1984,1980,La Enorme Distancia,México,hombre,"['mariachi', 'ranchera', 'jose alfredo jimenez', 'classic', 'chillout', 'chill', 'chillosophy', 'global fusion']",mariachi,NM,,,,,True,False
1767586,Mecano,El Blues del Esclavo,7,1504,,1981,1980,Descanso Dominical,España,grupo,"['pop', 'spanish pop', 'post-punk', 'new wave', 'mecano', 'synthpop']",pop,NM,,,,,True,False
1771947,Azúcar Moreno,Paint It Black,6,1130,,2000,2000,Mambo,España,grupo,"['pop', 'eurovision', 'flamenco', 'dance', 'duos', 'espagnol']",pop,M,1,0,0,N,True,False
1775983,No Te Va Gustar,El Error,9,777,18/10/12,2012,2010,El Calor Del Pleno Invierno,Uruguay,grupo,"['rock', 'rock uruguayo', 'ska', 'uruguayan', 'rock en espanol', 'reggae', 'latin rock']",rock,NM,,,,,True,False
1776104,José Alfredo Jiménez,Amanecí En Tus Brazos,5,563,,1996,1990,Cuando Lloran Los Hombres Vol. IV,México,hombre,"['mariachi', 'ranchera', 'jose alfredo jimenez', 'classic', 'chillout', 'chill', 'chillosophy', 'global fusion']",mariachi,NM,,,,,True,False
1779841,Elvis Crespo,Píntame,7,1389,04/05/99,1999,1990,Píntame,Puerto Rico,hombre,"['merengue', 'salsa', 'latin pop', 'elvis crespo', 'pop']",merengue,NM,,,,,True,False
1782003,Tomasa del Real,Bonnie N Clyde,9,2033,19/03/15,2015,2010,Bien Y Mal,Chile,mujer,"['reggaeton', 'neoperreo', 'hip hop', 'hip-hop', 'electronic', 'beats', 'latin electronic', 'música urbana', 'pop', 'tropical']",reggaeton,M,1,1,0,Y,True,False
179125,Xhelazz,Solo Importa el Rap,11,4964,26/09/07,2007,2000,El Soñador Elegido,España,hombre,"['hip-hop', 'rap', 'spanish rap', 'hip hop', 'spanish hip-hop', 'zaragoza', 'erreape', 'live', 'producer']",hip-hop,M,1,0,0,N,True,False
179160,Sho-Hai,Para Ser un Rapper,5,4197,01/03/11,2011,2010,Doble Vida,España,hombre,"['rap', 'spanish rap', 'hip-hop', 'hardcore rap', 'hip hop', 'sho-hai zaragoza']",rap,NM,,,,,True,False
179173,Sho-Hai,La Cúpula,11,5266,01/03/11,2011,2010,Doble Vida,España,hombre,"['rap', 'spanish rap', 'hip-hop', 'hardcore rap', 'hip hop', 'sho-hai zaragoza']",rap,NM,,,,,True,False
1792841,Toby Love,Llorar Lloviendo,10,1225,01/08/08,2008,2000,Love Is Back,Estados Unidos,hombre,"['bachata', 'toby love', 'reggaeton', 'aventura', 'bachata urbana', 'latin pop', 'hip hop']",bachata,NM,,,,,True,False
1793658,Ramón Ayala y Sus Bravos Del Norte,Tristes Recuerdos,3,533,,1945,1940,Triste Recuerdo (Aferrado Por Ti),Estados Unidos,hombre,"['norteno', 'norteño', 'regional mexicano', 'tejano']",norteno,NM,,,,,True,False
1794955,Ramón Ayala y Sus Bravos Del Norte,Mi Golondrina,4,690,,2000,2000,Recuerdame Y Ven A Mí,México,grupo,['norteno'],norteno,NM,,,,,True,False
1798696,Tito Nieves,Fabricando Fantasias,10,1806,,2007,2000,Fabricando fantasías,Puerto Rico,hombre,"['salsa', 'salsa boricua', 'tito nieves', 'salsa romantica', 'best salsa', 'latin pop']",salsa,NM,,,,,True,False
1798860,Laura León,Dos Mujeres Un Camino,9,1254,,2002,2000,Lo nuevo y lo mejor de la tesorito Laura León,México,mujer,"['contemporary classical', 'experimental', 'avantgarde', 'women composer', 'ambient', 'score']",contemporary classical,NM,0,0,0,N,False,True
1800024,Vicente Fernández,Hermoso Cariño,4,567,,2008,2000,Me Está Esperando María,México,hombre,"['ranchera', 'mariachi', 'don vicente fernandez', 'vicente fernandez', 'rancheras', 'por tu maldito amor']",ranchera,NM,,,,,True,False
1802585,Elvis Martinez,Maestra,6,886,,2023,2020,Tres Palabras,República Dominicana,hombre,"['bachata', 'elvis martinez', 'proba', 'dominican', 'cristiana']",bachata,M,1,0,0,Y,True,False
1802839,Elvis Martinez,Amada Mía,9,1880,,2000,2000,Directo Al Corazon,República Dominicana,hombre,"['bachata', 'elvis martinez', 'proba', 'dominican', 'cristiana']",bachata,M,0,1,0,N,True,False
1803161,La Húngara,Ladrón de Corazones,3,490,,1980,1980,Corazón Flamenco,España,mujer,"['flamenco', 'spanish pop', 'la hungara', 'flamenco pop', 'pop', 'female']",flamenco,NM,,,,,True,False
1803181,Voz de Mando (Ft. Escolta de Guerra & Jorge Santacruz),La Hummer y el Camaro,3,2148,,2011,2010,La Misma Navidad,México,grupo,['narcocorrido'],narcocorrido,NM,,,,,True,False
1804276,Estopa,Nasío Pa La Alegría,5,2409,24/09/01,2001,2000,Destrangis,España,grupo,"['flamenco', 'pop', 'rock', 'rumba', 'estopa', 'pop rock']",flamenco,NM,,,,,True,False
1804681,Estopa,Ke Pasa!?,10,2948,24/09/01,2001,2000,Destrangis,España,grupo,"['flamenco', 'pop', 'rock', 'rumba', 'estopa', 'pop rock']",flamenco,NM,,,,,True,False
1805245,David Bisbal,Aquí Estoy Yo,10,1117,,2008,2000,Palabras del silencio,Puerto Rico,hombre,"['pop', 'latin pop', 'davis bisbal', 'david bisbal', 'operacion triunfo', 'spanish pop']",pop,NM,,,,,True,False
1806028,Carlos Y José,Arboles De La Barranca,3,435,,1985,1980,Flor de Capomo,Argentina,grupo,"['pura raza', 'a honey glazed cock ramming into your ears multiple times', 'regional mexican', 'trance', 'dance', 'techno', 'electronic', 'progressive house', 'pop', 'stoner rock', 'did sound for', 'progressive trance', 'san carlos', 'norteño', 'regional mexicano', 'tango', 'french', 'argentinian', 'death by airplane']",pura raza,M,1,0,0,Y,True,False
1806340,"RKM & Ken-Y (Ft. Carlitos Way (PR), La India, Nicky Jam & Polakan)",Tocarte Toa,11,2843,,1981,1980,Masterpiece (Bonus Tracks),Puerto Rico,grupo,"['reggaeton', 'latin urban']",reggaeton,M,1,1,1,Y,True,False
1806775,Vicente Fernández,Amor De La Calle,8,881,,1972,1970,¡Arriba Huentitán!,México,hombre,"['ranchera', 'mariachi', 'don vicente fernandez', 'vicente fernandez', 'rancheras', 'por tu maldito amor']",ranchera,M,1,0,1,Y,True,False
1809036,David Bisbal,Almeria Tierra Noble,6,570,,2011,2010,Una noche en el Teatro Real,España,hombre,"['pop', 'latin pop', 'davis bisbal', 'david bisbal', 'operacion triunfo', 'spanish pop']",pop,NM,,,,,True,False
1809334,Héctor Lavoe,Sombras Nada Más,10,1121,01/01/79,1979,1970,Recordando a Felipe Pirela,Puerto Rico,hombre,"['salsa', 'fania', 'chill906', 'lounge', 'indie', 'electronica', 'classic', 'hip-hop', 'bolero']",salsa,NM,0,0,0,N,False,True
1810746,Kinito Mendez,El Tamarindo,13,2786,,2009,2000,La sélection Radio Latina : Merengue bachata,República Dominicana,hombre,"['merengue', 'salsa', 'kinito mendez', 'dance', 'bachata', 'dominican']",merengue,M,0,0,1,Y,True,False
1813114,Maná,El Reloj Cucú,10,911,25/04/95,1995,1990,Cuando Los Ángeles Lloran,México,grupo,"['rock', 'latin rock', 'rock en espanol', 'rock en español', 'mana', 'pop', 'pop rock', 'latin pop']",rock,NM,0,0,0,N,False,True
1813996,Mecano,Eugenio Salvador Dali,8,1220,,2000,2000,"Platin, Volume 8",España,mujer,"['pop', 'spanish pop', 'post-punk', 'new wave', 'mecano', 'synthpop', 'europop']",pop,M,1,0,0,N,False,True
1814193,Gloria Trevi,Psicofonía,11,1279,18/09/07,2007,2000,Una Rosa Blu,México,mujer,"['pop', 'gloria trevi', 'latin pop', 'rock', 'pop rock', 'latin rock']",pop,M,0,0,1,Y,True,False
1814548,Los Titanes De Durango,Soy Malandrin,4,925,,2010,2010,Los locos del corrido,México,grupo,"['banda', 'corrido', 'corridos', 'norteño', 'regional mexican', 'folk', 'world music', 'regional mexicano']",banda,NM,,,,,True,False
1815178,David Bisbal,Torre de Babel (Wisin & Yandel Remix),13,2933,,2007,2000,Premonición,España,hombre,"['pop', 'latin pop', 'davis bisbal', 'david bisbal', 'operacion triunfo', 'spanish pop']",pop,NM,,,,,True,False
1815674,David Bisbal,Herederos,8,1091,01/01/10,2010,2010,Una noche en el Teatro Real,España,hombre,"['pop', 'latin pop', 'davis bisbal', 'david bisbal', 'operacion triunfo', 'spanish pop']",pop,NM,,,,,True,False
1817217,Vicente Fernández,Ni en defensa propia,5,798,,1970,1970,Ni en defensa propia,México,hombre,"['ranchera', 'mariachi', 'don vicente fernandez', 'vicente fernandez', 'rancheras', 'por tu maldito amor']",ranchera,M,0,0,1,Y,True,False
1819217,Pedro Fernández,Como Quieres Que Te Olvide?,10,1420,,2006,2000,Escúchame,México,hombre,"['mariachi', 'ranchera', 'pedro fernandez', 'pop']",mariachi,NM,,,,,True,False
1821010,Operación Triunfo 2001,Quiero Vivir La Vida Amándote,6,764,,2001,2000,Operación Triunfo 2001 (Singles Gala 4),Estados Unidos,hombre,"['latin pop', 'salsa', 'pop', 'ballad']",latin pop,NM,,,,,True,False
1821012,"Héctor ""El Father"" & Wisin & Yandel",El Teléfono,9,2684,20/06/06,2006,2000,The Bad Boy,Puerto Rico,grupo,"['reggaeton', 'hector el father', 'gangsta rap', 'goat', 'latin rap', 'hardcore hip hop', 'latin urban']",reggaeton,M,1,1,0,N,False,True
1821640,Criminal,Por la Fuerza de la Razón,8,657,,2005,2000,Sicario,Chile,grupo,"['thrash metal', 'death metal', 'death-thrash metal', 'death thrash metal', 'metal', 'groove metal', 'chilean metal', 'thrash']",thrash metal,NM,0,0,0,N,False,True
1822789,Elvis Martinez Smith,Así Fue,7,1346,,2005,2000,La historia de Elvis Martínez,República Dominicana,hombre,"['bachata', 'rockabilly', 'rock and roll', 'rock', 'pop', 'country', 'blues', 'gospel', 'pop rock', 'blue-eyed soul', 'r&b', 'film soundtrack', 'rock & roll', 'soul', 'country rock', 'gospel music', 'christmas music', 'actors', 'religious', 'traditional country', 'singers', 'country-pop', 'am pop', 'guitarists', 'contemporary pop/rock', 'early pop/rock', 'progressive country', 'rock-and-roll', 'rock musicians', 'rock n roll', 'aln-sh', 'https://musicbrainz.org/artist/01809552-4f87-45b0-afff-2c6f0730a3be', 'american', 'singer', 'oldies', 'party', 'best', 'flaming', 'if you talk in your sleep', 'in the studio', 'eddie rubin', 'classic pop and rock', 'pop/rock']",bachata,NM,,,,,True,False
1824222,Ivan,Fotonovela,6,516,,2014,2010,Baila,Estados Unidos,hombre,"['italo disco', 'disco', 'post-hardcore', 'pop', 'hardcore', 'eurovision', 'experimental', 'rockabilly']",italo disco,NM,,,,,True,False
1825219,Julio Iglesias,Esta Cobardía,4,1406,29/10/85,1985,1980,Libra,España,hombre,"['pop', 'julio iglesias', 'latin pop', 'romantic', 'easy listening', 'tango']",pop,M,1,1,0,N,True,False
1825549,Estopa,Tu Calorro (X Anniversarivm),9,2414,17/11/09,2009,2000,X Anniversarivm,España,grupo,"['flamenco', 'pop', 'rock', 'rumba', 'estopa', 'pop rock']",flamenco,M,1,0,0,N,True,False
1825729,Julio Iglesias,My Way (A Mi Manera),9,906,,2010,2010,My Life: The Greatest Hits,España,hombre,"['pop', 'julio iglesias', 'latin pop', 'romantic', 'easy listening', 'tango']",pop,NM,0,0,0,N,False,True
1827965,Los Acosta,Tonto Corazon,4,569,,1979,1970,Tonto Corazón,México,grupo,"['romantico grupero', 'mexicano', 'argentinos', 'los acosta', 'romantico frupero', 'onda grupera', 'cumbia', 'cumbia mexicana']",romantico grupero,NM,,,,,True,False
1828385,Aleks Syntek (Ft. Ana Torroja),Duele el Amor,8,1561,05/01/04,2004,2000,Mundo Lite,España,mujer,"['latin pop', 'latin rock', 'latin american']",latin pop,NM,,,,,True,False
1828478,J Álvarez (Ft. Voltio),Se Hace La Dificil,10,2777,20/09/11,2011,2010,Otro Nivel De Música,Puerto Rico,hombre,"['reggaeton', 'latin urban', 'author', 'audiobook', 'non-musician', 'terf', 'fantasy', 'deu', 'british', 'english', 'has german audiobooks', 'transphobe', 'queerphobe', 'fascist']",reggaeton,M,1,1,1,Y,True,False
1832306,Ramon Ayala,Tragos Amargos,3,348,,1945,1940,Tragos Amargos,Estados Unidos,hombre,"['norteño', 'carino mio', 'mirame otra ves', 'ramon ayala', 'accordion', 'norteno', 'corridos', 'aprendi a reyirr', 'regional mexicano', 'tejano']",norteño,NM,,,,,True,False
1832454,Banda El Recodo de Cruz Lizárraga,Ya Lo Pagaras Con Dios,6,661,,1938,1930,De Parranda Con La Banda,México,grupo,"['world music', 'banda', 'regional mexican', 'banda sinaloense', 'regional mexicano']",world music,M,0,0,1,Y,True,False
1833267,Cali y El Dandee,No Digas Nada (Déjà vu),7,2586,,2009,2000,3 A.M. (Deluxe),Colombia,grupo,"['pop', 'male vocalist', 'reggaeton', 'electronic', 'cali', 'spanish hip-hop', 'latin pop', 'latin urban']",pop,NM,0,0,0,N,False,True
1833521,Cali y El Dandee,Gol,9,2200,14/07/11,2011,2010,3:00 a.m.,Colombia,grupo,"['pop', 'male vocalist', 'reggaeton', 'electronic', 'cali', 'spanish hip-hop', 'latin pop', 'latin urban']",pop,NM,,,,,True,False
1835203,Yandel (Ft. Gadiel),Plakito,10,2656,05/11/13,2013,2010,De Líder A Leyenda,Puerto Rico,hombre,"['reggaeton', 'hip-hop']",reggaeton,M,1,0,0,N,True,False
1835526,Bertin Osborne,Lo Que Cambie Por Ti,7,1140,,2000,2000,Amor Mediterraneo,España,hombre,"['espana', 'navidul', 'grupo1', 'madrid']",espana,NM,0,0,0,N,False,True
1835774,Bertin Osborne,"Tú, solo tú",9,911,,2000,2000,Amor Mediterraneo,España,hombre,"['espana', 'navidul', 'grupo1', 'madrid']",espana,M,0,1,0,Y,True,False
1836196,Grupo Bryndis,Tu Traición,5,841,,1995,1990,Tu Amor Secreto,México,grupo,"['norteno', 'fran', 'cumbia', 'plastic', 'pop', '5']",norteno,NM,,,,,True,False
1836970,Dani Fernández,Te doy mi voz,6,1032,,2006,2000,Junior Eurovision Song Contest: Bucharest 2006,España,hombre,"['little star', 'treble', 'twink', 'under 3000 plays', 'youngstar', 'under 90 listeners', 'sapanish', 'under 100 listeners', 'spanish male vocalists']",little star,NM,,,,,True,False
1838199,David Pabon,Aquel Viejo Motel,15,1962,01/01/13,2013,2010,Es de verdad!,Puerto Rico,hombre,"['salsa', 'salsa colombiana', 'excelente', 'hector lavoe', 'salsas']",salsa,M,1,1,0,Y,True,False
1839797,Las Ultrasónicas,Que Grosero!,9,905,20/11/02,2002,2000,"Ohh Síí, Más... Más !!!",México,grupo,"['garage rock', 'punk', 'rock', 'punk rock', 'cover', 'rock en español']",garage rock,M,0,0,1,N,False,True
1839911,Jaguares,Nunca te doblarás,3,584,06/05/96,1996,1990,El equilibrio de los Jaguares,México,grupo,"['rock en espanol', 'rock', 'rock en español', 'latin rock', 'alternative rock', 'jaguares', 'rock mexicano']",rock en espanol,NM,,,,,True,False
1840477,Salma Hayek,Quedate Aqui,4,499,15/08/95,1995,1990,Desperado (The Soundtrack),México,mujer,"['soundtrack', 'actress', 'female vocalist', 'spoken word']",soundtrack,NM,,,,,True,False
1842785,Voltio (Ft. Calle 13),Chulin Culin Chunfly,10,3455,14/11/05,2005,2000,Voltio,Puerto Rico,hombre,"['reggaeton', 'latin urban', 'hip hop', 'rock', 'alternative hip hop', 'comedy hip hop']",reggaeton,M,1,0,1,Y,True,False
1844266,Los Invasores de Nuevo Leon,Ni Dada La Quiero,3,464,,2014,2010,Ni Dada La Quiero,México,grupo,"['norteño', 'cumbia', 'corridos', 'corrido', 'regional mexican', 'regional mexicano']",norteño,M,0,0,1,Y,True,False
1844718,Farruko,Lejos de Aquí,12,2140,25/10/14,2014,2010,Farruko Presents: Los Menores,Puerto Rico,hombre,"['reggaeton', 'reggaeton-boriqua', 'autotune', 'officially shit', 'urbano latino', 'farruko', 'trap latino', 'latin urban']",reggaeton,M,1,0,0,N,True,False
1844857,La Arrolladora Banda El Limón De René Camacho,Me Dejaste Acostumbrado by La Arrolladora Banda el Limón de Rene Camacho,6,1268,,2014,2010,Me dejaste acostumbrado,México,grupo,"['arrolladora', 'arrolladora limon', 'banda el limon', 'banda sinaloense', 'la arrolladora', 'limon', 'regional mexicano']",arrolladora,NM,,,,,True,False
1845193,Chuy Lizárraga y Su Banda Tierra Sinaloense,Culpable Tú,6,812,23/06/09,2009,2000,Tu Regalo,México,grupo,"['banda sinaloense', 'regional mexicano', 'latin pop']",banda sinaloense,M,0,0,1,Y,False,True
1847925,El Compa Chuy,La Pinata,7,981,,2008,2000,Alacrana Lavada,México,hombre,"['el enfiestado', 'corridos', 'corrido del r', 'tejano', 'accordion']",el enfiestado,M,1,0,0,Y,True,False
1848496,Los Inquietos del Norte,Maldito Amor,7,914,,2013,2010,Los Psychos del Corrido los Psicópatas,Estados Unidos,grupo,"['1', '6', '4', 'mexicano', 'los chi chingones', 'la borrachierra', 'chingones', 'norteño', 'norteño-sax', 'regional mexicano']",1,NM,,,,,True,False
1849075,Remmy Valenzuela,Mi Princesa,5,1163,,2014,2010,Mi princesa,México,hombre,"['corridos', 'corrido', 'narcocorrido', 'regional mexicano']",corridos,NM,,,,,True,False
1849122,Banda Machos,El Próximo Tonto,5,955,,2012,2010,Mis favoritas,México,grupo,"['banda', 'regional mexican', 'banda machos', 'salsa', 'ranchera', 'angeles azules', 'pop', 'regional mexicano', 'technobanda']",banda,M,0,0,1,Y,True,False
1849628,La Sonora Dinamita,Qué Bello,4,987,,1960,1960,Juntos Por La Sonora,Colombia,grupo,"['cumbia', 'salsa', 'la sonora dinamita', 'world', 'cumbia colombiana', 'world music', 'tropical']",cumbia,NM,,,,,True,False
1849812,El Gran Combo de Puerto Rico,Me Liberé,8,2871,,2021,2020,Nuevo Milenio - El Mismo Sabor,Puerto Rico,grupo,"['salsa', 'el gran combo de puerto rico', 'el gran combo de pueel gran combo de puerto ricorto rico', 'lounge', 'dance', 'chillosophy', 'global fusion', 'chill906', 'bolero']",salsa,M,0,0,1,Y,True,False
1849957,Hombres G,Separados,8,1351,16/11/10,2010,2010,Desayuno Continental,España,grupo,"['rock', 'rock en espanol', 'pop', 'spanish rock', 'rock en español', 'pop rock', 'spanish pop']",rock,NM,,,,,True,False
1850158,The Chieftains (Ft. Linda Ronstadt & Ry Cooder),A La Orilla De Un Palmar,6,534,09/03/10,2010,2010,San Patricio,IE,grupo,"['folk', 'irish folk', 'celtic', 'country', 'aln-sh', 'rock', 'american', 'classic pop and rock', 'max']",folk,NM,,,,,True,False
1850366,Wisin & Yandel,Te Suelto El Pelo,7,1318,,2013,2010,En vivo,Puerto Rico,grupo,"['reggaeton', 'dance', 'wisin y yandel', 'hip-hop', 'pop', 'latin urban']",reggaeton,M,1,0,0,N,True,False
1850494,La India,Me Canse De Ser La Otra,5,841,,1997,1990,Sobre el fuego,Puerto Rico,mujer,"['salsa', 'dance', 'freestyle', 'india', 'latin freestyle', 'new york', 'house', 'latin pop']",salsa,NM,0,0,0,N,False,True
1850551,Ariel Camacho Y Los Plebes Del Rancho,Te Metiste,5,961,23/09/14,2014,2010,El Karma,México,grupo,"['corridos', 'gone too soon', 'sierreno', 'banda sinaloense', 'sierreño']",corridos,NM,,,,,True,False
1850645,Bustamante,Devuélveme La Vida,10,2206,,2021,2020,Veinte años y un destino,España,hombre,"['pop', 'operacion triunfo', 'latin pop', 'need to rate', 'david bustamante']",pop,NM,,,,,True,False
1850883,Patrulla 81,Eres Divina,9,1107,,2005,2000,Divinas,México,grupo,"['duranguense', 'patrulla 81', 'traditional', 'banda', 'various artists are a pita on lastfm', 'pasito duranguense']",duranguense,NM,,,,,True,False
1851259,Violadores del Verso,Bombo Clap,5,5737,,1998,1990,Tu Eres Alguien / Bombo Clap,España,grupo,"['hip-hop', 'rap', 'spanish hip-hop', 'hip hop', 'spanish rap', 'zaragoza', 'doble v', 'violadores del verso', 'rap solo']",hip-hop,M,1,0,0,N,False,True
1852276,Miguel Bosé,Solo Si,6,1069,04/11/14,2014,2010,Amo,España,hombre,"['pop', 'latin pop', 'balada', 'ballad', 'latin ballad', 'nuno']",pop,NM,0,0,0,N,False,True
1852297,Mijares,Uno Entre Mil,12,1066,,1958,1950,Súper Disco Del Año (1989),México,hombre,"['latin pop', 'mijares', 'romantica', 'pop', 'romantic mood', 'latin ballad', 'ballad']",latin pop,NM,0,0,0,N,False,True
1852689,Yuridia,Se Me Va La Vida,7,1192,15/11/07,2007,2000,Entre Mariposas,México,mujer,"['pop', 'yuridia', 'latin pop', 'latin american', 'mexican pop', 'banda sinaloense', 'regional mexicano']",pop,NM,0,0,0,N,False,True
1852858,Cartel de Santa,2 Mujeres en My Cama,7,1928,20/03/06,2006,2000,Volumen Prohibido,México,grupo,"['hip-hop', 'rap', 'hip hop', 'cronica babilonia', 'cartel de santa', 'hip hop latino', 'conexion puerto rico', 'mexican rap']",hip-hop,M,1,0,0,Y,True,False
1852869,Chino & Nacho (Ft. Gente de Zona & Los Cadillac's),Tú Me Quemas,14,2460,15/07/14,2014,2010,Radio Universo,Venezuela,grupo,"['dancehall', 'reggae', 'drum and bass', 'liquid funk', 'soulful drum and bass', 'anime', 'techno', 'house', 'chillout', 'electronic', 'latin pop', 'latin urban', 'merengue', 'reggaeton', 'hip hop', 'east coast hip hop']",dancehall,M,1,0,0,N,False,True
1853057,La Adictiva,Muchas Gracias,7,1424,,2013,2010,Muchas Gracias,México,grupo,"['corridos', 'regional mexican', 'banda sinaloense', 'regional mexicano']",corridos,M,0,0,1,N,True,False
1853763,Bustamante,Cantabria,8,1067,,2002,2000,Bustamante,España,hombre,"['pop', 'operacion triunfo', 'latin pop', 'need to rate', 'david bustamante']",pop,NM,,,,,True,False
1853907,Nicky Jam,Juegos Prohibidos,8,1689,08/07/13,2013,2010,Nicky Jam: Hits,Puerto Rico,hombre,"['reggaeton', 'pop', 'nicky jam', 'oldies', 'rock and roll', 'mierda', 'puerto rico music']",reggaeton,M,1,1,0,Y,True,False
1854061,Cardenales De Nuevo León,Soy,3,627,,2014,2010,Se Quitan El Sombrero,México,grupo,"['folk', 'better than radiohead', 'norteño', 'regional mexicano']",folk,NM,0,0,0,N,False,True
1854153,Enigma Norteño,Chavo Félix,6,1139,,2010,2010,Juego prohibido,México,grupo,"['corridos', 'corrido', 'amor de cuatro paredes', 'el ondeado', 'norteño', 'regional mexicano']",corridos,NM,,,,,True,False
1854694,Botellita De Jerez,El Guacarock De La Malinche,8,831,,1984,1980,Botellita de Jerez,México,grupo,"['guacarrock', 'rock', 'rock mexicano', 'rock en español', 'rockmex', 'rock urbano', 'rock en espanol']",guacarrock,NM,,,,,True,False
1854740,Los Huracanes Del Norte,Que Me Lleve El Diablo,5,608,18/05/10,2010,2010,En Vivo Desde Monterrey (En Vivo Desde Monterrey/2010),México,grupo,"['los huracanes del norte', 'norteno', 'ranchera', 'folk', 'dance', 'world', 'duranguense']",los huracanes del norte,NM,0,0,0,N,False,True
1854815,Remmy Valenzuela,Nadie,7,1211,05/06/15,2015,2010,Te olvidaré,México,hombre,"['corridos', 'corrido', 'narcocorrido', 'regional mexicano']",corridos,NM,0,0,0,N,False,True
1854942,Banda El Recodo de Cruz Lizárraga,Vas A Llorar Por Mí,6,1184,,1938,1930,Haciendo Historia,México,grupo,"['world music', 'banda', 'regional mexican', 'banda sinaloense', 'regional mexicano']",world music,M,0,1,1,N,True,False
1855044,Noel Torres,Para Que Tantos Besos,8,1064,,2014,2010,La balanza,México,hombre,"['world music', 'banda', 'corridos', 'noel torres', 'gerardo ortiz', 'regional mexican', 'banda sinaloense', 'corrido', 'norteño', 'norteño-banda', 'regional mexicano']",world music,M,1,0,0,Y,True,False
1855227,Jorge Gamboa,El Hijo Desobediente,10,1039,,2001,2000,Jimmy Humilde Presenta Lo Mejor de los 90's,México,grupo,"['mpb', 'bossa nova', 'samba', 'samba-rock']",mpb,NM,,,,,True,False
1855555,Nacho Vegas,Mi Marylin Particular,8,1487,,1974,1970,Esto No Es Una Salida,España,hombre,"['indie', 'folk', 'spanish indie pop', 'rock', 'nacho vegas', 'indie rock', 'asturies']",indie,M,0,1,1,Y,False,True
1855789,Bustamante & Àlex Casademunt,Dos Hombres Y Un Destino,6,973,01/01/02,2002,2000,Bustamante,España,hombre,"['pop', 'operacion triunfo', 'latin pop', 'need to rate', 'david bustamante']",pop,M,0,0,1,Y,True,False
1856370,Reyli Barba,No Era Necesarío (Versíón Demo),3,773,14/09/04,2004,2000,Reyli En La Luna,México,hombre,"['pop', 'romantica', 'reyli', 'latin pop', 'rock', 'ballad', 'latin rock']",pop,NM,,,,,True,False
1856452,Juan Luis Guerra,Si Saliera Petróleo,8,1397,,1992,1990,Areíto,República Dominicana,grupo,"['merengue', 'bachata', 'salsa', 'dominican', 'tropical', 'guitar', 'dance', 'latin pop']",merengue,M,1,0,0,N,True,False
1857397,La India,Soy Diferente,11,1952,,2006,2000,Soy diferente,Puerto Rico,mujer,"['salsa', 'dance', 'freestyle', 'india', 'latin freestyle', 'new york', 'house', 'latin pop']",salsa,NM,,,,,True,False
1857883,Valentín Elizalde,El Huizache,6,859,,1979,1970,Mi Satisfacción,México,hombre,"['banda', 'muerto a balazos', 'cumbia', 'world music', 'corridos', 'norteño', 'regional mexican', 'regional mexicano', 'banda sinaloense', 'corrido', 'narcocorrido']",banda,NM,,,,,True,False
1857905,Grupo Mojado,Piensa En Mi,8,1068,,1986,1980,Sueño Y Realidad,México,grupo,"['cumbia', 'grupo mojado', 'progressive trance', 'shakira', 'romanticos', 'group', 'mexicano']",cumbia,NM,0,0,0,N,False,True
1858482,Yandel (Ft. Farruko & Gadiel),Plakito (Remix),11,2954,25/09/14,2014,2010,Legacy: De Líder A Leyenda Tour (Deluxe Edition),Puerto Rico,hombre,"['reggaeton', 'latin urban', 'trap latino']",reggaeton,M,1,1,0,N,True,False
1858802,Valentín Elizalde,Mi Amante,7,1271,,1979,1970,Y Se Parece A Ti,México,hombre,"['banda', 'muerto a balazos', 'cumbia', 'world music', 'corridos', 'norteño', 'regional mexican', 'regional mexicano', 'banda sinaloense', 'corrido', 'narcocorrido']",banda,M,0,0,1,Y,True,False
1859227,Celia Cruz & Ray Barretto,Ritmo en el Corazón,17,1872,,1988,1980,Ritmo en el Corazón,Cuba,mujer,"['salsa', 'celia cruz', 'chillout', 'dance', 'chill', 'bolero', 'guaracha', 'latin pop', 'classic pop and rock']",salsa,NM,,,,,True,False
1859971,La Apuesta,No Me Dejes De Amar,7,1105,,2010,2010,No Me Dejes De Amar,México,grupo,"['la apuesta', 'duranguense', 'cumbia', 'oaxaca', 'banda']",la apuesta,NM,,,,,True,False
1860177,Cardenales De Nuevo León,Belleza de Cantina,5,1231,,1982,1980,Por Las Damas,México,grupo,"['folk', 'better than radiohead', 'norteño']",folk,M,1,0,1,Y,True,False
1860335,Emmanuel,No Te Quites La Ropa,19,1342,,1986,1980,Desnudo,México,hombre,"['emmanuel', 'techno', 'pop', 'electronic', 'minimal', 'minimal techno', 'latin pop', 'latin ballad', 'canción melódica']",emmanuel,M,1,1,0,N,True,False
1860440,Bustamante,Perdóname,8,687,,2002,2000,"Operación Triunfo: Singles Gala 14, 11/02/02",España,hombre,"['pop', 'operacion triunfo', 'latin pop', 'need to rate', 'david bustamante']",pop,NM,0,0,0,N,False,True
1860502,Mercurio,Bye Bye Babe,4,845,,1999,1990,Chicas Chic,México,grupo,"['pop', 'progressive', 'bands', 'eurodance', 'boybands', 'dancepop', 'progressive house']",pop,NM,,,,,True,False
1861025,Miguel Bosé,Libre Ya De Amores,9,1633,04/11/14,2014,2010,Amo,España,hombre,"['pop', 'latin pop', 'balada', 'ballad', 'latin ballad', 'nuno']",pop,NM,,,,,True,False
1861425,Plan B,Candy,9,3448,14/09/13,2013,2010,Love & Sex,Puerto Rico,grupo,"['hip-hop', 'british', 'grime', 'rap', 'hip hop', 'soul', 'reggaeton', 'pop', 'uk hip-hop', 'latin urban', 'electronic', 'death metal', 'sex', 'brutal death metal', 'xxx', 'candy', 'what the fuck']",hip-hop,M,1,0,1,Y,True,False
1861653,El Poder Del Norte,Por Qué Tuvo Que Ser,8,1232,,1987,1980,A Ellas,México,grupo,"['norteno', 'folk', 'harp', 'norteño']",norteno,NM,,,,,True,False
1861879,Pesado,Cielo Nublado Aka Cielo Nevado (Live),8,1803,01/01/09,2009,2000,"Desde La Cantina (Live At Nuevo León México / 2009), Vol. 1",México,grupo,"['pesado', 'norteño', 'cumbia', 'norteno', 'cumbia regia', '2', 'cumbia nortena']",pesado,NM,,,,,True,False
1862015,Enigma Norteño,Los Lujos Del R,6,1527,,2013,2010,Con Banda y Tololoche,México,grupo,"['corridos', 'corrido', 'amor de cuatro paredes', 'el ondeado', 'norteño', 'regional mexicano']",corridos,M,1,0,0,Y,True,False
1862425,Régulo Caro,Soltero Disponible,6,1461,,2014,2010,Senzu-Rah,México,hombre,"['corridos', 'regional mexican', 'corridos progresivos', 'movimiento alterado', 'narco corridos', 'regional mexicano']",corridos,M,1,0,1,Y,False,True
1862443,Bustamante,El Aire Que Me Das,9,1254,,2021,2020,Veinte años y un destino,España,hombre,"['pop', 'operacion triunfo', 'latin pop', 'need to rate', 'david bustamante']",pop,NM,,,,,True,False
191369,C. Tangana,Bésame mucho,7,1935,02/09/12,2012,2010,LO▼E’S,España,hombre,"['rap', 'hip-hop', 'rnb', 'hip hop', 'flamenco pop', 'trap', 'pop rap']",rap,M,1,0,0,N,True,False
1931971,Melendi,La religión de los idiotas,6,1753,25/11/14,2014,2010,Un alumno más,España,hombre,"['pop', 'flamenco', 'new flamenco', 'rumba', 'melendi', 'rock']",pop,NM,0,0,0,N,False,True
1932347,Marco Antonio Solís,A Dónde Vamos A Parar,4,851,,2012,2010,En Total Plenitud,México,hombre,"['marco antonio solis', 'romantica', 'pop', 'latin pop', 'juan gabiel', 'los bukis', 'ballad', 'ranchera']",marco antonio solis,NM,,,,,True,False
1932889,Bustamante,Me Salvas,7,1063,01/01/11,2011,2010,Mío,España,hombre,"['pop', 'operacion triunfo', 'latin pop', 'need to rate', 'david bustamante']",pop,NM,0,0,0,N,False,True
1932904,La Musicalité,Soledad en mi,7,1035,,2009,2000,4 elementos,España,grupo,"['pop rock', 'pop', 'rock', 'alternative', 'punk', 'poprock']",pop rock,NM,,,,,True,False
1933984,"Cosculluela, Mueka & Jungl",Las Mujeres,10,2941,28/03/14,2014,2010,Santa Cos,Puerto Rico,hombre,"['reggaeton', 'cosculluela', 'hip-hop', 'latin rap', 'rap', 'jowel y randy', 'flaitecore', 'hip hop', 'trap latino', 'el principe']",reggaeton,M,1,1,1,Y,True,False
1934661,Willie Gonzalez,Pequeñas cosas,17,1914,,2016,2010,Justo a Tiempo,Puerto Rico,hombre,"['salsa', 'willie gonzalez', 'salsa romantica', 'moje standards', 'kto nie tanczy ten z policji', 'artist - willie gonzalez', 'love songs']",salsa,NM,,,,,True,False
1934809,Alejandro Sanz,Una Noche - con The Corrs,9,945,,2002,2000,Duetos,España,hombre,"['pop', 'latin pop', 'alejandro sanz', 'romantic', 'balada romántica', 'flamenco pop', 'rock', 'soft rock']",pop,NM,,,,,True,False
1935022,Various Artists,Ay Haiti!,27,2915,27/03/10,2010,2010,Ay Haití,compilación,grupo,"['michael jackson', 'special purpose artist', 'special purpose', 'compilation', 'soundtrack', '9818784', 'score', 'absolute', '2002', '2004', 'disco', '1990s', '2000s', 'virginia', '2000', '2001', 'va', 'aggro berlin', 'aggro', 'virginia beach', 'lamb of god', 'alabama thunderpussy', 'tag spam', 'boot land', 's.a. souvenirs', 'mugwart was a sludge/punk/doom/hardcore band from virginia beach', 'active 1998–2002. emerging from the tidewater crust‑punk/skate scene', 'the group combined punk urgency and hardcore aggression with downtuned sludge heaviness and doom atmosphere. their raw', 'abrasive sound placed them firmly within the late‑1990s/early‑2000s underground', 'while maintaining a distinctly punk ethos. the band’s definitive release is discography (this dark reign recordings', 'tdr‑13', 'usa)', 'which compiles studio material from 1999–2002. tracks were originally issued (or intended) across several small‑label documents: “before you / fallen” — acrude records (crude‑01', 'france)', 'shifty records (sh09', 'compilation. crushers killers destroyers! — shifty records (sh08', 'compilation. doomed — this dark reign recordings (tdr‑001', 'compilation. mugwart performed throughout virginia and the surrounding region', 'sharing stages with grief', 'damad', 'fistula', 'sofa king killer', 'and clutch. in 2011', 'uk extreme‑metal band dragged into sunlight selected mugwart’s track “fallen” for a curated mixtape in terrorizer magazine (issue #285)', 'highlighting the group’s ongoing resonance nearly a decade after disbanding. legacy: though short‑lived', 'mugwart is regarded as a cult', 'foundational act of the virginia sludge/punk/doom underground. their recordings circulate digitally via bandcamp and streaming platforms', 'and their influence continues to be cited by later generations of extreme bands. disambiguation: this is mugwart (virginia beach', 'mugwart (has nothing to do with (“mugwort”)', 'needs to be removed', 'sludge hardcore punk', 'ansage', 'country dreams', 'country', 'mashup', '7″ single. because sometimes two are better than one — split with fistula', '3″ cd. south of hell – 14 songs from the new south — berserker records (ber‑005', 'electronic', 'punk', 'punk rock', 'experimental', 'r&b', 'ronak bhatt', 'ambient', 'artist', 'various', 'release', 'label as artist', 'ncs', 'oldest artist rowid', 'number 1', 'driven by 80s anthems', 'hollywood hits', 'compilatie', 'celtic celebration', 'dfree843', 'cdnnnow128', 'va - we were first - 180 hits in their original versions (2014)', 'fixme', 'world', 'fix me', 'trikitixa', 'sprechgesang', 'fix your tags', 'glass', 'fix', 'oldest artist #1', 'absolute voices', 'fix\u200cme', 'please consider not using this for artist credits', 'm\u200cess', 'put in brackets', 'new generations', 'new generations philip glass', 'leaving on a jet plan', 'bflaminio', 'pop-rock', 'popular', 'live', 'chicago', 'ultimate love songs greatest love of all disc 1', 'orthodox', 'nederlands', 'unknown', 'nox', 'wireharp', 'mohsen namjoo', 'klaus baumgart', 'various artists', 'healing sixes', 'la grande sophie', '嫌われ松子の歌たち', 'z103 5 street mix 2k7', 'venezolana', 'niroshima', 'nitzer ebb', 'shankar jaikishan', 'visions', 'razieq', 'rhythm del mundo', 'montuno', 'more 70', 'ussr ministry of culture chamber choir', 'josquin', 'tags', 'kinderliedjes kapiteinwinokio humo', 'soul cargo', 'the welcome committee', 'mimicking birds', 'liturgic', 'miroque', 'liz', 'liz andrade', 'old skool of rock disc 1', 'vera kaa', 'zero t 51', 'tunguska chillout grooves', 'we ll never stop living this way a ghostly primer', 'mega', 'piosenka poetycka muzyka autorska', 'pzzqxnzt6snn_ekrngheoblbupu-', 'pavarotti', 'grase', 'los 24 grandes éxitos de la zarzuela', 'papeete', 'zweiohr', 'ultimatecore', 'lil eazy-e', 'mess mess', 'why are you downvoting the ""mess"" tag? it is a mess!', 'tagmess', 'various artist; not *every* artist', 'shine 4', 'has german audiobooks', 'casanovas', 'мелодии рождества', 'mess mess mess', 'why are you voting down tags that explain stuff', 'you *should* fix your tags', 'still a mess', 'practically all these tags are fail', 'rename into [various artists]', 'please fix', 'tagsmess', 'groom to the gallows', 'megafixme', 'loosers that downvote fixmetags are ...', 'don t use this for artist credits you are to lazy to look-up/make', 'you do realise that every time you downvote a fixme-tag below 0 i unvote it and that tag now permanently stays in the expanded list?', 'kindly fix', 'kindly fixme', 'acoustic best', 'legion of von', 'my sharona', 'cdx', '5099265803', 'experience the classics', 'ƒk₷ℳ€', 'ḟixme', 'i give up on the immature people in the tags here.', 'to the guy that keeps downvoting *every* tag on the va artist', 'rock', 'trance', 'classical', 'pop', 'instrumental', 'rap', 'jazz', 'folk', 'metal', 'new wave', 'hip hop', 'reggae', 'goth', 'opera', 'indie', 'kpop', 'new age', 'psytrance', 'lounge', 'classic', 'christmas', 'folklore', 'progressive trance', 'musical', 'psychobilly', 'drum bass', 'choral', 'meditation', 'japan', 'ost', 'basque', 'beethoven', 'calypso', 'ragga', 'full of fail tags', 'bareto', 'frédéric chopin', 'ibiza', 'musica', 'john coltrane', 'hemi-sync', 'bioshock soundtrack', 'gérard palaprat', 'mary j blige', 'bravo hits', 'infantil', 'dresch', 'africa middle east', 'classique', '80 s fresh new', 'classwar karaoke', 'elc chritmas', 'futebol', 'gospel religious', 'armin van buuren', 'absolute reggae', 'hot hits', 'celtic spirit vol 7', 'es lebe der punk', 'tejano', 'devotional', 'alirio diaz', 'jucanto', 'educacion', 'andrade', 'sunshine', 'marilyn manson', 'cobles', 'kinderchöre', 'die drei', 'sonic seducer cold hands vi', 'andre powels', 'hillbilly', 'birthday', 'foreign language', 'andrew york', 'fjord', 'shwetabh sucks', 'dedicated to you vol 1', 'adam beyer', 'billboard 1 hits', ""don't rate the va artist ffs what"", '50cents', 'breakout artists', 'desperado', '101 moments in music', 'greatest ever! punk & new wave: the definitive collection', 'volkstümliche musik', '2014', 'likedis auto', 'a crooner collection', 'bravo hits 82', 'devotional buddhist chants', 'fail tags', 'fix tags', 'stop using this for artist credits you are to lazy to look-up/make', ""don't rate the va artist"", ""don't tag the va artist"", 'messy tags', '2001 space odyssey', '2017', 'no this is still a mess', 'stop using this for artist credits you are to lazy to look-up/make. srsly', 'faaaaaail', 'failtags', 'fix mess', 'don t tag the va artist (yes i am aware of this irony)', 'don t rate the va artist', ""don't use this for artist credits you are to lazy to look-up/make"", 'stop using this for artist credits period!', '[various artists]', 'f to the i to the x to the m to the e', 'do not using this for artist credits', 'please rename to [various artists]', ""don't tag or rate the various artist"", '21 throwback jams', ""bring up on-par with the other spa's and put this in brackets"", ""every-time you and others downvote. it registers in your tags. then i remove my vote. presto! you're the only one keeping it here!"", 'chillout', 'meta artist', 'blues', 'ska', 'electro', 'bluegrass', 'rockabilly', 'fusion', 'blues rock', 'country rock', 'rock and roll', 'club', 'candombe', 'berlin school', 'binaural beats', 'local music of iran', 'backstreet boys', 'fuzzy artist', 'apparently people are unable to comprehend what ""various artists"" is', ""don't tag the va artist wtf"", 'no matter how long you keep voting down the ""fixme"" tag i will fight you. this should be fixed', 'jungle', 'eurodance', 'soft rock', 'stop using this for artist credits you are to lazy to look-up/make. ffs!', 'tango', 'alternative pop ballad club dance electro france chanson german trance hip-hop rnb rock music soul vocal house', 'http musicbrainz org release-group b2aa521d-001b-34ad-a5e9-ca310e55b254 html', 'http://www.musik-sammler.de/cover/734500/734011.jpg', 'mess', '1 16 217528 150 13231 25894 39556 62358 75112 86121 96491 108473 122788 134485 144086 155376 166189 186497 197822']",michael jackson,NM,0,0,0,N,False,True
1935322,Bustamante,No soy un superman,8,967,,1982,1980,Trance Obsession 2003,España,hombre,"['pop', 'operacion triunfo', 'latin pop', 'need to rate', 'david bustamante']",pop,NM,,,,,True,False
1935878,Sonora Ponceña,Fuego en el 23,5,1720,,2008,2000,Jubilee,Puerto Rico,grupo,"['salsa', 'fania', 'chill906', 'sonora poncena', 'lounge', 'buena']",salsa,NM,,,,,True,False
1936447,José Alfredo Jiménez,Amarga Navidad,6,907,,1960,1960,Amarga Navidad,México,hombre,"['mariachi', 'ranchera', 'jose alfredo jimenez', 'classic', 'chillout', 'chill', 'chillosophy', 'global fusion']",mariachi,NM,,,,,True,False
1937579,Cornelio Reyna (Ft. Mariachi Oro Y Plata),Me Sacaron Del Tenampa,5,763,,1971,1970,Échale Sentimiento... Cornelio,México,hombre,"['norteño', 'ranchera', 'regional mexicano']",norteño,NM,,,,,True,False
1937823,Bustamante,No se vivir sin ti,8,1326,,2003,2000,Así soy yo,España,hombre,"['pop', 'operacion triunfo', 'latin pop', 'need to rate', 'david bustamante']",pop,NM,,,,,True,False
1938094,Gerardo Ortiz,El mundo es tuyo (en vivo),11,1298,,2011,2010,Morir y Existir En Vivo,Estados Unidos,hombre,"['gerardo ortiz', 'en preparacion', 'corridos', 'el trocko', 'narco corridos', 'narco corrido', 'world music', 'regional mexicano', 'banda', 'corrido', 'mariachi', 'narcocorrido', 'ranchera']",gerardo ortiz,NM,,,,,True,False
1938374,Fulanito,El padrino - de tal,9,1971,,1999,1990,El padrino,Estados Unidos,grupo,"['merengue', 'latin rap', 'reggaeton', 'reggaetonson', 'hip-hop', 'hip hop', 'fulanito', 'dance']",merengue,M,1,0,1,Y,False,True
1939120,Julio Iglesias,Hey - spanish,11,1229,,1943,1940,Begin the Beguine,España,hombre,"['pop', 'julio iglesias', 'latin pop', 'romantic', 'easy listening', 'tango']",pop,NM,,,,,True,False
1939376,Bustamante,Cerca De Mi Piel,7,1055,01/01/11,2011,2010,Mío,España,hombre,"['pop', 'operacion triunfo', 'latin pop', 'need to rate', 'david bustamante']",pop,NM,,,,,True,False
1939520,Axel Fernando,Celebra La Vida,9,832,,2008,2000,Universo,Argentina,hombre,"['romantic', 'pop', 'ballad', 'argentinian', 'adult alternative pop/rock', 'adult contemporary', 'alternative/indie rock', 'latin pop']",romantic,NM,,,,,True,False
1939644,Andrea Bocelli,Vivo Por Ella (Vivo Per Lei) - Italian - Spanish Version With Marta Sanchez,9,1440,,2007,2000,The Best of Andrea Bocelli: Vivere,Italia,hombre,"['classical', 'opera', 'italian', 'andrea bocelli', 'tenor', 'pop', 'italy', 'classical crossover', 'classic', 'because i believe', 'classical pop', 'european', 'italian classic', 'italian pop', 'italian tenor']",classical,NM,,,,,True,False
1939776,Rocío Jurado,Cuatro Letras (Fandangos),4,482,,1993,1990,La Lola Se Va a los Puertos,España,mujer,"['pop', 'flamenco', 'copla', 'female vocalist', 'world', 'oldies']",pop,NM,,,,,True,False
1941111,Raulin Rodriguez,Medicina de Amor,10,1088,08/11/94,1994,1990,Medicina de Amor,República Dominicana,hombre,"['bachata', 'salsa', 'merengue', 'dominican', 'world', 'romantico']",bachata,M,0,0,1,N,False,True
1942855,Hombres G,Por una vez,8,1075,21/03/14,2014,2010,30 años y un día,España,grupo,"['rock', 'rock en espanol', 'pop', 'spanish rock', 'rock en español', 'pop rock', 'spanish pop']",rock,NM,,,,,True,False
1943279,Melendi,Tocado y hundido,8,1856,16/09/14,2014,2010,Un alumno más,España,hombre,"['pop', 'flamenco', 'new flamenco', 'rumba', 'melendi', 'rock']",pop,NM,,,,,True,False
1944080,José Alfredo Jiménez,Tú y las nubes,6,821,,1990,1990,Lo Mejor De José Alfredo Jiménez - 33 Grandes Éxitos,México,hombre,"['mariachi', 'ranchera', 'jose alfredo jimenez', 'classic', 'chillout', 'chill', 'chillosophy', 'global fusion']",mariachi,NM,,,,,True,False
1944286,Bustamante,Miente,6,1010,,2021,2020,Veinte años y un destino,España,hombre,"['pop', 'operacion triunfo', 'latin pop', 'need to rate', 'david bustamante']",pop,M,1,0,0,Y,True,False
1944866,Buena Vista Social Club,La Engañadora,12,1012,,2008,2000,Buena Vista Social Club at Carnegie Hall (Live),Cuba,grupo,"['jazz', 'latin jazz', 'world', 'salsa', 'son', 'son cubano', 'bolero', 'afro-cuban jazz', 'bolero son', 'folk', 'pilón', 'rock and indie']",jazz,M,1,0,1,Y,True,False
1947861,Movimiento Original,Grandes Pasos,6,2622,11/11/08,2008,2000,Soldados del Ghetto,Chile,grupo,"['reggae', 'hip hop chileno', 'hip-hop', 'rap chileno', 'rnb', 'rock chileno', 'pop chileno', 'daft punk']",reggae,NM,,,,,True,False
1947895,Bustamante,Como Tú Ninguna,9,1581,01/01/11,2011,2010,Mío,España,hombre,"['pop', 'operacion triunfo', 'latin pop', 'need to rate', 'david bustamante']",pop,NM,,,,,True,False
1948073,Los Tucanes De Tijuana,El Jefe X,6,905,,2010,2010,14 Tucanazos Bien Pesados,México,grupo,"['ranchera', 'norteño', 'corridos', 'regional mexican', 'mexican folk', 'corrido', 'los tucanes de tijuana', 'rancho']",ranchera,M,1,0,1,Y,True,False
1948101,Bustamante,Bella mentira,9,1238,,2010,2010,A contracorriente,España,hombre,"['pop', 'operacion triunfo', 'latin pop', 'need to rate', 'david bustamante']",pop,M,0,0,1,Y,True,False
1948773,El Komander,El taquicardio,6,1303,,2014,2010,Belico,México,hombre,"['regional mexican', 'komander', 'corridos', 'el komander', 'narcocorridos', 'narco corridos', 'al 100', 'banda sinaloense', 'narcocorrido', 'sierreño']",regional mexican,M,1,0,1,Y,True,False
1948909,Cartel de Santa & Big Man,Dale Fuego,7,2478,25/05/10,2010,2010,Sincopa,México,grupo,"['hip-hop', 'rap', 'hip hop', 'cronica babilonia', 'cartel de santa', 'hip hop latino', 'conexion puerto rico', 'mexican rap']",hip-hop,M,1,0,0,Y,True,False
1949203,Bustamante,Me arrepiento,7,1348,,2014,2010,Vivir,España,hombre,"['pop', 'operacion triunfo', 'latin pop', 'need to rate', 'david bustamante']",pop,NM,,,,,True,False
1949348,Vicente Fernández,Qué triste estoy,3,599,,1975,1970,El Hijo Del Pueblo,México,hombre,"['ranchera', 'mariachi', 'don vicente fernandez', 'vicente fernandez', 'rancheras', 'por tu maldito amor']",ranchera,NM,,,,,True,False
1949516,Bustamante,A contracorriente,10,1309,,2021,2020,Veinte años y un destino,España,hombre,"['pop', 'operacion triunfo', 'latin pop', 'need to rate', 'david bustamante']",pop,NM,,,,,True,False
1949691,Maluma,Intentalo,11,1911,21/11/14,2014,2010,Chosen Few Urbano Continues,Colombia,hombre,"['reggaeton', 'pop', 'sexy', 'latin pop', 'hot', 'brutal death metal', 'latin urban', 'trap latino', 'english', 'pop rock', 'trap music', 'urbano', 'urbano latino', 'urbano music']",reggaeton,M,1,0,0,N,False,True
1949911,Banda Machos,No soy monedita de oro,6,846,,1992,1990,Casimira,México,grupo,"['banda', 'regional mexican', 'banda machos', 'salsa', 'ranchera', 'angeles azules', 'pop', 'regional mexicano', 'technobanda']",banda,M,1,0,0,Y,True,False
1951740,Galy Galiano,Frio de ausencia,8,1058,,2013,2010,30 Años,Colombia,hombre,"['balada', 'salsa', 'pop', 'romantico', 'especial', 'oldies']",balada,NM,,,,,True,False
1952013,Antony Santos,Me Quiero Morir,7,972,,2001,2000,El Balazo,República Dominicana,hombre,"['bachata', 'merengue', 'caribbean', 'antony santos', 'bolero', 'samba']",bachata,NM,,,,,True,False
1952398,Cornelio Reyna,El Andariego,4,674,,1940,1940,El Bohemio De La Canción Ranchera,México,hombre,"['ranchera', 'cornelio reyna', 'tu traicion', 'norteño', 'ayojitos', 'world music', 'regional mexicano']",ranchera,NM,0,0,0,N,False,True
1952824,Los Razos,El capado,9,1126,,2002,2000,Corazón de Perico,México,grupo,"['corridos', 'los razos']",corridos,M,1,0,1,Y,False,True
1953136,Julio Iglesias,Moralito (la gota fria) - spanglish,14,1696,,1998,1990,La Sarabanda & La Gota Frìa,España,hombre,"['pop', 'julio iglesias', 'latin pop', 'romantic', 'easy listening', 'tango']",pop,NM,,,,,True,False
1954644,Bustamante,Necesito,1,246,,2014,2010,Vivir,España,hombre,"['pop', 'operacion triunfo', 'latin pop', 'need to rate', 'david bustamante']",pop,NM,,,,,True,False
1955036,Grupo Manía,A que te pego mi mania,6,1012,,1996,1990,Está de moda,Puerto Rico,grupo,['merengue'],merengue,NM,,,,,True,False
1955723,Bertin Osborne,Cuando Aprieta la Vida,10,919,,2012,2010,A mi manera,España,hombre,"['espana', 'navidul', 'grupo1', 'madrid']",espana,NM,,,,,True,False
1957296,Los Rieleros Del Norte,En las cantinas,5,618,,1988,1980,Tendré Que Compartir,México,grupo,"['norteño', 'los', 'norteno', 'folk', 'rieleros', 'regional mexican', 'unaaventura', 'banda sinaloense', 'regional mexicano']",norteño,NM,,,,,True,False
1957675,Nena Guzman,La iniciativa,7,840,,2012,2010,Nena Guzmán y su corazón de guerra,México,mujer,['narcocorrido'],narcocorrido,NM,,,,,True,False
1957680,Los Ronaldos,"Sí, sí",8,914,,1987,1980,Los Ronaldos,España,grupo,"['spanish rock', 'rock', 'pop', 'catchy and pretty and singable and lovely', 'pop rock', 'makes me wanna hug the world', 'erase una vez en salamanca']",spanish rock,M,1,1,1,Y,False,True
1958456,Bustamante,Vivir,7,1078,,2021,2020,Veinte años y un destino,España,hombre,"['pop', 'operacion triunfo', 'latin pop', 'need to rate', 'david bustamante']",pop,NM,,,,,True,False
1958463,La Sonora Dinamita,A mover la colita,9,1473,,1987,1980,Cumbias de oro: 16 grandes éxitos,Colombia,grupo,"['cumbia', 'salsa', 'la sonora dinamita', 'world', 'cumbia colombiana', 'world music', 'tropical']",cumbia,M,1,0,0,N,False,True
1959201,Hombres G,Déjame Quedarme,5,942,17/11/10,2010,2010,Desayuno Continental,España,grupo,"['rock', 'rock en espanol', 'pop', 'spanish rock', 'rock en español', 'pop rock', 'spanish pop']",rock,NM,,,,,True,False
1959470,Grupo Bryndis,Corazón Destrozado,2,708,,2007,2000,Así Es El Amor,Argentina,grupo,"['norteno', 'fran', 'cumbia', 'plastic', 'pop', '5']",norteno,NM,,,,,True,False
1959744,Miguel Bosé,Aire soy - feat. Ximena Sariñana,10,1109,,2008,2000,Bosegrafía,España,hombre,"['pop', 'latin pop', 'balada', 'ballad', 'latin ballad', 'nuno']",pop,NM,,,,,True,False
1960077,K'naan & David Bisbal,Wavin Flag (Coca-Cola Spanish Celebration Mix),11,1946,14/05/10,2010,2010,Wavin’ Flag (Celebration Mix),Canadá,hombre,"['hip-hop', 'african', 'rap', 'canadian', 'hip hop', 'somalian', 'somalia', 'somali', 'reggae', 'pop rap', 'reggae-pop', 'world reggae']",hip-hop,NM,,,,,True,False
1960230,Diana Reyes,Ajustando Cuentas,8,1246,,2006,2000,Ajustando Cuentas,México,mujer,"['duranguense', 'regional mexican', 'singer', 'traditional', 'banda', 'sin bandera', 'banda el recodo', 'banda sinaloense', 'ranchera', 'regional mexicano']",duranguense,M,1,1,1,Y,True,False
1960267,Antony Santos,Creiste,15,1566,,2018,2010,Mejores éxitos,República Dominicana,hombre,"['bachata', 'merengue', 'caribbean', 'antony santos', 'bolero', 'samba']",bachata,NM,,,,,True,False
1960473,Bustamante,Contigo no,14,2368,,2008,2000,Canciones inéditas,España,hombre,"['pop', 'operacion triunfo', 'latin pop', 'need to rate', 'david bustamante']",pop,NM,,,,,True,False
1960477,Don Miguelo (Ft. Sensato),El Mario de Tu Mujer,10,3639,02/04/14,2014,2010,Exitos,República Dominicana,hombre,"['latin urban', 'reggaeton']",latin urban,M,1,0,1,Y,False,True
1960643,Bustamante,Mi consentida,9,952,,2008,2000,Al filo de la irrealidad,España,hombre,"['pop', 'operacion triunfo', 'latin pop', 'need to rate', 'david bustamante']",pop,NM,,,,,True,False
1962126,Alex Ubago (Ft. Amaia Montero),Sin Miedo a Nada,6,1913,23/09/01,2001,2000,¿Qué Pides Tú?,España,hombre,"['balada', 'latin ballad', 'latin pop', 'pop', 'pop rock']",balada,NM,,,,,True,False
1962203,Los Cadetes De Linares,La Venganza de Maria,6,857,,1960,1960,Tema De La Película Cazador De Asesinos: La Venganza De María,México,grupo,"['norteño', 'ranchera', 'el regon', 'puro ranchero', 'desprecio', 'los cadetes de linares', 'ranchogr', 'los cadetes']",norteño,M,0,1,0,N,False,True
1962263,Willie Colón & Héctor Lavoe,"Calle Luna, Calle Sol",6,1493,,1946,1940,Lo Mato,Puerto Rico,hombre,"['salsa', 'salsa latin', 'bolero']",salsa,NM,,,,,True,False
1962500,Willie Colón & Héctor Lavoe,Juana Peña,8,1469,,1950,1950,Cosa Nuestra,Estados Unidos,hombre,"['salsa', 'salsa latin', 'bolero', 'boogaloo', 'global jazz', 'jazz', 'latin jazz', 'latin soul', 'merengue', 'música tropical', 'new york salsa', 'pop', 'puerto rican traditions', 'son cubano', 'tropical']",salsa,M,0,0,1,Y,True,False
1963268,Daniel Santacruz,Lento,8,1227,,2014,2010,Colección Esencial Vol. 1,República Dominicana,hombre,"['bachata', 'pop', 'tropical', 'kizomba']",bachata,NM,,,,,True,False
1963385,Vicente Fernández,El moro de cumpas,9,1199,,1992,1990,Mi amigo el tordillo,México,hombre,"['ranchera', 'mariachi', 'don vicente fernandez', 'vicente fernandez', 'rancheras', 'por tu maldito amor']",ranchera,NM,0,0,0,N,False,True
1963785,K-Paz De La Sierra,La vecinita,6,860,,2020,2020,Pensando En Ti,México,grupo,"['duranguense', 'regional mexican', 'banda', 'k-paza de la sierra', 'g-azulcrema', 'chuntarense', 'jaju']",duranguense,NM,,,,,True,False
1965507,Fernando Villalona,Cama y mesa,6,2101,,1988,1980,El Mayimbe,República Dominicana,hombre,"['merengue', 'bailable', 'gatowope', 'fiesta na cas', 'toca cos awo', 'rock and roll', 'bachata']",merengue,NM,,,,,True,False
1965856,El movimiento alterado,Los sanguinarios del m1,11,1354,,2007,2000,En vivo desde XV años de Rosenda,México,grupo,"['folk', 'folk pop', 'corridos', 'banda sinaloense', 'corrido', 'regional mexicano']",folk,NM,,,,,True,False
1966299,La Materialista,La Chapa Que Vibran,12,2778,,2014,2010,Trayectoria,República Dominicana,mujer,"['dembow', 'pop', 'bachata', 'reggaeton', 'the worst thing ever to happen to music', 'mambo', 'chapa', 'crimes against humanity', 'dominican', 'merengue']",dembow,M,1,1,0,Y,False,True
196648,Shakira,Si Te Vas,8,1551,29/09/98,1998,1990,¿Dónde Están Los Ladrones?,Colombia,mujer,"['pop', 'rock', 'dance', 'shakira', 'sexy', 'latin pop', 'pop rock', 'dance-pop']",pop,M,0,0,1,N,True,False
1966909,Miguel Bosé,Si tú no vuelves (con Shakira),8,1374,20/03/07,2007,2000,Papito,España,hombre,"['pop', 'latin pop', 'balada', 'ballad', 'latin ballad', 'nuno']",pop,NM,,,,,True,False
1968022,El Komander,El katch,6,964,,2006,2000,iEn vivo! - idesde badiragato!,México,hombre,"['regional mexican', 'komander', 'corridos', 'el komander', 'narcocorridos', 'narco corridos', 'al 100', 'banda sinaloense', 'narcocorrido', 'sierreño']",regional mexican,M,1,0,0,Y,True,False
1968130,Elvis Martinez,La luz de mis ojos,7,941,,2007,2000,La luz de mis ojos,República Dominicana,hombre,"['bachata', 'elvis martinez', 'proba', 'dominican', 'cristiana']",bachata,M,1,0,0,Y,False,True
1968482,Bustamante,A partir de hoy,7,1019,,2014,2010,Vivir,España,hombre,"['pop', 'operacion triunfo', 'latin pop', 'need to rate', 'david bustamante']",pop,NM,,,,,True,False
196930,Shakira,La Tortura,12,1844,12/04/05,2005,2000,"Fijación Oral, Vol. 1",Colombia,mujer,"['pop', 'rock', 'dance', 'shakira', 'sexy', 'latin pop', 'pop rock', 'dance-pop']",pop,NM,,,,,True,False
196953,Shakira,La Tortura (Shaketon Remix),11,1824,03/06/05,2005,2000,"Fijación Oral, Vol. 1",Colombia,mujer,"['pop', 'rock', 'dance', 'shakira', 'sexy', 'latin pop', 'pop rock', 'dance-pop']",pop,NM,0,0,0,N,False,True
1970032,Bertin Osborne,Amor Mediterraneo,4,748,,2000,2000,Amor Mediterraneo,España,hombre,"['espana', 'navidul', 'grupo1', 'madrid']",espana,NM,0,0,0,N,False,True
1970108,El Komander,Ranchero y gallardo,9,1192,,2012,2010,Belico,México,hombre,"['regional mexican', 'komander', 'corridos', 'el komander', 'narcocorridos', 'narco corridos', 'al 100', 'banda sinaloense', 'narcocorrido', 'sierreño']",regional mexican,M,0,0,1,N,True,False
1971558,Grupo Exterminador,Las monjitas,4,1735,,2006,2000,"Corridos Perrones, Vol. 1",México,grupo,"['narcocorrido', 'baladas', 'corridos', 'pop', 'dance']",narcocorrido,NM,,,,,True,False
1971694,Bustamante,Si amanece que sea lento,5,897,,2012,2010,Más mío,España,hombre,"['pop', 'operacion triunfo', 'latin pop', 'need to rate', 'david bustamante']",pop,NM,0,0,0,N,False,True
1971819,Pedro conga,Me niegas tanto amor,38,2102,,2015,2010,Valio La Pena Esperar,México,hombre,"['salsa', 'pedro conga', 'world', 'my coffee kick', 'caliente', 'salsa romantica', 'ranchera', 'death by airplane']",salsa,NM,,,,,True,False
1972597,El Komander,Soy De Rancho,6,1844,03/01/14,2014,2010,Cazador,México,hombre,"['regional mexican', 'komander', 'corridos', 'el komander', 'narcocorridos', 'narco corridos', 'al 100', 'banda sinaloense', 'narcocorrido', 'sierreño']",regional mexican,M,1,0,0,Y,True,False
1972617,Eydie Gormé,Vereda tropical,5,528,,1964,1960,Amor / More Amor,Estados Unidos,mujer,"['jazz', 'pop', 'jazz vocal', 'classic', 'vocal', 'american', '2008 universal fire victim', 'ballads', 'swing']",jazz,NM,,,,,True,False
1973125,Bustamante,Bandera Blanca,6,1312,01/01/11,2011,2010,Mío,España,hombre,"['pop', 'operacion triunfo', 'latin pop', 'need to rate', 'david bustamante']",pop,NM,,,,,True,False
1974231,Plan B,Choca,12,2901,09/09/14,2014,2010,Love & Sex,Puerto Rico,grupo,"['hip-hop', 'british', 'grime', 'rap', 'hip hop', 'soul', 'reggaeton', 'pop', 'uk hip-hop', 'latin urban']",hip-hop,M,1,1,0,Y,True,False
1974379,Wilfrido Vargas,El Africano,10,703,,1983,1980,El Funcionario,República Dominicana,hombre,"['merengue', 'salsa', 'wilfrido vargas', 'dance', 'tropical', 'dominican']",merengue,NM,0,0,0,N,False,True
1974469,Julión Álvarez y su Norteño Banda,Hombre de negocios,7,1121,,2008,2000,Corridos,México,grupo,"['banda', 'regional mexican', 'norteno', 'world', 'world music', 'norteño']",banda,NM,,,,,True,False
1974561,El Gran Combo de Puerto Rico,Azuquita pa'l cafe,14,1261,,1984,1980,In Alaska: Breaking the Ice,Puerto Rico,grupo,"['salsa', 'el gran combo de puerto rico', 'el gran combo de pueel gran combo de puerto ricorto rico', 'lounge', 'dance', 'chillosophy', 'global fusion', 'chill906', 'bolero']",salsa,M,1,0,1,Y,False,True
1974699,Ramón Ayala y Sus Bravos Del Norte,Baraja De Oro,5,945,,2008,2000,Lo Mejor De Los Relámpagos,México,grupo,['norteno'],norteno,M,1,0,1,Y,True,False
1975128,Presuntos Implicados,Nadie como tú (a dueto con leonel garcia) - en vivo,8,687,,2003,2000,Romántico y latino,España,grupo,"['pop', 'presuntos implicados', 'rock', 'pop latino', 'adult contemporary', 'jazz', 'blues', 'electrónica', 'folk', 'funk', 'fusión']",pop,NM,,,,,True,False
1975258,Ha-Ash,Estés Donde Estés,9,1328,11/05/03,2003,2000,Ha*Ash,México,grupo,"['latin pop', 'pop', 'ha-ash', 'country pop', 'folk pop', 'latin rock']",latin pop,NM,,,,,True,False
1976539,Eddie Santiago,Tu me quemas,5,2223,21/10/86,1986,1980,Atrevido Y Diferente,Puerto Rico,hombre,"['salsa', 'salsa romantica', 'salsa boricua', 'eddie santiago', 'eddy santiago', 'best salsa oldy1983', 'mambo']",salsa,NM,,,,,True,False
1977567,El cejas y su banda fuego,Mi destino fue quererte,6,971,,1996,1990,El dueto del siglo,México,mujer,['banda'],banda,NM,,,,,True,False
1978291,Kinito Mendez,El baile del sua sua,25,2460,,1998,1990,Merenmix 98,República Dominicana,hombre,"['merengue', 'salsa', 'kinito mendez', 'dance', 'bachata', 'dominican']",merengue,M,1,0,0,N,True,False
1980144,Antonio Aguilar,Busca Otro Amor,7,489,,2003,2000,Antonio Aguilar Con Tambora,México,hombre,"['ranchera', 'mariachi', 'antonio aguilar', 'chill906', 'rancheras', 'banda', 'corrido']",ranchera,NM,,,,,True,False
1980423,Bustamante,Cuanto te ame,11,2151,,2008,2000,Al filo de la irrealidad,España,hombre,"['pop', 'operacion triunfo', 'latin pop', 'need to rate', 'david bustamante']",pop,M,0,1,1,N,True,False
1981212,Willie Colón,Barrunto,8,1516,,1950,1950,La Gran Fuga,Estados Unidos,hombre,"['salsa', 'jazz', 'fania', 'willie colon', 'latin jazz', 'classic', 'boogaloo', 'trombone', 'dance', 'bolero', 'global jazz', 'latin soul', 'merengue', 'música tropical', 'new york salsa', 'pop', 'puerto rican traditions', 'son cubano', 'tropical']",salsa,NM,,,,,True,False
1981602,José Alfredo Jiménez,Tu Recuerdo y Yo,6,847,,1960,1960,Down Mexico Way,México,hombre,"['mariachi', 'ranchera', 'jose alfredo jimenez', 'classic', 'chillout', 'chill', 'chillosophy', 'global fusion']",mariachi,M,0,0,1,Y,True,False
1981791,Bustamante,Nunca es tarde,7,1392,,2010,2010,A contracorriente,España,hombre,"['pop', 'operacion triunfo', 'latin pop', 'need to rate', 'david bustamante']",pop,NM,,,,,True,False
1984600,Vicente Fernández,De un rancho a otro,6,967,,1940,1940,De un rancho a otro,México,hombre,"['ranchera', 'mariachi', 'don vicente fernandez', 'vicente fernandez', 'rancheras', 'por tu maldito amor']",ranchera,NM,,,,,True,False
1986943,Radio Futura,Corazon de Tiza,10,1419,,1979,1970,Veneno en la piel,España,grupo,"['rock', 'pop', 'spanish rock', 'new wave', 'rock en espanol', 'movida']",rock,M,0,1,0,N,True,False
1986971,Bustamante,Universo de todo,9,1060,,2010,2010,A contracorriente,España,hombre,"['pop', 'operacion triunfo', 'latin pop', 'need to rate', 'david bustamante']",pop,NM,,,,,True,False
1987705,Un pinguino en mi ascensor,Espiando a mi vecina,6,1151,,1987,1980,Un pingüino en mi ascensor,España,grupo,"['pop', 'new wave', 'synthpop', 'humor', 'movida', 'bizarro', 'humour']",pop,M,1,0,0,N,True,False
1991361,Leonel García (Ft. Ana Torroja),Perdono y Olvido,8,1802,23/04/13,2013,2010,Todas Mías...,México,hombre,"['ballad', 'latin pop', 'pop']",ballad,NM,,,,,True,False
1992100,El Gran Combo de Puerto Rico,Y No Hago Más Na',13,1932,,2021,2020,La Universidad de la Salsa,Puerto Rico,grupo,"['salsa', 'el gran combo de puerto rico', 'el gran combo de pueel gran combo de puerto ricorto rico', 'lounge', 'dance', 'chillosophy', 'global fusion', 'chill906', 'bolero']",salsa,M,0,0,1,Y,True,False
1993958,Los Tucanes De Tijuana,El hijo de la mafia,8,1194,,2010,2010,14 Tucanazos Bien Pesados,México,grupo,"['ranchera', 'norteño', 'corridos', 'regional mexican', 'mexican folk', 'corrido', 'los tucanes de tijuana', 'rancho']",ranchera,NM,,,,,True,False
1994123,Café Quijano,Me dejaste solo,6,864,,2013,2010,Orígenes: El Bolero Volumen 2,España,grupo,"['pop', 'spanish rock', 'rock', 'latin rock', 'pop espanol', 'pop rock']",pop,NM,0,0,0,N,False,True
1996741,Raphael,Como yo te amo (Duet),4,1284,,1993,1990,50 años después,España,hombre,"['visual kei', 'french', 'japanese', 'j-rock', 'pop', 'jrock', 'rock', 'latin ballad', 'canción melódica']",visual kei,NM,,,,,True,False
1996882,David Barrull,Que precio tiene el cielo,6,1925,,2012,2010,América,España,hombre,"['la voz', 'flamenco', 'glam rock', 'art rock', 'pop', 'alternative rock', 'rock', 'art pop', 'british', 'new wave', 'pop rock', 'classic rock', 'actors', 'rock music', 'composers', 'singers', 'rock musicians', 'arrangers', 'sound recording executives and producers', 'glam rock music', 'glam rock musicians', 'permanent wave', 'electronic', 'experimental', 'funk', 'alternative', 'soul', 'psychedelic pop', 'experimental rock', 'blue-eyed soul', 'post-disco', 'avant-garde pop', 'aln-sh', 'britannique', 'english', 'classic pop and rock', 'pop/rock', 'server name', 'death by liver cancer', 'killed by 2016!']",la voz,NM,0,0,0,N,False,True
1998231,Geovanny Polanco,Dile Que Vuelva,8,1152,,1974,1970,Para Mis Amigos,República Dominicana,hombre,"['bachata', 'merengue', 'merengue tipico', 'geovanny polanco', 'moje standards']",bachata,NM,0,0,0,N,False,True
1998834,Bustamante,Distinta a todas,6,1235,,2010,2010,A contracorriente,España,hombre,"['pop', 'operacion triunfo', 'latin pop', 'need to rate', 'david bustamante']",pop,NM,,,,,True,False
1999713,Los Rieleros Del Norte,Voy A Llorar Por Ti,5,855,,2006,2000,"Siempre Imitado, Jamas Igualado",México,grupo,"['norteño', 'los', 'norteno', 'folk', 'rieleros', 'regional mexican', 'unaaventura', 'regional mexicano']",norteño,NM,,,,,True,False
2001280,Bustamante,Dile que la quiero,10,1325,,2008,2000,Canciones inéditas,España,hombre,"['pop', 'operacion triunfo', 'latin pop', 'need to rate', 'david bustamante']",pop,NM,,,,,True,False
2001703,Bertin Osborne,Todavia,7,746,,2000,2000,Mayor de edad,España,hombre,"['espana', 'navidul', 'grupo1', 'madrid']",espana,NM,0,0,0,N,False,True
2002030,Los capos de mexico,La canelera,6,604,,2015,2010,Historia Musical Norteña,México,grupo,['corridos'],corridos,M,0,1,1,Y,False,True
2003306,Hombres G,Lo Noto,5,984,,1982,1980,Peligrosamente Juntos (Versión América),España,grupo,"['rock', 'rock en espanol', 'pop', 'spanish rock', 'rock en español', 'pop rock', 'spanish pop']",rock,NM,,,,,True,False
2006546,Los Rodríguez,"Palabras Más, Palabras Menos (En Vivo 96)",8,1665,,1990,1990,Hasta Luego,España,grupo,"['rock argentino', 'rock', 'rock en espanol', 'spanish rock', 'rock en español', 'pop']",rock argentino,NM,,,,,True,False
2007099,Bunbury,Enganchado a ti,8,864,21/05/02,2002,2000,Flamingos,España,hombre,"['rock', 'rock en espanol', 'spanish rock', 'rock en español', 'bunbury', 'rock español', 'latin rock', 'enrique bunbury', 'pop']",rock,NM,0,0,0,N,False,True
2007381,Willie Gonzalez,No Podrás Escapar De Mí,8,1560,,2015,2010,Sin Comparación,Puerto Rico,hombre,"['salsa', 'willie gonzalez', 'salsa romantica', 'moje standards', 'kto nie tanczy ten z policji', 'artist - willie gonzalez', 'love songs']",salsa,M,0,1,0,N,True,False
2008911,Ricardo Arjona (Ft. Gaby Moreno),Fuiste Tú,12,2166,04/10/11,2011,2010,Independiente + Demos,Guatemala,hombre,"['latin ballad', 'latin pop']",latin ballad,NM,,,,,True,False
2009152,Don Miguelo,La Cola de Motora,9,1719,,2023,2020,Concierto (En Vivo),República Dominicana,hombre,"['reggaeton', 'world', 'dembow', 'kuduro', 'ruk', 'latin urban']",reggaeton,M,1,0,0,Y,True,False
2009388,Don Omar,Conteo,8,2300,26/07/06,2006,2000,King of Kings: Armageddon Edition,Puerto Rico,hombre,"['reggaeton', 'hip-hop', 'don omar', 'hip hop', 'dance', 'latin urban']",reggaeton,M,1,0,1,Y,True,False
2009644,Oscar D'León,Sigue tu camino,4,479,,1999,1990,El verdadero león,Venezuela,hombre,"['salsa', 'chill906', 'world music', 'dance', 'oscar de leon', 'sonero del mundo', 'bolero']",salsa,M,0,0,1,Y,True,False
2010124,Ráfaga,Engañadora,4,460,,2007,2000,Ritmo popular,Argentina,grupo,"['cumbia', 'latin pop', 'rafaga', 'cumbia argentina']",cumbia,M,0,0,1,Y,True,False
2011066,Wilfrido Vargas,El Baile del Perrito,14,2381,,1994,1990,Itinerario,República Dominicana,hombre,"['merengue', 'salsa', 'wilfrido vargas', 'dance', 'tropical', 'dominican']",merengue,M,1,0,0,Y,True,False
2011168,José El Francés,Ya no quiero tu querer,6,1190,,2002,2000,Las calles de San Blas,España,hombre,"['flamenco', 'rumba flamenca', 'flamenco-pop', 'flamenco-', 'pop-flamenco', 'world']",flamenco,NM,,,,,True,False
2011260,Isabel Pantoja,Así Fue,7,1270,03/05/88,1988,1980,Desde Andalucía,España,mujer,"['folk', 'copla', 'viuda', 'sevillana', 'peluda', 'chelo garcia cortes', 'dientes', 'flamenco', 'latin ballad', 'sevillanas']",folk,NM,,,,,True,False
2011591,Bustamante,Miento,6,1831,,2014,2010,Vivir,España,hombre,"['pop', 'operacion triunfo', 'latin pop', 'need to rate', 'david bustamante']",pop,NM,,,,,True,False
2012019,Bustamante,Gitana,11,1814,,2008,2000,Al filo de la irrealidad,España,hombre,"['pop', 'operacion triunfo', 'latin pop', 'need to rate', 'david bustamante']",pop,NM,,,,,True,False
2012854,Damas Gratis,Se Te Ve La Tanga,5,1357,,2000,2000,Para los pibes,Argentina,grupo,"['cumbia', 'cumbia villera', 'villera', 'fucking awesome', 'cumbia argentina', 'sufre cheto', 'folclore', 'amazing']",cumbia,M,1,0,1,Y,True,False
2013512,Coco (Band),La faldita,10,1629,,2008,2000,"Merengue Latin Party, Vol.2",Estados Unidos,grupo,"['rock', 'heartland rock', 'pop rock']",rock,M,1,0,1,Y,True,False
2013609,Bertin Osborne,Amame,8,1431,,2000,2000,Mayor de edad,España,hombre,"['espana', 'navidul', 'grupo1', 'madrid']",espana,NM,0,0,0,N,False,True
2014129,Melendi,El Amor Es Un Arte,6,2022,25/11/14,2014,2010,Un alumno más,España,hombre,"['pop', 'flamenco', 'new flamenco', 'rumba', 'melendi', 'rock']",pop,NM,,,,,True,False
2014297,El Chaval de la Bachata,Me voy de ti,7,2396,,2019,2010,Para Toda la Vida,República Dominicana,hombre,"['bachata', 'moje standards', 'rtv 7 latin lounge', 'el chaval de la bachata']",bachata,NM,,,,,True,False
2027294,Belinda,Ni Freud Ni Tu Mamá,10,1246,19/09/06,2006,2000,Utopía,México,mujer,"['pop', 'latin pop', 'dance', 'pop rock', 'electronic', 'rock', 'dance-pop', 'electropop', 'teen pop']",pop,NM,,,,,True,False
2027318,Belinda,Bella Traición,7,1273,03/10/06,2006,2000,Utopía,México,mujer,"['pop', 'latin pop', 'dance', 'pop rock', 'electronic', 'rock', 'dance-pop', 'electropop', 'teen pop']",pop,NM,,,,,True,False
2027346,Belinda,Luz Sin Gravedad,8,861,29/05/07,2007,2000,Utopía,México,mujer,"['pop', 'latin pop', 'dance', 'pop rock', 'electronic', 'rock', 'dance-pop', 'electropop', 'teen pop']",pop,NM,,,,,True,False
2027364,Belinda (Ft. Pitbull),Egoísta,8,2055,23/02/10,2010,2010,Carpe Diem,Estados Unidos,grupo,"['dance-pop', 'electropop', 'dance', 'eurodance', 'electro house', 'hip hop', 'southern hip hop', 'pop rap', 'latin pop', '2000s', 'hip house', '2010s', 'hiphop', 'maltido', 'pitbull', 'global warming meltdown']",dance-pop,NM,,,,,True,False
2029373,"Luis Fonsi (Ft. Aleks Syntek, David Bisbal & Noel Schajris)",Aquí Estoy Yo,9,2464,26/08/08,2008,2000,Palabras del Silencio,Puerto Rico,hombre,"['latin pop', 'pop', 'latin rock', 'latin american']",latin pop,NM,,,,,True,False
2044536,Julión Álvarez y su Norteño Banda,El Amor De Su Vida,7,1299,,2022,2020,El Aferrado,México,grupo,"['banda', 'regional mexican', 'norteno', 'world', 'world music', 'norteño']",banda,NM,,,,,True,False
2045563,Bertin Osborne,Ay jalisco,6,895,,2014,2010,El ombligo de la luna,España,grupo,"['espana', 'navidul', 'grupo1', 'madrid', 'basico', 'basicorock', 'música', 'ranchera', 'rock', 'spanish rock']",espana,NM,,,,,True,False
204632,Christina Aguilera,Pero Me Acuerdo de Ti,4,1062,12/12/00,2000,2000,Mi Reflejo,Estados Unidos,mujer,"['pop', 'soul', 'rnb', 'dance', 'american', 'legend', 'christina aguilera', 'diva', 'sexy', 'contemporary r&b', 'dance-pop', 'electropop', 'teen pop', 'adult contemporary', 'female vocals', 'pop and chart', 'rock']",pop,NM,,,,,True,False
2047186,Jorge Gamboa,La Cama De Piedra,4,553,,1942,1940,La cama de piedra / El mono de vidrio,Estados Unidos,grupo,"['tejano', 'mpb', 'bossa nova', 'samba', 'samba-rock']",tejano,NM,,,,,True,False
2047387,Myriam Hernández,Si Pudiera Amarte,8,1567,26/04/11,2011,2010,Seducción,Chile,mujer,"['miriam hernandez', 'romanticos', 'pop', 'latin pop', 'soul', 'latin ballad', 'partiendome el alma']",miriam hernandez,NM,,,,,True,False
2047791,Juan Luis Guerra,La Gallera,11,2152,01/01/89,1989,1980,Ojalá Que Llueva Café,República Dominicana,hombre,"['merengue', 'bachata', 'salsa', 'dominican', 'tropical', 'guitar', 'dance', 'latin pop']",merengue,NM,,,,,True,False
2048190,Grupo Niche,Ya No Hables,9,1298,,2013,2010,Tocando el cielo con las manos,Colombia,grupo,"['salsa', 'cumbia', 'grupo niche', 'tropical', 'salsa romantica', 'cali', 'niche']",salsa,NM,,,,,True,False
2051248,La Joven Guardia,El Extraño del Pelo Largo,6,841,,1969,1960,El Extraño del Pelo Largo,Argentina,grupo,"['beat', 'rock', 'argentinian']",beat,NM,,,,,True,False
2051343,Bertin Osborne,Me enamoro de ella,9,1516,,2000,2000,Carácter Latino 2000,España,hombre,"['espana', 'navidul', 'grupo1', 'madrid']",espana,M,0,0,1,Y,True,False
2052318,Azúcar Moreno,Sobreviviré (i will survive),11,1839,,2014,2010,Esencial Azúcar Moreno,España,grupo,"['pop', 'eurovision', 'flamenco', 'dance', 'duos', 'espagnol']",pop,NM,,,,,True,False
2055449,Ramón Ayala y Sus Bravos Del Norte,La calandria,12,1031,,1982,1980,La Calandria,México,grupo,"['norteno', 'norteño', 'regional mexicano']",norteno,NM,,,,,True,False
2055718,Banda Maguey,Tumbando caña - live version,5,379,,1996,1990,"Exitos de Ayer, Hoy y Siempre Disco 1",México,grupo,"['banda maguey', 'banda', 'regional mexican', 'regionalmexican']",banda maguey,NM,,,,,True,False
2056556,Bustamante,Bang bang,7,1221,,2003,2000,Así soy yo,España,hombre,"['pop', 'operacion triunfo', 'latin pop', 'need to rate', 'david bustamante']",pop,M,1,0,0,N,True,False
2057216,Bertin Osborne,María bonita,6,882,,2000,2000,Sabor a México,España,hombre,"['espana', 'navidul', 'grupo1', 'madrid']",espana,M,1,0,0,N,False,True
2057390,Las Pelotas,Cuantas cosas,4,620,,2012,2010,Cerca de las nubes,Argentina,grupo,"['rock argentino', 'rock', 'rock nacional', 'rock argento', 'argentinian', '2000s', 'alternative rock']",rock argentino,NM,0,0,0,N,False,True
2057554,"Pete ""el conde"" rodriguez",Catalina la O,8,902,,1932,1930,Este Negro Sí Es Sabroso,Puerto Rico,hombre,"['salsa', 'fania', 'boogaloo', 'world', 'afro caribbean', 'bolero']",salsa,NM,,,,,True,False
205770,Enrique Iglesias,Lloro por Ti,9,1484,17/07/08,2008,2000,Enrique Iglesias: 95/08 Exitos,España,hombre,"['pop', 'dance', 'latin pop', 'enrique iglesias', 'romantic', 'sexy', 'rnb', 'electropop', 'electro house', 'nepo baby']",pop,NM,,,,,True,False
2057933,Zacarías Ferreira,Dime que falto,5,650,,2020,2020,"Bachata Fest, Vol. 1",República Dominicana,hombre,"['bachata', 'batata']",bachata,NM,,,,,True,False
2058009,Santiago Cruz,Aquí Me Tienes,4,1112,17/09/14,2014,2010,Equilibrio,Colombia,hombre,"['pop', 'singer-songwriters', 'pop rock', 'latin pop']",pop,NM,,,,,True,False
2058209,Agustín Lara,María Bonita,6,992,,1940,1940,15 Inolvidables en la voz de Agustín Lara,[Worldwide],hombre,"['bolero', 'agustin lara', 'mexican bolero', 'latino-americain', 'veracruz', 'a-lara', 'latino americain', 'world', 'special purpose artist', 'special purpose', 'fixme or cleanup', 'unknown']",bolero,NM,,,,,True,False
2059631,Los Cachorros de Juan Villarreal,La chuparrosa,5,389,,2016,2010,"Raíces norteñas, volumen 6: Corridos de la frontera",Estados Unidos,grupo,['norteño'],norteño,NM,,,,,True,False
2060381,Fefita La Grande,La chiflera,6,968,,2015,2010,1,República Dominicana,mujer,"['dominican', 'merengue', 'republica dominicana', 'dominicana', 'merengue tipico', 'ldtipico']",dominican,M,1,1,1,Y,True,False
2061106,Bustamante,Perdóname - a dúo con luis fonsi,8,820,,2022,2020,Le mélange,España,hombre,"['pop', 'operacion triunfo', 'latin pop', 'need to rate', 'david bustamante']",pop,NM,0,0,0,N,False,True
2061212,Los Canelos de Durango,El senor de la montana,3,796,,2013,2010,Los últimos corridos del compa Pepe,México,grupo,"['refio traficante', 'duranguense', 'norteño', 'regional mexicano']",refio traficante,NM,,,,,True,False
2062202,Trigo limpio,Te quiero para mí,7,1460,04/06/80,1980,1980,Grandes Exitos,España,grupo,"['eurovision', 'pop', 'eurovision song contest', 'spain eurovision representatives']",eurovision,NM,,,,,True,False
2062717,Antílopez,Prefiero,7,1667,,2013,2010,Por Desamor al Arte,España,grupo,"['fusion', 'humor', 'espana', 'flamenco', 'song-writer']",fusion,M,1,0,1,Y,False,True
2065223,Three souls in my mind,Abuso de Autoridad,7,620,,1968,1960,Chavo de Onda,México,grupo,"['psychedelic rock', 'garage rock', 'blues rock', 'garage', 'psychedelic', 'rock', 'rock en español', 'latin rock', 'blues']",psychedelic rock,NM,0,0,0,N,False,True
2066489,Natos y Waor,Karma,3,1997,22/01/15,2015,2010,Barras Bravas,España,grupo,"['rap', 'spanish rap', 'hardcore', 'underground rap', 'hip-hop', 'espana', 'underground hip-hop', 'madrid']",rap,M,0,1,1,Y,True,False
2066706,Melendi,La Promesa,5,1829,25/11/14,2014,2010,Un alumno más,España,hombre,"['pop', 'flamenco', 'new flamenco', 'rumba', 'melendi', 'rock']",pop,NM,,,,,True,False
2067334,Estela Nuñez,Maldito sea tu amor,7,986,,1948,1940,Te acuerdas,México,mujer,"['mariachi', 'ranchera', 'baladas romanticas 80s', 'bolero', 'mexican folk', 'jalisco', 'balada latina']",mariachi,M,0,1,1,N,True,False
2069192,Alejandro Sanz,A Que No Me Dejas,5,2192,,2015,2010,Sirope,España,hombre,"['pop', 'latin pop', 'alejandro sanz', 'romantic', 'balada romántica', 'flamenco pop', 'rock', 'soft rock']",pop,NM,,,,,True,False
2070066,Chayito Valdéz,La silla vacía,5,1074,,1992,1990,20 Exitos,México,mujer,['ranchera'],ranchera,M,0,0,1,Y,True,False
2070412,Bustamante,Dime,7,940,,2010,2010,A contracorriente,España,hombre,"['pop', 'operacion triunfo', 'latin pop', 'need to rate', 'david bustamante']",pop,NM,,,,,True,False
207057,Marc Anthony,Dímelo (I Need To Know),5,871,09/08/99,1999,1990,Marc Anthony,Estados Unidos,hombre,"['salsa', 'pop', 'marc anthony', 'latin pop', 'salsa romantica', 'ballad']",salsa,NM,,,,,True,False
2070597,Bertin Osborne,Juan charrasqueado,8,1290,,2012,2010,A mi manera,España,hombre,"['espana', 'navidul', 'grupo1', 'madrid']",espana,M,1,1,0,Y,True,False
2070754,Bustamante,Princesa mía,8,1292,,2008,2000,Al filo de la irrealidad,España,hombre,"['pop', 'operacion triunfo', 'latin pop', 'need to rate', 'david bustamante']",pop,NM,,,,,True,False
2070758,El Gran Combo de Puerto Rico,El Menú,8,1304,,2002,2000,Happy Days,Puerto Rico,grupo,"['salsa', 'el gran combo de puerto rico', 'el gran combo de pueel gran combo de puerto ricorto rico', 'lounge', 'dance', 'chillosophy', 'global fusion', 'chill906', 'bolero']",salsa,M,1,0,0,N,True,False
2071073,Los Rodríguez,"Adiós amigos, adiós",4,727,21/05/92,1992,1990,Disco Pirata,España,grupo,"['rock argentino', 'rock', 'rock en espanol', 'spanish rock', 'rock en español', 'pop']",rock argentino,NM,,,,,True,False
2071982,Enigma Norteño,El narco de narcos,7,1505,,2014,2010,Enemigo en casa,México,grupo,"['corridos', 'corrido', 'amor de cuatro paredes', 'el ondeado', 'norteño', 'regional mexicano']",corridos,NM,0,0,0,N,False,True
2072349,Wisin & Yandel (Ft. Jowell & Randy),Perréame,11,4542,,1979,1970,Los Vaqueros: El Regreso,Puerto Rico,grupo,"['reggaeton', 'dance', 'pop', 'latin pop', 'black metal', 'hip-hop', 'latin urban']",reggaeton,M,1,1,1,Y,True,False
2078374,La Sonora Santanera,Me Da Vergüenza,7,980,28/02/66,1966,1960,Viajando Y Bailando Con La Sonora Santanera,México,grupo,"['cumbia', 'tropical', 'bolero', 'la sonora santanera', 'instrumental', 'chachachá', 'guaracha', 'merengue', 'rumba', 'salsa']",cumbia,M,0,0,1,Y,True,False
2078531,Lisandro Meza,Entre rejas,15,681,,1977,1970,Cumbia de los pobres / Entre rejas,Colombia,grupo,"['cumbia', 'vallenato', 'colombiana', 'vallenatos', 'the vitamin b12', 'lizandro meza', 'lisandro meza', 'cumbia colombiana']",cumbia,M,0,0,1,N,True,False
2078732,Tito Rojas,Dime Si Eres Feliz,7,1639,,2001,2000,Vida,Puerto Rico,hombre,"['salsa', 'tito rojas', 'chill906', 'world', 'latin america', 'jazz', 'need to rate']",salsa,NM,0,0,0,N,False,True
2079830,Ramón Ayala y Sus Bravos Del Norte,Mujer paseada,4,399,,2008,2000,Mujer Paseada,México,grupo,['norteno'],norteno,M,0,0,1,Y,True,False
2080081,Oscar D'León,Sientate ahi,6,933,,2000,2000,¡En vivo!,Venezuela,hombre,"['salsa', 'chill906', 'world music', 'dance', 'oscar de leon', 'sonero del mundo', 'bolero']",salsa,M,0,1,1,Y,True,False
2080636,"Nat ""King"" Cole",Nadie me ama,4,318,,1998,1990,A Mis Amigos,Estados Unidos,hombre,"['jazz', 'swing', 'blues', 'oldies', 'jazz vocal', 'vocal jazz', 'nat king cole', 'american']",jazz,NM,,,,,True,False
2080707,Los romanticos de zacatecas,Soy Lo Que Tú Me Das,4,482,16/03/12,2012,2010,Ya Lo Dijo Rufis Taylor,México,grupo,"['indie', 'indie rock', 'rock', 'rockmex', 'post grunge', 'alternative', 'zacatecas']",indie,NM,,,,,True,False
2080745,Banda Carnaval,La Chucha,7,922,29/04/14,2014,2010,La Historia De Mis Manos,México,grupo,"['banda', 'banda carnaval', 'clarinet', 'ethnic', 'banda sinaloense', 'regional mexicano']",banda,M,1,0,0,N,False,True
2080783,Antonio Aguilar,Cuando dos almas,5,744,,2003,2000,Antonio Aguilar Con Tambora,México,hombre,"['ranchera', 'mariachi', 'antonio aguilar', 'chill906', 'rancheras', 'banda', 'corrido']",ranchera,NM,,,,,True,False
2081217,Ram herrera,Entre cantina y cantina,1,25,,1998,1990,Cuenta conmigo,Estados Unidos,hombre,"['ram herrera', 'tejano', 'ram herrear', 'lesser known yet streamable artists']",ram herrera,NM,,,,,True,True
2082015,Wilfrido Vargas,El Hombre Divertido,18,2252,,1980,1980,El Funcionario,República Dominicana,hombre,"['merengue', 'salsa', 'wilfrido vargas', 'dance', 'tropical', 'dominican']",merengue,NM,0,0,0,N,False,True
2083396,Armando Manzanero,Mía,5,456,,2000,2000,A mi amor...Con mi amor,México,hombre,"['bolero', 'armando manzanero', 'boleros', 'pop', 'world', 'latin pop']",bolero,M,0,1,0,Y,True,False
2084173,Willie Colón & Rubén Blades,Homenaje a Héctor Lavoe,9,732,,1950,1950,Tras la Tormenta,Estados Unidos,hombre,"['salsa', 'fania', 'world music', 'colaboracion', 'hermanos lebron', 'merengue', 'bolero', 'boogaloo', 'global jazz', 'jazz', 'latin jazz', 'latin soul', 'música tropical', 'new york salsa', 'pop', 'puerto rican traditions', 'son cubano', 'tropical']",salsa,NM,,,,,True,False
2084933,Los betos,Por Jugar Al Amor,8,1541,,1985,1980,30 Grandes Éxitos,Colombia,grupo,"['vallenato', 'ranchera', 'better than los hermanos matar', 'que tiemblen los beatles']",vallenato,NM,,,,,True,False
2085307,Ray Barretto,Indestructible,5,1328,,2005,2000,Indestructible,Estados Unidos,hombre,"['salsa', 'latin jazz', 'jazz', 'boogaloo', 'percussion', 'chill906', 'ray barretto', 'world', 'afro-cuban jazz', 'jazz fusion', 'pachanga', 'salsa dura', 'son cubano']",salsa,NM,0,0,0,N,False,True
2086305,Las Jilguerillas,El novillo despuntado,4,600,,2003,2000,Mis 30 mejores canciones,México,grupo,"['acoustic', 'world', 'harmonies', 'ethnic']",acoustic,M,1,0,1,Y,True,False
2086414,Little Pepe,Que no te enteras,13,2314,,2011,2010,De Málaga Hacia El Mundo,España,hombre,"['reggae', 'dancehall', 'ragga', 'roots reggae', 'spanish reggae', 'raasnap', 'jahsta', 'pinnacle rockers']",reggae,M,1,1,1,Y,True,False
2087828,Bertin Osborne,Caballero de verdad,10,1614,,2000,2000,Mayor de edad,España,hombre,"['espana', 'navidul', 'grupo1', 'madrid']",espana,NM,,,,,True,False
2088896,Camarón De La Isla (Ft. Paco de Lucía),Tu Cariño Es Mi Castigo (Bulerías),4,350,,1950,1950,Arte y Majestad,España,hombre,"['flamenco', 'nuevo flamenco', 'cante']",flamenco,NM,,,,,True,False
2089355,Victimas Del Doctor Cerebro,El Esqueleto,7,1040,,2008,2000,Víctimas del Doctor Cerebro,México,grupo,"['rock', 'rock en espanol', 'alternative', 'ska', 'rock mexicano', 'mexican rock', 'rock en español', 'zeroplays', 'latin rock', 'latin ska']",rock,NM,,,,,True,False
2090251,Bertin Osborne,Algo contigo,6,728,,2002,2000,Mis recuerdos,España,hombre,"['espana', 'navidul', 'grupo1', 'madrid']",espana,M,0,1,0,N,True,False
2090751,Willie Gonzalez,Hazme olvidarla,5,2009,,2012,2010,El Original y Unico,Puerto Rico,hombre,"['salsa', 'willie gonzalez', 'salsa romantica', 'moje standards', 'kto nie tanczy ten z policji', 'artist - willie gonzalez', 'love songs']",salsa,NM,,,,,True,False
2091714,Bustamante,Me muero sin tu amor (oso zo),8,1329,,2008,2000,Canciones inéditas,España,hombre,"['pop', 'operacion triunfo', 'latin pop', 'need to rate', 'david bustamante']",pop,NM,,,,,True,False
2092595,Rocío Jurado,Canción de fuego fatuo,2,416,,2004,2000,Señora (La antología completa de sus grandes canciones),España,mujer,"['pop', 'flamenco', 'copla', 'female vocalist', 'world', 'oldies']",pop,NM,,,,,True,False
2093705,Miguel Bosé,Manos vacías (con Rafa Sánchez),7,1129,,1956,1950,Papito,España,hombre,"['pop', 'latin pop', 'balada', 'ballad', 'latin ballad', 'nuno']",pop,NM,,,,,True,False
2094044,Agustín Lara,Solamente una vez,4,337,,2005,2000,Historia De Un Amor,México,hombre,"['bolero', 'agustin lara', 'mexican bolero', 'latino-americain', 'veracruz', 'a-lara', 'latino americain', 'world', 'songwriter', 'ranchera', 'mexican composer']",bolero,NM,0,0,0,N,False,True
2094694,Antonio Aguilar,Cuatro milpas,6,721,,1965,1960,Antonio Aguilar Con Tambora,México,hombre,"['ranchera', 'mariachi', 'antonio aguilar', 'chill906', 'rancheras', 'banda', 'corrido']",ranchera,NM,,,,,True,False
2096895,Bertin Osborne,Eterna melodía (eterna malattia),8,1357,,2000,2000,Festival di Sanremo 1983,España,hombre,"['espana', 'navidul', 'grupo1', 'madrid']",espana,NM,0,0,0,N,False,True
2096992,Juana Molina,Las edades,4,479,28/10/13,2013,2010,Wed 21,Argentina,mujer,"['folk', 'folktronica', 'experimental', 'electronic', 'indie', 'electronica', 'experimental folk', 'experimental pop', 'experimental rock', 'indie pop', 'ambient pop', 'freak folk']",folk,NM,0,0,0,N,False,True
2097043,Antony Santos,La Parcela,8,1491,01/09/92,1992,1990,La Chupadera,República Dominicana,hombre,"['bachata', 'merengue', 'caribbean', 'antony santos', 'bolero', 'samba']",bachata,NM,,,,,True,False
2097997,Mario Quintero,Nomas contigo,5,716,,2022,2020,Historia Musical,México,hombre,['norteño'],norteño,NM,,,,,True,False
2099236,Bustamante,La locura del amor,12,1391,,2008,2000,Al filo de la irrealidad,España,hombre,"['pop', 'operacion triunfo', 'latin pop', 'need to rate', 'david bustamante']",pop,NM,,,,,True,False
2099564,Beny Moré,Cómo Fué,3,556,,2018,2010,Lo Mejor De Beny Moré,Cuba,hombre,"['bolero', 'mambo', 'beny more', 'salsa', 'bmore', 'world', 'latino-americain']",bolero,NM,0,0,0,N,False,True
2099741,Mike laure,La rajita de canela,6,1591,,1939,1930,Cumbia con Mike Laure,México,hombre,"['mike laure', 'jalisco', 'guitar', 'post-punk', 'rock and roll', 'world', 'cumbia', 'cumbia mexicana']",mike laure,M,1,0,0,N,False,True
2100077,Antonio Aguilar,Morenita mia,3,540,,2007,2000,Mi historia,México,hombre,"['ranchera', 'mariachi', 'antonio aguilar', 'chill906', 'rancheras', 'banda', 'corrido']",ranchera,NM,0,0,0,N,False,True
2100210,José Alfredo Jiménez,Media vuelta,3,442,,1960,1960,Mis Corridos...,México,hombre,"['mariachi', 'ranchera', 'jose alfredo jimenez', 'classic', 'chillout', 'chill', 'chillosophy', 'global fusion']",mariachi,M,0,1,1,Y,False,True
2100490,Banda El Recodo de Cruz Lizárraga,Mi Vicio Más Grande,7,1341,,2015,2010,Mi Vicio Más Grande,México,grupo,"['world music', 'banda', 'regional mexican', 'banda sinaloense', 'regional mexicano']",world music,NM,0,0,0,N,False,True
2102054,Graciela Beltran,El bato gacho,4,317,,2008,2000,Una reina en Hollywood,México,mujer,"['banda', 'pop', 'musica mexicana', 'guanajuato', 'regional mexican', 'sonora', 'mexican female vocalists', 'grupo laberinto']",banda,NM,,,,,True,False
2111957,José José,Desesperado - versión ranchero,9,1092,,2010,2010,José José ranchero,México,hombre,"['bolero', 'jose jose', 'baladas', 'balada', 'el principe', 'latin pop']",bolero,NM,0,0,0,N,False,True
2114269,Bustamante,Gitanas - tv version,11,1813,,2025,2020,ときはなて!,España,hombre,"['pop', 'operacion triunfo', 'latin pop', 'need to rate', 'david bustamante']",pop,NM,,,,,True,False
2118065,La Arrolladora Banda El Limón De René Camacho,Confesión,4,1889,15/12/14,2014,2010,Ojos En Blanco,México,grupo,"['arrolladora', 'arrolladora limon', 'banda el limon', 'banda sinaloense', 'la arrolladora', 'limon', 'regional mexicano']",arrolladora,M,1,1,0,N,True,False
211822,Romeo Santos,Propuesta Indecente,10,1831,30/07/13,2013,2010,"Fórmula, Vol. 2",Estados Unidos,hombre,"['bachata', 'pop', 'latin pop', 'rnb', 'american', 'aventura', 'r&b']",bachata,M,1,1,0,Y,True,False
2118328,Banda MS de Sergio Lizárraga,El Pelo Chino,6,907,,2013,2010,10° Aniversario,México,grupo,"['banda', 'banda music', 'banda ms', 'norteno', 'musica mexicana', 'banda sinaloense', 'latin pop', 'regional mexicano']",banda,NM,,,,,True,False
2118389,Nicolás Mayorca,Mi canción,10,2401,18/06/13,2013,2010,3 A.M. (Deluxe),Colombia,hombre,['latin pop'],latin pop,M,0,0,1,Y,True,False
211993,Zoé,Nada,8,1158,14/11/08,2008,2000,Reptilectric,México,grupo,"['rock', 'indie', 'alternative rock', 'alternative', 'indie rock', 'rock en espanol', 'rock en español', 'latin rock', 'leon larregui', 'neo-psychedelia', 'zoé']",rock,NM,,,,,True,False
2120051,Bertin Osborne,Abr‡zame (Abr‡zame Amor),6,644,,2022,2020,OBG,España,hombre,"['espana', 'navidul', 'grupo1', 'madrid']",espana,NM,,,,,True,False
2120254,Banda MS de Sergio Lizárraga,El Patrón,8,904,,2015,2010,Amor Enfermo,México,grupo,"['banda', 'banda music', 'banda ms', 'norteno', 'musica mexicana', 'banda sinaloense', 'latin pop', 'regional mexicano']",banda,M,0,1,1,Y,True,False
2121030,Banda MS de Sergio Lizárraga,Mi Razón de Ser,3,1120,,2012,2010,Mi Razón De Ser,México,grupo,"['banda', 'banda music', 'banda ms', 'norteno', 'musica mexicana', 'banda sinaloense', 'latin pop', 'regional mexicano']",banda,NM,,,,,True,False
2121212,Los Inquietos del Norte,Chingo a su madre el buey,5,846,,2012,2010,Las puertas del infierno,Estados Unidos,grupo,"['1', '6', '4', 'mexicano', 'los chi chingones', 'la borrachierra', 'chingones', 'norteño', 'norteño-sax', 'regional mexicano']",1,M,0,0,1,Y,False,True
2121410,Bustamante,Abrzame muy fuerte,9,1318,,2021,2020,Veinte años y un destino,España,hombre,"['pop', 'operacion triunfo', 'latin pop', 'need to rate', 'david bustamante']",pop,NM,,,,,True,False
2124347,Larry hernndez,El baleado,5,1005,,2009,2000,16 narco corridos,Estados Unidos,hombre,"['regional mexicano', 'jazz', 'jazz fusion', 'post-bop', 'free jazz']",regional mexicano,NM,0,0,0,N,False,True
2126095,Dani flaco,Corazón en bancarrota,9,1194,,2010,2010,Secretos de sumario,España,hombre,"['rock', 'catalan', 'barcelona', 'rock marginal', 'cancion de autor']",rock,M,1,0,1,Y,True,False
2127684,Banda MS de Sergio Lizárraga,Me Gusta Tu Vieja,5,1034,,2015,2010,No Me Pidas Perdón,México,grupo,"['banda', 'banda music', 'banda ms', 'norteno', 'musica mexicana', 'banda sinaloense', 'latin pop', 'regional mexicano']",banda,M,0,1,1,Y,False,True
2128053,Zacarías Ferreira,Te dejo libre,5,505,,2009,2000,Te Dejo Libre,República Dominicana,hombre,"['bachata', 'batata']",bachata,NM,,,,,True,False
2128245,La Arrolladora Banda El Limón De René Camacho,Los puritos huesos,6,865,,2019,2010,Lo esencial de La Arrolladora Banda El Limón,México,grupo,"['arrolladora', 'arrolladora limon', 'banda el limon', 'banda sinaloense', 'la arrolladora', 'limon', 'regional mexicano']",arrolladora,NM,,,,,True,False
2128762,Beto quintanilla el mero leon del corrido,Las cuatro camionetas,3,428,,2004,2000,Los ángeles van al cielo,México,hombre,"['corridos', 'narcocorridos']",corridos,NM,0,0,0,N,False,True
215876,Elphomega,Fuego Camina Conmigo,8,4563,17/04/07,2007,2000,El testimonio libra,España,hombre,"['rap', 'hip hop', 'hip-hop', 'underground hip-hop', 'underground hip hop', 'experimental hip hop', 'abstract hip hop', 'spanish hip hop', 'underground', 'experimental']",rap,NM,,,,,True,False
2177196,Banda MS de Sergio Lizárraga,Háblame de Ti,3,1378,,2015,2010,No Me Pidas Perdón,México,grupo,"['banda', 'banda music', 'banda ms', 'norteno', 'musica mexicana', 'banda sinaloense', 'latin pop', 'regional mexicano']",banda,NM,,,,,True,False
2177890,Cali y El Dandee,No Hay 2 Sin 3 (Gol),12,2844,10/05/12,2012,2010,3:00 a.m.,Colombia,grupo,"['pop', 'male vocalist', 'reggaeton', 'electronic', 'cali', 'spanish hip-hop', 'latin pop', 'latin urban']",pop,NM,,,,,True,False
2179515,Cali y El Dandee,No Digas Nada,7,1501,12/07/12,2012,2010,3:00 a.m.,Colombia,grupo,"['pop', 'male vocalist', 'reggaeton', 'electronic', 'cali', 'spanish hip-hop', 'latin pop', 'latin urban']",pop,NM,,,,,True,False
2179907,Plan B,Si No Le Contesto,7,2384,18/05/10,2010,2010,House of Pleasure,Puerto Rico,grupo,"['hip-hop', 'british', 'grime', 'rap', 'hip hop', 'soul', 'reggaeton', 'pop', 'uk hip-hop', 'latin urban', 'sex music', 'story of my life', 'stop calling me', 'sizzle', 'slow music', 'si no le contesto', 'pure catnip', 'crunk metal']",hip-hop,M,1,0,1,Y,True,False
2181831,Cali y El Dandee,Te Necesito,9,2124,11/07/12,2012,2010,3:00 a.m.,Colombia,grupo,"['pop', 'male vocalist', 'reggaeton', 'electronic', 'cali', 'spanish hip-hop', 'latin pop', 'latin urban']",pop,NM,,,,,True,False
2183332,Tito Y Su Torbellino,No Eres Tu Soy Yo,6,1457,,2013,2010,Corridos underground,Estados Unidos,hombre,"['corridos', 'narcocorridos', 'banda sinaloense', 'regional mexicano', 'sierreño']",corridos,M,1,0,1,Y,True,False
2183340,Chalino Sánchez,Baraja De Oro,5,1013,24/08/93,1993,1990,Con La Banda Santa Cruz,México,hombre,"['corridos', 'based', 'corrido', 'narcocorrido', '_private tag 1', 'death by murder', 'regional mexicano']",corridos,M,1,0,1,Y,True,False
2183848,Miguel Bosé & Laura Pausini,Te Amaré,7,995,,1974,1970,Papito,España,mujer,"['pop', 'folk', 'italian', 'duets', 'ballad', 'chanson', 'europop', 'italian pop', 'latin pop', 'simon and']",pop,NM,,,,,True,False
2189486,Cornelio Reyna,Me Caiste Del Cielo,5,909,,2001,2000,El Bohemio De La Canción Ranchera,México,hombre,"['ranchera', 'cornelio reyna', 'tu traicion', 'norteño', 'ayojitos', 'world music', 'regional mexicano']",ranchera,NM,,,,,True,False
2195055,Los Cachorros de Juan Villarreal,Regalo Caro,12,897,,2006,2000,"Puro cuate!, volumen 3",México,grupo,"['sierreño', 'regional mexicano']",sierreño,M,0,1,0,N,True,False
2195066,Miguel Y Miguel,Dos Botellas De Mezcal,8,934,,2006,2000,Quédate conmigo,México,grupo,"['sierrena', 'de la sierra', 'miguel y miguel', 'regional mexicana', 'requinto', 'banda sinaloense', 'regional mexicano']",sierrena,NM,,,,,True,False
2203804,Hijos De Barrón,El Chapo Barrial,6,1046,,2020,2020,En vivo desde Sinaloa,México,grupo,"['regional mexicano', 'banda sinaloense', 'campirano', 'campirano-banda']",regional mexicano,NM,0,0,0,N,False,True
2206379,Tony Dize,Finge Que Me Amas,22,2436,,2015,2010,"La Melodía de la Calle, 3rd Season",Puerto Rico,hombre,"['reggaeton', 'tony dize', 'my reggaeton1', 'latin pop', 'wy records', 'latin urban']",reggaeton,M,1,0,0,N,False,True
2207578,Hombres G,Depende de ti,6,1288,31/03/15,2015,2010,30 años y un día,España,grupo,"['rock', 'rock en espanol', 'pop', 'spanish rock', 'rock en español', 'pop rock', 'spanish pop']",rock,NM,0,0,0,N,False,True
2209344,Jorge Negrete,Allá en el Rancho Grande,5,618,,2013,2010,Yo Soy Mexicano,México,hombre,"['ranchera', 'mariachi', 'jorge negrete', 'mexicano', 'world']",ranchera,M,1,0,0,Y,True,False
220949,Arcángel,Hace Mucho Tiempo,7,1996,21/06/13,2013,2010,"Sentimiento, Elegancia & Maldad",Puerto Rico,hombre,"['flamenco', 'contemporary flamenco', 'reggaeton', 'nuevo flamenco', 'trap', 'cantaor', 'latin urban', 'trap latino']",flamenco,NM,0,0,0,N,False,True
2210273,Merengue latin band,El Za Za Za (La Mesa Que Mas Aplauda),12,2785,,2011,2010,Merengue Latino 100 Hits,República Dominicana,grupo,['merengue'],merengue,NM,,,,,True,False
2216087,Grupo Montéz De Durango,Lágrimas De Cristal,8,905,,2006,2000,De Durango a Chicago,México,grupo,"['duranguense', 'banda', 'montez', 'grupo montez de durango', 'tintemp']",duranguense,NM,,,,,True,False
2217025,Bustamante,Al Filo De La Irrealidad,5,735,,2021,2020,Veinte años y un destino,España,hombre,"['pop', 'operacion triunfo', 'latin pop', 'need to rate', 'david bustamante']",pop,NM,,,,,True,False
2217634,Oro Sólido,La Tanga,17,2126,,1996,1990,Internacional,Estados Unidos,grupo,"['merengue', 'latino caribbean', 'dominican']",merengue,M,1,0,0,N,False,True
2217805,Pochi Y Su Cocoband,Salsa Con Coco,16,2091,,1992,1990,El arrollador,República Dominicana,grupo,['merengue'],merengue,M,1,0,0,N,True,False
2217849,Enigma Norteño,Diferentes Niveles,6,1154,,2013,2010,Diferentes Niveles,México,grupo,"['corridos', 'corrido', 'amor de cuatro paredes', 'el ondeado', 'norteño', 'regional mexicano']",corridos,NM,,,,,True,False
2218878,Violadores del Verso,Presente,3,4471,,1998,1990,Gira 06/07 - Presente,España,grupo,"['hip-hop', 'rap', 'spanish hip-hop', 'hip hop', 'spanish rap', 'zaragoza', 'doble v', 'violadores del verso', 'rap solo']",hip-hop,M,0,0,1,N,True,False
2218969,Mecano,Por la cara,7,888,,1981,1980,Descanso Dominical,España,grupo,"['pop', 'spanish pop', 'post-punk', 'new wave', 'mecano', 'synthpop']",pop,M,1,0,0,N,True,False
2219122,Los Dareyes De La Sierra,La Mas Bonita De Todas,7,798,,2019,2010,Lo Más Escuchado De,Estados Unidos,grupo,"['el 24', 'vida mafioso', 'corridos', 'banda', 'q t entregues hoy', 'sierreno', 'norteño', 'regional mexicano']",el 24,NM,,,,,True,False
2221818,Banda MS de Sergio Lizárraga,La Suata,6,1206,,2003,2000,"La Suata / Cahuates, Pistaches",México,grupo,"['banda', 'banda music', 'banda ms', 'norteno', 'musica mexicana', 'banda sinaloense', 'latin pop', 'regional mexicano']",banda,M,1,1,1,Y,True,False
2224748,Texas Tornados,La Múcura,9,1407,,1989,1980,Zone of Our Own,Estados Unidos,grupo,"['tex-mex', 'country', 'tejano', 'alt-country', 'texas', 'country rock', 'latin rock', 'conjunto']",tex-mex,NM,,,,,True,False
2225488,El Boy C (Ft. Farruko),Nadie Tiene Que Saber,9,3634,28/07/14,2014,2010,Nadie Tiene Que Saber,Puerto Rico,hombre,"['reggaeton', 'latin urban', 'trap latino']",reggaeton,M,1,0,0,Y,True,False
2225593,Secreto El Famoso Biberón,Papa Dios Me Dijo,7,2530,,1987,1980,"Éxitos, Vol. 1",República Dominicana,hombre,"['reggaeton', 'latin urban']",reggaeton,NM,,,,,True,False
2225713,Melendi,Trae Pa' K Esa Yerba Güena,5,1514,,1979,1970,Sin noticias de Holanda,España,hombre,"['pop', 'flamenco', 'new flamenco', 'rumba', 'melendi', 'rock']",pop,M,1,0,1,N,True,False
2225790,Santiago Cruz,Cuando Regreses,5,1091,22/07/09,2009,2000,Cruce de Caminos,Colombia,hombre,"['pop', 'singer-songwriters', 'pop rock', 'latin pop']",pop,NM,,,,,True,False
2226892,*NSYNC,Yo Te Voy A Amar,8,1255,19/09/00,2000,2000,Greatest Hits (Japanese Edition),Estados Unidos,grupo,"['pop', 'boybands', 'dance', 'boy band', 'american', 'teen pop', 'boyband', 'dance-pop', '1990s', '2000s', 'blue-eyed soul', 'pop soul', 'r&b']",pop,NM,,,,,True,False
2226996,Gerardo Ortiz,¿Por Qué Terminamos?,5,1086,,2015,2010,Hoy Más Fuerte,Estados Unidos,hombre,"['gerardo ortiz', 'en preparacion', 'corridos', 'el trocko', 'narco corridos', 'narco corrido', 'world music', 'regional mexicano', 'banda', 'corrido', 'mariachi', 'narcocorrido', 'ranchera']",gerardo ortiz,NM,,,,,True,False
2227636,Shaila Dúrcal,Tanto Amor (Versión Pop 2012),7,959,,2008,2000,Así,España,mujer,"['pop', 'sexy', 'latin pop', 'mariachi', 'shaila durcal']",pop,NM,,,,,True,False
2229454,La dinastia de tuzantla mich,El Caminante,5,748,,1986,1980,La Maxima Emocion,México,grupo,"['norteño', 'regional mexicano', 'son calentano', 'technobanda']",norteño,NM,,,,,True,False
2233597,Lapiz Conciente,Pin Pun,8,3453,01/04/15,2015,2010,Romántico,República Dominicana,hombre,"['rap', 'dominican', 'hip-hop', 'hip hop latino', 'latin hip hop', 'trap latino', 'rap dominicano']",rap,M,1,0,0,N,True,False
2234550,Pedro Vargas,Aquel Amor,4,339,,2000,2000,Pedro Vargas: 40 Temas Originales,México,hombre,"['bolero', 'ranchera', 'pedro vargas', 'world', 'latino americain', 'actor', 'crooner', 'regional mexicano', 'tenor']",bolero,NM,,,,,True,False
2241407,Maki (ESP) (Ft. Davinia Flores),Más Que Palabras,5,1681,01/05/06,2006,2000,Di Xq Te Vas,España,hombre,['hip hop'],hip hop,NM,,,,,True,False
2242362,Juan Gabriel,Ya Lo Pasado Pasado,5,658,,1990,1990,Juan Gabriel en el Palacio de Bellas Artes,México,hombre,"['juan gabriel', 'mariachi', 'ranchera', 'pop', 'latin pop', 'pepe aguilar']",juan gabriel,NM,,,,,True,False
2242458,Vaquero's Musical,El Ranchero Chido,5,802,,2011,2010,Puros temas tradicionales,México,grupo,"['banda sinaloense', 'regional mexicano', 'banda']",banda sinaloense,NM,,,,,True,False
2242618,Banda lamento show de durango,Mil Cartas,6,729,,2008,2000,Mitad / mitad,República Dominicana,hombre,"['duranguense', 'banda', 'all exitos', 'bachata', 'bolero', 'merengue']",duranguense,NM,,,,,True,False
224335,Willie Colón & Rubén Blades,Pedro Navaja,6,3296,23/10/78,1978,1970,Siembra,Estados Unidos,hombre,"['salsa', 'fania', 'world music', 'colaboracion', 'hermanos lebron', 'merengue', 'bolero', 'boogaloo', 'global jazz', 'jazz', 'latin jazz', 'latin soul', 'música tropical', 'new york salsa', 'pop', 'puerto rican traditions', 'son cubano', 'tropical']",salsa,NM,,,,,True,False
2244456,"Milly Quezada,Los Vecinos",Entre Tu Cuerpo y el Mio,4,593,,1995,1990,"Tropical Salsa: Hot Hits, Volume 2",República Dominicana,mujer,"['merengue', 'salsa', 'tropical', 'dominican', 'singer-songwriters', 'dance']",merengue,NM,,,,,True,False
2244649,Bustamante,Feliz,8,1222,,2021,2020,Veinte años y un destino,España,hombre,"['pop', 'operacion triunfo', 'latin pop', 'need to rate', 'david bustamante']",pop,NM,,,,,True,False
2244697,Voz de Mando,Levantando Polvadera,6,924,24/11/14,2014,2010,Levantando Polvadera,México,grupo,"['narco corrido', 'main', 'norteno', 'musica mexicana', 'corridos', 'el 6', 'corrido', 'sierreno']",narco corrido,M,0,1,0,Y,True,False
2244725,Cali y El Dandee,Te Necesito (Déjà Vu),7,2235,,2014,2010,Cali Y El Dandee: Favoritas,Colombia,grupo,"['pop', 'male vocalist', 'reggaeton', 'electronic', 'cali', 'spanish hip-hop', 'latin pop', 'latin urban']",pop,NM,,,,,True,False
2244813,Willie Colón & Rubén Blades,Talento De Televisión,10,2920,,1950,1950,Tras la Tormenta,Estados Unidos,hombre,"['salsa', 'fania', 'world music', 'colaboracion', 'hermanos lebron', 'merengue', 'bolero', 'boogaloo', 'global jazz', 'jazz', 'latin jazz', 'latin soul', 'música tropical', 'new york salsa', 'pop', 'puerto rican traditions', 'son cubano', 'tropical']",salsa,M,1,0,1,Y,False,True
2245689,Los Cadetes De Linares,La Negra Cruz,5,762,,1978,1970,El hijo del palenque,México,grupo,"['norteño', 'ranchera', 'el regon', 'puro ranchero', 'desprecio', 'los cadetes de linares', 'ranchogr', 'los cadetes']",norteño,M,0,0,1,Y,True,False
2246582,Paco barrón y sus norteños clan,Popurri de Juan Gabriel,10,1709,,2000,2000,Norteñas de Media Noche,España,grupo,"['cumbia', 'flamenco', 'flamenco jazz', 'flamenco nuevo', 'jazz', 'latin jazz', 'modern classical', 'spanish guitar', 'spanish classical music', 'server name']",cumbia,NM,,,,,True,False
2247051,Ramón Ayala y Sus Bravos Del Norte,Tengo Miedo,4,880,,1990,1990,Lo Mejor De Los Relámpagos,México,grupo,['norteno'],norteno,NM,0,0,0,N,False,True
2248139,Grupo Límite,Ya No Insistas,9,1046,,1995,1990,Partiéndome El Alma,México,grupo,"['grupo limite', 'grupera']",grupo limite,NM,0,0,0,N,False,True
2250284,PXXR GVNG,Cigala,7,2804,10/07/15,2015,2010,Los Pobres,España,grupo,"['trap', 'hip hop', 'electronic', 'barcelona', 'mierda', 'meme music', 'buena musica']",trap,M,1,1,1,Y,False,True
2252384,Yuridia,No Me Preguntes Más,9,1236,28/09/09,2009,2000,Nada Es Color de Rosa,México,mujer,"['pop', 'yuridia', 'latin pop', 'latin american', 'mexican pop', 'banda sinaloense', 'regional mexicano']",pop,NM,,,,,True,False
2257957,Bustamante,Cobarde,11,1870,,2021,2020,Veinte años y un destino,España,hombre,"['pop', 'operacion triunfo', 'latin pop', 'need to rate', 'david bustamante']",pop,NM,,,,,True,False
2258993,Los Temerarios,Una Tarde Fue (2009 Mix),5,933,,1993,1990,Voz y Sentimiento: Sus Más Grandes Canciones De Amor,México,grupo,"['los termerarios', 'los temerarios', 'latin romantic', 'baladas', 'latin pop', 'temerarios', 'dance slow']",los termerarios,NM,,,,,True,False
2259176,Los Player's,La Ultima Copa,3,843,,1994,1990,"Leyendas, Volume I",México,grupo,"['trio', 'bolero', 'mil besos', 'soft rock', 'pop rock', 'aor', 'classic pop and rock']",trio,M,0,0,1,Y,True,False
2259775,Los Alteños De La Sierra,El Corrido Del Chapo,5,706,,2011,2010,Corridos de Miedo,Estados Unidos,grupo,"['sierrena', 'de la sierra', 'los altenos de la sierra', 'requinto', 'norteño', 'regional mexicano']",sierrena,NM,,,,,True,False
2259820,Eydie Gormé & Los Panchos,Desesperadamente,3,352,01/06/64,1964,1960,Cuatro vidas,Estados Unidos,mujer,"['bolero', '2008 universal fire victim', 'ballads', 'jazz', 'pop', 'swing']",bolero,NM,,,,,True,False
2260273,David calzado y su charanga habanera,Apiádate de mí,6,1798,,2008,2000,El Ciclón de La Habana,Cuba,grupo,"['salsa', 'timba', 'salsa cubana', 'david calzado y su charanga habanera']",salsa,M,1,0,0,N,False,True
2260674,Lia Crucet,La Güera Salomé,8,1492,,2007,2000,Sin triki triki no hay bang bang y otros polvitos más,Argentina,mujer,"['pop', 'cumbia', 'cumbia argentina']",pop,NM,,,,,True,False
2261174,Bustamante,Me Moría Por Ella - Versión Balada,10,1375,,2010,2010,A contracorriente,España,hombre,"['pop', 'operacion triunfo', 'latin pop', 'need to rate', 'david bustamante']",pop,NM,,,,,True,False
2264220,Yung Beef & Steve Lean,Ready Pa Morir,5,1800,24/07/15,2015,2010,A.D.R.O.M.I.C.F.M.S 2,España,hombre,"['trap', 'reggaeton', 'rap', 'cloud rap', 'spanish trap', 'hip-hop', 'g o a t', 'hip hop', 'trap latino']",trap,M,1,0,1,Y,True,False
2268376,Maluma,Borró Cassette,12,2767,29/06/15,2015,2010,"Pretty Boy, Dirty Boy",Colombia,hombre,"['reggaeton', 'pop', 'sexy', 'latin pop', 'hot', 'brutal death metal', 'latin urban', 'trap latino', 'english', 'pop rock', 'trap music', 'urbano', 'urbano latino', 'urbano music']",reggaeton,M,1,1,0,Y,True,False
2270807,Yung Beef & Steve Lean,Beef Boy,8,2696,05/08/15,2015,2010,A.D.R.O.M.I.C.F.M.S 2,España,hombre,"['trap', 'reggaeton', 'rap', 'cloud rap', 'spanish trap', 'hip-hop', 'g o a t', 'hip hop', 'trap latino']",trap,M,1,0,1,Y,False,True
2273339,PXXR GVNG,Burgundy,7,1439,04/11/14,2014,2010,Inéditos,España,grupo,"['trap', 'hip hop', 'electronic', 'barcelona', 'mierda', 'meme music', 'buena musica']",trap,M,1,0,1,Y,True,False
2280543,Gepe,Punto Final,10,2432,10/08/15,2015,2010,Estilo Libre,Chile,hombre,"['folk', 'indie', 'indie folk', 'acoustic', 'pop', 'chileno', 'electropop']",folk,NM,,,,,True,False
2282527,J Balvin,Ginza,9,2186,17/07/15,2015,2010,Energía,Colombia,hombre,"['reggaeton', 'pop', 'latin pop', 'hot', 'dancehall', 'trap', 'hip hop']",reggaeton,M,1,0,0,Y,True,False
2300490,Kinder Malo (Ft. Cecilio G.),Cuál Es el Tabaco Más Caro Que Hay,4,1984,28/06/15,2015,2010,Cuál Es el Tabaco Más Caro Que Hay,España,hombre,['trap'],trap,M,1,0,1,Y,False,True
231513,Café Tacvba,La Ingrata,10,1884,,1989,1980,Re,México,grupo,"['alternative rock', 'rock', 'rock en espanol', 'rock en español', 'latin rock', 'folk']",alternative rock,M,0,1,1,Y,True,False
2319799,C. Tangana,C.H.I.T.O.,5,1744,30/09/15,2015,2010,oct-15,España,hombre,"['rap', 'hip-hop', 'rnb', 'hip hop', 'flamenco pop', 'trap', 'pop rap']",rap,M,1,0,0,Y,False,True
2325249,C. Tangana,Nada,4,1602,05/10/15,2015,2010,oct-15,España,hombre,"['rap', 'hip-hop', 'rnb', 'hip hop', 'flamenco pop', 'trap', 'pop rap']",rap,M,0,0,1,N,True,False
2330474,PXXR GVNG & Takers,Nike Tiburon,7,3050,31/08/15,2015,2010,Vuelven Los Mejores,España,grupo,"['trap', 'hip hop', 'electronic', 'barcelona', 'mierda', 'meme music', 'buena musica']",trap,M,1,0,1,Y,False,True
2331219,C. Tangana,Bolsas,5,1988,15/10/15,2015,2010,oct-15,España,hombre,"['rap', 'hip-hop', 'rnb', 'hip hop', 'flamenco pop', 'trap', 'pop rap']",rap,M,1,0,1,Y,True,False
2336690,"Luny Tunes (Ft. Daddy Yankee, Don Omar, Wisin & Yandel)",Mayor Que Yo 3,12,4779,23/10/15,2015,2010,Mas Flow 3 (The Last Album),Puerto Rico,hombre,"['reggaeton', 'latin urban', 'hip hop', 'latin pop', 'reggae', 'dance', 'electronic', 'englisch', 'english', 'hip hop rnb and dance hall', 'rap']",reggaeton,M,1,1,1,Y,True,False
2344482,PXXR GVNG,Tu Coño Es Mi Droga,6,2900,16/06/15,2015,2010,Los Pobres,España,grupo,"['trap', 'hip hop', 'electronic', 'barcelona', 'mierda', 'meme music', 'buena musica']",trap,M,1,0,0,N,False,True
2347088,PXXR GVNG,Perdóname Dios,8,2616,28/08/15,2015,2010,Los Pobres,España,grupo,"['trap', 'hip hop', 'electronic', 'barcelona', 'mierda', 'meme music', 'buena musica']",trap,M,0,0,1,Y,True,False
235175,Juan Luis Guerra,El Costo De La Vida,10,1836,,2023,2020,Areíto,República Dominicana,grupo,"['merengue', 'bachata', 'salsa', 'dominican', 'tropical', 'guitar', 'dance', 'latin pop']",merengue,NM,,,,,True,False
2360129,PXXR GVNG,La Familia,7,1815,28/08/15,2015,2010,Los Pobres,España,grupo,"['trap', 'hip hop', 'electronic', 'barcelona', 'mierda', 'meme music', 'buena musica']",trap,M,1,1,1,Y,True,False
2370775,Nelly Furtado (Ft. Josh Groban),Silencio,9,923,11/09/09,2009,2000,Mi Plan,Canadá,mujer,"['pop', 'folk', 'alternative rock', 'canadian', 'eurodance', 'female vocals', 'indie rock', 'soft rock', 'rock', 'hip hop', 'pop and chart', 'hip hop rnb and dance hall', 'r&b', '2008 universal fire victim']",pop,NM,,,,,True,False
2376880,C. Tangana,Drama,8,2872,28/10/15,2015,2010,oct-15,España,hombre,"['rap', 'hip-hop', 'rnb', 'hip hop', 'flamenco pop', 'trap', 'pop rap']",rap,M,1,1,0,Y,True,False
2381531,Kidd Keo,Relax,6,1825,22/11/15,2015,2010,Relax,España,hombre,"['trap', 'rap', 'drill', 'alicante', 'spanish trap']",trap,M,1,0,1,Y,False,True
2382660,PXXR GVNG,Perros Callejeros,4,1585,07/07/15,2015,2010,Inéditos,Uruguay,grupo,"['trap', 'hip hop', 'electronic', 'barcelona', 'mierda', 'meme music', 'buena musica']",trap,M,1,1,1,Y,True,False
2390849,Jesse & Joy,No soy una de esas,10,1924,30/11/15,2015,2010,Un Besito Más,México,grupo,"['pop', 'latin pop', 'pop rock', 'rock', 'pop en espanol', 'ballad']",pop,M,1,1,0,N,True,False
2390868,Jesse & Joy (Ft. Juan Luis Guerra),Un besito más,6,827,11/07/17,2017,2010,Un Besito Más,México,grupo,"['electro', 'electronic', 'finnish', 'synthpop', 'punk rock', 'frankie stubbs', 'punk', 'eurosonic 2010', 'finnish artist', 'electrodance', 'pop', 'ballad', 'latin pop', 'bluegrass']",electro,NM,0,0,0,N,False,True
2396987,Yung Beef,El Papasito Bars,7,2456,20/12/15,2015,2010,Grandes Clasicos,España,hombre,"['trap', 'reggaeton', 'rap', 'cloud rap', 'spanish trap', 'hip-hop', 'g o a t', 'hip hop']",trap,M,1,0,1,Y,False,True
2398970,Prince Royce,Culpa al Corazón,7,1209,13/11/15,2015,2010,FIVE,Estados Unidos,hombre,"['bachata', 'latin music', 'prince royce', 'pop', 'latin pop', 'new york', 'mio']",bachata,NM,0,0,0,N,False,True
2404330,Kidd Keo,DIRTY,5,2557,03/01/16,2016,2010,FEAR THE WALKING TAPE,España,hombre,"['trap', 'rap', 'drill', 'alicante', 'spanish trap']",trap,M,1,0,1,Y,True,False
2412312,Agorazein,100k Pasos,8,2032,19/01/16,2016,2010,Siempre,España,grupo,"['rap', 'hip hop', 'hip-hop', 'underground rap', 'underground', 'underground hip-hop', 'underground hip hop', 'spanish rap', 'madrid']",rap,NM,,,,,True,False
2414537,CNCO,Tan Fácil,11,2147,28/01/16,2016,2010,Primera Cita,Estados Unidos,grupo,"['pop', 'reggaeton', 'latin pop', 'boybands', 'boy band', 'teen pop', 'teen', 'dance-pop', 'latin urban', 'pop idol']",pop,NM,,,,,True,False
2414729,"Pepe Quintana (Ft. Almighty, Anuel AA, Bryant Myers, Farruko & Tempo)",Ella y Yo,11,4965,27/01/16,2016,2010,Ella y yo,Puerto Rico,hombre,['latin urban'],latin urban,M,1,1,1,Y,True,False
2419547,PXXR GVNG & Takers,No Es Por El Dinero,8,4378,21/12/15,2015,2010,Los Pobres,España,grupo,"['trap', 'hip hop', 'electronic', 'barcelona', 'mierda', 'meme music', 'buena musica']",trap,M,1,0,1,Y,True,False
2425609,"DJ Luian, Mambo Kingz & De La Ghetto (Ft. Anuel AA, Arcángel & Ozuna)",La Ocasión,10,4569,10/02/16,2016,2010,sencillo,Puerto Rico,hombre,"['reggaeton', 'latin urban', 'trap latino']",reggaeton,M,1,0,0,N,True,False
2442668,"Neftali (Ft. Alex Carter, Bryant Myers & Nio García)",#Adicta,9,3952,13/02/16,2016,2010,"Los #1 del reggaeton, vol. 3",Puerto Rico,hombre,"['latin urban', 'reggaeton', 'trap latino', 'soundtrack', 'american']",latin urban,M,1,1,1,Y,True,False
2443772,Yung Beef,Lil Romeo,6,2172,14/01/16,2016,2010,Grandes Clasicos,España,hombre,"['trap', 'reggaeton', 'rap', 'cloud rap', 'spanish trap', 'hip-hop', 'g o a t', 'hip hop', 'trap latino']",trap,M,0,1,1,N,True,False
2447355,Kidd Keo,Okay,8,3239,04/04/16,2016,2010,FEAR OF THE WALKING TAPE,España,hombre,"['trap', 'rap', 'drill', 'alicante', 'spanish trap']",trap,M,0,0,1,N,True,False
2447729,Yandel,Encantadora,16,2587,02/10/15,2015,2010,Dangerous,Puerto Rico,hombre,"['reggaeton', 'sexy', 'hot', 'shakira', 'papasote', 'guys i would fuck', 'fuck me']",reggaeton,M,1,0,0,N,True,False
2449318,La Mafia del Amor & El Combo Perfecto,Voulez Vous,7,1346,24/02/15,2015,2010,Voulez Vous Coucher Avec Moi,España,grupo,"['pop', 'hip hop', 'electronic', 'reggaeton', 'mambo', 'trap']",pop,M,1,0,1,Y,True,False
2455264,Enrique Iglesias (Ft. Wisin),DUELE EL CORAZÓN,13,2011,18/04/16,2016,2010,FINAL (Vol.1),España,hombre,"['pop', 'latin pop', 'electropop', 'electro house', 'nepo baby', 'dance', 'ballad', 'dance-pop', 'adult contemporary', 'reggaeton', 'european', 'pop and chart']",pop,M,1,0,1,Y,True,False
2455267,Daddy Yankee,Shaky Shaky,13,3429,08/04/16,2016,2010,Con Calma & Mis Grandes Éxitos,Puerto Rico,hombre,"['reggaeton', 'hip-hop', 'rap', 'daddy yankee', 'hip hop', 'latin urban', 'latin pop', 'reggae', 'dance', 'electronic', 'englisch', 'english', 'hip hop rnb and dance hall']",reggaeton,M,1,0,0,Y,False,True
2456096,"Daddy Yankee (Ft. Alexio, Arcángel, Brytiago, Cosculluela, De La Ghetto, El Micha, Farruko, Gente de Zona, J Balvin, Kafu Banton, Mozart La Para, Nicky Jam, Plan B, Secreto El Famoso Biberón & Zion)",Alerta Roja,1,10507,03/02/16,2016,2010,This Is The Remix,Puerto Rico,hombre,"['reggaeton', 'latin urban', 'hip hop', 'latin pop', 'reggae', 'dance', 'electronic', 'englisch', 'english', 'hip hop rnb and dance hall', 'rap']",reggaeton,M,1,0,0,Y,True,False
2459028,Luciano Pereyra (Ft. Paty Cantú),Enséñame A Vivir Sin Ti,10,1429,07/04/16,2016,2010,Para Olvidar,Argentina,hombre,"['latin pop', 'folk', 'pop']",latin pop,NM,,,,,True,False
2464208,Anuel AA (Ft. Jory Boy),Nacimos Pa Morir,9,3850,08/05/15,2015,2010,Real hasta la muerte: Éxitos,Puerto Rico,hombre,"['reggaeton', 'trap latino']",reggaeton,M,1,0,0,Y,True,False
2465053,Anuel AA,Sola,6,1828,17/04/16,2016,2010,Real hasta la muerte: Éxitos,Puerto Rico,hombre,"['reggaeton', 'trap', 'rap', 'latin trap', 'hip-hop', 'trap latino', 'bellakeo', 'latin urban']",reggaeton,M,1,1,1,Y,True,False
2475721,Lágrimas de Sangre,Voy a Celebrarlo,10,5638,07/04/15,2015,2010,Si Uno No Se Rinde,España,grupo,"['rap', 'hip hop', 'hip-hop', 'catalan', 'spanish hip hop', 'rap underground']",rap,NM,0,0,0,N,False,True
2477679,PXXR GVNG,La Cumbia de Satanás,7,2712,14/04/16,2016,2010,Inéditos,España,grupo,"['trap', 'hip hop', 'electronic', 'barcelona', 'mierda', 'meme music', 'buena musica']",trap,M,1,1,1,Y,False,True
2493853,La Mafia del Amor,Te Fuiste (Last Summer),6,1977,25/05/16,2016,2010,Sé Lo Que Hicisteis el Último Verano Mixtape,España,grupo,"['pop', 'hip hop', 'electronic', 'reggaeton', 'mambo', 'trap']",pop,M,0,1,1,Y,True,False
2494600,J Balvin,Malvada,10,1864,24/06/16,2016,2010,Energía,Colombia,hombre,"['reggaeton', 'pop', 'latin pop', 'hot', 'dancehall', 'trap', 'hip hop']",reggaeton,M,1,0,1,Y,True,False
2494601,"J Balvin (Ft. BIA, Pharrell Williams & Sky Rompiendo)",Safari,12,2878,16/06/16,2016,2010,Energía,Colombia,hombre,"['reggaeton', 'hip hop', 'latin pop', 'pop', 'columbia', 'kolumbien', 'spanisch', 'latin urban', 'rnb']",reggaeton,M,1,0,0,Y,True,False
2499268,Los Tucanes De Tijuana,Panchito El F1,7,1284,12/11/15,2015,2010,Invasión Tucanes,México,grupo,"['ranchera', 'norteño', 'corridos', 'regional mexican', 'mexican folk', 'corrido', 'los tucanes de tijuana', 'rancho']",ranchera,NM,,,,,True,False
2503547,"Bad Bunny (Ft. Brray, Joyce Santana, Álvaro Díaz, Myke Towers & Papi Sousa)",Pa' Que Le De (Remix),15,4764,10/06/16,2016,2010,Pa Que Le De,Puerto Rico,hombre,"['reggaeton', 'trap latino', 'latin trap', 'hip hop', 'pop', 'english', 'latin urban']",reggaeton,M,1,1,0,Y,False,True
2506652,Subverso,Lo Que No Voy A Decir,8,5211,01/01/13,2013,2010,Lo que no voy a decir,Chile,hombre,"['hip-hop', 'rap', 'hiphopoliticombativo', 'hip hop revolucionario', 'trance', 'psytrance', 'psychedelic trance', 'political hip hop', 'political rap']",hip-hop,NM,0,0,0,N,False,True
2531831,Yung Beef,Cocinando Filete,5,1297,25/05/16,2016,2010,Grandes Clasicos,España,hombre,"['trap', 'reggaeton', 'rap', 'cloud rap', 'spanish trap', 'hip-hop', 'g o a t', 'hip hop']",trap,M,1,0,1,N,True,False
254782,Tino el Pingüino,Antihéroe,5,2027,31/05/13,2013,2010,Tu Antihéroe Favorito,México,hombre,"['underground rap', 'rap', 'indie rap', 'hip hop latino', 'rap mexicano', 'mexican rap', 'hip hop']",underground rap,M,1,0,1,N,True,False
2554197,Reik,De Rodillas,8,807,17/06/16,2016,2010,Des/Amor,México,grupo,"['pop', 'latin pop', 'reik', 'pop latino', 'romantica', 'ballad', 'latin ballad', 'pop rock']",pop,NM,,,,,True,False
2681660,Becky G,Sola,12,1767,24/06/16,2016,2010,Sola,Estados Unidos,mujer,"['pop', 'rap', 'hip-hop', 'hip hop', 'american', 'reggaeton', 'latin pop', 'latin urban', 'pop rap', 'contemporary r&b', 'cumbia', 'dance-pop', 'mexican traditions', 'stage & screen', 'teen pop']",pop,M,0,0,1,Y,True,False
2747438,Morat,Mil Tormentas,8,2503,17/06/16,2016,2010,Sobre El Amor Y Sus Efectos Secundarios,Colombia,grupo,"['latin pop', 'folk pop', 'pop', 'amazing', 'death metal', 'colombian pop', 'morat']",latin pop,NM,,,,,True,False
2807611,"Noriel (Ft. Almighty, Bryant Myers, Brytiago & Darkiel)",La Llamada (Remix),13,6041,18/06/16,2016,2010,Trap Capos: Season 1,Puerto Rico,hombre,"['latin urban', 'reggaeton', 'trap', 'trap latino', 'scottish', 'british', 'classic pop and rock']",latin urban,M,1,1,1,Y,True,False
2813047,Kidd Keo,The Lil Kid,8,3969,06/07/16,2016,2010,The Lil Kid,España,hombre,"['trap', 'rap', 'drill', 'alicante', 'spanish trap']",trap,M,1,0,1,Y,True,False
2814756,C. Tangana,Antes de Morirme,7,1959,30/06/16,2016,2010,sencillo,España,hombre,"['rap', 'hip-hop', 'rnb', 'hip hop', 'flamenco pop', 'trap', 'pop rap']",rap,M,1,0,0,N,False,True
2820974,Alejandro Sanz,Deja Que Te Bese,5,1528,,2019,2010,#LaGira de #ElDisco,España,hombre,"['pop', 'latin pop', 'alejandro sanz', 'romantic', 'balada romántica', 'flamenco pop', 'rock', 'soft rock']",pop,NM,,,,,True,False
2826442,Mueka (Ft. Cosculluela),DM,9,2920,29/06/16,2016,2010,DM,Puerto Rico,hombre,"['latin urban', 'reggaeton', 'hip hop', 'trap latino', 'el principe']",latin urban,M,1,1,1,Y,False,True
2829347,La Mafia del Amor,A la Cara,9,2197,25/05/16,2016,2010,Sé Lo Que Hicisteis el Último Verano Mixtape,España,grupo,"['pop', 'hip hop', 'electronic', 'reggaeton', 'mambo', 'trap']",pop,M,1,0,0,Y,True,False
2829388,Bad Bunny,Diles,9,2743,25/01/16,2016,2010,Diles,Puerto Rico,hombre,"['reggaeton', 'trap', 'trap latino', 'latin pop', 'rap', 'latin rap', 'pop rap', 'latin trap', 'hip hop', 'reggeaton']",reggaeton,M,1,0,1,Y,False,True
2832554,Banda MS de Sergio Lizárraga,Me Vas a Extrañar,4,1125,05/02/16,2016,2010,Que Bendición,México,grupo,"['banda', 'banda music', 'banda ms', 'norteno', 'musica mexicana', 'banda sinaloense', 'latin pop', 'regional mexicano']",banda,M,0,0,1,Y,True,False
2836378,CNCO,Tu Luz,8,1219,12/08/16,2016,2010,Primera Cita,Estados Unidos,grupo,"['pop', 'reggaeton', 'latin pop', 'boybands', 'boy band', 'teen pop', 'teen', 'dance-pop', 'latin urban', 'pop idol']",pop,NM,0,0,0,N,False,True
2838944,Jacob Forever,Hasta Que Se Seque el Malecón,11,1996,08/11/15,2015,2010,El Inmortal,Cuba,hombre,"['reggaeton', 'world', 'cubaton', 'latin urban']",reggaeton,NM,0,0,0,N,False,True
2839054,Cali y El Dandee,Por Fin Te Encontré,13,2847,24/09/15,2015,2010,Fiesta,Colombia,grupo,"['pop', 'male vocalist', 'reggaeton', 'electronic', 'cali', 'spanish hip-hop', 'latin pop', 'latin urban']",pop,NM,,,,,True,False
2840877,La Mafia del Amor,Bonita,9,2397,17/11/14,2014,2010,La Mafia Del Amor Mixtape,España,grupo,"['pop', 'hip hop', 'electronic', 'reggaeton', 'mambo', 'trap']",pop,M,1,0,0,Y,True,False
2849137,Kaydy Cain & Cookin Soul,Givenchy Dons,4,1917,27/06/16,2016,2010,El Swing de Siempre. Eterno Tumbao,España,hombre,"['reggaeton', 'hip hop', 'trap', 'latin urban']",reggaeton,M,1,1,1,Y,True,False
2851924,Tino el Pingüino,Piedra Angular,6,2693,03/09/16,2016,2010,De Vuelta en el Lodo,México,hombre,"['underground rap', 'rap', 'indie rap', 'hip hop latino', 'rap mexicano', 'mexican rap', 'hip hop']",underground rap,M,1,0,0,N,True,False
2865624,Kase.O,Rap Superdotado,9,3706,23/09/16,2016,2010,El Círculo,España,hombre,"['hip-hop', 'rap', 'spanish hip-hop', 'hip hop', 'zaragoza', 'jazz', 'spanish rap', 'dios', 'spanish hip hop']",hip-hop,M,1,0,0,N,True,False
2868013,Kidd Keo,Narcos rmx,5,1527,03/05/16,2016,2010,MASTERPISS MIXTAPE,RU,hombre,"['trap', 'rap', 'drill', 'alicante', 'spanish trap']",trap,M,1,0,1,Y,True,False
2870027,Ariel Camacho Y Los Plebes Del Rancho,La Sorpresa,7,981,06/11/15,2015,2010,Hablemos,México,grupo,"['corridos', 'gone too soon', 'sierreno', 'banda sinaloense', 'sierreño']",corridos,NM,,,,,True,False
2871746,Arcángel & Bad Bunny (Ft. DJ Luian & Mambo Kingz),Tu No Vive Así,7,3940,01/10/16,2016,2010,Tú no vive así,Puerto Rico,hombre,"['flamenco', 'contemporary flamenco', 'reggaeton', 'nuevo flamenco', 'trap', 'cantaor', 'latin urban', 'trap latino']",flamenco,M,1,0,1,Y,True,False
2873463,Justin Quiles,Si Ella Quisiera,10,2067,08/01/16,2016,2010,La Promesa,Puerto Rico,hombre,"['reggaeton', 'latin urban', 'sex', 'dance']",reggaeton,M,1,1,1,Y,True,False
2877439,Nicky Jam,El Amante,12,2248,15/01/17,2017,2010,Fénix,Puerto Rico,hombre,"['reggaeton', 'pop', 'nicky jam', 'oldies', 'rock and roll', 'mierda', 'puerto rico music']",reggaeton,M,0,1,1,Y,True,False
2877757,David Bisbal,Antes Que No,9,1328,14/10/16,2016,2010,Hijos Del Mar,España,hombre,"['pop', 'latin pop', 'davis bisbal', 'david bisbal', 'operacion triunfo', 'spanish pop']",pop,NM,,,,,True,False
2877776,Portavoz,No Hay Manera,5,2697,12/05/12,2012,2010,Escribo Rap con R de Revolución,Chile,hombre,"['hip hop', 'rap politico', 'hip hop activista', 'hip-hop', 'indie', 'political', 'underground', 'political hip hop']",hip hop,NM,,,,,True,False
2881330,"Maluma (Ft. Bryant Myers, Juhn, Noriel & Trap Capos)",Cuatro Babys,9,3793,07/10/16,2016,2010,Trap Capos: Season 1,Colombia,hombre,"['reggaeton', 'latin urban', 'latin pop', 'trap latino', 'english', 'pop rock', 'trap music', 'urbano', 'urbano latino', 'urbano music']",reggaeton,M,1,0,0,Y,True,False
2881435,Cosculluela,Hola Beba,11,2681,13/10/16,2016,2010,Blanco Perla,Puerto Rico,hombre,"['reggaeton', 'cosculluela', 'hip-hop', 'latin rap', 'rap', 'jowel y randy', 'flaitecore', 'hip hop', 'trap latino']",reggaeton,M,1,1,1,Y,True,False
2884589,Wisin,Vacaciones,9,2907,30/09/16,2016,2010,Victory,Puerto Rico,hombre,"['reggaeton', 'dance', 'pop', 'latin pop', 'black metal', 'hip-hop', 'latin urban']",reggaeton,M,1,0,0,N,True,False
2899966,Sticky M.A. & C. Tangana,Tentación,6,2395,15/11/16,2016,2010,Siempre,España,hombre,"['trap', 'rap', 'hip hop', 'urban', 'hip-hop', 'spanish trap', 'cloud rap', 'trap rap', 'rock']",trap,M,1,1,1,Y,True,False
2901470,David Bisbal,Duele Demasiado,9,1383,04/11/16,2016,2010,Hijos Del Mar,España,hombre,"['pop', 'latin pop', 'davis bisbal', 'david bisbal', 'operacion triunfo', 'spanish pop']",pop,NM,0,0,0,N,False,True
2903425,Tego Calderón & Víctor Manuelle,Che Che Cole,9,2135,21/11/06,2006,2000,Los Cocorocos,Puerto Rico,hombre,"['reggaeton', 'hip-hop', 'hip hop', 'dance', 'world', 'chill906', 'indie', 'latin urban', 'rap']",reggaeton,M,1,0,0,N,True,False
2903734,C. Tangana,Persiguiéndonos,6,1339,08/11/16,2016,2010,Persiguiéndonos,España,hombre,"['rap', 'hip-hop', 'rnb', 'hip hop', 'flamenco pop', 'trap', 'pop rap']",rap,M,1,0,0,N,True,False
2909483,Maluma (Ft. Don Omar & Wisin),Sin Contrato (Remix),9,2289,14/11/16,2016,2010,Sin Contrato - Single,Colombia,hombre,"['reggaeton', 'latin urban', 'latin pop', 'trap latino', 'english', 'pop rock', 'trap music', 'urbano', 'urbano latino', 'urbano music', 'reggaetón']",reggaeton,M,1,0,0,Y,True,False
2916286,Cartel de Santa,El Loco Más Loco,5,2364,18/11/16,2016,2010,Viejo Marihuano,México,grupo,"['hip-hop', 'rap', 'hip hop', 'cronica babilonia', 'cartel de santa', 'hip hop latino', 'conexion puerto rico', 'mexican rap']",hip-hop,M,1,1,1,Y,True,False
2919464,Granuja,Círculo Vicioso,2,2557,23/03/16,2016,2010,Círculo Vicioso,Colombia,hombre,"['rap', 'hip hop', 'hip-hop', 'boom bap', 'latin hip-hop', 'producer', 'rap colombiano', 'moebiuz', 'medellin']",rap,M,1,0,1,Y,True,False
2920505,"Tito ""El Bambino"" (Ft. Bryant Myers)",Ay Mami,8,2414,31/10/16,2016,2010,Ay mami,Puerto Rico,hombre,"['reggaeton', 'latin urban']",reggaeton,M,1,1,0,Y,True,False
2921568,Jon Z,0 Sentimientos,6,2443,30/01/16,2016,2010,Chosen Few: New Generation,Puerto Rico,hombre,"['trap', 'hip-hop', 'trap latino', 'rap', 'hip hop', 'urban', 'latin trap', 'latin urban']",trap,M,1,1,1,Y,True,False
2923242,Miguel Bosé,Dime Qué Diré,5,1032,07/10/16,2016,2010,Bosé Unplugged,España,hombre,"['pop', 'latin pop', 'balada', 'ballad', 'latin ballad', 'nuno']",pop,M,1,0,0,N,True,False
2923245,Miguel Bosé,Estaré,10,1394,,2016,2010,Bosé Unplugged,España,hombre,"['pop', 'latin pop', 'balada', 'ballad', 'latin ballad', 'nuno']",pop,NM,,,,,True,False
2924451,David Bisbal,Fiebre,8,1685,02/12/16,2016,2010,Hijos Del Mar,España,hombre,"['pop', 'latin pop', 'davis bisbal', 'david bisbal', 'operacion triunfo', 'spanish pop']",pop,M,0,1,0,N,True,False
2924454,David Bisbal,Lo Tenga O No,8,1060,02/12/16,2016,2010,Hijos Del Mar,España,hombre,"['pop', 'latin pop', 'davis bisbal', 'david bisbal', 'operacion triunfo', 'spanish pop']",pop,NM,,,,,True,False
2924481,El Alfa (Ft. Bad Bunny),Dema Ga Ge Gi Go Gu,9,3208,02/12/16,2016,2010,Disciplina (Puerto Rico Edition),República Dominicana,hombre,"['dembow', 'reggaeton', 'trap latino', 'latin trap', 'hip hop', 'pop', 'english', 'latin urban']",dembow,M,1,0,1,Y,True,False
2924618,Natos y Waor & Recycled J,Carretera,9,2334,29/11/16,2016,2010,"Hijos de la ruina, vol. 2 - EP",España,grupo,['rap'],rap,NM,,,,,True,False
2926634,Neelo,Elevate,7,2765,02/12/16,2016,2010,TRPN 6,Estados Unidos,grupo,"['cover', 'cloud rap', 'hip hop']",cover,M,1,0,1,N,True,False
2927716,Bad Bunny,Soy Peor,9,3001,08/12/16,2016,2010,El conejo malo,Puerto Rico,hombre,"['reggaeton', 'trap', 'trap latino', 'latin pop', 'rap', 'latin rap', 'pop rap', 'latin trap', 'hip hop']",reggaeton,M,1,0,1,Y,True,False
2931147,Sólo los Solo (Ft. Tremendo),Almas al Desnudo,6,2697,01/05/05,2005,2000,Todo el Mundo lo Sabe,España,grupo,['hip hop'],hip hop,M,0,0,1,Y,True,False
2933598,Kidd Keo,Stress,14,2290,04/12/16,2016,2010,FEAR OF THE WALKING TAPE,España,hombre,"['trap', 'rap', 'drill', 'alicante', 'spanish trap']",trap,M,1,0,1,Y,True,False
2935150,Alvaro Soler,Cuando Volveras,8,1556,26/06/15,2015,2010,Eterno Agosto,España,hombre,"['pop', 'latin pop', 'the worst thing ever to happen to music', 'l', 'alternative', 'not my cup of tea']",pop,NM,,,,,True,False
293788,Portavoz,El Otro Chile,7,3435,09/01/13,2013,2010,Escribo Rap con R de Revolución,Chile,hombre,"['hip hop', 'rap politico', 'hip hop activista', 'hip-hop', 'indie', 'political', 'underground', 'political hip hop']",hip hop,NM,,,,,True,False
2939784,Natos y Waor & Recycled J,Speed,8,3397,14/12/16,2016,2010,"Hijos de la ruina, vol. 2 - EP",España,grupo,['rap'],rap,M,1,0,1,Y,False,True
2940697,Sebastián Yatra,Traicionera (Remix),10,2103,,1994,1990,MANTRA,Colombia,hombre,"['guys i would fuck', 'sebastian yatra', 'latin pop', 'reggaeton', 'colombian pop', 'edm', 'international', 'latin ballad', 'latin urban', 'pop', 'r&b', 'teen pop']",guys i would fuck,M,0,0,1,Y,True,False
2942253,Carlos Rivera,Que Lo Nuestro Se Quede Nuestro,6,1102,05/02/16,2016,2010,Yo Creo,México,hombre,"['pop', 'latin pop', 'ranchera']",pop,NM,,,,,True,False
2942675,Carla Morrison,Mi Secreto,5,971,06/11/15,2015,2010,Amor Supremo,México,mujer,"['indie pop', 'dream pop', 'pop', 'alternative', 'indie', 'folk', 'latin pop']",indie pop,NM,0,0,0,N,False,True
2950102,Daddy Yankee (Ft. Ozuna),La Rompe Corazones,11,2505,05/01/17,2017,2010,Con Calma & Mis Grandes Éxitos,Puerto Rico,hombre,"['reggaeton', 'latin urban', 'hip hop', 'latin pop', 'reggae', 'dance', 'electronic', 'englisch', 'english', 'hip hop rnb and dance hall', 'rap']",reggaeton,M,1,0,1,Y,False,True
2953939,Anuel AA,La Bella Y La Bestia,8,2798,10/09/16,2016,2010,La magia de Disney y sus super estrellas,México,hombre,"['reggaeton', 'trap', 'rap', 'latin trap', 'hip-hop', 'trap latino', 'bellakeo', 'latin urban', 'latin ballad', 'ballad', 'latin pop']",reggaeton,M,1,1,1,Y,True,False
2959210,Portavoz,Poblador del mundo,6,2670,,2012,2010,Escribo Rap con R de Revolución,Chile,hombre,"['hip hop', 'rap politico', 'hip hop activista', 'hip-hop', 'indie', 'political', 'underground', 'political hip hop']",hip hop,NM,,,,,True,False
2959255,Portavoz,El mejor,5,3311,01/01/12,2012,2010,Escribo Rap con R de Revolución,Chile,hombre,"['hip hop', 'rap politico', 'hip hop activista', 'hip-hop', 'indie', 'political', 'underground', 'political hip hop']",hip hop,NM,0,0,0,N,False,True
2959264,Portavoz,Puetas Subterráneos,9,3226,01/01/12,2012,2010,Escribo Rap con R de Revolución,Chile,hombre,"['hip hop', 'rap politico', 'hip hop activista', 'hip-hop', 'indie', 'political', 'underground', 'political hip hop']",hip hop,NM,,,,,True,False
2959274,Portavoz,Flow y venganza,7,2587,01/01/12,2012,2010,Escribo Rap con R de Revolución,Chile,hombre,"['hip hop', 'rap politico', 'hip hop activista', 'hip-hop', 'indie', 'political', 'underground', 'political hip hop']",hip hop,NM,,,,,True,False
2959278,Portavoz,Rebelarte,6,2851,01/01/12,2012,2010,Escribo Rap con R de Revolución,Chile,hombre,"['hip hop', 'rap politico', 'hip hop activista', 'hip-hop', 'indie', 'political', 'underground', 'political hip hop']",hip hop,NM,,,,,True,False
2959282,Portavoz,Escribo rap con R de revolución,7,3625,01/01/12,2012,2010,Escribo Rap con R de Revolución,Chile,hombre,"['hip hop', 'rap politico', 'hip hop activista', 'hip-hop', 'indie', 'political', 'underground', 'political hip hop']",hip hop,NM,,,,,True,False
2959524,Portavoz,La Vida Corre,6,4142,01/01/12,2012,2010,Escribo Rap con R de Revolución,Chile,hombre,"['hip hop', 'rap politico', 'hip hop activista', 'hip-hop', 'indie', 'political', 'underground', 'political hip hop']",hip hop,NM,,,,,True,False
2959532,Portavoz,Soy contigo,6,2995,01/01/12,2012,2010,Escribo Rap con R de Revolución,Chile,hombre,"['hip hop', 'rap politico', 'hip hop activista', 'hip-hop', 'indie', 'political', 'underground', 'political hip hop']",hip hop,NM,,,,,True,False
2959538,Portavoz,Su Moral (Interludio),4,466,01/01/12,2012,2010,Escribo Rap con R de Revolución,Chile,hombre,"['hip hop', 'rap politico', 'hip hop activista', 'hip-hop', 'indie', 'political', 'underground', 'political hip hop']",hip hop,NM,,,,,True,False
2959710,Portavoz,Cae la Noche,7,2944,01/01/12,2012,2010,Escribo Rap con R de Revolución,Chile,hombre,"['hip hop', 'rap politico', 'hip hop activista', 'hip-hop', 'indie', 'political', 'underground', 'political hip hop']",hip hop,M,1,0,0,N,True,False
2959740,Portavoz,Te quieren,6,3386,01/01/12,2012,2010,Escribo Rap con R de Revolución,Chile,hombre,"['hip hop', 'rap politico', 'hip hop activista', 'hip-hop', 'indie', 'political', 'underground', 'political hip hop']",hip hop,NM,0,0,0,N,False,True
2959747,Portavoz,Sueño  despierto,5,3399,01/01/12,2012,2010,Escribo Rap con R de Revolución,Chile,hombre,"['hip hop', 'rap politico', 'hip hop activista', 'hip-hop', 'indie', 'political', 'underground', 'political hip hop']",hip hop,NM,,,,,True,False
2960223,Portavoz,Desde,7,2503,01/01/16,2016,2010,Escribo rap con r de revolución,Chile,hombre,"['hip hop', 'rap politico', 'hip hop activista', 'hip-hop', 'indie', 'political', 'underground', 'political hip hop']",hip hop,NM,,,,,True,False
2961599,Nicky Jam (Ft. Messiah),Mi Fantasía,9,2261,20/01/17,2017,2010,Fénix,Puerto Rico,hombre,"['grunge', 'alternative rock', 'rock', 'seattle', 'hard rock', 'indie rock', 'funk rock', 'classic rock', 'experimental rock', 'pop rock', 'rock and indie', 'art rock', 'post-grunge', 'acoustic rock', 'bridge', 'christmas singles', 'estados unidos', 'american', 'immortality', 'twenty', 'vyrzukhisuc-artiest']",grunge,M,1,0,1,Y,False,True
2964311,Cali y El Dandee,Lumbra,10,2631,20/01/17,2017,2010,Cali Y El Dandee: Favoritas,Colombia,grupo,"['pop', 'male vocalist', 'reggaeton', 'electronic', 'cali', 'spanish hip-hop', 'latin pop', 'latin urban']",pop,M,1,0,0,N,True,False
2967702,KEVIN ROLDAN,Me Tienes Loco,9,1919,24/11/17,2017,2010,El campeón,República Dominicana,hombre,"['reggaeton', 'perreo', 'urbano', 'colombian mafe y gabo', 'urban latino', 'bachata']",reggaeton,M,1,0,0,N,True,False
2978566,Arcángel (Ft. Bad Bunny),Me Acostumbré,8,3521,18/02/17,2017,2010,Me acostumbré,Puerto Rico,hombre,"['latin urban', 'reggaeton', 'trap latino', 'latin trap', 'hip hop', 'pop', 'english']",latin urban,M,1,0,1,Y,False,True
2989219,Justin Quiles (Ft. Jory Boy),Cuestión de Tiempo,9,2982,13/02/17,2017,2010,Cuestión de tiempo,Puerto Rico,hombre,"['latin urban', 'reggaeton']",latin urban,M,1,1,0,Y,False,True
2992491,Dulce María,Despídete,7,970,10/03/17,2017,2010,DM,México,mujer,"['pop', 'sexy', 'dance', 'disney', 'guilty pleasure', 'latin pop']",pop,NM,0,0,0,N,False,True
2994482,Kidd Keo,Words,15,2754,06/02/17,2017,2010,The Giant,España,hombre,"['trap', 'rap', 'drill', 'alicante', 'spanish trap']",trap,M,1,0,1,N,True,False
3002161,Kidd Keo,A.N.A.,7,2555,06/01/17,2017,2010,The Giant,España,hombre,"['trap', 'rap', 'drill', 'alicante', 'spanish trap']",trap,M,1,1,1,Y,True,False
3008760,Noriel (Ft. Alexis y Fido),Desobediente,9,3337,03/03/17,2017,2010,Desobediente,Puerto Rico,hombre,"['latin urban', 'reggaeton', 'trap', 'trap latino']",latin urban,M,1,0,1,Y,True,False
3012740,María Grever,Cuando vuelva a tu lado,5,519,,2005,2000,Historia De Un Amor,México,mujer,['oldies'],oldies,NM,,,,,True,False
3015945,"Rvssian, Farruko & Bad Bunny",Krippy Kush,8,3251,25/07/17,2017,2010,TrapXFicante,Puerto Rico,hombre,"['reggaeton', 'trap', 'dancehall', 'jamaican', 'rnb', 'jamaica', 'latin urban', 'trap latino', 'hip hop']",reggaeton,M,1,0,1,Y,True,False
3015950,"Yampi, Ozuna & Anuel AA (Ft. Pusho)",Si Tú Quieres,8,3992,16/06/17,2017,2010,Trap Cartel,Puerto Rico,hombre,"['trap', 'reggaeton', 'hip hop', 'spanish trap', 'goat', 'producer', 'real g4 life', 'latin trap', 'latin urban', 'trap latino']",trap,M,1,1,1,Y,True,False
3020536,Wisin (Ft. Ozuna),Escápate Conmigo,10,3070,24/03/17,2017,2010,Victory,Puerto Rico,hombre,"['reggaeton', 'latin urban', 'trap latino', 'latin trap']",reggaeton,M,1,1,0,N,False,True
3034970,Los Santos,Trappin en el Vaticano,5,2400,24/03/17,2017,2010,Pxxrificacion,España,grupo,"['pyschobilly', 'surf', 'country', 'punk', 'minimal', 'hip hop', 'reggaeton', 'hardcore punk', 'flamenco']",pyschobilly,M,1,0,1,Y,True,False
3036380,Matisse,Más que amigos,7,1012,09/06/15,2015,2010,Sube,México,grupo,"['greek', 'alternative rock', 'alternative', 'electronic', 'pop', 'lithuanian', 'rock', 'dance', 'house', 'indie', 'latin pop']",greek,M,0,1,0,Y,False,True
3037102,Alemán (Ft. Simpson Ahuevo),Déjame Volar,8,2823,17/09/14,2014,2010,Pase de Abordar,México,hombre,"['hip hop', 'trap latino', 'west coast hip hop']",hip hop,NM,,,,,True,False
3038577,Paulo Londra,Relax,10,2990,16/01/17,2017,2010,Relax,Argentina,hombre,"['trap', 'white rapper', 'trap latino', 'trap argentino', 'rap', 'cordoba', 'ended', 'messi']",trap,NM,,,,,True,False
3041034,Anuel AA & Bad Bunny,La Última Vez,12,3805,05/05/17,2017,2010,La última vez,Puerto Rico,hombre,"['reggaeton', 'trap', 'rap', 'latin trap', 'hip-hop', 'trap latino', 'bellakeo', 'latin urban']",reggaeton,M,1,1,1,Y,True,False
3046295,Juhn (Ft. Bad Bunny & Noriel),Puerta Abierta,8,3380,04/04/17,2017,2010,Puerta abierta,Puerto Rico,hombre,"['latin urban', 'reggaeton', 'trap latino', 'latin trap', 'hip hop', 'pop', 'english']",latin urban,M,1,1,1,Y,False,True
3048221,"Bad Bunny, Mambo Kingz & DJ Luian (Ft. Almighty, Arcángel, Baby Rasta, Bryant Myers, Brytiago & Noriel)",Me Mata,13,5628,11/04/17,2017,2010,Me mata,Puerto Rico,hombre,"['reggaeton', 'trap', 'trap latino', 'latin pop', 'rap', 'latin rap', 'pop rap', 'latin trap', 'hip hop', 'pop', 'english', 'latin urban']",reggaeton,M,1,1,1,Y,True,False
3054622,Banda MS de Sergio Lizárraga,El Color de Tus Ojos,7,1087,14/04/17,2017,2010,La Mejor Versión De Mí,México,grupo,"['banda', 'banda music', 'banda ms', 'norteno', 'musica mexicana', 'banda sinaloense', 'latin pop', 'regional mexicano']",banda,NM,,,,,True,False
3077906,Luis Vargas,La Traicionera,13,3929,12/01/97,1997,1990,La Maravilla,República Dominicana,hombre,"['bachata', 'merengue', 'dominican', 'luis vargas', 'el vrother', '2483']",bachata,M,1,0,1,Y,True,False
3078534,Aggelos,Lamento de una noche,7,562,,2011,2010,Mantos Purpúreos,Colombia,grupo,"['gothic metal', 'christian gothic metal', 'metal', 'christian metal', 'colombian metal', 'gothic doom metal', 'christian gothic', 'symphonic metal']",gothic metal,NM,,,,,True,False
3080362,Salvaje Decibel,La mirada del amor,8,5047,01/01/13,2013,2010,Radical,Chile,grupo,"['rap', 'hip-hop', 'hiphop combativo', 'hiphopoliticombativo', 'political', 'indie', 'underground', 'hip hop', 'boom bap', 'latin rap', 'political hip hop']",rap,NM,,,,,True,False
3082425,J Balvin & Jowell & Randy,Bonita,9,2873,02/06/17,2017,2010,Reggaeton Viejo,Colombia,hombre,"['lo mejor', 'reggaeton', 'hip hop', 'latin pop', 'pop']",lo mejor,M,1,1,0,N,True,False
3082567,Equipo Crema,Alta Gama,13,2278,29/09/16,2016,2010,Korean Luv Boyz,España,hombre,['hip hop'],hip hop,M,1,0,1,Y,True,False
3082575,Sync,Astral (Remix),8,3252,11/04/17,2017,2010,Haters Gonna Hate,España,grupo,"['doujin ongaku', 'drum and bass', 'progressive goa', 'progressive psytrance', 'trance', 'techno', 'house', 'project sync', 'rapcore', 'collaboration', 'dark psytrance', 'electronic', 'psy-trance', 'psychedelic', 'psychedelic trance', 'touhou', 'doujin', 'doujin circle', '東方project', '同人', '同人サークル']",doujin ongaku,M,1,0,1,Y,True,False
3083103,Nathy Peluso,Esmeralda,5,1007,08/05/17,2017,2010,Esmeralda,España,mujer,"['pop', 'rnb', 'argentinian', 'espana', 'from spain', 'spaniard', 'latin pop']",pop,NM,0,0,0,N,False,True
3086502,Omega El Fuerte,"Tú Si Quieres, Tú No Quieres",9,2696,,2009,2000,El Dueño del Flow (Bonus Track Version),República Dominicana,hombre,"['merengue', 'republica dominicana']",merengue,NM,,,,,True,False
3086801,Maite Perroni,Loca,11,2702,12/05/17,2017,2010,Loca - Single,México,mujer,"['pop', 'latin pop', 'maite perroni', 'rbd', 'diva', 'pop rock', 'bachata']",pop,NM,,,,,True,False
3090753,"Alexis y Fido (Ft. Anonimus, Bad Bunny, Brytiago, Jon Z & Lary Over)",Tócate Tu Misma (Remix),11,4332,30/06/17,2017,2010,Tócate tú misma (remix),Puerto Rico,grupo,"['eurobeat', 'idm', 'guitare', 'creative commons', 'chatougri', 'eurogrooves', 'power metal', 'indie pop', 'techno', 'dance', 'reggaeton', 'latin urban', 'classic pop and rock', 'british blues', 'blues rock', 'british rhythm & blues', 'blues']",eurobeat,M,1,1,1,Y,True,False
3095317,Lenny Tavárez,Caviar,9,2818,17/02/17,2017,2010,Caviar,Puerto Rico,hombre,"['reggaeton', 'latin pop', 'trap latino']",reggaeton,M,1,0,1,Y,True,False
3097528,Natos y Waor,Calavera no chilla,4,1780,05/04/17,2017,2010,Barras Bravas,España,grupo,"['rap', 'spanish rap', 'hardcore', 'underground rap', 'hip-hop', 'espana', 'underground hip-hop', 'madrid']",rap,M,1,0,0,N,False,True
3101044,C. Tangana,Mala Mujer,10,2290,26/05/17,2017,2010,Ídolo,España,hombre,"['rap', 'hip-hop', 'rnb', 'hip hop', 'flamenco pop', 'trap', 'pop rap']",rap,M,1,0,1,Y,True,False
3102145,Antonio José,Tú Me Obligaste,10,2404,01/05/17,2017,2010,A Un Milímetro de Ti,España,hombre,"['pop', 'classical', 'classical guitar', 'romantic', '20th century classical', 'treble', 'bachata', 'little star']",pop,M,0,1,1,N,True,False
3103548,Bad Bunny,Tú No Metes Cabra,8,2660,01/07/17,2017,2010,Tú no metes cabra,Puerto Rico,hombre,"['reggaeton', 'trap', 'trap latino', 'latin pop', 'rap', 'latin rap', 'pop rap', 'latin trap', 'hip hop']",reggaeton,M,1,0,0,N,True,False
3103575,La Materialista (Ft. Nfasis),Taka Taka,12,1535,08/06/15,2015,2010,Todos Los Éxitos de N-Fasis,República Dominicana,mujer,['merengue'],merengue,M,1,1,1,Y,True,False
3106351,Paulo Londra,Confiado y Tranquilo,11,2666,30/05/17,2017,2010,Homerun,Argentina,hombre,"['trap', 'white rapper', 'trap latino', 'trap argentino', 'rap', 'cordoba', 'ended', 'messi']",trap,NM,0,0,0,N,False,True
3111468,Melendi & Ha-Ash,Destino o Casualidad,9,1601,02/06/17,2017,2010,Yo me veo contigo,España,hombre,"['pop', 'flamenco', 'new flamenco', 'rumba', 'melendi', 'rock', 'balada romántica', 'pop rock', 'salamanca', 'moko amargo']",pop,NM,,,,,True,False
3115965,"Bad Bunny, Prince Royce & J Balvin (Ft. DJ Luian & Mambo Kingz)",Sensualidad,11,3757,03/11/17,2017,2010,Sensualidad,Puerto Rico,hombre,"['reggaeton', 'trap', 'trap latino', 'latin pop', 'rap', 'latin rap', 'pop rap', 'latin urban', 'latin trap', 'hip hop', 'pop', 'english']",reggaeton,M,1,0,0,N,True,False
3119692,"Kaydy Cain, Marko Italia & Yung Beef",En el Infierno de Tu Gloria,3,2222,22/03/16,2016,2010,Between Heaven & Hell,España,hombre,"['reggaeton', 'hip hop', 'trap', 'latin urban']",reggaeton,M,1,0,1,Y,False,True
3131268,Romeo Santos,Imitadora,6,1823,23/06/17,2017,2010,Golden,Estados Unidos,hombre,"['bachata', 'pop', 'latin pop', 'rnb', 'american', 'aventura', 'r&b', 'sexy', 'slk vi em uma edit de soy luna e viciei', 'romantic']",bachata,M,1,0,0,Y,True,False
3132993,José Madero,¡Esta Noche es la Reunión!,6,1061,28/07/17,2017,2010,Noche,México,hombre,"['sad', 'rock', 'pop rock', '4 stars', 'hombre guapo']",sad,M,0,0,1,Y,True,False
3133064,El Ezequiel,Chico Enamorado,6,966,14/06/17,2017,2010,Que se vaya,República Dominicana,hombre,['merengue'],merengue,M,1,0,0,N,True,False
3133285,"Ozuna, Mambo Kingz & DJ Luian (Ft. Almighty, Bad Bunny & Wisin)",Solita,9,4400,19/01/18,2018,2010,Solita,Cuba,hombre,"['reggaeton', 'urbano latino', 'latin urban', 'trap latino', 'caribbean', 'reggae', 'latin trap']",reggaeton,M,1,0,0,Y,True,False
3134601,Bufank,Enciende la mecha (Remix),5,4106,,1996,1990,Bufank,España,grupo,"['rap hardcore', 'hip-hop', 'rap', 'hip hop', 'spanish rap', 'old school rap', 'spanish hip hop', 'old shool rap', 'spanish hip-hop']",rap hardcore,NM,,,,,True,False
3135249,C. Tangana,Pop Ur Pussy,10,2290,22/06/17,2017,2010,Ídolo,España,hombre,"['rap', 'hip-hop', 'rnb', 'hip hop', 'flamenco pop', 'trap', 'pop rap']",rap,M,1,1,0,N,True,False
3144845,Christian Nodal,Probablemente,3,1317,25/08/17,2017,2010,Me Dejé Llevar,México,hombre,"['ranchera', 'romantic', 'mariacheño', 'regional mexican', 'mariachi', 'regional mexicano']",ranchera,NM,,,,,True,False
3147049,KAROL G & KEVIN ROLDAN,Eres Mi Todo,8,1574,07/07/17,2017,2010,Unstoppable,Colombia,mujer,"['reggaeton', 'pop', 'latin pop', 'trap latino', 'reggaeton colombiano', 'dancehall', 'latin urban', 'r&b', 'english']",reggaeton,NM,,,,,True,False
3153613,Kidd Keo,Mami Bills,7,2403,31/03/17,2017,2010,2014 Mazant Street,Estados Unidos,hombre,"['trap', 'rap', 'drill', 'alicante', 'spanish trap', 'hip hop', 'southern hip hop']",trap,M,1,0,1,Y,True,False
3156691,Romeo Santos,Doble Filo,11,1828,21/07/17,2017,2010,Golden,Estados Unidos,hombre,"['bachata', 'pop', 'latin pop', 'rnb', 'american', 'aventura', 'r&b']",bachata,M,1,0,1,Y,True,False
3156693,Romeo Santos,El Amigo,9,1408,21/07/17,2017,2010,Golden,Estados Unidos,hombre,"['bachata', 'pop', 'latin pop', 'rnb', 'american', 'aventura', 'r&b', 'samba-jazz', 'bossa nova', 'jazz', 'latin jazz']",bachata,NM,,,,,True,False
3162213,Blunted Vato,Pikete Cabron,7,2735,17/07/17,2017,2010,Superman Sin Capa,Argentina,hombre,['argentinian'],argentinian,M,1,1,1,Y,True,False
316239,Alejandro Sanz,Viviendo Deprisa,6,1115,,1968,1960,Viviendo Deprisa,España,hombre,"['pop', 'latin pop', 'alejandro sanz', 'romantic', 'balada romántica', 'flamenco pop', 'rock', 'soft rock']",pop,NM,0,0,0,N,False,True
316275,Alejandro Sanz,Como Te Echo de Menos,6,1161,,1968,1960,Si Tú Me Miras,España,hombre,"['pop', 'latin pop', 'alejandro sanz', 'romantic', 'balada romántica', 'flamenco pop', 'rock', 'soft rock']",pop,NM,,,,,True,False
316306,Alejandro Sanz,La Fuerza del Corazón,7,2069,,1968,1960,3,España,hombre,"['pop', 'latin pop', 'alejandro sanz', 'romantic', 'balada romántica', 'flamenco pop', 'rock', 'soft rock']",pop,NM,,,,,True,False
316325,Alejandro Sanz,Mi Soledad y Yo,7,1650,,1968,1960,3,España,hombre,"['pop', 'latin pop', 'alejandro sanz', 'romantic', 'balada romántica', 'flamenco pop', 'rock', 'soft rock']",pop,NM,,,,,True,False
316335,Alejandro Sanz,Ellos son asi,4,841,,1995,1990,3,España,hombre,"['pop', 'latin pop', 'alejandro sanz', 'romantic', 'balada romántica', 'flamenco pop', 'rock', 'soft rock']",pop,NM,,,,,True,False
316342,Alejandro Sanz,Cuando Nadie Me Ve,8,1976,26/09/00,2000,2000,El Alma Al Aire,España,hombre,"['pop', 'latin pop', 'alejandro sanz', 'romantic', 'balada romántica', 'flamenco pop', 'rock', 'soft rock']",pop,NM,,,,,True,False
3163670,Yung Beef,Rosas Azules,7,2242,17/07/17,2017,2010,Adromicfms 4,España,hombre,"['trap', 'reggaeton', 'rap', 'cloud rap', 'spanish trap', 'hip-hop', 'g o a t', 'hip hop']",trap,M,1,0,1,Y,True,False
316381,Alejandro Sanz,Quisiera Ser,12,3082,26/09/00,2000,2000,El Alma Al Aire,España,hombre,"['pop', 'latin pop', 'alejandro sanz', 'romantic', 'balada romántica', 'flamenco pop', 'rock', 'soft rock']",pop,NM,,,,,True,False
316436,Alejandro Sanz,A La Primera Persona,9,2605,25/09/06,2006,2000,El Tren de los Momentos,España,hombre,"['pop', 'latin pop', 'alejandro sanz', 'romantic', 'balada romántica', 'flamenco pop', 'rock', 'soft rock']",pop,NM,,,,,True,False
316440,Alejandro Sanz,"Y, ¿Si Fuera Ella?",12,1800,04/08/97,1997,1990,Más,España,hombre,"['pop', 'latin pop', 'alejandro sanz', 'romantic', 'balada romántica', 'flamenco pop', 'rock', 'soft rock']",pop,NM,,,,,True,False
316448,Alejandro Sanz,"Te Lo Agradezco, Pero No",9,2255,06/11/06,2006,2000,El Tren de los Momentos,España,hombre,"['pop', 'latin pop', 'alejandro sanz', 'romantic', 'balada romántica', 'flamenco pop', 'rock', 'soft rock']",pop,NM,,,,,True,False
316460,Alejandro Sanz,Corazón Partío,10,2851,03/11/97,1997,1990,Más,España,hombre,"['pop', 'latin pop', 'alejandro sanz', 'romantic', 'balada romántica', 'flamenco pop', 'rock', 'soft rock']",pop,NM,,,,,True,False
316461,Alejandro Sanz,Siempre Es De Noche,8,1677,04/09/97,1997,1990,Más,España,hombre,"['pop', 'latin pop', 'alejandro sanz', 'romantic', 'balada romántica', 'flamenco pop', 'rock', 'soft rock']",pop,NM,,,,,True,False
316465,Alejandro Sanz,El Alma Al Aire,14,3178,,1968,1960,El Alma Al Aire,España,hombre,"['pop', 'latin pop', 'alejandro sanz', 'romantic', 'rock', 'soft rock', 'flamenco pop', 'balada romántica', 'ballad', 'pop rock', 'rock en español', 'duetos']",pop,NM,,,,,True,False
3164742,NATTI NATASHA & Ozuna,Criminal,11,2070,18/08/17,2017,2010,Just Dance 2019 Official Tracklist,Ecuador,hombre,"['reggaeton', 'pop', 'bachata', 'dominican', 'natti natasha', 'latin pop', 'david guetta', 'latin urban']",reggaeton,M,1,0,0,N,True,False
316487,Alejandro Sanz,Amiga Mía,9,4363,09/09/97,1997,1990,Más,España,hombre,"['pop', 'latin pop', 'alejandro sanz', 'romantic', 'balada romántica', 'flamenco pop', 'rock', 'soft rock']",pop,NM,,,,,True,False
316502,Alejandro Sanz,Aquello Que Me Diste,8,2000,,1968,1960,Más,España,hombre,"['pop', 'latin pop', 'alejandro sanz', 'romantic', 'balada romántica', 'flamenco pop', 'rock', 'soft rock']",pop,NM,,,,,True,False
316597,Alejandro Sanz,No Me Compares,6,1502,25/06/12,2012,2010,La Música No Se Toca,España,hombre,"['pop', 'latin pop', 'alejandro sanz', 'romantic', 'balada romántica', 'flamenco pop', 'rock', 'soft rock']",pop,NM,,,,,True,False
316613,Alejandro Sanz,Mi Marciana,5,1592,25/09/12,2012,2010,La Música No Se Toca,España,hombre,"['pop', 'latin pop', 'alejandro sanz', 'romantic', 'balada romántica', 'flamenco pop', 'rock', 'soft rock']",pop,NM,0,0,0,N,False,True
316620,Alejandro Sanz,Camino de Rosas,6,1507,25/09/12,2012,2010,La Música No Se Toca,España,hombre,"['pop', 'latin pop', 'alejandro sanz', 'romantic', 'balada romántica', 'flamenco pop', 'rock', 'soft rock']",pop,M,0,1,0,Y,True,False
316624,Alejandro Sanz,Desde Cuándo,5,1382,,1968,1960,Paraíso express,España,hombre,"['pop', 'latin pop', 'alejandro sanz', 'romantic', 'balada romántica', 'flamenco pop', 'rock', 'soft rock']",pop,NM,,,,,True,False
316629,Alejandro Sanz,No Es Lo Mismo,10,2890,,2017,2010,No Es Lo Mismo,España,hombre,"['pop', 'latin pop', 'alejandro sanz', 'romantic', 'balada romántica', 'flamenco pop', 'rock', 'soft rock']",pop,NM,,,,,True,False
316667,Alejandro Sanz,Looking For Paradise,12,2258,23/09/09,2009,2000,Paraíso express,España,hombre,"['pop', 'latin pop', 'alejandro sanz', 'romantic', 'balada romántica', 'flamenco pop', 'rock', 'soft rock']",pop,NM,,,,,True,False
316848,Alejandro Sanz,Y Sólo Se Me Ocurre Amarte (Unplugged),11,1931,19/11/01,2001,2000,MTV Unplugged,España,hombre,"['pop', 'latin pop', 'alejandro sanz', 'romantic', 'balada romántica', 'flamenco pop', 'rock', 'soft rock']",pop,NM,,,,,True,False
3174685,Kidd Keo,One Million,6,2728,27/07/17,2017,2010,Keoland,España,hombre,"['trap', 'rap', 'drill', 'alicante', 'spanish trap']",trap,M,1,0,1,N,True,False
3176563,Cali y El Dandee,La Estrategia,7,1858,27/07/17,2017,2010,Cali Y El Dandee: Baladas,Colombia,grupo,"['pop', 'male vocalist', 'reggaeton', 'electronic', 'cali', 'spanish hip-hop', 'latin pop', 'latin urban']",pop,NM,,,,,True,False
3182161,Gigolo Y La Exce (Ft. Bad Bunny),Sexto Sentido,7,2230,16/08/17,2017,2010,Sexto sentido,Puerto Rico,grupo,"['trance', 'electronic', 'electroclash', 'reggaeton', 'latin urban', 'trap latino', 'classic pop and rock']",trance,M,1,0,1,Y,False,True
3187014,Paulo Londra,No Te Voy a Negar,9,2285,,2019,2010,Homerun,Argentina,hombre,"['trap', 'white rapper', 'trap latino', 'trap argentino', 'rap', 'cordoba', 'ended', 'messi']",trap,M,1,0,1,Y,True,False
3187374,Yung Beef,Cold Turkey,6,1781,06/08/17,2017,2010,Adromicfms 4,España,hombre,"['trap', 'reggaeton', 'rap', 'cloud rap', 'spanish trap', 'hip-hop', 'g o a t', 'hip hop']",trap,M,0,0,1,N,True,False
3191903,Ozuna,Odisea,8,2037,25/08/17,2017,2010,Odisea,Puerto Rico,hombre,"['reggaeton', 'urbano latino', 'latin urban', 'trap latino', 'caribbean', 'reggae', 'latin trap']",reggaeton,NM,,,,,True,False
3192028,Ozuna,Carita de Ángel,10,2277,25/08/17,2017,2010,Odisea,Puerto Rico,hombre,"['reggaeton', 'urbano latino', 'latin urban', 'trap latino', 'caribbean', 'reggae', 'latin trap']",reggaeton,NM,0,0,0,N,False,True
3192888,La Mafia del Amor,Alguna Vez,10,1936,13/07/17,2017,2010,Reggaeton Antiguo,Argentina,grupo,"['pop', 'hip hop', 'electronic', 'reggaeton', 'mambo', 'trap']",pop,M,1,0,0,Y,True,False
3193413,Perras on the Beach,Un Montón,6,773,02/06/16,2016,2010,Chupalapija,Argentina,grupo,"['indie rock', 'indie pop', 'rock', 'rock argentino', 'rock nacional', 'lo fi', 'rock latino', 'indie latino', 'neo-psych']",indie rock,NM,,,,,True,False
3193619,Ozuna,No Quiere Enamorarse,10,2447,15/12/15,2015,2010,Odisea,Puerto Rico,hombre,"['reggaeton', 'urbano latino', 'latin urban', 'trap latino', 'caribbean', 'reggae', 'latin trap']",reggaeton,M,1,0,0,Y,False,True
3197289,Kidd Keo,Mask Off (Remix),9,2555,10/04/17,2017,2010,FEAR OF THE WALKING TAPE,España,hombre,"['trap', 'rap', 'drill', 'alicante', 'spanish trap']",trap,M,0,1,1,Y,False,True
3198122,Paulo Londra,Me Tiene Mal,9,3081,15/08/17,2017,2010,Me tiene mal,Argentina,hombre,"['trap', 'white rapper', 'trap latino', 'trap argentino', 'rap', 'cordoba', 'ended', 'messi']",trap,NM,0,0,0,N,False,True
3207529,"J Balvin, Jeon & Anitta",Machika,13,2220,19/01/18,2018,2010,Vibras,Colombia,hombre,"['pop', 'funk', 'reggaeton', 'dance', 'world cup', 'hit', 'russia', 'jeon', 'j balvin', 'anitta', 'hip hop', 'latin pop']",pop,M,1,0,0,N,True,False
3211979,Nathy Peluso,Dafne,5,1171,30/07/17,2017,2010,Esmeralda,España,mujer,"['pop', 'rnb', 'argentinian', 'espana', 'from spain', 'spaniard', 'latin pop']",pop,M,0,0,1,Y,True,False
3212561,DrefQuila,Como si fuera importante,7,2958,28/02/16,2016,2010,Amatista,Chile,hombre,"['trap', 'rap', 'latin urban', 'hip-hop', 'trap rap', 'trap latino']",trap,M,1,0,1,Y,True,False
3220941,Juhn,Calentura,9,2449,24/08/17,2017,2010,Calentura,Puerto Rico,hombre,"['latin urban', 'latin trap', 'reggaeton', 'trap latino']",latin urban,M,1,1,0,Y,True,False
3221758,Los Hermanos Rosario,Morena Ven,18,1680,01/01/93,1993,1990,Los Mundialmente Sabrosos,República Dominicana,grupo,"['merengue', 'dance', 'salsa', 'hermanos rosario', 'tono rosario', 'tiesto', 'dominican']",merengue,M,1,1,0,Y,True,False
3227324,Pablo Alborán,Saturno,7,1102,08/09/17,2017,2010,Prometo,España,hombre,"['pop', 'pop rock', 'latin pop', 'nueva copla', 'pablo alborán']",pop,NM,,,,,True,False
3232364,Gera MX,Culpable Soy Yo,5,2171,29/07/17,2017,2010,Los Niños Grandes No Juegan,México,hombre,"['rap', 'hip-hop']",rap,M,1,1,0,Y,True,False
3232401,Aczino,Matar o Morir,5,2836,21/12/13,2013,2010,Psicofonía,México,hombre,"['rap', 'freestyle']",rap,M,0,1,1,Y,True,False
3235661,Kidd Keo,Me la Suda,7,3045,07/09/17,2017,2010,Rockport Espacial 3,España,hombre,"['trap', 'rap', 'drill', 'alicante', 'spanish trap']",trap,M,1,1,1,Y,True,False
3236815,Flowklorikos (Ft. Shotta),Kloroformo en el Entorno,5,3924,01/01/02,2002,2000,Zerdos & Diamantes,España,grupo,['hip hop'],hip hop,M,1,1,1,Y,False,True
3244253,Paulo Londra,Por Lo Mio,5,2664,20/09/17,2017,2010,Back to the Game,Argentina,hombre,"['trap', 'white rapper', 'trap latino', 'trap argentino', 'rap', 'cordoba', 'ended', 'messi']",trap,NM,,,,,True,False
3244254,Paulo Londra,Luna Llena,8,2914,21/09/17,2017,2010,Luna llena,Argentina,hombre,"['trap', 'white rapper', 'trap latino', 'trap argentino', 'rap', 'cordoba', 'ended', 'messi']",trap,NM,,,,,True,False
3245059,C. Tangana,Mala Mujer (Remix),10,2575,22/09/17,2017,2010,Top Hits 2018,España,hombre,"['rap', 'hip-hop', 'rnb', 'hip hop', 'flamenco pop', 'trap', 'pop rap']",rap,M,1,1,1,Y,True,False
3248134,Miky Woodz,Empecé de Cero,9,3242,21/07/17,2017,2010,Before Famous,Puerto Rico,hombre,"['rap', 'reggaeton', 'hip-hop', 'trap latino', 'hip hop', 'latin urban']",rap,NM,,,,,True,False
3252260,Paulo Londra,Cámara Lenta,11,2091,22/09/17,2017,2010,Cámara lenta,Argentina,hombre,"['trap', 'white rapper', 'trap latino', 'trap argentino', 'rap', 'cordoba', 'ended', 'messi']",trap,M,1,0,1,Y,True,False
3255167,Paulo Londra,Está bien,10,2409,29/09/17,2017,2010,Tal vez,Argentina,hombre,"['trap', 'white rapper', 'trap latino', 'trap argentino', 'rap', 'cordoba', 'ended', 'messi']",trap,M,1,0,0,N,False,True
3258110,C. Tangana,Tiempo,8,2210,02/10/17,2017,2010,Ídolo,España,hombre,"['rap', 'hip-hop', 'rnb', 'hip hop', 'flamenco pop', 'trap', 'pop rap']",rap,NM,,,,,True,False
3259417,Recycled J,Arizona,4,2515,29/09/17,2017,2010,Oro Rosa,España,hombre,"['rap', 'hip hop', 'urban', 'uk garage', 'trap', 'spanish trap']",rap,M,1,0,0,N,True,False
3260854,Silvestre Dangond & Nicky Jam,Cásate Conmigo,9,2393,15/09/17,2017,2010,INTRUSO,Colombia,hombre,"['vallenato', 'silvestre dangond', 'colombian stuff', 'pop rock', 'diomedez diaz', 'everytime you listen to this crap a truck hits a granny']",vallenato,NM,0,0,0,N,False,True
3263979,Axwell Λ Ingrosso,Más De Lo Que Sabes (More Than You Know),9,1947,06/10/17,2017,2010,Slam! Dance 1000,SE,grupo,"['progressive house', 'house', 'edm', 'swedish', 'sweden', 'electronic', 'dance', 'electo', 'electro house', 'american']",progressive house,NM,,,,,True,False
3268295,Neutro Shorty,El Coco,5,4319,01/10/17,2017,2010,El Disco de Salsa,Venezuela,hombre,"['rap', 'hip hop', 'hip-hop', 'bruja', 'caracas', 'weed420', 'musica urbana', 'venezolano']",rap,M,1,1,1,Y,True,False
3271958,Nfasis,Lento,6,1344,06/11/16,2016,2010,Reggaetón Latino y Más,República Dominicana,hombre,"['reggaeton', 'dominican', 'dance', 'edm', 'house', 'latin house']",reggaeton,M,1,0,0,N,True,False
3272235,Nfasis (Ft. Niw El Decomputao),Tu Perfume,9,2756,13/11/16,2016,2010,Reggaetón Latino y Más,Panamá,hombre,['reggaeton'],reggaeton,M,1,0,0,N,True,False
3273501,Yung Beef,Effy,6,2154,07/10/17,2017,2010,Adromicfms 4,España,hombre,"['trap', 'reggaeton', 'rap', 'cloud rap', 'spanish trap', 'hip-hop', 'g o a t', 'hip hop']",trap,M,1,1,1,Y,True,False
3273609,"Wisin, Daddy Yankee & Yandel",Todo Comienza En La Disco,12,4850,01/12/17,2017,2010,Victory,Puerto Rico,hombre,"['reggaeton', 'dance', 'pop', 'latin pop', 'black metal', 'hip-hop', 'latin urban', 'hip hop', 'reggae', 'electronic', 'englisch', 'english', 'hip hop rnb and dance hall', 'rap']",reggaeton,M,1,1,0,Y,True,False
3278394,Rxnde Akozta,No van pa'l baile,8,3538,01/10/17,2017,2010,Que Bolá Asere,Cuba,hombre,"['rap', 'rap cubano', 'hip hop latino', 'cuban hip hop', '2010s', 'los aldeanos']",rap,NM,,,,,True,False
3280954,Natos y Waor,Cuentas Pendientes,6,1705,29/12/13,2013,2010,Caja Negra,España,grupo,"['rap', 'spanish rap', 'hardcore', 'underground rap', 'hip-hop', 'espana', 'underground hip-hop', 'madrid']",rap,M,0,0,1,N,False,True
3281032,Natos y Waor,Remember,7,2617,05/02/14,2014,2010,Caja Negra,España,grupo,"['rap', 'spanish rap', 'hardcore', 'underground rap', 'hip-hop', 'espana', 'underground hip-hop', 'madrid']",rap,M,1,0,1,Y,False,True
3281067,Natos y Waor,Recuperando el Tiempo Perdido,6,3072,04/02/14,2014,2010,Caja Negra,España,grupo,"['rap', 'spanish rap', 'hardcore', 'underground rap', 'hip-hop', 'espana', 'underground hip-hop', 'madrid']",rap,M,0,1,1,Y,True,False
3282456,Natos y Waor,Miedo y Asco,7,1390,08/12/14,2014,2010,Barras Bravas,España,grupo,"['rap', 'spanish rap', 'hardcore', 'underground rap', 'hip-hop', 'espana', 'underground hip-hop', 'madrid']",rap,M,1,0,1,Y,True,False
3283287,Maikel Delacalle,Mi Nena,6,2529,15/04/16,2016,2010,Mi Nena Remix,España,hombre,"['hip-hop', 'trap latino', 'reggaeton', 'latin urban']",hip-hop,M,1,0,0,Y,True,False
3285116,KAROL G & Cosculluela,La Dama,12,2482,03/11/17,2017,2010,Unstoppable,Colombia,mujer,"['reggaeton', 'pop', 'latin pop', 'trap latino', 'reggaeton colombiano', 'dancehall', 'latin urban', 'r&b', 'english']",reggaeton,M,1,0,1,Y,True,False
3289276,Boy Wonder CF (Ft. Darkiel & Jon Z),Te Llamé Borracho,8,2633,20/01/18,2018,2010,Chosen Few New Generation,Estados Unidos,hombre,"['hip hop', 'latin urban', 'reggaeton', 'soul', 'funk', 'contemporary r&b', 'rhythm & blues', 'pop', 'film soundtrack', 'pop soul', 'vegan', 'grammy winner', 'rock and indie']",hip hop,M,1,1,1,Y,True,False
3297818,Luis Fonsi & Demi Lovato,Échame la Culpa,10,2899,17/11/17,2017,2010,Échame la culpa,Puerto Rico,hombre,"['dueto', 'luis fonsi', 'demi lovato', 'poplatino', 'pop', 'latin pop', 'reggaeton', 'echame la culpa']",dueto,NM,0,0,0,N,False,True
3297866,Bad Bunny,Chambea,7,2280,01/12/17,2017,2010,2026 Super Bowl LX Megamix,Puerto Rico,hombre,"['reggaeton', 'trap', 'trap latino', 'latin pop', 'rap', 'latin rap', 'pop rap', 'latin trap', 'hip hop']",reggaeton,M,1,1,0,N,True,False
3297955,Natos y Waor & Recycled J,Chillin,3,2093,08/11/12,2012,2010,"Hijos de la Ruina, Vol. 1 - EP",España,grupo,['rap'],rap,M,1,0,0,N,True,False
3297967,Natos y Waor & Recycled J,Hija de Puta,5,1998,08/11/12,2012,2010,"Hijos de la Ruina, Vol. 1 - EP",España,grupo,['rap'],rap,M,1,0,1,Y,False,True
3298017,Natos y Waor & Recycled J,Hijos de la Ruina,8,2555,08/11/12,2012,2010,"Hijos de la Ruina, Vol. 1 - EP",España,grupo,['rap'],rap,M,1,0,1,N,True,False
3298074,Natos y Waor & Recycled J,Medias Tintas,4,4454,08/11/12,2012,2010,"Hijos de la Ruina, Vol. 1 - EP",España,grupo,['rap'],rap,M,1,0,1,Y,False,True
3298103,Natos y Waor & Recycled J,Tiras y aflojas,3,3008,08/11/12,2012,2010,"Hijos de la Ruina, Vol. 1 - EP",España,grupo,['rap'],rap,M,1,1,1,Y,True,False
3298447,Mau y Ricky (Ft. KAROL G),Mi Mala,9,2057,13/10/17,2017,2010,Para Aventuras y Curiosidades,Venezuela,grupo,"['electronic', 'electro-pop', 'portuguese', 'portugal', 'pop', 'doom', 'instrumental', 'sludge', 'indie rock', 'hip-hop', 'latin pop']",electronic,M,0,0,1,Y,True,False
3299437,"Nio García, Casper Mágico & Darell",Te Boté,9,3478,01/12/17,2017,2010,Te boté,Puerto Rico,hombre,"['latin urban', 'reggaeton', 'trap latino']",latin urban,M,1,0,1,Y,True,False
3300478,Kinder Malo & Pimp Flaco (Ft. WBMS),Laberinto de Amor,4,1857,02/11/17,2017,2010,A Veces,España,hombre,"['trap', 'barcelona', 'sadboys', 'hip hop', 'cloud rap', 'rap fecal', 'meme rap']",trap,NM,,,,,True,False
3303531,Nathy Peluso,Corashe,6,1764,02/11/17,2017,2010,Corashe,España,mujer,"['pop', 'rnb', 'argentinian', 'espana', 'from spain', 'spaniard', 'latin pop']",pop,NM,,,,,True,False
3303533,Nathy Peluso,Sandía,7,1806,15/05/17,2017,2010,Esmeralda,España,mujer,"['pop', 'rnb', 'argentinian', 'espana', 'from spain', 'spaniard', 'latin pop']",pop,NM,,,,,True,False
3303536,Nathy Peluso,Alabame,5,1568,13/06/17,2017,2010,Esmeralda,España,mujer,"['pop', 'rnb', 'argentinian', 'espana', 'from spain', 'spaniard', 'latin pop']",pop,NM,,,,,True,False
3303548,Nathy Peluso,Oreen Ishi,7,766,17/02/17,2017,2010,Esmeralda,España,mujer,"['pop', 'rnb', 'argentinian', 'espana', 'from spain', 'spaniard', 'latin pop']",pop,NM,,,,,True,False
3304390,Nathy Peluso,Kun Fu,9,2456,01/02/17,2017,2010,Esmeralda,España,mujer,"['pop', 'rnb', 'argentinian', 'espana', 'from spain', 'spaniard', 'latin pop']",pop,M,1,0,0,N,True,False
3305817,Pablo Alborán,Curo Tus Labios,6,1671,17/11/17,2017,2010,Prometo,España,hombre,"['pop', 'pop rock', 'latin pop', 'nueva copla', 'pablo alborán']",pop,NM,,,,,True,False
3307022,Ozuna (Ft. Cardi B),La Modelo,11,2826,19/12/17,2017,2010,Aura,Puerto Rico,hombre,"['reggaeton', 'latin trap', 'latin urban', 'trap latino', 'hip hop', 'pop', 'east coast hip hop', 'alternative pop', 'hardcore hip hop', 'queer', 'pop rap', 'trap', 'trap soul', 'rap', 'english', 'lick', 'englisch', 'relic inn', 'awful', 'late 2010s']",reggaeton,M,1,0,0,N,True,False
3314992,KEVIN ROLDAN & De La Ghetto,Hacer El Amor,10,2300,03/08/18,2018,2010,Kevin Roldán Edition,Colombia,hombre,"['reggaeton', 'perreo', 'urbano', 'colombian mafe y gabo', 'urban latino', 'latin urban', 'kevin roldan', 'kr', 'si no te enamoras', 'contigo', 'bonita', 'eres mi droga']",reggaeton,M,1,0,0,N,True,False
3316773,Nick Bolt,La Lágrima,6,1317,11/11/16,2016,2010,Criminal,Argentina,mujer,"['pop', 'guys who like to flaunt']",pop,NM,,,,,True,False
3319144,Natos y Waor,Dale gas,8,2934,04/04/11,2011,2010,Por La Jeta,España,grupo,"['rap', 'spanish rap', 'hardcore', 'underground rap', 'hip-hop', 'espana', 'underground hip-hop', 'madrid']",rap,M,1,0,0,N,True,False
3319167,Natos y Waor,Critical,2,2194,04/04/11,2011,2010,Por La Jeta,España,grupo,"['rap', 'spanish rap', 'hardcore', 'underground rap', 'hip-hop', 'espana', 'underground hip-hop', 'madrid']",rap,M,1,0,1,N,True,False
3319860,Natos y Waor,Por la jeta,4,2924,04/04/11,2011,2010,Por La Jeta,España,grupo,"['rap', 'spanish rap', 'hardcore', 'underground rap', 'hip-hop', 'espana', 'underground hip-hop', 'madrid']",rap,NM,,,,,True,False
3320644,Sharif (Ft. Bombony Montana),La traición,6,2887,16/11/17,2017,2010,Acariciado mundo,España,hombre,['rap'],rap,NM,,,,,True,False
3321596,Natos y Waor,Botella para dos,4,1203,16/11/17,2017,2010,Barras Bravas,España,grupo,"['rap', 'spanish rap', 'hardcore', 'underground rap', 'hip-hop', 'espana', 'underground hip-hop', 'madrid']",rap,M,1,0,1,Y,True,False
3322883,DrefQuila,Acompáñame,5,935,01/01/17,2017,2010,Dolce Beijo - EP,Chile,hombre,"['trap', 'rap', 'latin urban', 'hip-hop', 'trap rap', 'trap latino']",trap,M,1,1,0,Y,True,False
3325043,Natos y Waor,Loopings,4,2178,15/02/12,2012,2010,Catarsis,España,grupo,"['rap', 'spanish rap', 'hardcore', 'underground rap', 'hip-hop', 'espana', 'underground hip-hop', 'madrid']",rap,M,1,0,1,Y,True,False
3325129,Natos y Waor,Bonus teck - Es como la cocaína (Remix),4,517,15/02/12,2012,2010,Catarsis,España,grupo,"['rap', 'spanish rap', 'hardcore', 'underground rap', 'hip-hop', 'espana', 'underground hip-hop', 'madrid']",rap,NM,,,,,True,False
3326327,Shotta,Recuerdo,4,2771,16/09/16,2016,2010,Para mi gente,España,hombre,"['rap', 'hip-hop', 'sevilla', 'hip hop', 'hiphop', 'spanish hip-hop', 'shotta']",rap,M,1,0,1,N,True,False
3335720,"Mark B (Ft. DJ Luian, Farruko, Justin Quiles & KEVIN ROLDAN)",Pura Falsedad,13,3229,17/08/17,2017,2010,Pura falsedad,Estados Unidos,hombre,"['latin urban', 'reggaeton', 'rock', 'soft rock', 'blues rock', 'classic rock', 'folk', 'guitar', 'folk rock', 'film score', 'film soundtrack', 'soundtracks', 'border reiver']",latin urban,M,1,1,1,Y,True,False
3338382,Natos y Waor,Cicatrices,7,3583,27/11/17,2017,2010,Cicatrices,España,grupo,"['rap', 'spanish rap', 'hardcore', 'underground rap', 'hip-hop', 'espana', 'underground hip-hop', 'madrid']",rap,NM,,,,,True,False
3347278,Paulo Londra,Condenado Para el Millón,9,3429,04/12/17,2017,2010,Homerun,Argentina,hombre,"['trap', 'white rapper', 'trap latino', 'trap argentino', 'rap', 'cordoba', 'ended', 'messi']",trap,M,1,0,1,Y,True,False
3355109,"Blunted Vato (Ft. Black O, G BENZ & Tymo Benz)",LA GRASA,9,1869,21/11/17,2017,2010,Lirical Teworist II,España,hombre,"['heavy metal', 'hard rock', 'traditional doom metal', 'metal', 'proto doom', 'doom metal', 'rock', 'classic rock', 'british', 'blues rock', 'psychedelic rock', 'birmingham', 'black sabbath', 'untied kingdom', 'reino unido', 'heavy', 'heavy blues', 'english', 'dark', 'england', 'ominous', 'proto-doom', 'nwobhm', 'pop rock', 'jazz-rock', 'want to listen', 'classic pop and rock', 'new wave of british heavy metal', 'reunion']",heavy metal,M,1,0,1,Y,False,True
3367159,Frijo,En Busca de Verdes,15,3329,12/12/17,2017,2010,SXSW 2019 Showcasing Artists,Argentina,hombre,['trap'],trap,M,1,0,1,Y,True,False
3370300,DELLAFUENTE & C. Tangana,Guerrera,9,2914,15/12/17,2017,2010,Guerrera,España,hombre,"['rap', 'hip-hop', '18100', 'granada', 'de', 'que', 'trap', 'spanish hip-hop', 'hip hop', 'trap latino', 'flamenco urbano', 'flamenco']",rap,NM,,,,,True,False
3379774,Batalla de los Dioses,God Level: La Batalla de los Dioses 2,13,5260,21/05/16,2016,2010,Batalla de los Dioses,España,hombre,"['latin rock', 'alternative rock', 'pop rock']",latin rock,NM,0,0,0,N,False,True
3380003,Simpson Ahuevo,Blunt De Guayaba,5,1895,01/01/17,2017,2010,Jorge,México,hombre,"['rap', 'hip hop', 'hip-hop', 'mexican hip-hop', 'mexican hip hop']",rap,M,1,0,0,Y,True,False
3388389,Natos y Waor,Underground Kings,8,1737,22/12/17,2017,2010,Cicatrices,España,grupo,"['rap', 'spanish rap', 'hardcore', 'underground rap', 'hip-hop', 'espana', 'underground hip-hop', 'madrid']",rap,M,1,0,1,N,True,False
3394089,Kidd Keo,Lollypop,6,2311,25/12/17,2017,2010,The Giant,España,hombre,"['trap', 'rap', 'drill', 'alicante', 'spanish trap']",trap,M,1,0,1,N,True,False
3395401,Operación Triunfo 2017,Camina,19,1735,25/12/17,2017,2010,Operación Triunfo 2017 (Duetos),España,grupo,['esto es esparta'],esto es esparta,NM,0,0,0,N,False,True
3397345,Kidd Keo,Trap Life,6,2972,25/12/17,2017,2010,The Giant,España,hombre,"['trap', 'rap', 'drill', 'alicante', 'spanish trap']",trap,M,1,0,1,Y,True,False
3400621,Elenco de Violetta (Ft. Rock Bones & TINI),A Los Cuatro Vientos,8,1306,28/11/13,2013,2010,Violetta En Vivo,Argentina,mujer,"['latin pop', 'cloud rap', 'emo rap', 'hip hop', 'lo-fi', 'trap', 'trap metal', 'underground hip hop', 'pop', 'underground rap', 'gothic', 'indie folk', 'pop rap', 'emo pop', 'lo-fi hip hop', 'rap', 'gangsta rap', 'witch house', 'lofi']",latin pop,NM,,,,,True,False
3402741,"Chris Jedi, J Balvin & Ozuna (Ft. Anuel AA, Arcángel, Cardi B & Offset)",Ahora Dice (Real Hasta La Muerte Remix),11,4834,12/02/18,2018,2010,Spanglish Favorites,Puerto Rico,hombre,"['reggaeton', 'hip-hop', 'trap latino', 'trap', 'latin urban', 'blues', 'rock', 'blues rock', 'pop rock', 'british blues', 'soft rock', 'pop', 'electric blues', 'bookmark', 'british', 'classic pop and rock', 'rock blues']",reggaeton,M,1,0,1,Y,True,False
3407516,La Mafia del Amor,No Me Olvides,7,1806,07/09/15,2015,2010,Pegao en Youtube,España,grupo,"['pop', 'hip hop', 'electronic', 'reggaeton', 'mambo', 'trap']",pop,NM,,,,,True,False
3411728,Costa,Poseidón,6,3125,04/01/18,2018,2010,Maldito,España,hombre,"['breaks', 'electro', 'jungle', 'trance', 'techno', 'ghettotech', 'latin club', 'rap', 'spanish hip hop', 'spanish hip-hop']",breaks,M,1,1,0,Y,True,False
3413078,DAPS (ESP),Lil Nobita,7,2372,27/12/16,2016,2010,Nobita / Aktionsradius,España,hombre,"['techno', 'trance', 'hard trance', 'acid techno', 'acid trance', 'discjockey', 'komponist', 'musikproduzent', 'singstimme', 'uplifting trance']",techno,M,1,0,1,Y,True,False
3413751,Ele A El Dominio,Que Vuelva,7,2250,05/01/18,2018,2010,No contesta,Puerto Rico,hombre,"['hip-hop', 'rap', 'trap', 'reggaeton', 'latin urban', 'trap latino', 'real g4 life', 'hip hop']",hip-hop,M,1,1,1,Y,True,False
3417109,Airbag (ARG),Por mil noches,9,1482,27/11/13,2013,2010,Libertad,Argentina,grupo,"['pop punk', 'power pop', '2000s', 'latin rock']",pop punk,M,0,1,0,N,False,True
3420089,Yung Beef,Intro,8,2872,01/02/18,2018,2010,Adromicfms 4,España,hombre,"['trap', 'reggaeton', 'rap', 'cloud rap', 'spanish trap', 'hip-hop', 'g o a t', 'hip hop']",trap,M,1,0,1,Y,False,True
3420090,Yung Beef,Brazy,5,1842,01/02/18,2018,2010,Adromicfms 4,España,hombre,"['trap', 'reggaeton', 'rap', 'cloud rap', 'spanish trap', 'hip-hop', 'g o a t', 'hip hop']",trap,M,1,1,1,N,True,False
3420091,Yung Beef,Me Perdí en Madrid,7,2574,12/01/18,2018,2010,Adromicfms 4,España,hombre,"['trap', 'reggaeton', 'rap', 'cloud rap', 'spanish trap', 'hip-hop', 'g o a t', 'hip hop']",trap,M,1,0,1,Y,True,False
3420092,Yung Beef,Infierno,6,2136,01/02/18,2018,2010,Adromicfms 4,España,hombre,"['trap', 'reggaeton', 'rap', 'cloud rap', 'spanish trap', 'hip-hop', 'g o a t', 'hip hop']",trap,M,1,1,1,N,True,False
3420095,Yung Beef,Daniela Bregoli,7,1526,03/10/17,2017,2010,Adromicfms 4,España,hombre,"['trap', 'reggaeton', 'rap', 'cloud rap', 'spanish trap', 'hip-hop', 'g o a t', 'hip hop']",trap,M,1,0,1,Y,True,False
3420099,Yung Beef,Valentino Demons,6,2742,01/02/18,2018,2010,Adromicfms 4,España,hombre,"['trap', 'reggaeton', 'rap', 'cloud rap', 'spanish trap', 'hip-hop', 'g o a t', 'hip hop']",trap,M,1,0,1,Y,True,False
3422895,Natos y Waor,Caminaré,8,2495,08/01/18,2018,2010,Cicatrices,España,grupo,"['rap', 'spanish rap', 'hardcore', 'underground rap', 'hip-hop', 'espana', 'underground hip-hop', 'madrid']",rap,NM,,,,,True,False
3424656,Jarabe de Palo,Grita,5,1099,30/09/96,1996,1990,La Flaca,España,grupo,"['rock', 'pop', 'spanish pop', 'latin rock', 'rock en espanol', 'jarabe de palo', 'barcelona', 'pop rock']",rock,M,0,1,0,N,True,False
3432301,"Natalia Lafourcade (Ft. Eugenia León, Los Macorinos & Omara Portuondo)",Desdeñosa,5,1084,09/02/18,2018,2010,"Musas: Un Homenaje al Folclore Latinoamericano en Manos de Los Macorinos, Vol. 2",México,mujer,"['pop', 'folk pop', 'latin pop', 'female vocals', 'latin american', 'rock', 'pop rock']",pop,NM,,,,,True,False
3432448,Various Artists,"Y, ¿Si Fuera Ella? (+ Es +)",4,1340,19/05/17,2017,2010,Gala Latina,compilación,grupo,"['special purpose artist', 'special purpose', 'compilation', 'soundtrack', '9818784', 'score', 'absolute', '2002', '2004', 'disco', '1990s', '2000s', 'virginia', '2000', '2001', 'va', 'aggro berlin', 'aggro', 'virginia beach', 'lamb of god', 'alabama thunderpussy', 'tag spam', 'boot land', 's.a. souvenirs', 'mugwart was a sludge/punk/doom/hardcore band from virginia beach', 'active 1998–2002. emerging from the tidewater crust‑punk/skate scene', 'the group combined punk urgency and hardcore aggression with downtuned sludge heaviness and doom atmosphere. their raw', 'abrasive sound placed them firmly within the late‑1990s/early‑2000s underground', 'while maintaining a distinctly punk ethos. the band’s definitive release is discography (this dark reign recordings', 'tdr‑13', 'usa)', 'which compiles studio material from 1999–2002. tracks were originally issued (or intended) across several small‑label documents: “before you / fallen” — acrude records (crude‑01', 'france)', 'shifty records (sh09', 'compilation. crushers killers destroyers! — shifty records (sh08', 'compilation. doomed — this dark reign recordings (tdr‑001', 'compilation. mugwart performed throughout virginia and the surrounding region', 'sharing stages with grief', 'damad', 'fistula', 'sofa king killer', 'and clutch. in 2011', 'uk extreme‑metal band dragged into sunlight selected mugwart’s track “fallen” for a curated mixtape in terrorizer magazine (issue #285)', 'highlighting the group’s ongoing resonance nearly a decade after disbanding. legacy: though short‑lived', 'mugwart is regarded as a cult', 'foundational act of the virginia sludge/punk/doom underground. their recordings circulate digitally via bandcamp and streaming platforms', 'and their influence continues to be cited by later generations of extreme bands. disambiguation: this is mugwart (virginia beach', 'mugwart (has nothing to do with (“mugwort”)', 'needs to be removed', 'sludge hardcore punk', 'ansage', 'country dreams', 'country', 'mashup', '7″ single. because sometimes two are better than one — split with fistula', '3″ cd. south of hell – 14 songs from the new south — berserker records (ber‑005', 'electronic', 'punk', 'punk rock', 'experimental', 'r&b', 'ronak bhatt', 'ambient', 'artist', 'various', 'release', 'label as artist', 'ncs', 'oldest artist rowid', 'number 1', 'driven by 80s anthems', 'hollywood hits', 'compilatie', 'celtic celebration', 'dfree843', 'cdnnnow128', 'va - we were first - 180 hits in their original versions (2014)', 'fixme', 'world', 'fix me', 'trikitixa', 'sprechgesang', 'fix your tags', 'glass', 'fix', 'oldest artist #1', 'absolute voices', 'fix\u200cme', 'please consider not using this for artist credits', 'm\u200cess', 'put in brackets', 'new generations', 'new generations philip glass', 'leaving on a jet plan', 'bflaminio', 'pop-rock', 'popular', 'live', 'chicago', 'michael jackson', 'ultimate love songs greatest love of all disc 1', 'orthodox', 'nederlands', 'unknown', 'nox', 'wireharp', 'mohsen namjoo', 'klaus baumgart', 'various artists', 'healing sixes', 'la grande sophie', '嫌われ松子の歌たち', 'z103 5 street mix 2k7', 'venezolana', 'niroshima', 'nitzer ebb', 'shankar jaikishan', 'visions', 'razieq', 'rhythm del mundo', 'montuno', 'more 70', 'ussr ministry of culture chamber choir', 'josquin', 'tags', 'kinderliedjes kapiteinwinokio humo', 'soul cargo', 'the welcome committee', 'mimicking birds', 'liturgic', 'miroque', 'liz', 'liz andrade', 'old skool of rock disc 1', 'vera kaa', 'zero t 51', 'tunguska chillout grooves', 'we ll never stop living this way a ghostly primer', 'mega', 'piosenka poetycka muzyka autorska', 'pzzqxnzt6snn_ekrngheoblbupu-', 'pavarotti', 'grase', 'los 24 grandes éxitos de la zarzuela', 'papeete', 'zweiohr', 'ultimatecore', 'lil eazy-e', 'mess mess', 'why are you downvoting the ""mess"" tag? it is a mess!', 'tagmess', 'various artist; not *every* artist', 'shine 4', 'has german audiobooks', 'casanovas', 'мелодии рождества', 'mess mess mess', 'why are you voting down tags that explain stuff', 'you *should* fix your tags', 'still a mess', 'practically all these tags are fail', 'rename into [various artists]', 'please fix', 'tagsmess', 'groom to the gallows', 'megafixme', 'loosers that downvote fixmetags are ...', 'don t use this for artist credits you are to lazy to look-up/make', 'you do realise that every time you downvote a fixme-tag below 0 i unvote it and that tag now permanently stays in the expanded list?', 'kindly fix', 'kindly fixme', 'acoustic best', 'legion of von', 'my sharona', 'cdx', '5099265803', 'experience the classics', 'ƒk₷ℳ€', 'ḟixme', 'i give up on the immature people in the tags here.', 'to the guy that keeps downvoting *every* tag on the va artist', 'rock', 'trance', 'classical', 'pop', 'instrumental', 'rap', 'jazz', 'folk', 'metal', 'new wave', 'hip hop', 'reggae', 'goth', 'opera', 'indie', 'kpop', 'new age', 'psytrance', 'lounge', 'classic', 'christmas', 'folklore', 'progressive trance', 'musical', 'psychobilly', 'drum bass', 'choral', 'meditation', 'japan', 'ost', 'basque', 'beethoven', 'calypso', 'ragga', 'full of fail tags', 'bareto', 'frédéric chopin', 'ibiza', 'musica', 'john coltrane', 'hemi-sync', 'bioshock soundtrack', 'gérard palaprat', 'mary j blige', 'bravo hits', 'infantil', 'dresch', 'africa middle east', 'classique', '80 s fresh new', 'classwar karaoke', 'elc chritmas', 'futebol', 'gospel religious', 'armin van buuren', 'absolute reggae', 'hot hits', 'celtic spirit vol 7', 'es lebe der punk', 'tejano', 'devotional', 'alirio diaz', 'jucanto', 'educacion', 'andrade', 'sunshine', 'marilyn manson', 'cobles', 'kinderchöre', 'die drei', 'sonic seducer cold hands vi', 'andre powels', 'hillbilly', 'birthday', 'foreign language', 'andrew york', 'fjord', 'shwetabh sucks', 'dedicated to you vol 1', 'adam beyer', 'billboard 1 hits', ""don't rate the va artist ffs what"", '50cents', 'breakout artists', 'desperado', '101 moments in music', 'greatest ever! punk & new wave: the definitive collection', 'volkstümliche musik', '2014', 'likedis auto', 'a crooner collection', 'bravo hits 82', 'devotional buddhist chants', 'fail tags', 'fix tags', 'stop using this for artist credits you are to lazy to look-up/make', ""don't rate the va artist"", ""don't tag the va artist"", 'messy tags', '2001 space odyssey', '2017', 'no this is still a mess', 'stop using this for artist credits you are to lazy to look-up/make. srsly', 'faaaaaail', 'failtags', 'fix mess', 'don t tag the va artist (yes i am aware of this irony)', 'don t rate the va artist', ""don't use this for artist credits you are to lazy to look-up/make"", 'stop using this for artist credits period!', '[various artists]', 'f to the i to the x to the m to the e', 'do not using this for artist credits', 'please rename to [various artists]', ""don't tag or rate the various artist"", '21 throwback jams', ""bring up on-par with the other spa's and put this in brackets"", ""every-time you and others downvote. it registers in your tags. then i remove my vote. presto! you're the only one keeping it here!"", 'chillout', 'meta artist', 'blues', 'ska', 'electro', 'bluegrass', 'rockabilly', 'fusion', 'blues rock', 'country rock', 'rock and roll', 'club', 'candombe', 'berlin school', 'binaural beats', 'local music of iran', 'backstreet boys', 'fuzzy artist', 'apparently people are unable to comprehend what ""various artists"" is', ""don't tag the va artist wtf"", 'no matter how long you keep voting down the ""fixme"" tag i will fight you. this should be fixed', 'jungle', 'eurodance', 'soft rock', 'stop using this for artist credits you are to lazy to look-up/make. ffs!', 'tango', 'alternative pop ballad club dance electro france chanson german trance hip-hop rnb rock music soul vocal house', 'http musicbrainz org release-group b2aa521d-001b-34ad-a5e9-ca310e55b254 html', 'http://www.musik-sammler.de/cover/734500/734011.jpg', 'mess', '1 16 217528 150 13231 25894 39556 62358 75112 86121 96491 108473 122788 134485 144086 155376 166189 186497 197822']",special purpose artist,NM,,,,,True,False
3435061,Natos y Waor,Piratas,4,1988,13/02/18,2018,2010,Cicatrices,España,grupo,"['rap', 'spanish rap', 'hardcore', 'underground rap', 'hip-hop', 'espana', 'underground hip-hop', 'madrid']",rap,NM,,,,,True,False
3437107,Paulo Londra,Nena Maldición,9,2367,29/01/18,2018,2010,Homerun,Argentina,hombre,"['trap', 'white rapper', 'trap latino', 'trap argentino', 'rap', 'cordoba', 'ended', 'messi']",trap,M,1,0,0,Y,False,True
3437270,Gaby Moreno,La Malagueña,9,798,,2016,2010,Ilusión,Guatemala,mujer,"['jazz', 'blues', 'soul', 'kgrl', 'luisterpaal', 'american', 'rhythm and blues']",jazz,NM,0,0,0,N,False,True
3442667,Laura Pausini,Niebla Gris,8,880,16/03/18,2018,2010,Hazte sentir,Italia,mujer,"['pop', 'italian', 'italian pop', 'ballad', 'adult contemporary', 'soft rock', 'easy listening', 'chanson', 'europop', 'latin pop', 'simon and']",pop,NM,0,0,0,N,False,True
3443005,Arcángel & DJ Luian,50 Sombras de Austin,9,2259,02/11/15,2015,2010,Los Favoritos,Puerto Rico,hombre,"['flamenco', 'contemporary flamenco', 'reggaeton', 'nuevo flamenco', 'trap', 'cantaor', 'latin urban', 'trap latino']",flamenco,M,1,1,0,Y,True,False
3445572,Natos y Waor,Alfa y Omega,5,2537,13/02/18,2018,2010,Cicatrices,España,grupo,"['rap', 'spanish rap', 'hardcore', 'underground rap', 'hip-hop', 'espana', 'underground hip-hop', 'madrid']",rap,M,1,0,0,N,False,True
3445577,Natos y Waor,Bicho Raro,6,2338,13/02/18,2018,2010,Cicatrices,España,grupo,"['rap', 'spanish rap', 'hardcore', 'underground rap', 'hip-hop', 'espana', 'underground hip-hop', 'madrid']",rap,M,1,0,0,N,True,False
3446810,Natos y Waor,Pecados,5,2037,13/02/18,2018,2010,Cicatrices,España,grupo,"['rap', 'spanish rap', 'hardcore', 'underground rap', 'hip-hop', 'espana', 'underground hip-hop', 'madrid']",rap,M,1,1,0,N,False,True
3450107,Melendi,El Arrepentido,8,1789,18/01/18,2018,2010,Ahora,España,hombre,"['pop', 'flamenco', 'new flamenco', 'rumba', 'melendi', 'rock']",pop,NM,,,,,True,False
3453658,Natos y Waor,Generación Perdida,2,1693,31/01/18,2018,2010,Cicatrices,España,grupo,"['rap', 'spanish rap', 'hardcore', 'underground rap', 'hip-hop', 'espana', 'underground hip-hop', 'madrid']",rap,M,1,0,0,Y,True,False
3454252,Natos y Waor,Ey Mamá,5,1658,13/02/18,2018,2010,Cicatrices,España,grupo,"['rap', 'spanish rap', 'hardcore', 'underground rap', 'hip-hop', 'espana', 'underground hip-hop', 'madrid']",rap,M,1,1,0,N,True,False
3461840,"Jon Z (Ft. Almighty, De La Ghetto, El Alfa, Ele A El Dominio, Jeycyn, Juanka, Lyan, Miky Woodz, Noriel & Pusho)",Viajo Sin Ver (Remix),1,12950,02/08/18,2018,2010,JonTrapVolta,Puerto Rico,hombre,"['hip hop', 'latin urban', 'pop rap', 'east coast hip hop', 'grammy winner', 'boom bap', 'pop', 'hardcore hip hop', 'chipmunk soul', 'rap', 'rapper', 'us', 'mashup', 'new york hip hop', 'luxury rap', 'relic inn', 'hip-hop', 'hiphop', 'hip hop rnb and dance hall', 'united states']",hip hop,M,1,0,1,Y,True,False
3464459,Natos y Waor,Autodestrucción,7,1713,13/02/18,2018,2010,Cicatrices,España,grupo,"['rap', 'spanish rap', 'hardcore', 'underground rap', 'hip-hop', 'espana', 'underground hip-hop', 'madrid']",rap,M,1,0,1,Y,True,False
3467785,"Easykid, DrefQuila, Paulo Londra & Trainer",Mvp (Remix),11,3492,22/01/18,2018,2010,#NAME?,Chile,hombre,"['reggaeton', 'neoperreo', 'hip-hop', 'rage', 'pop rap', 'breakbeat', 'liquid drum and bass', 'rnb', 'electronic']",reggaeton,M,1,0,1,Y,True,False
3468625,Aitana & Ana Guerra,Lo Malo,9,2171,29/01/18,2018,2010,Sus Canciones (Operación Triunfo 2017),España,mujer,"['pop', 'rock', 'pop rock', 'latin pop', 'trash pop', 'electro-pop', 'electropop', 'female vocals', '2020s']",pop,NM,,,,,True,False
3476648,Aitana,Arde,8,782,29/01/18,2018,2010,Sus Canciones (Operación Triunfo 2017),España,mujer,"['pop', 'rock', 'pop rock', 'latin pop', 'trash pop', 'electro-pop']",pop,NM,,,,,True,False
3476987,Lyanno,Debilidad,7,1991,11/05/16,2016,2010,Debilidad,Puerto Rico,hombre,"['rnb', 'reggaeton', 'urban', 'male vocalist', 'latin urban', 'trap latino']",rnb,M,1,1,1,Y,True,False
3496417,Paulo Londra,Noche Complicada,7,2361,20/04/18,2018,2010,SXSW 2019 Showcasing Artists,Argentina,hombre,"['trap', 'white rapper', 'trap latino', 'trap argentino', 'rap', 'cordoba', 'ended', 'messi']",trap,NM,,,,,True,False
3499009,C. Tangana,Still Rapping,7,1657,05/02/18,2018,2010,Avida Dollars,España,hombre,"['rap', 'hip-hop', 'rnb', 'hip hop', 'flamenco pop', 'trap', 'pop rap']",rap,M,0,0,1,N,True,False
3502925,Nathy Peluso,La Sandunguera,6,2017,06/02/18,2018,2010,La Sandunguera - EP,España,mujer,"['pop', 'rnb', 'argentinian', 'espana', 'from spain', 'spaniard', 'latin pop']",pop,NM,,,,,True,False
3503133,Nathy Peluso,Estoy Triste,4,798,06/04/18,2018,2010,La Sandunguera - EP,España,mujer,"['pop', 'rnb', 'argentinian', 'espana', 'from spain', 'spaniard', 'latin pop']",pop,NM,,,,,True,False
3503137,Nathy Peluso,Hot Butter,8,1653,06/04/18,2018,2010,La Sandunguera - EP,España,mujer,"['pop', 'rnb', 'argentinian', 'espana', 'from spain', 'spaniard', 'latin pop']",pop,M,1,0,1,Y,True,False
3505066,Melendi,Desde Que Estamos Juntos,6,2365,11/11/16,2016,2010,Quítate las Gafas,España,hombre,"['pop', 'flamenco', 'new flamenco', 'rumba', 'melendi', 'rock']",pop,M,1,0,0,N,True,False
3510945,SFDK,Contradicciones,4,2304,02/03/18,2018,2010,Redención,España,grupo,"['hip-hop', 'rap', 'spanish hip-hop', 'spanish rap', 'hip hop', 'sfdk']",hip-hop,NM,,,,,True,False
3514048,El Parcerito,Ni Aquí Ni de Allá,5,1494,22/11/17,2017,2010,Leyenda y tradición - Las grandes norteñas de los Ídolos del Pueblo,Estados Unidos,grupo,"['rock', 'blues']",rock,NM,,,,,True,False
3524844,Bad Bunny,Amorfoda,4,1594,14/02/18,2018,2010,Amorfoda,Puerto Rico,hombre,"['reggaeton', 'trap', 'trap latino', 'latin pop', 'rap', 'latin rap', 'pop rap', 'latin trap', 'hip hop']",reggaeton,M,0,0,1,N,True,False
3528589,Paulo Londra,Y Yo No Sé,8,2407,23/05/19,2019,2010,Homerun,Argentina,hombre,"['trap', 'white rapper', 'trap latino', 'trap argentino', 'rap', 'cordoba', 'ended', 'messi']",trap,M,1,1,1,Y,True,False
3529003,Melendi,Mi Código Postal,6,1846,16/02/18,2018,2010,Ahora,España,hombre,"['pop', 'flamenco', 'new flamenco', 'rumba', 'melendi', 'rock']",pop,NM,,,,,True,False
3529948,Farruko & Bad Bunny,La Cartera,8,3776,19/04/19,2019,2010,Gangalee,Puerto Rico,hombre,"['reggaeton', 'reggaeton-boriqua', 'autotune', 'officially shit', 'urbano latino', 'farruko', 'trap latino', 'latin urban']",reggaeton,M,1,0,1,Y,True,False
3539967,La Mafia del Amor,Xapiadora,9,2645,07/09/15,2015,2010,Xapiadoras The Mixtape,España,grupo,"['pop', 'hip hop', 'electronic', 'reggaeton', 'mambo', 'trap']",pop,M,1,0,1,Y,False,True
3540025,La Mafia del Amor,Boss Shit,4,1485,13/07/17,2017,2010,Reggaeton Antiguo,España,grupo,"['pop', 'hip hop', 'electronic', 'reggaeton', 'mambo', 'trap']",pop,M,1,0,1,Y,True,False
3541549,Frijo & Rodridi,No la Puedo Olvidar,7,1948,21/02/18,2018,2010,Porque te quiero,Argentina,grupo,['trap'],trap,NM,,,,,True,False
3542245,La Mafia del Amor,Es De La Mafia,6,1649,13/07/17,2017,2010,Reggaeton Antiguo,España,grupo,"['pop', 'hip hop', 'electronic', 'reggaeton', 'mambo', 'trap']",pop,M,1,0,1,Y,True,False
3542784,El Che (Ft. Ele A El Dominio & Lito Kirino),Yo no sé (Remix),9,3804,04/07/18,2018,2010,No contesta,Puerto Rico,hombre,['hip hop'],hip hop,M,1,0,1,Y,True,False
3544681,Thomaz (VEN),La Muñeca,15,2037,22/02/18,2018,2010,Si Tu Te Vas,México,grupo,"['regional mexicano', 'tierra caliente']",regional mexicano,M,1,0,0,N,True,False
3545668,La Mafia del Amor,Dice Que No Me Quiere,7,2130,13/07/17,2017,2010,Reggaeton Antiguo,España,grupo,"['pop', 'hip hop', 'electronic', 'reggaeton', 'mambo', 'trap']",pop,M,1,1,1,Y,True,False
3552158,DAPS (ESP),KIDS N' DRUGS,6,2230,29/01/18,2018,2010,Generación Nintendo,España,hombre,['trap'],trap,M,1,0,0,Y,True,False
3555540,Ele A El Dominio,Te Cansaste,7,2086,02/03/18,2018,2010,Super Saiyan Flow,Puerto Rico,hombre,"['hip-hop', 'rap', 'trap', 'reggaeton', 'latin urban', 'trap latino', 'real g4 life', 'hip hop']",hip-hop,M,1,1,1,Y,True,False
3557933,Los Campesinos de Bambamarca,La chismosa,4,565,,2006,2000,En orbita,Colombia,grupo,"['indie pop', 'british', 'welsh', 'indie', 'rock and indie', 'britannique', 'indie rock', 'twee pop', 'cardiff']",indie pop,M,0,0,1,Y,True,False
3559774,Atomic Otro Way,Con El Humo,17,2206,09/02/16,2016,2010,Prende Un Porro,República Dominicana,hombre,"['dembow', 'reggaeton', 'trap latino']",dembow,M,1,1,1,Y,True,False
3568455,DAPS (ESP),Acuérdate,5,2251,02/03/18,2018,2010,"Acuérdate, acuérdate / Las menuderas",México,hombre,['trap'],trap,M,0,1,1,Y,True,False
3569953,Paulo Londra,Forever Alone,7,1983,13/02/19,2019,2010,Homerun,Argentina,hombre,"['trap', 'white rapper', 'trap latino', 'trap argentino', 'rap', 'cordoba', 'ended', 'messi']",trap,NM,,,,,True,False
3572023,Melendi,Lo Nuestro Fue Muy Top,9,1647,09/03/18,2018,2010,Ahora,España,hombre,"['pop', 'flamenco', 'new flamenco', 'rumba', 'melendi', 'rock']",pop,NM,,,,,True,False
3572033,Melendi,Mírame,7,1408,09/03/18,2018,2010,Ahora,España,hombre,"['pop', 'flamenco', 'new flamenco', 'rumba', 'melendi', 'rock']",pop,NM,0,0,0,N,False,True
3572034,Melendi,Lo Que Nos Merecemos,8,1620,09/03/18,2018,2010,Ahora,España,hombre,"['pop', 'flamenco', 'new flamenco', 'rumba', 'melendi', 'rock']",pop,M,1,0,0,N,True,False
3572035,Melendi,Para Que No Se Te Escapen Tus Mariposas,10,2431,09/03/18,2018,2010,Ahora,España,hombre,"['pop', 'flamenco', 'new flamenco', 'rumba', 'melendi', 'rock']",pop,NM,,,,,True,False
3572037,Melendi,Tiempo De Re-Evolución,6,1263,09/03/18,2018,2010,Ahora,España,hombre,"['pop', 'flamenco', 'new flamenco', 'rumba', 'melendi', 'rock']",pop,NM,,,,,True,False
3572038,Melendi,Déjala Que Baile,10,1995,09/03/18,2018,2010,Ahora,España,hombre,"['pop', 'flamenco', 'new flamenco', 'rumba', 'melendi', 'rock']",pop,NM,0,0,0,N,False,True
3572039,Melendi,Negro Sin Ti,7,1286,09/03/18,2018,2010,Ahora,España,hombre,"['pop', 'flamenco', 'new flamenco', 'rumba', 'melendi', 'rock']",pop,NM,0,0,0,N,False,True
3572040,Melendi,Habitantes de un Mismo Planeta,9,1884,09/03/18,2018,2010,Ahora,España,hombre,"['pop', 'flamenco', 'new flamenco', 'rumba', 'melendi', 'rock']",pop,NM,,,,,True,False
3572041,Melendi,Como el Agua y el Aceite,10,2212,09/03/18,2018,2010,Ahora,España,hombre,"['pop', 'flamenco', 'new flamenco', 'rumba', 'melendi', 'rock']",pop,NM,,,,,True,False
3572957,David Bisbal,Si No Te Hubieras Ido,6,903,05/10/17,2017,2010,Todos Somos MAS,España,hombre,"['pop', 'latin pop', 'davis bisbal', 'david bisbal', 'operacion triunfo', 'spanish pop']",pop,NM,0,0,0,N,False,True
3573156,"El Alfa (Ft. Bryant Myers, Chencho Corleone, Jon Z, Miky Woodz & Noriel)",Suave (Remix),14,5479,24/08/18,2018,2010,El Hombre,República Dominicana,hombre,"['dembow', 'reggaeton']",dembow,M,1,0,1,Y,True,False
3578264,Arcángel (Ft. La Exce),Pa' Morir Se Nace,9,2620,13/07/18,2018,2010,Ares,Puerto Rico,hombre,"['latin urban', 'reggaeton', 'trap latino']",latin urban,M,1,1,1,Y,True,False
3578486,"Amarion (Ft. Ñengo Flow, Jon Z, Juanka, Kendo Kaponi, Myke Towers, Pacho El Antifeka, Tempo & Yomo)",Gangster,15,8789,17/03/18,2018,2010,El Alfa & el Omega,Puerto Rico,hombre,"['reggaeton', 'trap latino']",reggaeton,M,1,1,1,N,True,False
3580228,Piso 21,Te Amo,9,2268,15/03/18,2018,2010,Ubuntu,Colombia,grupo,"['reggaeton', 'pop', 'brutal death metal', 'shit music', 'boy band', 'boybands', 'latin pop']",reggaeton,NM,,,,,True,False
3580773,D.OZi (Ft. Divino),No Llores,10,3997,16/09/14,2014,2010,El Suero De La Calle,Puerto Rico,hombre,"['latin urban', 'reggaeton']",latin urban,M,0,0,1,Y,False,True
3583254,Jamby El Favo,Difamando,13,2295,15/03/18,2018,2010,Hecho en Medellín,Colombia,hombre,"['reggaeton', 'urban', 'trap', 'latin urban', 'puertorican', 'urbano latino']",reggaeton,M,1,0,1,Y,True,False
3584932,David Bisbal & Sebastián Yatra,A Partir De Hoy,8,2026,16/03/18,2018,2010,En Tus Planes,España,hombre,"['pop', 'latin pop', 'davis bisbal', 'david bisbal', 'operacion triunfo', 'spanish pop', 'ballad']",pop,NM,0,0,0,N,False,True
3585263,Andrés Cepeda,Te Voy a Amar,8,1626,16/03/18,2018,2010,Trece,Colombia,hombre,"['latin pop', 'pop', 'andres cepeda', 'rock colombiano', 'pop rock']",latin pop,NM,,,,,True,False
3587979,Rihanna,Hate That I Love You (Spanglish Version),10,1585,28/04/08,2008,2000,Good Girl Gone Bad: Reloaded (Latin American Edition),Estados Unidos,mujer,"['pop', 'rnb', 'dance', 'hip-hop', 'rihanna', 'r&b', 'hip hop', 'american', 'reggae', 'contemporary r&b', 'dance-pop', 'dancehall', 'electropop', 'influential pop star', 'pop soul', 'barbadian', 'electro house', 'pop culture', 'female vocal', 'pop star', 'barbade', 'barbadien', 'barbados', 'contemporary r b', 'edm', 'female vocals', 'icon', 'pop and chart', 'rehab']",pop,NM,,,,,True,False
3595967,Alex Rose (Ft. Lyanno),Déjate Llevar,9,2282,20/03/18,2018,2010,Sexflix,Estados Unidos,hombre,"['2010s', '2020s', 'dembow', 'latin trap', 'reggaeton', 'trap latino']",2010s,M,1,0,0,N,True,False
3596863,C. Tangana,Llorando en la Limo,7,1205,22/03/18,2018,2010,Avida Dollars,España,hombre,"['rap', 'hip-hop', 'rnb', 'hip hop', 'flamenco pop', 'trap', 'pop rap']",rap,M,1,0,0,N,True,False
3597372,C.R.O (Bardero$),Mi chaqueta de cuero,3,838,20/03/18,2018,2010,C.R.O - MDBCrew Vol 2,Argentina,hombre,"['hip hop', 'pop rap', 'rap', 'german', 'deutsch']",hip hop,M,1,0,1,Y,True,False
3598113,J Álvarez,Te Necesito,8,1716,30/03/18,2018,2010,La Fama Que Camina,Puerto Rico,hombre,"['reggaeton', 'latin urban']",reggaeton,M,0,1,0,Y,True,False
3607590,C. Tangana,Cuando Me Miras,7,1375,20/04/18,2018,2010,Avida Dollars,España,hombre,"['rap', 'hip-hop', 'rnb', 'hip hop', 'flamenco pop', 'trap', 'pop rap']",rap,M,1,0,0,N,False,True
3609909,David Bisbal,No Importa la Distancia,6,837,11/03/16,2016,2010,We Love Disney (Latino),España,hombre,"['pop', 'latin pop', 'davis bisbal', 'david bisbal', 'operacion triunfo', 'spanish pop']",pop,NM,,,,,True,False
3612016,Becky G & NATTI NATASHA,Sin Pijama,10,2072,20/04/18,2018,2010,Sin Pijama — Single,Estados Unidos,mujer,"['pop', 'rap', 'hip-hop', 'hip hop', 'american', 'reggaeton', 'latin pop', 'latin urban', 'pop rap', 'contemporary r&b', 'cumbia', 'dance-pop', 'mexican traditions', 'stage & screen', 'teen pop']",pop,M,1,0,0,N,True,False
3612653,"Wise ""The Gold Pen"" & DJ Luian (Ft. Zion & Lennox)",En la Nada,10,1983,14/07/15,2015,2010,14F,Puerto Rico,grupo,"['reggaeton', 'latin urban', 'urbano latino']",reggaeton,NM,,,,,True,False
3617112,Cazzu,Chapiadora,10,3720,30/03/18,2018,2010,Chapiadora,Argentina,mujer,"['pop', 'hip-hop', 'trap', 'rnb', 'trap latino', 'reggaeton', 'booba', 'latin rnb', 'latin dance', 'urbano']",pop,M,0,0,1,Y,True,False
3631856,Eladio Carrión,Mi Cubana,8,2546,05/12/16,2016,2010,CORSA,Puerto Rico,hombre,"['pop', 'latin pop', 'hip hop', 'reggaeton', 'trap latino']",pop,M,1,0,1,Y,True,False
363308,Wisin & Yandel,Rakata,8,1915,27/01/05,2005,2000,Pa’l Mundo,Puerto Rico,grupo,"['reggaeton', 'dance', 'wisin y yandel', 'hip-hop', 'pop', 'latin urban', 'freaky', 'san francisco', 'nyc', 'guilty pleasure', 'memories', 'get', 'spanish lyrics']",reggaeton,M,1,1,0,N,True,False
3635907,Lunay,Si Te Vas Conmigo,9,1711,11/05/18,2018,2010,Si Te Vas Conmigo,Puerto Rico,hombre,"['reggaeton', 'anitta', 'racist', 'urban', 'latin urban']",reggaeton,M,1,1,0,Y,True,False
3636477,La Zista (Ft. Ele A El Dominio),La Viuda Negra,5,1866,11/01/18,2018,2010,La viuda negra,Puerto Rico,mujer,"['latin urban', 'reggaeton', 'hip hop']",latin urban,M,1,1,1,Y,True,False
3637461,Luis Miguel,Llamarada,6,1096,24/11/17,2017,2010,¡MÉXICO Por Siempre!,México,hombre,"['boleros', 'baladas', 'pop', 'luis miguel', 'latin pop']",boleros,NM,0,0,0,N,False,True
3639534,"Tali, Messiah & Lápiz Conciente",La Deuda,8,3730,27/03/18,2018,2010,B.E.N.I.T.O,República Dominicana,hombre,"['drum and bass', 'female vocalist', 'dnb', 'electronic', 'drum n bass', 'luxembourg', 'pop', 'eurovision song contest', 'new zealand', 'mc', 'jungle', 'dance', 'house', 'electro', 'singer', 'deep house', 'techno', 'electronica', 'breakbeat', 'psytrance', 'breaks', 'indie dance', 'freestyle', 'grime', 'caribbean', 'liquid funk', 'deep dubstep', 'organic house']",drum and bass,M,0,1,1,Y,True,False
364088,Zar1 & El$$o Rodríguez,Caras Sucias,5,1991,20/12/13,2013,2010,Feelmatic,España,hombre,['trap'],trap,M,1,0,0,N,True,False
3640901,Miky Woodz (Ft. Bad Bunny),Estamos Clear,8,5337,20/04/18,2018,2010,El OG,Puerto Rico,hombre,"['hip hop', 'latin urban', 'reggaeton', 'trap latino']",hip hop,M,1,0,1,Y,True,False
3642940,Ramona,Vete con Él,5,622,15/09/15,2015,2010,La Segunda Luz del Día,México,grupo,"['acoustic', 'indie rock', 'power pop', 'emo', 'rock brasil', 'indie pop', 'electronic', 'rock rool brasil', 'acoustic rock', 'pop rock']",acoustic,NM,,,,,True,False
3646818,J Balvin & Zion & Lennox,No Es Justo,8,2955,11/05/18,2018,2010,Vibras,Colombia,hombre,"['reggaeton', 'pop', 'latin pop', 'hot', 'dancehall', 'trap', 'hip hop', 'columbia', 'kolumbien', 'spanisch', 'latin urban', 'rnb']",reggaeton,M,1,1,0,Y,False,True
3648351,Krisspy,El Pompo,12,1944,30/09/17,2017,2010,El bombazo típico,República Dominicana,hombre,"['merengue', 'dominican', 'dominican merengue', 'dominican merengue tipico', 'merengue tipico']",merengue,M,1,0,1,Y,True,False
3650383,Carlos Rivera,Me Muero,8,1198,13/04/18,2018,2010,Guerra,México,hombre,"['pop', 'latin pop', 'ranchera']",pop,NM,,,,,True,False
3651346,El Alfa,Banda De Camión,9,2884,16/08/16,2016,2010,Éxitos (Vol. 01),República Dominicana,hombre,"['dembow', 'reggaeton', 'world', 'hip-hop', 'e', 'd', 'o']",dembow,M,1,0,1,Y,True,False
3652187,"Ñengo Flow, Casper Mágico, Sinfónico, Darell, Ele A El Dominio, Jon Z & Mackie",Me Compré Un Full (Real G Remix),11,6604,12/06/18,2018,2010,Sinfónico Presenta: Me Compré Un Full,Puerto Rico,hombre,"['reggaeton', 'rap', 'gangsta rap', 'trap', 'hip-hop', 'malianteo', 'the goat', 'hip hop', 'trap latino']",reggaeton,M,1,1,1,N,True,False
3659560,Bea Pelea,Házmelo Otra Vez,6,1901,11/12/16,2016,2010,Salsa pop,Cuba,hombre,"['reggaeton', 'neoperreo', 'female singer', 'classic reggaeton', 'spanish or latin artists', 'neo perreo', 'salsa']",reggaeton,M,1,0,1,Y,True,False
3660679,PXXR GVNG,Intro,2,1422,28/08/15,2015,2010,Los Pobres,España,grupo,"['trap', 'hip hop', 'electronic', 'barcelona', 'mierda', 'meme music', 'buena musica']",trap,NM,,,,,True,False
3660680,PXXR GVNG,Cambios,5,1978,28/08/15,2015,2010,Los Pobres,España,grupo,"['trap', 'hip hop', 'electronic', 'barcelona', 'mierda', 'meme music', 'buena musica']",trap,M,1,0,1,Y,False,True
3660682,PXXR GVNG,Ex-Drugdealer,9,3247,27/11/14,2014,2010,Los Pobres,España,grupo,"['trap', 'hip hop', 'electronic', 'barcelona', 'mierda', 'meme music', 'buena musica']",trap,M,1,0,1,Y,False,True
3665249,Kany García,A Mis Amigos,8,1203,18/05/18,2018,2010,Soy Yo,Puerto Rico,mujer,"['latin pop', 'objetivo fama', 'kany garcia', 'romantica', 'great pop', 'pop', 'reggaeton', 'world']",latin pop,NM,0,0,0,N,False,True
3668836,Apolo Kidd (Ft. LIT killah),Una Vez Más,8,2485,23/04/18,2018,2010,Una Vez Más,Argentina,hombre,['trap'],trap,NM,,,,,True,False
3673509,PJ Sin Suela (Ft. Myke Towers),Que Tu Sabes De Esto,5,2462,24/04/18,2018,2010,Los Compas,Puerto Rico,hombre,"['latin urban', 'reggaeton', 'trap latino']",latin urban,M,1,0,1,Y,True,False
3678968,Farruko (Ft. Daddy Yankee & Yomo),Pa' Romper La Discoteca,8,3517,22/01/11,2011,2010,Pa' romper la discoteca,Puerto Rico,hombre,"['reggaeton', 'latin urban', 'trap latino', 'hip hop', 'reggae', 'latin pop', 'electronic', 'rap', 'dance', 'english', 'hip hop rnb and dance hall', 'englisch']",reggaeton,M,1,1,1,Y,True,False
3680374,Cali y El Dandee,Sirena,10,2144,27/04/18,2018,2010,Fiesta,Colombia,grupo,"['pop', 'male vocalist', 'reggaeton', 'electronic', 'cali', 'spanish hip-hop', 'latin pop', 'latin urban']",pop,NM,0,0,0,N,False,True
3680931,Pantoja,Obsesión,6,769,27/04/18,2018,2010,Trébol,Colombia,hombre,['bolero'],bolero,NM,,,,,True,False
3681019,Pantoja,Miénteme,5,527,25/11/16,2016,2010,Trébol,Colombia,hombre,['bolero'],bolero,NM,,,,,True,False
3681082,Pantoja,Tus Ojos,6,790,01/01/16,2016,2010,Trébol,Colombia,hombre,['bolero'],bolero,NM,,,,,True,False
3681245,Pantoja,Plazos Traicioneros,4,535,01/01/16,2016,2010,Trébol,Colombia,hombre,['bolero'],bolero,NM,0,0,0,N,False,True
3681302,Pantoja,Enamorado de Ti,3,696,13/10/17,2017,2010,Trébol,Colombia,hombre,['bolero'],bolero,NM,,,,,True,False
3683983,C.R.O (Bardero$),Ruinas,5,1128,23/03/17,2017,2010,C.R.O - Rock,Argentina,grupo,"['hip hop', 'pop rap', 'rap', 'german', 'deutsch']",hip hop,M,1,0,0,N,False,True
3687129,Zacarías Ferreira,Te Quiero A Morir,6,1645,18/05/17,2017,2010,El Amor,República Dominicana,hombre,"['bachata', 'batata']",bachata,NM,0,0,0,N,False,True
3687927,Maluma,Marinero,12,1928,04/05/18,2018,2010,F.A.M.E.,Colombia,hombre,"['reggaeton', 'pop', 'sexy', 'latin pop', 'hot', 'brutal death metal', 'latin urban', 'trap latino', 'english', 'pop rock', 'trap music', 'urbano', 'urbano latino', 'urbano music']",reggaeton,M,1,0,0,N,True,False
3688838,Paulo Londra,Dímelo,9,2121,07/05/18,2018,2010,Homerun,Argentina,hombre,"['trap', 'white rapper', 'trap latino', 'trap argentino', 'rap', 'cordoba', 'ended', 'messi']",trap,NM,,,,,True,False
3694155,Fonseca,Vine a Buscarte,10,1870,,1979,1970,Conexión,Colombia,hombre,"['latin pop', 'pop', 'fonseca', 'world', 'vallenato']",latin pop,M,1,0,0,N,False,True
3700206,Pantoja,Llanto de Luna,2,380,,2016,2010,Trébol,Colombia,hombre,['bolero'],bolero,NM,,,,,True,False
3700225,Pantoja,Si Te Contara,3,587,,2016,2010,Trébol,Colombia,hombre,['bolero'],bolero,NM,,,,,True,False
3700240,Pantoja,Desvelo de Amor,7,683,,2016,2010,Trébol,Colombia,hombre,['bolero'],bolero,NM,,,,,True,False
3700275,Pantoja,Realidad y Fantasía,3,447,,2016,2010,Trébol,Colombia,hombre,['bolero'],bolero,NM,,,,,True,False
3702946,Secreto El Famoso Biberón,Real Guerrero,7,1975,24/03/18,2018,2010,El Taxi 2016 - Compilation (Reggaeton Dembow Urbano Latin Hits),República Dominicana,hombre,"['reggaeton', 'latin urban']",reggaeton,NM,,,,,True,False
3703524,Bryant Myers & Bad Bunny,Triste,11,3254,27/07/18,2018,2010,La Oscuridad,Puerto Rico,hombre,"['reggaeton', 'trap', 'pandereta', 'duro con la boca', 'latin urban', 'el rap e como ma acelerao y el trap e como ma lento ma ocuro', 'el que pego el tra', 'brayansito', 'trap latino', 'voice actor']",reggaeton,NM,0,0,0,N,False,True
3704402,Banda Los Recoditos,Pistearé,12,1107,16/10/15,2015,2010,Me Está Gustando,México,grupo,"['banda', 'mexicana', 'folk', 'traditional', 'regional mexican', 'latin grammy winner', 'latin grammy nominee', 'banda sinaloense', 'regional mexicano']",banda,NM,,,,,True,False
3707280,Kidd Keo,Miss U,5,1869,05/07/18,2018,2010,Keoland,España,hombre,"['trap', 'rap', 'drill', 'alicante', 'spanish trap']",trap,NM,,,,,True,False
3710713,Pantoja,"Si Sale el Sol, Hoy Yo Te Espero",7,533,,2013,2010,Viarteria,Colombia,hombre,['bolero'],bolero,NM,,,,,True,False
371110,Romeo Santos,Inocente,12,1798,25/02/14,2014,2010,"Fórmula, Vol. 2",Estados Unidos,hombre,"['bachata', 'pop', 'latin pop', 'rnb', 'american', 'aventura', 'r&b']",bachata,NM,,,,,True,False
371117,Romeo Santos,Eres Mía,11,1738,25/02/14,2014,2010,"Fórmula, Vol. 2",Estados Unidos,hombre,"['bachata', 'pop', 'latin pop', 'rnb', 'american', 'aventura', 'r&b', '2014']",bachata,M,1,1,1,Y,True,False
371129,Romeo Santos,No Tiene la Culpa,11,2202,25/02/14,2014,2010,"Fórmula, Vol. 2",Estados Unidos,hombre,"['bachata', 'pop', 'latin pop', 'rnb', 'american', 'aventura', 'r&b']",bachata,NM,,,,,True,False
3714547,Alemán,Slim Thugs,7,2658,30/05/18,2018,2010,Eclipse,México,hombre,"['rap', 'hip-hop', 'urban', 'naco', 'mexican hip hop', 'underground', 'trap mexicano', 'hip hop', 'trap latino', 'west coast hip hop']",rap,M,1,0,1,Y,True,False
373054,Violadores del Verso,Mierda,5,8550,01/01/98,1998,1990,Violadores del Verso presenta a Kase.O en: Mierda,España,grupo,"['hip-hop', 'rap', 'spanish hip-hop', 'hip hop', 'spanish rap', 'zaragoza', 'doble v', 'violadores del verso', 'rap solo']",hip-hop,M,1,0,1,Y,True,False
3735900,Kidd Keo (Ft. Alemán),Touchdown,6,5404,24/05/18,2018,2010,Touchdown,España,hombre,['trap'],trap,M,1,0,1,Y,False,True
3737161,Bulin 47,7 Pollo,7,2590,17/09/16,2016,2010,El Rey De Las Dagor,República Dominicana,hombre,"['hip-hop', 'world', 'reggaeton', 'ilg']",hip-hop,M,1,1,1,Y,True,False
3741034,Pozo Musikandante (Ft. Hijo Pródigo aka J-Pro),Mi lado Oscuro,7,4490,,1965,1960,Dr Cannibal,España,hombre,"['author', 'audiobook', 'non-musician', 'terf', 'fantasy', 'deu', 'british', 'english', 'has german audiobooks', 'transphobe', 'queerphobe', 'fascist']",author,M,1,0,1,Y,True,False
3741835,Los Mesoneros,Te Lo Advertí,9,1392,25/05/18,2018,2010,Pangea,Venezuela,grupo,"['alternative', 'alternative rock', 'rock', 'alternativo', 'indie', 'rock latino', 'downloaded', 'indie rock']",alternative,NM,,,,,True,False
3750274,ROSALÍA,MALAMENTE (Cap.1: Augurio),7,3637,30/05/18,2018,2010,EL MAL QUERER,España,mujer,"['pop', 'flamenco', 'art pop', 'flamenco nuevo', 'neoperreo', 'flamenco pop', 'reggaeton', 'latin pop', 'english', 'female vocals', 'hip hop']",pop,NM,,,,,True,False
3751157,Alemán,Reyes del Trapicheo,9,2382,30/05/18,2018,2010,Eclipse,México,hombre,"['rap', 'hip-hop', 'urban', 'naco', 'mexican hip hop', 'underground', 'trap mexicano', 'hip hop', 'trap latino', 'west coast hip hop']",rap,M,1,0,1,Y,True,False
3751527,Alemán,Rucón,5,2159,30/05/18,2018,2010,Eclipse,México,hombre,"['rap', 'hip-hop', 'urban', 'naco', 'mexican hip hop', 'underground', 'trap mexicano', 'hip hop', 'trap latino', 'west coast hip hop']",rap,M,1,0,1,N,True,False
3760515,Neutro Shorty,Infieles,7,3137,26/03/16,2016,2010,Caligulas,Venezuela,hombre,"['rap', 'hip hop', 'hip-hop', 'bruja', 'caracas', 'weed420', 'musica urbana', 'venezolano']",rap,M,1,1,1,Y,False,True
3780703,Yung Beef,Yes Indeed / I Feel Like Kim K (RIP Pucho),8,2632,13/06/18,2018,2010,R.I.P. Secx 199X-1999,España,hombre,"['trap', 'reggaeton', 'rap', 'cloud rap', 'spanish trap', 'hip-hop', 'g o a t', 'hip hop']",trap,M,1,0,1,N,True,False
3780790,Pibes Chorros,Una Copa Más,5,834,08/04/03,2003,2000,Criando Cuervos,Argentina,grupo,"['cumbia villera', 'cumbia', 'los pibes chorros', 'comedy', 'dance', 'salsa', 'cumbia argentina', 'lol']",cumbia villera,NM,,,,,True,False
3783259,Portavoz,Witrapaiñ (Estamos de Pie),9,2794,11/03/18,2018,2010,Ketrolelan (No Estoy Mudo),Chile,hombre,"['hip hop', 'rap politico', 'hip hop activista', 'hip-hop', 'indie', 'political', 'underground', 'political hip hop']",hip hop,NM,,,,,True,False
3794686,C. Tangana,Bien Duro,8,1853,22/06/18,2018,2010,Bien duro,España,hombre,"['rap', 'hip-hop', 'rnb', 'hip hop', 'flamenco pop', 'trap', 'pop rap']",rap,M,1,0,0,N,True,False
3795156,Clorah,Billete verde,3,665,03/06/18,2018,2010,La pena,México,grupo,"['woman', 'pop', 'hiphop', 'dreamy', 'money', 'sad', 'trap', 'bedroom pop', 'friends', 'norteño', 'regional mexicano']",woman,NM,,,,,True,False
3795628,Ulises Bueno,Baila Sin Parar / Quiero Beber / Pero Sin Hojas de Laurel / Esa Mujer / El Polvito,30,4537,,2007,2000,En la Piel,Argentina,hombre,"['argentinian', 'rodrigo', 'cuarteto', 'cordoba', 'culiado']",argentinian,M,1,0,1,Y,True,False
3795709,Velandia y La Tigra,La Cuña,4,511,,2007,2000,Once Rasqas,Colombia,grupo,"['fusion', 'experimental', 'rasqa', 'funk', 'fucking awesome', 'del putas', 'psychedelic']",fusion,NM,,,,,True,False
3797077,Kidd Keo,One,8,4095,22/06/18,2018,2010,Keoland,España,hombre,"['trap', 'rap', 'drill', 'alicante', 'spanish trap']",trap,M,1,0,1,Y,True,False
3806182,Nucleo Aka Tinta Sucia,Viaje Al Desierto,3,1292,10/04/18,2018,2010,Viaje al Desierto,España,hombre,['rap'],rap,NM,0,0,0,N,False,True
3807276,Cuatro Pesos de Propina,La balacera,13,1398,01/01/12,2012,2010,Se Está Complicando,Uruguay,grupo,"['ska', 'rock uruguayo', 'latin rock', 'uruguayan', 'fusion', 'rock', 'eclectico', 'pesos', 'rock uruguay cuatro pesos propina']",ska,NM,,,,,True,False
3809512,Bomby (Ft. Donkirap),Estamos Melos,10,2668,01/01/17,2017,2010,Estamos Melos - Single,Colombia,hombre,['reggaeton'],reggaeton,M,1,0,0,N,True,False
3810144,Santa Suerte,Latino América Morena,11,6735,11/08/16,2016,2010,Latino America Morena,México,grupo,['rap'],rap,M,0,0,1,Y,True,False
3814300,ROSALÍA,PIENSO EN TU MIRÁ (Cap.3: Celos),8,1717,24/07/18,2018,2010,EL MAL QUERER,España,mujer,"['pop', 'flamenco', 'art pop', 'flamenco nuevo', 'neoperreo', 'flamenco pop', 'reggaeton', 'latin pop', 'english', 'female vocals', 'hip hop']",pop,M,0,1,0,Y,True,False
3814307,ROSALÍA,A NINGÚN HOMBRE (Cap.11: Poder),3,477,02/11/18,2018,2010,EL MAL QUERER,España,mujer,"['pop', 'flamenco', 'art pop', 'flamenco nuevo', 'neoperreo', 'flamenco pop', 'reggaeton', 'latin pop', 'english', 'female vocals', 'hip hop']",pop,M,0,1,0,Y,True,False
381826,Antony Santos,Corazón Culpable,9,2326,01/09/94,1994,1990,Sabor Latino,República Dominicana,hombre,"['bachata', 'merengue', 'caribbean', 'antony santos', 'bolero', 'samba']",bachata,NM,0,0,0,N,False,True
3821043,Kidd Keo,Never Knew How to Love,7,2377,05/07/18,2018,2010,Keoland,España,hombre,"['trap', 'rap', 'drill', 'alicante', 'spanish trap']",trap,M,0,1,1,Y,False,True
3823262,Greeicy,Ya Para Qué,8,1716,05/07/18,2018,2010,Baila,Colombia,mujer,"['latin pop', 'reggaeton', 'popgueton', 'colombian female vocalists', 'contemporary latin pop', 'latin pop girls']",latin pop,NM,,,,,True,False
3834565,Los Blenders,Volando Bajo,5,913,09/03/15,2015,2010,Chavos Bien,México,grupo,"['surf', 'garage rock', 'lo-fi', 'rock mexicano', 'surf rock', 'punk', 'proto punk', 'indie rock', 'punk rock']",surf,NM,,,,,True,False
3838653,LIT killah,Si te vas,10,2357,30/08/18,2018,2010,Si te vas,Argentina,hombre,"['trap', 'rap', 'hip-hop', 'childrens music', 'trap argentino', 'white rapper', 'hype', 'hip hop']",trap,M,0,0,1,Y,True,False
3842189,Paulo Londra,Chica Paranormal,10,2407,23/06/18,2018,2010,Homerun,Argentina,hombre,"['trap', 'white rapper', 'trap latino', 'trap argentino', 'rap', 'cordoba', 'ended', 'messi']",trap,NM,,,,,True,False
3842858,Don Miguelo,Nota de Pasión,11,2007,31/10/15,2015,2010,Nota de Pasión,República Dominicana,hombre,"['reggaeton', 'world', 'dembow', 'kuduro', 'ruk', 'latin urban']",reggaeton,M,1,0,0,N,True,False
3843000,Anuel AA,Te Necesito,8,2894,17/07/18,2018,2010,Real Hasta la Muerte,Puerto Rico,hombre,"['reggaeton', 'trap', 'rap', 'latin trap', 'hip-hop', 'trap latino', 'bellakeo', 'latin urban']",reggaeton,M,1,0,0,N,True,False
3843009,Anuel AA (Ft. Ozuna),Brindemos,10,3724,17/07/18,2018,2010,Real Hasta la Muerte,Puerto Rico,hombre,"['reggaeton', 'trap latino']",reggaeton,M,1,0,1,Y,True,False
3844682,Aitana,TELÉFONO,9,1398,27/07/18,2018,2010,Spoiler,España,mujer,"['pop', 'rock', 'pop rock', 'latin pop', 'trash pop', 'electro-pop']",pop,NM,,,,,True,False
3847158,Lola Indigo,Ya No Quiero Ná,9,1340,20/07/18,2018,2010,Akelarre,España,mujer,"['pop', 'dance', 'latin pop', 'reggaeton', 'lola indigo', 'brazilian funk', 'upcoming album 2023']",pop,M,0,0,1,Y,False,True
3850480,Wisin & Yandel,Tú Tienes,10,3359,14/12/18,2018,2010,Los Campeones del Pueblo “The Big Leagues”,Puerto Rico,grupo,"['reggaeton', 'dance', 'wisin y yandel', 'hip-hop', 'pop', 'latin urban']",reggaeton,M,1,1,0,N,True,False
3850552,Roberto Carlos,Esa Mujer,5,1435,20/07/18,2018,2010,Amor Sin Límite,Brasil,hombre,"['mpb', 'jovem guarda', 'brazilian', 'brasil', 'brazil', 'rock', 'pop', 'roberto carlos']",mpb,NM,,,,,True,False
3852165,Ali Aka Mind,Discúlpame,3,1463,12/07/12,2012,2010,Palabras del Alma,Colombia,hombre,"['rap', '2010s', 'hip hop', 'rap colombiano', 'sxsw 2017']",rap,NM,,,,,True,False
3856338,ROSALÍA,QUE NO SALGA LA LUNA (Cap.2: Boda),9,2013,02/11/18,2018,2010,EL MAL QUERER,España,mujer,"['pop', 'flamenco', 'art pop', 'flamenco nuevo', 'neoperreo', 'flamenco pop', 'reggaeton', 'latin pop', 'english', 'female vocals', 'hip hop']",pop,M,0,1,0,N,True,False
3858871,Air Magno,A cuatro patas,7,3982,08/03/13,2013,2010,Muero por vivir,España,hombre,"['rap', 'magic magno']",rap,M,1,1,1,Y,True,False
3861142,Redimi2 (Ft. El Leo Pa'),Quien Contra Mi,9,3888,16/08/18,2018,2010,Trapstornadores,República Dominicana,hombre,"['chanson', 'french', 'chanson française', 'chanson à texte', 'european', 'france', 'monaco', 'poetry', 'singer/songwriter', 'modern classical', 'français', 'pop', 'symphonic rock', 'classical', 'francophone', 'poète', 'anarchiste', 'monégasque']",chanson,NM,,,,,True,False
3861975,Paulo Londra,Demasiado Loco,6,1624,23/05/19,2019,2010,Homerun,Argentina,hombre,"['trap', 'white rapper', 'trap latino', 'trap argentino', 'rap', 'cordoba', 'ended', 'messi']",trap,NM,0,0,0,N,False,True
3862876,Maluma,Mala Mía,11,1810,10/08/18,2018,2010,Mala mía,Colombia,hombre,"['reggaeton', 'pop', 'sexy', 'latin pop', 'hot', 'brutal death metal', 'latin urban', 'trap latino', 'english', 'pop rock', 'trap music', 'urbano', 'urbano latino', 'urbano music']",reggaeton,M,1,0,0,Y,False,True
3863299,Chimbala,Tan Celoso,8,1746,13/07/18,2018,2010,Hagan sus diligencias,República Dominicana,hombre,"['reggaeton', 'dominican', 'latin urban']",reggaeton,M,1,0,1,Y,True,False
3865737,"Duki, C. Tangana & KHEA",It's a Vibe,12,2799,01/11/19,2019,2010,Súper Sangre Joven,Argentina,hombre,"['trap', 'latin trap', 'palermo', 'hip hop latino', 'rap', 'bruh', 'hip hop argentino', 'rap argentino', 'trap latino', 'hip hop', 'argentine trap', 'freestyle rap', 'latin freestyle', 'latin hip-hop', 'latin rap', 'pop rap', 'pop rock', 'reggaeton', 'trap (latin)']",trap,M,1,0,1,Y,False,True
3866063,Kidd Keo,Let M3 Xplain,7,3500,25/07/18,2018,2010,The Giant,España,hombre,"['trap', 'rap', 'drill', 'alicante', 'spanish trap']",trap,M,1,0,1,N,False,True
3866279,Rxnde Akozta,No Taim Tu Lus,4,2024,23/07/17,2017,2010,Que Bolá Asere,Cuba,hombre,"['rap', 'rap cubano', 'hip hop latino', 'cuban hip hop', '2010s', 'los aldeanos']",rap,NM,,,,,True,False
3866388,Sticky M.A.,Diablo (Remix),8,2704,20/07/18,2018,2010,Las pegajosas aventuras de Sticky M.A.,España,hombre,"['trap', 'rap', 'hip hop', 'urban', 'hip-hop', 'spanish trap', 'cloud rap', 'trap rap']",trap,M,1,1,1,Y,False,True
3870364,Los Rodríguez,Hablando Solo,12,1384,08/02/02,2002,2000,Sin Documentos,España,grupo,"['rock argentino', 'rock', 'rock en espanol', 'spanish rock', 'rock en español', 'pop']",rock argentino,NM,,,,,True,False
3872365,Becky G & Paulo Londra,Cuando Te Besé,7,2466,02/08/18,2018,2010,MALA SANTA,Estados Unidos,mujer,"['pop', 'latin pop', 'spanish pop', 'reggaeton', 'hip hop', 'latin urban', 'pop rap', 'contemporary r&b', 'cumbia', 'dance-pop', 'mexican traditions', 'stage & screen', 'teen pop']",pop,NM,,,,,True,False
3874916,Paulo Londra,Sigan Hablando De Mí,9,2101,23/05/18,2018,2010,Homerun,Argentina,hombre,"['trap', 'white rapper', 'trap latino', 'trap argentino', 'rap', 'cordoba', 'ended', 'messi']",trap,NM,,,,,True,False
3876931,Yung Beef,Guns N Roses,6,1815,03/08/18,2018,2010,El Plugg Mixtape,España,mujer,"['trap', 'reggaeton', 'rap', 'cloud rap', 'spanish trap', 'hip-hop', 'g o a t', 'hip hop']",trap,M,1,0,0,N,True,False
3879337,Pablo Chill-E,Singapur,6,2843,03/08/18,2018,2010,S.U.N.O,Chile,hombre,"['trap', 'gangsta rap', 'hip hop', 'drill', 'flaitecore', 'pluggnb', 'baile funk', 'reggaeton', 'mambo', 'trap latino']",trap,NM,,,,,True,False
3882038,Porta,Las Niñas de Hoy en Día... 1.5,6,3430,21/10/16,2016,2010,Equilibrio,España,hombre,"['rap', 'hip-hop', 'spanish hip-hop', 'hip hop', 'comedy', 'porta', 'emo', 'lol']",rap,M,1,0,1,Y,True,False
3883400,Paulo Londra,Maldita Abusadora,6,1939,23/05/19,2019,2010,Homerun,Argentina,hombre,"['trap', 'white rapper', 'trap latino', 'trap argentino', 'rap', 'cordoba', 'ended', 'messi']",trap,M,0,0,1,Y,True,False
3886852,American Dad Cast,El Perro (Cilantro's Song),5,325,08/03/09,2009,2000,American Dad! Greatest Hits,Estados Unidos,grupo,"['special purpose', 'special purpose artist', 'musical', 'cast', 'series title as artist']",special purpose,NM,0,0,0,N,False,True
3892677,Salvaje Decibel,Ralla,9,5001,,2007,2000,Poblacional,Chile,grupo,"['rap', 'hip-hop', 'hiphop combativo', 'hiphopoliticombativo', 'political', 'indie', 'underground', 'hip hop', 'boom bap', 'latin rap', 'political hip hop']",rap,M,1,0,0,N,True,False
3892691,Salvaje Decibel,Autodefenza,6,4418,,2007,2000,Poblacional,Chile,grupo,"['rap', 'hip-hop', 'hiphop combativo', 'hiphopoliticombativo', 'political', 'indie', 'underground', 'hip hop', 'boom bap', 'latin rap', 'political hip hop']",rap,NM,,,,,True,False
3892829,Salvaje Decibel,Rebeldía Poblacional,6,3256,,2013,2010,Radical,Chile,grupo,"['rap', 'hip-hop', 'hiphop combativo', 'hiphopoliticombativo', 'political', 'indie', 'underground', 'hip hop', 'boom bap', 'latin rap', 'political hip hop']",rap,NM,,,,,True,False
3892832,Salvaje Decibel,Aquí me Quedo,8,4137,,2013,2010,Radical,Chile,grupo,"['rap', 'hip-hop', 'hiphop combativo', 'hiphopoliticombativo', 'political', 'indie', 'underground', 'hip hop', 'boom bap', 'latin rap', 'political hip hop']",rap,NM,,,,,True,False
3894232,Edwin Luna y La Trakalosa de Monterrey,Borracho de Amor,10,1304,30/07/13,2013,2010,De Monterrey a Sinaloa,México,grupo,['banda'],banda,NM,,,,,True,False
3896106,Vicente Fernández,"Nunca, Nunca, Nunca",4,629,,1940,1940,Más Romántico Que Nunca,México,hombre,"['ranchera', 'mariachi', 'don vicente fernandez', 'vicente fernandez', 'rancheras', 'por tu maldito amor']",ranchera,NM,,,,,True,False
3896107,Vicente Fernández,En la Cárcel De Tu Adiós,6,1159,,1940,1940,Más Romántico Que Nunca,México,hombre,"['ranchera', 'mariachi', 'don vicente fernandez', 'vicente fernandez', 'rancheras', 'por tu maldito amor']",ranchera,NM,,,,,True,False
3896109,Vicente Fernández,Mi Último Fracaso,4,681,,1940,1940,Más Romántico Que Nunca,México,hombre,"['ranchera', 'mariachi', 'don vicente fernandez', 'vicente fernandez', 'rancheras', 'por tu maldito amor']",ranchera,NM,,,,,True,False
3902775,"EZ Made Da Beat (Ft. Ele A El Dominio, Jamby El Favo & Joniel)",Y Qué Pasó?,8,4955,16/08/18,2018,2010,Los tiempos cambian,Puerto Rico,hombre,"['latin urban', 'reggaeton', 'hip hop']",latin urban,M,1,1,1,Y,True,False
3905385,PXXR GVNG,Como el Agua,6,2403,01/06/15,2015,2010,Los Pobres,España,grupo,"['trap', 'hip hop', 'electronic', 'barcelona', 'mierda', 'meme music', 'buena musica']",trap,NM,,,,,True,False
3905387,PXXR GVNG,Pxxr Brother,7,3147,28/08/15,2015,2010,Los Pobres,España,grupo,"['trap', 'hip hop', 'electronic', 'barcelona', 'mierda', 'meme music', 'buena musica']",trap,M,1,0,1,Y,True,False
3905544,La Apuesta,Cancion Mixteca,4,704,13/09/05,2005,2000,Abrázame Y Perdóname,México,grupo,"['la apuesta', 'duranguense', 'cumbia', 'oaxaca', 'banda']",la apuesta,NM,,,,,True,False
3913129,C. Tangana,"Spanish Jigga Freestyle (Live from VEVO NYC, July 18')",5,2506,25/12/18,2018,2010,"Spanish Jigga Freestyle (Live from VEVO NYC, July 18')",España,hombre,"['rap', 'hip-hop', 'rnb', 'hip hop', 'flamenco pop', 'trap', 'pop rap']",rap,M,1,1,1,Y,True,False
391450,Portavoz,Al pueblo le asusta la revolución,5,3077,01/04/13,2013,2010,Escribo Rap con R de Revolución,Chile,hombre,"['hip hop', 'rap politico', 'hip hop activista', 'hip-hop', 'indie', 'political', 'underground', 'political hip hop']",hip hop,NM,,,,,True,False
3914674,Aitana & Ana Guerra,Lo Malo (Remix),11,2170,24/08/18,2018,2010,Reflexión,España,mujer,"['pop', 'rock', 'pop rock', 'latin pop', 'trash pop', 'electro-pop', 'electropop', 'female vocals', '2020s']",pop,NM,,,,,True,False
391570,Portavoz,Donde empieza,6,4112,12/04/11,2011,2010,Escribo Rap con R de Revolución,Chile,hombre,"['hip hop', 'rap politico', 'hip hop activista', 'hip-hop', 'indie', 'political', 'underground', 'political hip hop']",hip hop,NM,,,,,True,False
3917380,Ozuna,Devuélveme,9,2505,24/08/18,2018,2010,Aura,Puerto Rico,hombre,"['reggaeton', 'urbano latino', 'latin urban', 'trap latino', 'caribbean', 'reggae', 'latin trap']",reggaeton,M,1,1,0,Y,False,True
3917521,Ozuna (Ft. Nicky Jam),Haciéndolo,11,2429,24/08/18,2018,2010,Aura,Puerto Rico,hombre,"['reggaeton', 'latin trap', 'latin urban', 'trap latino', 'grunge', 'alternative rock', 'rock', 'seattle', 'hard rock', 'indie rock', 'funk rock', 'classic rock', 'experimental rock', 'pop rock', 'rock and indie', 'art rock', 'post-grunge', 'acoustic rock', 'bridge', 'christmas singles', 'estados unidos', 'american', 'immortality', 'twenty', 'vyrzukhisuc-artiest']",reggaeton,M,1,0,0,Y,False,True
3928018,Paulo Londra,No Puedo,7,2084,23/05/19,2019,2010,Homerun,Argentina,hombre,"['trap', 'white rapper', 'trap latino', 'trap argentino', 'rap', 'cordoba', 'ended', 'messi']",trap,NM,,,,,True,False
3943225,Lary Over & Lirico En La Casa,Súbete,12,4005,05/09/18,2018,2010,Carbon Fiber Hits,Puerto Rico,hombre,"['reggaeton', 'trap latino', 'latin trap', 'latin urban', 'trap']",reggaeton,M,1,0,1,Y,True,False
3945982,El Alfa (Ft. Anuel AA),Con Silenciador,12,3028,05/10/18,2018,2010,El Hombre,República Dominicana,hombre,"['dembow', 'trap latino', 'reggaeton']",dembow,M,1,0,1,Y,False,True
3949995,Cidtronyck,Nuevo Comienzo,6,2691,19/11/17,2017,2010,"Pasado, Presente & Libertad",Chile,hombre,"['rap', 'hip hop', 'hip hop chileno', 'rap chileno', 'dj', 'hip-hop', 'producer']",rap,NM,,,,,True,False
3950006,Cidtronyck,Esta Noche,7,2364,29/11/17,2017,2010,"Pasado, Presente & Libertad",Chile,hombre,"['rap', 'hip hop', 'hip hop chileno', 'rap chileno', 'dj', 'hip-hop', 'producer']",rap,M,1,0,0,N,False,True
3952301,PXXR GVNG,Waxx Ur Name,4,1911,21/01/15,2015,2010,Inéditos,España,grupo,"['trap', 'hip hop', 'electronic', 'barcelona', 'mierda', 'meme music', 'buena musica']",trap,M,1,0,1,Y,True,False
3954859,Grupo Codiciado,Paso a Paso,3,923,,2002,2000,Si Lo Digo Es Porque Puedo,Colombia,grupo,"['regional mexicano', 'salsa']",regional mexicano,NM,,,,,True,False
3954861,Grupo Codiciado,El Piloto,5,1367,02/12/15,2015,2010,Si Lo Digo Es Porque Puedo,México,grupo,['regional mexicano'],regional mexicano,NM,,,,,True,False
3956136,JHAYCO & Almighty,Costear,7,3636,13/10/18,2018,2010,Costear (Remixes),Puerto Rico,hombre,"['reggaeton', 'rap', 'no pega solo', 'trap', 'pop', 'electropop', 'sex', 'hip hop', 'trap latino']",reggaeton,M,1,1,1,Y,True,False
3959068,Kidd Keo,Dracukeo,8,1957,20/09/18,2018,2010,FEAR OF THE WALKING TAPE,España,hombre,"['trap', 'rap', 'drill', 'alicante', 'spanish trap']",trap,M,1,1,1,Y,False,True
3959335,La Mafia del Amor,Multiorgasmica,10,3021,25/05/16,2016,2010,Sé Lo Que Hicisteis el Último Verano Mixtape,España,grupo,"['pop', 'hip hop', 'electronic', 'reggaeton', 'mambo', 'trap']",pop,M,1,1,1,Y,False,True
3962456,TINI & Cali y El Dandee,Por Que Te Vas,6,2073,12/10/18,2018,2010,Quiero Volver,Argentina,mujer,"['deep house', 'pop', 'latin pop', 'tini', 'reggaeton', 'tech house', 'cocaine', 'trap latino']",deep house,NM,,,,,True,False
3964043,ROSALÍA,DE AQUÍ NO SALES (Cap.4: Disputa),2,251,02/11/18,2018,2010,EL MAL QUERER,España,mujer,"['pop', 'flamenco', 'art pop', 'flamenco nuevo', 'neoperreo', 'flamenco pop', 'reggaeton', 'latin pop', 'english', 'female vocals', 'hip hop']",pop,M,0,1,0,N,True,False
3964062,ROSALÍA,BAGDAD (Cap.7: Liturgia),6,1828,02/11/18,2018,2010,EL MAL QUERER,España,mujer,"['pop', 'flamenco', 'art pop', 'flamenco nuevo', 'neoperreo', 'flamenco pop', 'reggaeton', 'latin pop', 'english', 'female vocals', 'hip hop']",pop,NM,,,,,True,False
3964068,ROSALÍA,DI MI NOMBRE (Cap.8: Éxtasis),8,1192,30/10/18,2018,2010,EL MAL QUERER,España,mujer,"['pop', 'flamenco', 'art pop', 'flamenco nuevo', 'neoperreo', 'flamenco pop', 'reggaeton', 'latin pop', 'english', 'female vocals', 'hip hop']",pop,NM,,,,,True,False
3964070,ROSALÍA,MALDICIÓN (Cap.10: Cordura),5,721,02/11/18,2018,2010,EL MAL QUERER,España,mujer,"['pop', 'flamenco', 'art pop', 'flamenco nuevo', 'neoperreo', 'flamenco pop', 'reggaeton', 'latin pop', 'english', 'female vocals', 'hip hop']",pop,NM,,,,,True,False
3968047,Little Pepe,La Cosa Está Mala,8,2397,01/02/16,2016,2010,La Fabrica de Lírica,España,hombre,"['reggae', 'dancehall', 'ragga', 'roots reggae', 'spanish reggae', 'raasnap', 'jahsta', 'pinnacle rockers']",reggae,NM,,,,,True,False
3973945,Mente Sabia Crú,Solo,10,3401,,2008,2000,No Me Olvides Tan Pronto...,Puerto Rico,grupo,"['hip hop', 'rap', 'hip-hop', 'hardcore rap', 'hip-hop chileno', 'rap chileno']",hip hop,NM,,,,,True,False
3974907,Mente Sabia Crú,8.21,16,7859,,2008,2000,Elefante,Puerto Rico,grupo,"['hip hop', 'rap', 'hip-hop', 'hardcore rap', 'hip-hop chileno', 'rap chileno']",hip hop,NM,,,,,True,False
3978733,Rauw Alejandro & Farruko,Fantasías,10,2570,29/08/19,2019,2010,Fantasias,Puerto Rico,hombre,"['reggaeton', 'dance', 'sexy', 'catchy', 'rnb', 'pop', 'trap latino', 'latin urban', 'hip hop']",reggaeton,M,1,1,0,Y,True,False
3981623,David Bisbal,Perdón,10,1932,28/09/18,2018,2010,En Tus Planes,España,hombre,"['pop', 'latin pop', 'davis bisbal', 'david bisbal', 'operacion triunfo', 'spanish pop']",pop,NM,,,,,True,False
3981660,Chillango,Falsa Libertad,8,1337,21/09/18,2018,2010,Ahogados en Contaminación,Argentina,grupo,['trap'],trap,NM,,,,,True,False
3981885,"Cazzu, Cumbia Trampa & Obie Wanshot",Gas Montana (Remix),10,3776,25/09/18,2018,2010,CUMBIA NENA 2,Argentina,mujer,"['pop', 'hip-hop', 'trap', 'rnb', 'trap latino', 'reggaeton', 'booba', 'latin rnb', 'latin dance', 'urbano']",pop,M,1,0,1,Y,True,False
3984767,Brytiago & Rafa Pabön,La Mentira,8,1712,27/09/18,2018,2010,"The Greatest Hits, Vol. I",Puerto Rico,hombre,"['reggaeton', 'trap', 'latin trap', 'latin urban', 'trap latino', 'latin dance', 'latin pop', 'trap (latin)', 'urbano latino']",reggaeton,M,1,0,0,N,True,False
3986350,Estopa,Demonios (X Anniversarivm),5,1780,17/11/09,2009,2000,X Anniversarivm,España,grupo,"['flamenco', 'pop', 'rock', 'rumba', 'estopa', 'pop rock']",flamenco,NM,,,,,True,False
3986479,"Farruko, Anuel AA & Kendo Kaponi",Delincuente,9,5524,26/04/19,2019,2010,Gangalee,AU,hombre,"['reggaeton', 'reggaeton-boriqua', 'autotune', 'officially shit', 'urbano latino', 'farruko', 'trap latino', 'latin urban']",reggaeton,NM,,,,,True,False
3995940,Sandy & Papo Mc,Mueve Mueve (I Like To Move It),8,2957,01/01/96,1996,1990,Sandy & Papo MC,Venezuela,grupo,"['merenhouse', '9888', 'merengue hip hop', 'latin dace', 'tehcnomerengue', 'hip hop', 'merengue']",merenhouse,M,1,0,0,N,False,True
3995992,Sandy & Papo Mc,La Chica Sexy,8,2362,01/01/96,1996,1990,Sandy & Papo MC,Venezuela,grupo,"['merenhouse', '9888', 'merengue hip hop', 'latin dace', 'tehcnomerengue', 'hip hop', 'merengue']",merenhouse,M,1,0,1,Y,True,False
4000142,Casper Mágico & Anuel AA,La Bebecita*,7,2440,16/10/25,2025,2020,Los Mágicos,Puerto Rico,hombre,"['latin urban', 'reggaeton', 'trap', 'trap latino']",latin urban,M,1,0,0,Y,True,False
4010009,Anuel AA & Fino Como El Haze,Amanece,8,2459,14/12/18,2018,2010,Amanece,Puerto Rico,hombre,"['reggaeton', 'trap', 'rap', 'latin trap', 'hip-hop', 'trap latino', 'bellakeo', 'latin urban']",reggaeton,M,1,0,1,Y,True,False
4011197,Thalía & Lali,Lindo Pero Bruto,9,1705,09/11/18,2018,2010,Valiente,México,mujer,"['pop', 'latin pop', 'dance', 'thalia', 'sexy']",pop,M,1,0,1,Y,True,False
4011546,Paulo Londra,Adán y Eva,12,3016,05/11/18,2018,2010,Homerun,Argentina,hombre,"['trap', 'white rapper', 'trap latino', 'trap argentino', 'rap', 'cordoba', 'ended', 'messi']",trap,NM,,,,,True,False
4013656,"$kyhook, Yung Beef & InnerCut",Adderall,7,2163,08/10/18,2018,2010,Moonchies,España,hombre,"['hip hop', 'hip-hop', 'electronic', 'instrumental hip hop', 'wave', 'uk bass', 'trap']",hip hop,NM,,,,,True,False
4016574,Régulo Caro,El Lujo de Tenerte,9,877,12/10/18,2018,2010,Todo va estar bien,México,hombre,"['corridos', 'regional mexican', 'corridos progresivos', 'movimiento alterado', 'narco corridos', 'regional mexicano']",corridos,NM,,,,,True,False
4017233,Estopa,Follarte,6,1974,,1999,1990,La Maqueta,España,grupo,"['flamenco', 'pop', 'rock', 'rumba', 'estopa', 'pop rock']",flamenco,M,1,1,1,Y,False,True
4022385,Planeta Rock Festival Hip Hop,Bienvenidos a mi Planeta (Planeta Rock 2010),19,6692,,1983,1980,Planeta Rock (Festival Hip Hop),México,grupo,"['rock', 'canadian', 'folk rock', 'blues rock', 'roots rock', 'alternative rock', 'pop', 'hard rock', 'indie rock', 'psychedelic rock', 'pop rock', 'alternative pop', 'american trad rock', 'canadian rock', 'alternative/indie rock', 'adult alternative pop/rock', 'server name', '2008 universal fire victim']",rock,NM,0,0,0,N,False,True
4028138,Soto Asa,Me Gustaron Tus Nai,7,1479,05/10/18,2018,2010,Down Music,España,hombre,"['reggaeton', 'trap', 'rave', 'perreo', 'spanish trap', 'producer', 'marronero', 'latin trap', 'neoperreo']",reggaeton,M,1,0,0,Y,False,True
4029165,Bardero$ (Ft. P1cky),Decisión,7,1976,20/07/17,2017,2010,"Crew, Vol. 2",Argentina,grupo,['trap'],trap,NM,,,,,True,False
4035807,"C. Tangana, Becky G & Alizzz",Booty,8,2565,24/10/18,2018,2010,Booty,España,hombre,"['rap', 'hip-hop', 'rnb', 'hip hop', 'flamenco pop', 'trap', 'pop rap']",rap,M,1,0,0,N,False,True
4045612,Morat (Ft. Antonio Carmona & Josemi Carmona),El Embrujo,11,1794,13/09/18,2018,2010,Balas Perdidas,Colombia,grupo,"['latin pop', 'classical', 'composer', 'baroque', 'italian', 'european', 'opera', 'concerto', 'italian composer', 'choral', 'chamber music', 'wiener akademie', 'western classical music', 'sinfonia', 'church music', 'i grandi concerti', 'musica classica', 'mallon', 'orlado furioso', ""l' olimpiade"", 'flute sonata', 'production music', 'orlando furioso spinosi']",latin pop,M,0,1,0,N,True,False
4057687,Lola Indigo,Mujer Bruja,9,2183,21/12/18,2018,2010,Akelarre,España,mujer,"['pop', 'dance', 'latin pop', 'reggaeton', 'lola indigo', 'brazilian funk', 'upcoming album 2023']",pop,M,0,0,1,N,True,False
4059053,Becky G,MALA SANTA,8,1542,11/10/19,2019,2010,MALA SANTA,Estados Unidos,mujer,"['pop', 'rap', 'hip-hop', 'hip hop', 'american', 'reggaeton', 'latin pop', 'latin urban', 'pop rap', 'contemporary r&b', 'cumbia', 'dance-pop', 'mexican traditions', 'stage & screen', 'teen pop']",pop,NM,,,,,True,False
4068085,Magnatiz,Palabrutas,9,2696,,2000,2000,A Puerto,España,grupo,"['hip-hop', 'underground', 'spanish rap']",hip-hop,M,1,0,1,N,True,False
4071695,Aitana,Vas A Quedarte,8,1753,30/11/18,2018,2010,Spoiler,España,mujer,"['pop', 'rock', 'pop rock', 'latin pop', 'trash pop', 'electro-pop']",pop,NM,,,,,True,False
4071697,Aitana & Lele Pons,TELÉFONO (Remix),9,1374,23/11/18,2018,2010,Tráiler - EP,España,mujer,"['pop', 'rock', 'pop rock', 'latin pop', 'trash pop', 'electro-pop', 'electropop', 'female vocals', '2020s']",pop,NM,,,,,True,False
4071731,La Mafia del Amor,En La Discoteca En Chandal,3,684,17/02/15,2015,2010,Mafioseo (Volumen 2),España,grupo,"['pop', 'hip hop', 'electronic', 'reggaeton', 'mambo', 'trap']",pop,NM,0,0,0,N,False,True
4074076,"Ozuna (Ft. Lunay, Lyanno & Rauw Alejandro)",Luz Apagá,12,3919,16/11/18,2018,2010,Luz apaga,Puerto Rico,hombre,"['reggaeton', 'latin trap', 'latin urban', 'trap latino']",reggaeton,M,1,1,1,Y,False,True
4074287,Daddy Yankee & Anuel AA,Adictiva,7,2545,08/11/18,2018,2010,Con Calma & Mis Grandes Éxitos,AU,hombre,"['reggaeton', 'hip-hop', 'rap', 'daddy yankee', 'hip hop', 'latin urban', 'reggae', 'latin pop', 'electronic', 'dance', 'english', 'hip hop rnb and dance hall', 'englisch']",reggaeton,M,1,0,0,N,True,False
4084790,C.R.O (Bardero$) (Ft. Duki),Ella es una G,8,2307,15/11/18,2018,2010,Ella Es una G,Argentina,hombre,"['trap latino', 'hip hop', 'pop rap', 'rap', 'german', 'deutsch']",trap latino,M,1,1,0,N,True,False
4090099,Yung Beef & Goa,Red Hot Chili Peppers,7,1985,14/11/18,2018,2010,Traumatismo Kraneoencefálico,España,hombre,"['trap', 'emo trap', 'spanish trap']",trap,M,1,0,1,Y,True,False
4091631,Anuel AA,Malévola,9,2641,,2025,2020,Bugatti,Puerto Rico,hombre,"['reggaeton', 'trap', 'rap', 'latin trap', 'hip-hop', 'trap latino', 'bellakeo', 'latin urban']",reggaeton,M,1,0,1,Y,True,False
410195,Manu Chao,Me Gustas Tu,10,2308,,1961,1960,Próxima estación: Esperanza,Francia,hombre,"['reggae', 'ska', 'world', 'alternative', 'french', 'world music', 'folk', 'rock', 'latin alternative', 'worldbeat', 'alternative latin', 'country', 'electronic', 'english', 'european', 'france', 'french pop', 'international', 'international fusion', 'latin alternative rock', 'multiple ipi', 'music of latin america', 'musiques du monde', 'pop', 'punk', 'rap', 'rock en español']",reggae,NM,,,,,True,False
4105827,Salvapantallas,El Mirador,4,555,26/10/18,2018,2010,SMS,Argentina,grupo,"['acoustic', 'indie pop', 'pop', 'rock latino', 'rock argentino', 'indie latino']",acoustic,NM,,,,,True,False
4108553,C. Tangana & Niño de Elche,Un Veneno,9,1654,22/11/18,2018,2010,El Madrileño (La Sobremesa),España,hombre,"['rap', 'hip-hop', 'rnb', 'hip hop', 'flamenco pop', 'trap', 'pop rap']",rap,NM,,,,,True,False
4111841,Natos y Waor,Hustlers,5,2480,23/11/18,2018,2010,Barras Bravas,España,grupo,"['rap', 'spanish rap', 'hardcore', 'underground rap', 'hip-hop', 'espana', 'underground hip-hop', 'madrid']",rap,NM,,,,,True,False
4112711,Yera,Borracha (Remix),10,2666,14/12/18,2018,2010,Borracha,Colombia,hombre,['reggaeton'],reggaeton,M,1,1,0,Y,True,False
4114153,Lola Indigo,Ya No Quiero Ná (RMX),10,2025,07/12/18,2018,2010,Ya no quiero na',España,mujer,"['pop', 'dance', 'latin pop', 'reggaeton', 'lola indigo', 'brazilian funk', 'upcoming album 2023']",pop,M,1,1,0,Y,False,True
4115187,Myke Towers & Farruko,Si Se Da,10,3933,13/02/19,2019,2010,Easy Money Baby,Puerto Rico,hombre,"['reggaeton', 'trap', 'rap', 'hip hop', 'hip-hop', 'latin rap', 'dancehall', 'pop rap', 'latin urban', 'trap latino']",reggaeton,M,1,1,1,Y,True,False
4123630,"Anonimus, Noriel & Ele A El Dominio (Ft. Lyanno)",El Teléfono,9,3317,14/12/18,2018,2010,Super Saiyan Flow,Puerto Rico,hombre,['hip hop'],hip hop,M,1,1,1,Y,True,False
4126552,Molotov,Santo Niño De Atocha,7,3024,26/04/23,2023,2020,Sólo D’Lira,México,grupo,"['rapcore', 'alternative', 'rock', 'alternative rock', 'crossover', 'hip-hop', 'rap', 'comedy rock', 'funk rock', 'hip hop', 'nu metal', 'rap metal', 'rap rock']",rapcore,M,0,0,1,Y,True,False
4131387,Pablo Chill-E (Ft. Chuchu Retro),Pensando En Ti,6,2750,29/11/18,2018,2010,Los gangsters también lloran,Chile,hombre,"['trap latino', 'rock', 'heartland rock', 'pop rock']",trap latino,M,1,1,0,Y,False,True
4134892,Ala Jaza,Nadie Se Meta,11,1762,25/10/18,2018,2010,"MamWali, Vol. 2",República Dominicana,hombre,"['merengue', 'rtv 7 latin lounge']",merengue,NM,0,0,0,N,False,True
4135034,Antony Santos,La Historia de Mi Vida,7,1430,31/07/18,2018,2010,"La Historia de Mi Vida: El Final, Vol. 1",República Dominicana,hombre,"['bachata', 'merengue', 'caribbean', 'antony santos', 'bolero', 'samba']",bachata,NM,0,0,0,N,False,True
4135580,Fonseca,Volver a Verte,9,1807,09/11/18,2018,2010,Agustín,Colombia,hombre,"['latin pop', 'pop', 'fonseca', 'world', 'vallenato']",latin pop,NM,,,,,True,False
416269,Violadores del Verso,MC,8,4967,01/01/98,1998,1990,Violadores del Verso,España,grupo,"['hip-hop', 'rap', 'spanish hip-hop', 'hip hop', 'spanish rap', 'zaragoza', 'doble v', 'violadores del verso', 'rap solo']",hip-hop,M,1,0,0,Y,True,False
4167917,J Álvarez,Tu Juguete,9,1596,30/11/18,2018,2010,La Fama Que Camina (Vol. 1.5),Puerto Rico,hombre,"['reggaeton', 'latin urban']",reggaeton,M,0,0,1,Y,False,True
4169344,NATTI NATASHA,Lamento Tu Pérdida,7,1736,21/12/18,2018,2010,ilumiNATTI,República Dominicana,mujer,"['reggaeton', 'pop', 'bachata', 'dominican', 'natti natasha', 'latin pop', 'david guetta', 'latin urban']",reggaeton,NM,,,,,True,False
4175,Daddy Yankee,Rompe,8,2223,30/09/05,2005,2000,Barrio Fino En Directo,Puerto Rico,hombre,"['reggaeton', 'hip-hop', 'rap', 'daddy yankee', 'hip hop', 'latin urban', 'latin pop', 'reggae', 'dance', 'electronic', 'englisch', 'english', 'hip hop rnb and dance hall', 'zumba', 'reggaeton y hip-hop', '2000s']",reggaeton,M,1,0,0,Y,True,False
4177242,Paulo Londra,Homerun (Intro),5,981,23/05/19,2019,2010,Homerun,Argentina,hombre,"['trap', 'white rapper', 'trap latino', 'trap argentino', 'rap', 'cordoba', 'ended', 'messi']",trap,NM,,,,,True,False
4179007,Bad Bunny,Si Estuviésemos Juntos,5,1412,24/12/18,2018,2010,X 100PRE,Puerto Rico,hombre,"['reggaeton', 'trap', 'trap latino', 'latin pop', 'rap', 'latin rap', 'pop rap', 'latin trap', 'hip hop']",reggaeton,M,1,0,0,N,False,True
4179009,Bad Bunny (Ft. El Alfa),La Romana,15,4242,24/12/18,2018,2010,X 100PRE,Puerto Rico,hombre,"['reggaeton', 'trap latino', 'latin trap', 'hip hop', 'pop', 'english', 'latin urban']",reggaeton,M,1,0,1,Y,False,True
4179010,Bad Bunny,Como Antes,6,1548,24/12/18,2018,2010,X 100PRE,Puerto Rico,hombre,"['reggaeton', 'trap', 'trap latino', 'latin pop', 'rap', 'latin rap', 'pop rap', 'latin trap', 'hip hop']",reggaeton,NM,0,0,0,N,False,True
4192052,Guillo & Ozby (Ft. Brray & Joyce Santana),El Diablo Es Mujer,9,3466,23/01/18,2018,2010,Err Bambini,Puerto Rico,hombre,"['latin urban', 'reggaeton', 'trap latino']",latin urban,M,1,0,1,Y,True,False
4199918,Estopa,Rumba Triste (Directo Acústico),6,1493,17/02/14,2014,2010,Esto es Estopa (Directo Acústico),España,grupo,"['flamenco', 'pop', 'rock', 'rumba', 'estopa', 'pop rock']",flamenco,M,0,0,1,Y,True,False
420365,Ricky Martin,Tal Vez,8,1554,25/03/03,2003,2000,Almas Del Silencio,Puerto Rico,hombre,"['pop', 'latin pop', 'dance', 'ricky martin', 'dance-pop', 'electro latino', 'electropop', 'queer', 'ballad', 'lgbtqi']",pop,NM,,,,,True,False
4214351,Tomás del Real,Laberinto,5,745,24/05/18,2018,2010,Tiempo,Chile,hombre,['folk'],folk,NM,,,,,True,False
4222149,Melendi,El Cielo Nunca Cambiará,7,1798,11/01/19,2019,2010,Iré y haré: Lema de la Mutual 2020,España,mujer,"['pop', 'flamenco', 'new flamenco', 'rumba', 'melendi', 'rock', 'balada romántica', 'pop rock', 'salamanca', 'moko amargo']",pop,NM,,,,,True,False
4228621,Paulo Londra,Tal Vez,9,3137,03/04/19,2019,2010,Homerun,Argentina,hombre,"['trap', 'white rapper', 'trap latino', 'trap argentino', 'rap', 'cordoba', 'ended', 'messi']",trap,NM,,,,,True,False
4233375,Arca,No Queda Nada,6,607,26/06/20,2020,2020,KiCk i,España,no binario,"['electronic', 'experimental', 'ambient', 'glitch', 'idm', 'deconstructed club', 'instrumental', 'wonky', 'post-rock', 'queer', 'industrial', 'alternative reggaeton', 'transgender', 'avant-garde', 'avant-pop', 'bass', 'club', 'dance', 'disc jockeys', 'electronica', 'electrónica', 'elektronische musik', 'experimental club', 'experimental electronic', 'future bass', 'hip hop', 'house', 'hyperpop', 'indie dance', 'industrial hip hop', 'left-field pop', 'left-field rap', 'neoperreo', 'pop', 'popular music', 'trap', 'underground hip hop']",electronic,NM,,,,,True,False
4236661,Takers,Sin Control,10,3736,16/05/15,2015,2010,Vuelven Los Mejores,España,grupo,"['metalcore', 'electronic', 'korean', 'alternative metal']",metalcore,M,1,1,1,Y,False,True
4240993,"Dayme & El High, Lenny Tavárez, Jeeiph & Ele A El Dominio",A Prueba de Balas,6,2988,18/01/19,2019,2010,New Wave (New Order INC)*,Puerto Rico,hombre,['hip hop'],hip hop,M,1,0,1,Y,True,False
4243392,La Mafia del Amor,Eso Es Amor,8,3477,13/07/17,2017,2010,Reggaeton Antiguo,Argentina,grupo,"['pop', 'hip hop', 'electronic', 'reggaeton', 'mambo', 'trap']",pop,M,1,1,1,Y,True,False
4247386,Bryant Myers (Ft. Hozwal),Amor de Tres,11,2590,,2018,2010,Noche de fantasía,Puerto Rico,hombre,"['latin urban', 'reggaeton', 'trap', 'trap latino', 'voice actor']",latin urban,M,1,1,0,Y,True,False
4249923,Lola Indigo,Fuerte,12,1570,22/01/19,2019,2010,Akelarre,España,mujer,"['pop', 'dance', 'latin pop', 'reggaeton', 'lola indigo', 'brazilian funk', 'upcoming album 2023']",pop,NM,,,,,True,False
4253170,Kidd Keo,Pitbull,7,2443,25/01/19,2019,2010,The Giant,España,hombre,"['trap', 'rap', 'drill', 'alicante', 'spanish trap']",trap,M,1,0,1,Y,True,False
4254100,Daddy Yankee (Ft. Snow),Con Calma,9,3370,24/01/19,2019,2010,Con Calma & Mis Grandes Éxitos,Puerto Rico,hombre,"['reggaeton', 'latin urban', 'hip hop', 'latin pop', 'reggae', 'dance', 'electronic', 'englisch', 'english', 'hip hop rnb and dance hall', 'rap']",reggaeton,M,1,1,0,Y,False,True
4256728,Paulo Londra,Por Eso Vine,7,1762,23/05/19,2019,2010,Homerun,Argentina,hombre,"['trap', 'white rapper', 'trap latino', 'trap argentino', 'rap', 'cordoba', 'ended', 'messi']",trap,NM,,,,,True,False
4258158,La Mafia del Amor,Luv Mob,6,1511,07/09/15,2015,2010,Xapiadoras The Mixtape,España,grupo,"['pop', 'hip hop', 'electronic', 'reggaeton', 'mambo', 'trap']",pop,M,1,0,0,N,True,False
4258159,La Mafia del Amor,Dame Un Día Solo,7,1812,25/05/16,2016,2010,Sé Lo Que Hicisteis el Último Verano Mixtape,España,grupo,"['pop', 'hip hop', 'electronic', 'reggaeton', 'mambo', 'trap']",pop,M,1,0,0,N,False,True
4258160,La Mafia del Amor,Tropical,9,2491,07/09/15,2015,2010,Pegao en Youtube,España,grupo,"['pop', 'hip hop', 'electronic', 'reggaeton', 'mambo', 'trap']",pop,M,1,0,1,Y,True,False
4258161,La Mafia del Amor,Blanqueamiento de Ano,5,1325,15/09/15,2015,2010,Xapiadoras The Mixtape,España,grupo,"['pop', 'hip hop', 'electronic', 'reggaeton', 'mambo', 'trap']",pop,M,1,0,1,N,True,False
4258162,La Mafia del Amor,Ya Noi,12,3555,07/09/15,2015,2010,Xapiadoras The Mixtape,España,grupo,"['pop', 'hip hop', 'electronic', 'reggaeton', 'mambo', 'trap']",pop,M,1,0,0,Y,True,False
4258345,La Mafia del Amor,Se Lo Que Hicisteis el Ultimo Verano,8,1994,25/05/16,2016,2010,Sé Lo Que Hicisteis el Último Verano Mixtape,España,hombre,"['pop', 'hip hop', 'electronic', 'reggaeton', 'mambo', 'trap']",pop,NM,,,,,True,False
4258346,La Mafia del Amor,No Fear,9,2154,25/05/16,2016,2010,Sé Lo Que Hicisteis el Último Verano Mixtape,España,grupo,"['pop', 'hip hop', 'electronic', 'reggaeton', 'mambo', 'trap']",pop,M,1,0,1,Y,True,False
4258377,La Mafia del Amor,Ayo Latino Remix,8,3127,07/09/15,2015,2010,Xapiadoras The Mixtape,España,grupo,"['pop', 'hip hop', 'electronic', 'reggaeton', 'mambo', 'trap']",pop,M,1,1,1,Y,True,False
4258379,La Mafia del Amor,Entre Nosotros,6,1685,07/09/15,2015,2010,Xapiadoras The Mixtape,México,grupo,"['pop', 'hip hop', 'electronic', 'reggaeton', 'mambo', 'trap', 'norteño', 'regional mexicano']",pop,M,1,0,1,Y,True,False
4279591,Javiielo,Lo Que Tu Quieras,8,2414,08/02/18,2018,2010,El gran misterio,Uruguay,mujer,['latin jazz'],latin jazz,M,1,0,1,Y,True,False
4281334,"Dalex, Rafa Pabön & KHEA (Ft. Cazzu, Feid, Lenny Tavárez & Sech)",Pa Mí (Remix),18,5330,07/02/19,2019,2010,Climaxxx,Puerto Rico,hombre,"['reggaeton', 'rnb', 'sexual', 'sex', 'xxx', 'united states', 'latin urban']",reggaeton,M,1,1,1,Y,True,False
4290984,Los Nandez,El Malagradecido,7,3611,,2002,2000,Perro malagradecido,Argentina,grupo,"['rap', 'hip-hop', 'colombian rap', 'mexican rap']",rap,NM,,,,,True,False
4294371,Fuego & Duki,Sigo Fresh,8,2469,13/02/19,2019,2010,You’re Welcome,Argentina,hombre,"['merengue', 'reggaeton', 'electronic', 'romanian', 'blues', 'worship', 'mambo', 'dc', 'techno', 'latin urban']",merengue,M,1,0,1,Y,True,False
4294545,Kiko Rodriguez,Ya Te Olvidé,6,947,,1998,1990,...Y los claveles míos,República Dominicana,hombre,"['bachata', 'kiko rodriguez', 'enrique iglesiaas', 'love songs', 'moje standards', 'el vrother']",bachata,NM,,,,,True,False
4296203,Raulin Rodriguez,Amor de Lejos,4,1168,08/11/94,1994,1990,Medicina de Amor,República Dominicana,hombre,"['bachata', 'salsa', 'merengue', 'dominican', 'world', 'romantico']",bachata,NM,,,,,True,False
4297899,Delaporte,Ni un Beso,7,1423,24/10/18,2018,2010,Como anoche,España,grupo,"['pop', 'indie', 'indie pop', 'electronic', 'electronica', 'spanish indie', 'female singer', 'bajos gordos']",pop,NM,0,0,0,N,False,True
4310084,T3r Elemento,Mi Religión,4,1422,16/11/18,2018,2010,The Green Trip,México,grupo,"['sierreno', 'corridos', 'corrido', 'regional mexican', 'corridos verdes']",sierreno,NM,0,0,0,N,False,True
4310085,T3r Elemento,La Revancha,7,941,16/11/18,2018,2010,The Green Trip,México,grupo,"['sierreno', 'corridos', 'corrido', 'regional mexican', 'corridos verdes']",sierreno,NM,,,,,True,False
4312467,Cali y El Dandee,Ay Corazón,10,2142,13/02/19,2019,2010,Cali Y El Dandee: Favoritas,Colombia,grupo,"['pop', 'male vocalist', 'reggaeton', 'electronic', 'cali', 'spanish hip-hop', 'latin pop', 'latin urban']",pop,NM,,,,,True,False
4315209,Nathy Peluso,Natikillah,7,2170,14/02/19,2019,2010,Natikillah,España,mujer,"['pop', 'rnb', 'argentinian', 'espana', 'from spain', 'spaniard', 'latin pop']",pop,M,1,0,0,N,True,False
431549,Violadores del Verso,Rap Solo Universidad,14,4386,01/01/01,2001,2000,Atrás (Maxi),España,grupo,"['hip-hop', 'rap', 'spanish hip-hop', 'hip hop', 'spanish rap', 'zaragoza', 'doble v', 'violadores del verso', 'rap solo']",hip-hop,M,0,1,0,N,True,False
4319575,Mina (Ft. Diego El Cigala),Un año de amor,8,745,,2008,2000,Todavía,España,hombre,"['flamenco music', 'flamenco pop', 'regional mexicano']",flamenco music,NM,,,,,True,False
4338748,Luigi 21 Plus,Se Reveló,8,2269,30/10/12,2012,2010,El Patán,Puerto Rico,hombre,"['reggaeton', 'latin urban', 'latin pop', 'reggae']",reggaeton,M,0,1,1,Y,False,True
4346737,Ángela Aguilar,La Basurita,5,808,02/03/18,2018,2010,Primero Soy Mexicana,México,mujer,"['mariachi', 'ranchero', 'regional mexicana', 'homewrecker', 'ranchera']",mariachi,NM,,,,,True,False
4350073,Anuel AA,Por Ley,8,2689,24/05/19,2019,2010,Real hasta la muerte: Éxitos,Puerto Rico,hombre,"['reggaeton', 'trap', 'rap', 'latin trap', 'hip-hop', 'trap latino', 'bellakeo', 'latin urban']",reggaeton,M,1,0,0,N,True,False
4350800,"Lalo Ebratt, Sebastián Yatra & Yera (Ft. Trapical)",Déjate Querer,11,2948,01/03/19,2019,2010,Déjate querer,Colombia,hombre,"['rock', 'film composer', 'soundtrack', 'jazz', 'big band', 'contemporary classical', 'composers', 'piano music', 'composition', 'television music', 'conducting', 'pianists', 'motion picture music', 'film composers', 'television composers', 'conductors', 'classical', 'argentinian', 'bebop', 'spy', 'south american']",rock,M,1,1,0,Y,True,False
436926,Salvaje Decibel,Radical,6,4559,,2013,2010,Radical,Chile,grupo,"['rap', 'hip-hop', 'hiphop combativo', 'hiphopoliticombativo', 'political', 'indie', 'underground', 'hip hop', 'boom bap', 'latin rap', 'political hip hop']",rap,NM,,,,,True,False
4378753,YSY A (Ft. Duki & Neo Pistea),Vuelta a la Luna (Remix),11,3575,18/04/19,2019,2010,Vuelta a la Luna - Remix,Argentina,hombre,"['trap latino', 'musica argentina', 'trap argentino']",trap latino,M,1,0,1,Y,True,False
4399283,Hombres G,Con los Brazos en Cruz,5,1067,22/02/19,2019,2010,Resurrección,España,grupo,"['rock', 'rock en espanol', 'pop', 'spanish rock', 'rock en español', 'pop rock', 'spanish pop']",rock,NM,,,,,True,False
4399286,Hombres G,Confía en Mí,7,568,01/03/19,2019,2010,Resurrección,España,grupo,"['rock', 'rock en espanol', 'pop', 'spanish rock', 'rock en español', 'pop rock', 'spanish pop']",rock,NM,,,,,True,False
4405557,Alejandro Sanz & Camila Cabello,Mi Persona Favorita,10,1940,28/03/19,2019,2010,#ELDISCO,España,hombre,"['pop', 'latin pop', 'alejandro sanz', 'romantic', 'balada romántica', 'flamenco pop', 'rock', 'soft rock', 'ballad', 'pop rock', 'rock en español', 'duetos']",pop,NM,,,,,True,False
4405567,Alejandro Sanz,El Trato,8,1634,05/04/19,2019,2010,#ELDISCO,España,hombre,"['pop', 'latin pop', 'alejandro sanz', 'romantic', 'balada romántica', 'flamenco pop', 'rock', 'soft rock']",pop,NM,,,,,True,False
442262,C-Kan (Ft. MC Magic),Quiero Que Sepas,8,2850,,2018,2010,"Clasificación C, Vol. 1",México,hombre,"['french', 'birdsong', 'field recording', 'nature sounds']",french,NM,,,,,True,False
4426584,Noriel (Ft. Manuel Turizo),No Te Hagas La Loca,9,2661,12/04/19,2019,2010,Cerrando Capítulo - EP,Puerto Rico,hombre,"['latin urban', 'reggaeton', 'trap', 'trap latino', 'latin pop']",latin urban,M,1,0,1,Y,True,False
4446639,Romeo Santos (Ft. El Chaval de la Bachata),Canalla,11,1787,05/04/19,2019,2010,Utopía,Estados Unidos,hombre,['bachata'],bachata,M,1,0,1,Y,True,False
4446644,Romeo Santos (Ft. Zacarías Ferreira),Me Quedo,10,1862,05/04/19,2019,2010,Utopía,Estados Unidos,hombre,['bachata'],bachata,NM,,,,,True,False
4451399,Ramona,Se Te Olvida,6,728,24/10/17,2017,2010,Las 100 clásicas de Javier Solís,México,hombre,"['acoustic', 'indie rock', 'power pop', 'emo', 'rock brasil', 'indie pop', 'electronic', 'rock rool brasil', 'acoustic rock', 'pop rock', 'bolero', 'ranchera']",acoustic,M,0,1,0,N,True,False
4461135,Morat,Presiento,11,1815,12/04/19,2019,2010,Balas Perdidas (Versión Especial),Colombia,grupo,"['latin pop', 'folk pop', 'pop', 'amazing', 'death metal', 'colombian pop', 'morat']",latin pop,M,0,0,1,Y,True,False
4462636,"Anuel AA, Daddy Yankee & KAROL G (Ft. J Balvin & Ozuna)",China,13,4660,19/07/19,2019,2010,Emmanuel,Puerto Rico,hombre,"['reggaeton', 'trap', 'rap', 'latin trap', 'hip-hop', 'trap latino', 'bellakeo', 'latin urban']",reggaeton,M,1,0,1,Y,True,False
4462662,Becky G & Maluma,La Respuesta,11,2455,19/04/19,2019,2010,Just Dance 2020 Official Tracklist,Estados Unidos,mujer,"['pop', 'rap', 'hip-hop', 'hip hop', 'american', 'reggaeton', 'latin pop', 'latin urban', 'pop rap', 'contemporary r&b', 'cumbia', 'dance-pop', 'mexican traditions', 'stage & screen', 'teen pop']",pop,M,1,0,0,N,True,False
4481352,Cielo Razzo,El Bobo y el Payaso,5,622,,2015,2010,Tierra Nueva,Argentina,grupo,"['rock argentino', 'rosario', 'rock', 'argentinian', '2000s', 'alternative rock', 'rock alternativo', 'rock nacional', 'rock clasico', 'argentine rock', 'pop']",rock argentino,NM,,,,,True,False
4488609,"Alemán (Ft. Cozy Cuz, Dee, Fntxy & Yoga Fire)",Humo en la Trampa,8,2777,20/04/19,2019,2010,Humo en la Trampa,México,hombre,"['hip hop', 'trap latino', 'west coast hip hop']",hip hop,M,1,0,0,N,True,False
4490200,Lola Indigo,Maldición,10,2217,26/04/19,2019,2010,Akelarre,España,mujer,"['pop', 'dance', 'latin pop', 'reggaeton', 'lola indigo', 'brazilian funk', 'upcoming album 2023']",pop,M,1,0,1,Y,False,True
4500056,Kidd Keo,Serpiente Veneno,9,3608,26/04/19,2019,2010,Música Para El Amor y La Guerra,España,grupo,"['trap', 'rap', 'drill', 'alicante', 'spanish trap']",trap,M,1,1,1,Y,True,False
4500670,Jósean Log,Alguien Como Tú,4,1217,22/04/19,2019,2010,El Futuro No Existe - EP,México,hombre,"['pop', 'indie', 'indie folk', 'rock latino', 'rock mexicano', 'indie latino']",pop,NM,0,0,0,N,False,True
4504834,Chimbala,El Boom,10,2951,04/05/19,2019,2010,El Boom,República Dominicana,hombre,"['reggaeton', 'dominican']",reggaeton,M,1,0,1,Y,True,False
4505673,Alex Rose & De La Ghetto,Control,9,3132,20/06/19,2019,2010,Control,Estados Unidos,hombre,"['reggaeton', 'urban', 'indie folk', 'sxsw', 'latin trap', 'latin urban', '2010s', '2020s', 'dembow', 'trap latino']",reggaeton,M,1,0,0,Y,True,False
4517636,Lola Indigo,Inocente,9,1509,17/05/19,2019,2010,Akelarre,España,mujer,"['pop', 'dance', 'latin pop', 'reggaeton', 'lola indigo', 'brazilian funk', 'upcoming album 2023']",pop,NM,,,,,True,False
4519997,Maluma (Ft. Ozuna),Dispuesto,10,2194,17/05/19,2019,2010,11:11,Colombia,hombre,"['reggaeton', 'latin urban', 'latin pop', 'trap latino', 'english', 'pop rock', 'trap music', 'urbano', 'urbano latino', 'urbano music']",reggaeton,M,1,1,0,Y,True,False
4520000,Maluma (Ft. Nicky Jam),No Puedo Olvidarte,11,2185,17/05/19,2019,2010,11:11,Colombia,hombre,"['reggaeton', 'latin urban', 'latin pop', 'trap latino', 'english', 'pop rock', 'trap music', 'urbano', 'urbano latino', 'urbano music', 'grunge', 'alternative rock', 'rock', 'seattle', 'hard rock', 'indie rock', 'funk rock', 'classic rock', 'experimental rock', 'rock and indie', 'art rock', 'post-grunge', 'acoustic rock', 'bridge', 'christmas singles', 'estados unidos', 'american', 'immortality', 'twenty', 'vyrzukhisuc-artiest']",reggaeton,M,1,0,0,Y,True,False
4520173,BB Nobre,La Aventura,8,1442,28/03/19,2019,2010,De Pocas Pocas Pulgas,Estados Unidos,hombre,"['blues', 'electric blues', 'soul blues', 'rhythm & blues', '2008 universal fire victim', 'soul', 'blues rock', 'live', 'jazz and blues', 'urban blues', 'filmore']",blues,M,1,1,1,Y,True,False
4530666,Aitana,Con La Miel En Los Labios,7,1193,31/05/19,2019,2010,Spoiler,España,mujer,"['pop', 'rock', 'pop rock', 'latin pop', 'trash pop', 'electro-pop']",pop,NM,,,,,True,False
4539402,"Luxian (Ft. Andresito Otro Corte, Bastian La Amenaza, Boss Supreme Lirycs, Chuchu Retro, El Bai, Gabo El Chamaquito & Uzbell)",Amor de Colegio,10,4380,29/03/19,2019,2010,Dando Clase,Argentina,grupo,['kleinkunst'],kleinkunst,M,1,1,0,Y,True,False
4545032,Aitana,Nada Sale Mal,11,1701,17/05/19,2019,2010,Spoiler,España,mujer,"['pop', 'rock', 'pop rock', 'latin pop', 'trash pop', 'electro-pop']",pop,NM,,,,,True,False
4546834,Paulo Londra,Querido Amigo,7,2182,23/05/19,2019,2010,Homerun,Argentina,hombre,"['trap', 'white rapper', 'trap latino', 'trap argentino', 'rap', 'cordoba', 'ended', 'messi']",trap,M,0,0,1,Y,True,False
4546835,Paulo Londra,Romeo y Julieta,7,2091,23/05/19,2019,2010,Homerun,Argentina,hombre,"['trap', 'white rapper', 'trap latino', 'trap argentino', 'rap', 'cordoba', 'ended', 'messi']",trap,NM,,,,,True,False
4553593,Paulo Londra,So Fresh,9,2008,23/05/19,2019,2010,Homerun,Argentina,hombre,"['trap', 'white rapper', 'trap latino', 'trap argentino', 'rap', 'cordoba', 'ended', 'messi']",trap,M,0,0,1,Y,True,False
4554407,Paulo Londra (Ft. De La Ghetto & Justin Quiles),Solo Pienso en Ti,9,6791,14/05/19,2019,2010,Homerun,Argentina,hombre,"['hip hop', 'latin urban']",hip hop,M,1,0,0,N,True,False
4558062,"JHAYCO, J Balvin & Bad Bunny",No Me Conoce (Remix),9,4324,17/05/19,2019,2010,Famouz,Puerto Rico,hombre,"['reggaeton', 'rap', 'no pega solo', 'trap', 'pop', 'electropop', 'sex', 'hip hop', 'trap latino']",reggaeton,M,1,0,1,Y,True,False
4560395,JHAYCO & Tainy,Imaginaste,8,2010,24/05/19,2019,2010,Famouz,Puerto Rico,hombre,"['reggaeton', 'rap', 'no pega solo', 'trap', 'pop', 'electropop', 'sex', 'hip hop', 'trap latino']",reggaeton,M,1,1,0,Y,False,True
4564718,PXXR GVNG,Design,6,2021,21/02/14,2014,2010,Inéditos,España,grupo,"['trap', 'hip hop', 'electronic', 'barcelona', 'mierda', 'meme music', 'buena musica']",trap,M,1,0,1,Y,True,False
4565193,Portavoz,Profesional,7,2246,12/05/19,2019,2010,Millanao,Chile,hombre,"['hip hop', 'rap politico', 'hip hop activista', 'hip-hop', 'indie', 'political', 'underground', 'political hip hop']",hip hop,NM,0,0,0,N,False,True
4565198,Portavoz,La Clave,5,1809,,2019,2010,Millanao,Chile,hombre,"['hip hop', 'rap politico', 'hip hop activista', 'hip-hop', 'indie', 'political', 'underground', 'political hip hop']",hip hop,NM,,,,,True,False
4565199,Portavoz,Sol,7,2327,12/05/19,2019,2010,Millanao,Chile,hombre,"['hip hop', 'rap politico', 'hip hop activista', 'hip-hop', 'indie', 'political', 'underground', 'political hip hop']",hip hop,NM,,,,,True,False
4565200,Portavoz,Hey Hey!,5,3033,,2019,2010,Millanao,Chile,hombre,"['hip hop', 'rap politico', 'hip hop activista', 'hip-hop', 'indie', 'political', 'underground', 'political hip hop']",hip hop,NM,,,,,True,False
4565202,Portavoz,Mata tu ídolo,3,1732,,2019,2010,Millanao,Chile,hombre,"['hip hop', 'rap politico', 'hip hop activista', 'hip-hop', 'indie', 'political', 'underground', 'political hip hop']",hip hop,NM,0,0,0,N,False,True
4565203,Portavoz,Una Sola Bala + Ahora Vuelvo,6,2345,,2019,2010,Millanao,Chile,hombre,"['hip hop', 'rap politico', 'hip hop activista', 'hip-hop', 'indie', 'political', 'underground', 'political hip hop']",hip hop,M,0,0,1,Y,True,False
4565204,Portavoz,En El Aire,6,2385,,2019,2010,Millanao,Chile,hombre,"['hip hop', 'rap politico', 'hip hop activista', 'hip-hop', 'indie', 'political', 'underground', 'political hip hop']",hip hop,M,1,0,0,Y,True,False
4565208,Portavoz,Haití - Wallmapu,11,1727,,2019,2010,Millanao,Chile,hombre,"['hip hop', 'rap politico', 'hip hop activista', 'hip-hop', 'indie', 'political', 'underground', 'political hip hop']",hip hop,NM,,,,,True,False
4565211,Portavoz,Vida Musik,4,1784,,2019,2010,Millanao,Chile,hombre,"['hip hop', 'rap politico', 'hip hop activista', 'hip-hop', 'indie', 'political', 'underground', 'political hip hop']",hip hop,NM,,,,,True,False
4569310,Duki,Goteo,12,3110,07/08/19,2019,2010,Súper Sangre Joven,Argentina,hombre,"['trap', 'latin trap', 'palermo', 'hip hop latino', 'rap', 'bruh', 'hip hop argentino', 'rap argentino', 'trap latino', 'hip hop', 'argentine trap', 'freestyle rap', 'latin freestyle', 'latin hip-hop', 'latin rap', 'pop rap', 'pop rock', 'reggaeton', 'trap (latin)']",trap,NM,,,,,True,False
4575243,Aitana & Lola Indigo,Me Quedo,13,1596,07/06/19,2019,2010,Spoiler,España,mujer,"['pop', 'rock', 'pop rock', 'latin pop', 'trash pop', 'electro-pop', 'electropop', 'female vocals', '2020s']",pop,NM,,,,,True,False
4576457,Dani Fernández,Te esperaré toda la vida,8,1326,30/11/17,2017,2010,Incendios,España,hombre,"['little star', 'treble', 'twink', 'under 3000 plays', 'youngstar', 'under 90 listeners', 'sapanish', 'under 100 listeners', 'spanish male vocalists']",little star,NM,,,,,True,False
4577807,Dani Fernández,6 de septiembre,9,1410,25/04/19,2019,2010,Incendios,España,hombre,"['little star', 'treble', 'twink', 'under 3000 plays', 'youngstar', 'under 90 listeners', 'sapanish', 'under 100 listeners', 'spanish male vocalists']",little star,M,1,0,0,N,True,False
4578085,Dani Fernández,Perdido en Madrid,7,1206,24/05/19,2019,2010,Incendios,España,hombre,"['little star', 'treble', 'twink', 'under 3000 plays', 'youngstar', 'under 90 listeners', 'sapanish', 'under 100 listeners', 'spanish male vocalists']",little star,NM,0,0,0,N,False,True
4578960,Dani Fernández,Disparos,9,1235,24/05/19,2019,2010,Incendios,España,hombre,"['little star', 'treble', 'twink', 'under 3000 plays', 'youngstar', 'under 90 listeners', 'sapanish', 'under 100 listeners', 'spanish male vocalists']",little star,NM,,,,,True,False
4579020,Dani Fernández,Y te diré,7,1267,24/05/19,2019,2010,Incendios,España,hombre,"['little star', 'treble', 'twink', 'under 3000 plays', 'youngstar', 'under 90 listeners', 'sapanish', 'under 100 listeners', 'spanish male vocalists']",little star,NM,,,,,True,False
4579064,Dani Fernández,Bailemos,8,983,24/05/19,2019,2010,Incendios,España,hombre,"['little star', 'treble', 'twink', 'under 3000 plays', 'youngstar', 'under 90 listeners', 'sapanish', 'under 100 listeners', 'spanish male vocalists']",little star,NM,,,,,True,False
4579107,Dani Fernández,Miedo,8,1621,25/05/18,2018,2010,Incendios,España,hombre,"['little star', 'treble', 'twink', 'under 3000 plays', 'youngstar', 'under 90 listeners', 'sapanish', 'under 100 listeners', 'spanish male vocalists']",little star,NM,,,,,True,False
4579207,Dani Fernández,No te pido que vuelvas,7,1236,24/05/19,2019,2010,Incendios,España,hombre,"['little star', 'treble', 'twink', 'under 3000 plays', 'youngstar', 'under 90 listeners', 'sapanish', 'under 100 listeners', 'spanish male vocalists']",little star,NM,,,,,True,False
4589199,Bad Bunny & Tainy,Callaita,13,2642,31/05/19,2019,2010,Un Verano Sin Ti,Puerto Rico,hombre,"['merge', 'reggaeton', 'trap latino', 'latin trap', 'hip hop']",merge,M,1,0,1,Y,False,True
4604903,Estopa,Fuego,7,1665,31/03/19,2019,2010,Fuego,España,grupo,"['flamenco', 'pop', 'rock', 'rumba', 'estopa', 'pop rock']",flamenco,M,1,0,0,N,True,False
4605763,Estopa,Atrapado,12,2160,18/10/19,2019,2010,Fuego,España,grupo,"['flamenco', 'pop', 'rock', 'rumba', 'estopa', 'pop rock']",flamenco,NM,,,,,True,False
4605764,Estopa,Corazón Sin Salida,8,1896,18/10/19,2019,2010,Fuego,España,grupo,"['flamenco', 'pop', 'rock', 'rumba', 'estopa', 'pop rock']",flamenco,NM,,,,,True,False
4605765,Estopa,Camiseta de Rockanrol,8,1445,18/10/18,2018,2010,Fuego,Argentina,grupo,"['flamenco', 'pop', 'rock', 'rumba', 'estopa', 'pop rock']",flamenco,NM,,,,,True,False
4605769,Estopa,Pobre Siri,5,1280,18/10/19,2019,2010,Fuego,España,grupo,"['flamenco', 'pop', 'rock', 'rumba', 'estopa', 'pop rock']",flamenco,NM,,,,,True,False
4605771,Estopa,Yo No Estoy Loco,5,1529,18/10/19,2019,2010,Fuego,España,grupo,"['flamenco', 'pop', 'rock', 'rumba', 'estopa', 'pop rock']",flamenco,NM,0,0,0,N,False,True
4612299,$kyhook & Morad,A Escondidas,8,2084,07/06/19,2019,2010,Moonchies,España,hombre,"['hip hop', 'hip-hop', 'electronic', 'instrumental hip hop', 'wave', 'uk bass', 'trap']",hip hop,M,1,0,1,Y,True,False
4613605,LR Ley Del Rap & Tivi Gunz,Fuego Y Pasión,6,2501,07/06/19,2019,2010,El Renacimiento,República Dominicana,hombre,"['rap', 'dominican pop', 'rap dominicano', 'latin urban']",rap,M,1,0,1,Y,True,False
4618897,DJ Snake & J Balvin (Ft. Tyga),Loco Contigo,9,2198,14/06/19,2019,2010,Carte Blanche,Colombia,hombre,"['trap', 'electronic', 'dance', 'edm', 'french', 'bass', 'france', 'selena gomez', 'moombahton', 'pop', 'hip hop', 'contemporary r&b', 'electropop', '2010s', 'african', 'afro house', 'alternative r&b', 'amapiano', 'bass house', 'breakbeat', 'breaks', 'deep house', 'drum and bass', 'dubstep', 'edm trap music', 'electronica', 'future bass', 'hardcore', 'tech house', 'rap', 'split me up']",trap,M,1,0,0,Y,True,False
4624090,"Rich Music, Dalex & Sech (Ft. Feid, Justin Quiles, Lenny Tavárez, Wisin & Zion)",Quizás,11,3501,20/09/19,2019,2010,The Academy,Panamá,hombre,"['reggaeton', 'latin urban', 'country', 'traditional country', 'rockabilly', 'country pop', 'soul', 'jazz']",reggaeton,M,1,0,1,Y,True,False
462672,Violadores del Verso,Haciendo Lo Nuestro,11,5991,04/05/06,2006,2000,Vivir Para Contarlo / Haciendo Lo Nuestro,España,grupo,"['hip-hop', 'rap', 'spanish hip-hop', 'hip hop', 'spanish rap', 'zaragoza', 'doble v', 'violadores del verso', 'rap solo']",hip-hop,M,1,0,0,N,True,False
4628173,Kidd Keo,Moon Talk,7,2162,13/06/19,2019,2010,BACK TO ROCKPORT,España,hombre,"['trap', 'rap', 'drill', 'alicante', 'spanish trap']",trap,M,1,0,0,Y,False,True
4628729,Bad Bunny & Myke Towers,Estamos Arriba,9,3484,14/06/19,2019,2010,Estamos arriba,Puerto Rico,hombre,"['reggaeton', 'trap', 'trap latino', 'latin pop', 'rap', 'latin rap', 'pop rap', 'latin trap', 'hip hop', 'pop', 'english', 'latin urban']",reggaeton,M,1,0,1,Y,True,False
4628763,C.R.O (Bardero$),Tu Recuerdo,5,1836,20/06/19,2019,2010,Capsula,Argentina,hombre,"['trap latino', 'hip hop', 'pop rap', 'rap', 'german', 'deutsch']",trap latino,M,1,0,0,Y,True,False
4630219,Mariah Angeliq,Perreito,6,1452,14/06/19,2019,2010,Normal,Estados Unidos,mujer,"['pop', 'female vocalist', 'bimbo', 'reggaeton', 'trap latino']",pop,NM,,,,,True,False
4652761,Jhon Alex Castaño,Viviré Sin Ti,8,843,,2013,2010,Dos Razones,Colombia,hombre,['música popular'],música popular,M,0,0,1,Y,True,False
4654822,"Noriel (Ft. Almighty, Myke Towers & Rauw Alejandro)",Cuerpo en Venta,10,3788,08/08/19,2019,2010,Cuerpo en venta,Puerto Rico,hombre,"['latin urban', 'reggaeton', 'trap', 'trap latino', 'scottish', 'british', 'classic pop and rock']",latin urban,M,1,1,1,Y,True,False
4657501,PXXR GVNG,IMONMAPAPISHIT,6,1732,26/06/15,2015,2010,Inéditos,España,grupo,"['trap', 'hip hop', 'electronic', 'barcelona', 'mierda', 'meme music', 'buena musica']",trap,M,1,0,1,Y,True,False
4659401,Soda Stereo,Persiana Américana (En Vivo),8,1260,16/12/97,1997,1990,El Último Concierto B (En Vivo),Argentina,grupo,"['rock argentino', 'rock', 'rock en espanol', 'new wave', 'alternative rock', 'rock en español', 'shoegaze', 'soda stereo']",rock argentino,M,1,0,0,N,True,False
4662262,J Balvin & Bad Bunny,CUIDAO POR AHÍ,11,2543,28/06/19,2019,2010,OASIS,Colombia,hombre,"['reggaeton', 'hip-hop', 'united states of america', 'j balvin', 'bad bunny', 'latin trap', 'hip hop', 'latin pop', 'pop']",reggaeton,M,1,0,1,Y,True,False
4668525,Trebol Clan (Ft. Joan Ortíz),Gata Fiera,12,2973,29/06/04,2004,2000,Los Bacatranes,Puerto Rico,grupo,"['latin urban', 'reggaeton']",latin urban,M,1,1,1,Y,True,False
4670075,Christian Daniel,Ahora Que Te Vas,8,1323,04/08/15,2015,2010,Renacer,Puerto Rico,hombre,['latin pop'],latin pop,NM,,,,,True,False
4679390,David Bisbal & Juan Magán,Bésame,11,1784,05/07/19,2019,2010,En Tus Planes,España,hombre,"['pop', 'latin pop', 'davis bisbal', 'david bisbal', 'operacion triunfo', 'spanish pop', 'ballad']",pop,M,1,1,0,N,True,False
4679908,"Cali y El Dandee, Greeicy & JHAYCO",Sólo Mía,10,2211,12/07/19,2019,2010,Sólo mía,Colombia,grupo,"['french', 'chanson francaise', 'alternative', 'rock', 'nouvelle scene francaise', 'france', 'pop', 'francais', 'chanson française', 'latin pop', 'latin urban', 'alternative rock', 'visual kei', 'experimental rock', 'major', 'misshitsu kei']",french,M,1,0,1,Y,True,False
4709095,La Mafia del Amor & Steve Lean,Hasta Abajo,8,2765,15/07/19,2019,2010,sencillo,España,grupo,"['pop', 'hip hop', 'electronic', 'reggaeton', 'mambo', 'trap']",pop,M,1,1,1,Y,True,False
4711510,Lola Indigo & Don Patricio,Lola Bunny,12,2605,31/07/19,2019,2010,La Niña,España,mujer,"['pop', 'dance', 'latin pop', 'reggaeton', 'lola indigo', 'brazilian funk', 'upcoming album 2023', 'electropop', 'dance-pop', 'funk carioca']",pop,M,1,0,0,N,True,False
4738805,Fuerza Regida,Sigo Chambeando,7,1303,04/07/19,2019,2010,Del Barrio Hasta Aquí,México,grupo,"['corridos tumbados', 'corridos', 'sierreno', 'corrido', 'regional mexicano', 'sad sierreno']",corridos tumbados,NM,,,,,True,False
4757855,"Cupido, Lola Indigo & Alizzz",Autoestima (Remix),9,2486,09/08/19,2019,2010,Broken Hearts Club,España,grupo,"['pop', 'indie', 'trap', 'bedroom pop', 'rock', 'electronic', 'indiepop', 'dance']",pop,NM,,,,,True,False
4759404,Eladio Carrión & Bad Bunny,Kemba Walker,6,1954,06/08/19,2019,2010,Sauce Boyz,Puerto Rico,hombre,"['pop', 'latin pop', 'reggaeton', 'trap latino', 'latin trap', 'hip hop']",pop,M,0,0,1,N,False,True
476114,Romeo Santos,Cancioncitas de Amor,13,2160,25/02/14,2014,2010,"Fórmula, Vol. 2",Estados Unidos,hombre,"['bachata', 'pop', 'latin pop', 'rnb', 'american', 'aventura', 'r&b']",bachata,NM,0,0,0,N,False,True
479478,PXXR GVNG,Mi Mujer,5,1856,06/12/13,2013,2010,Tu coño es mi droga,España,grupo,"['trap', 'hip hop', 'electronic', 'barcelona', 'mierda', 'meme music', 'buena musica']",trap,M,1,1,1,Y,True,False
479486,PXXR GVNG,Cristiano Ronaldo 9mm,5,1703,27/02/14,2014,2010,Inéditos,España,hombre,"['trap', 'hip hop', 'electronic', 'barcelona', 'mierda', 'meme music', 'buena musica']",trap,M,1,0,1,Y,True,False
4796566,Farruko,Qué Hay de Malo,11,2320,19/08/19,2019,2010,En Letra De Otro,Puerto Rico,hombre,"['reggaeton', 'reggaeton-boriqua', 'autotune', 'officially shit', 'urbano latino', 'farruko', 'trap latino', 'latin urban']",reggaeton,NM,,,,,True,False
4796737,Yung Beef & La Zowi,Empezar de Cero,10,2701,19/08/19,2019,2010,La Gusana Ciega 1994 / 2022,México,grupo,"['trap', 'reggaeton', 'rap', 'cloud rap', 'spanish trap', 'hip-hop', 'g o a t', 'hip hop', 'alternative', 'rock en español', 'rock pop', 'trap latino']",trap,M,1,0,1,Y,True,False
4800230,"Dímelo Flow, Nicky Jam & Farruko (Ft. Lunay, Sech & Zion)",El Favor,12,3117,30/08/19,2019,2010,El favor,Panamá,hombre,"['reggaeton', 'latin urban', 'pop punk', 'alternative rock', 'indie rock', 'pop rock', 'j-pop']",reggaeton,M,1,1,1,Y,False,True
4800523,El Mayor Clásico,El Maíz,11,2906,23/09/15,2015,2010,Éxitos del Dembow,República Dominicana,hombre,['dembow'],dembow,M,1,0,0,N,True,False
480551,Violadores del Verso,Atrás,10,5297,01/01/01,2001,2000,Atrás (Maxi),España,grupo,"['hip-hop', 'rap', 'spanish hip-hop', 'hip hop', 'spanish rap', 'zaragoza', 'doble v', 'violadores del verso', 'rap solo']",hip-hop,M,1,0,0,Y,True,False
4809333,"Dalex, Lenny Tavárez & Chencho Corleone (Ft. Dímelo Flow & Juhn)",Hola (Remix),11,3134,01/11/19,2019,2010,Yo Te Quiero Pa Mí,Puerto Rico,hombre,"['reggaeton', 'rnb', 'sexual', 'sex', 'xxx', 'united states', 'latin urban']",reggaeton,M,1,0,0,Y,True,False
4819370,DAPS (ESP),CHENEGUEIM,8,2383,26/08/19,2019,2010,Generación Nintendo,España,hombre,['trap'],trap,M,1,0,0,N,True,False
4819963,Various Artists,El Último Adiós,5,1322,,1976,1970,El Último Adiós / The Last Goodbye,España,grupo,"['special purpose artist', 'special purpose', 'compilation', 'soundtrack', '9818784', 'score', 'absolute', '2002', '2004', 'disco', '1990s', '2000s', 'virginia', '2000', '2001', 'va', 'aggro berlin', 'aggro', 'virginia beach', 'lamb of god', 'alabama thunderpussy', 'tag spam', 'boot land', 's.a. souvenirs', 'mugwart was a sludge/punk/doom/hardcore band from virginia beach', 'active 1998–2002. emerging from the tidewater crust‑punk/skate scene', 'the group combined punk urgency and hardcore aggression with downtuned sludge heaviness and doom atmosphere. their raw', 'abrasive sound placed them firmly within the late‑1990s/early‑2000s underground', 'while maintaining a distinctly punk ethos. the band’s definitive release is discography (this dark reign recordings', 'tdr‑13', 'usa)', 'which compiles studio material from 1999–2002. tracks were originally issued (or intended) across several small‑label documents: “before you / fallen” — acrude records (crude‑01', 'france)', 'shifty records (sh09', 'compilation. crushers killers destroyers! — shifty records (sh08', 'compilation. doomed — this dark reign recordings (tdr‑001', 'compilation. mugwart performed throughout virginia and the surrounding region', 'sharing stages with grief', 'damad', 'fistula', 'sofa king killer', 'and clutch. in 2011', 'uk extreme‑metal band dragged into sunlight selected mugwart’s track “fallen” for a curated mixtape in terrorizer magazine (issue #285)', 'highlighting the group’s ongoing resonance nearly a decade after disbanding. legacy: though short‑lived', 'mugwart is regarded as a cult', 'foundational act of the virginia sludge/punk/doom underground. their recordings circulate digitally via bandcamp and streaming platforms', 'and their influence continues to be cited by later generations of extreme bands. disambiguation: this is mugwart (virginia beach', 'mugwart (has nothing to do with (“mugwort”)', 'needs to be removed', 'sludge hardcore punk', 'ansage', 'country dreams', 'country', 'mashup', '7″ single. because sometimes two are better than one — split with fistula', '3″ cd. south of hell – 14 songs from the new south — berserker records (ber‑005', 'electronic', 'punk', 'punk rock', 'experimental', 'r&b', 'ronak bhatt', 'ambient', 'artist', 'various', 'release', 'label as artist', 'ncs', 'oldest artist rowid', 'number 1', 'driven by 80s anthems', 'hollywood hits', 'compilatie', 'celtic celebration', 'dfree843', 'cdnnnow128', 'va - we were first - 180 hits in their original versions (2014)', 'fixme', 'world', 'fix me', 'trikitixa', 'sprechgesang', 'fix your tags', 'glass', 'fix', 'oldest artist #1', 'absolute voices', 'fix\u200cme', 'please consider not using this for artist credits', 'm\u200cess', 'put in brackets', 'new generations', 'new generations philip glass', 'leaving on a jet plan', 'bflaminio', 'pop-rock', 'popular', 'live', 'chicago', 'michael jackson', 'ultimate love songs greatest love of all disc 1', 'orthodox', 'nederlands', 'unknown', 'nox', 'wireharp', 'mohsen namjoo', 'klaus baumgart', 'various artists', 'healing sixes', 'la grande sophie', '嫌われ松子の歌たち', 'z103 5 street mix 2k7', 'venezolana', 'niroshima', 'nitzer ebb', 'shankar jaikishan', 'visions', 'razieq', 'rhythm del mundo', 'montuno', 'more 70', 'ussr ministry of culture chamber choir', 'josquin', 'tags', 'kinderliedjes kapiteinwinokio humo', 'soul cargo', 'the welcome committee', 'mimicking birds', 'liturgic', 'miroque', 'liz', 'liz andrade', 'old skool of rock disc 1', 'vera kaa', 'zero t 51', 'tunguska chillout grooves', 'we ll never stop living this way a ghostly primer', 'mega', 'piosenka poetycka muzyka autorska', 'pzzqxnzt6snn_ekrngheoblbupu-', 'pavarotti', 'grase', 'los 24 grandes éxitos de la zarzuela', 'papeete', 'zweiohr', 'ultimatecore', 'lil eazy-e', 'mess mess', 'why are you downvoting the ""mess"" tag? it is a mess!', 'tagmess', 'various artist; not *every* artist', 'shine 4', 'has german audiobooks', 'casanovas', 'мелодии рождества', 'mess mess mess', 'why are you voting down tags that explain stuff', 'you *should* fix your tags', 'still a mess', 'practically all these tags are fail', 'rename into [various artists]', 'please fix', 'tagsmess', 'groom to the gallows', 'megafixme', 'loosers that downvote fixmetags are ...', 'don t use this for artist credits you are to lazy to look-up/make', 'you do realise that every time you downvote a fixme-tag below 0 i unvote it and that tag now permanently stays in the expanded list?', 'kindly fix', 'kindly fixme', 'acoustic best', 'legion of von', 'my sharona', 'cdx', '5099265803', 'experience the classics', 'ƒk₷ℳ€', 'ḟixme', 'i give up on the immature people in the tags here.', 'to the guy that keeps downvoting *every* tag on the va artist', 'rock', 'trance', 'classical', 'pop', 'instrumental', 'rap', 'jazz', 'folk', 'metal', 'new wave', 'hip hop', 'reggae', 'goth', 'opera', 'indie', 'kpop', 'new age', 'psytrance', 'lounge', 'classic', 'christmas', 'folklore', 'progressive trance', 'musical', 'psychobilly', 'drum bass', 'choral', 'meditation', 'japan', 'ost', 'basque', 'beethoven', 'calypso', 'ragga', 'full of fail tags', 'bareto', 'frédéric chopin', 'ibiza', 'musica', 'john coltrane', 'hemi-sync', 'bioshock soundtrack', 'gérard palaprat', 'mary j blige', 'bravo hits', 'infantil', 'dresch', 'africa middle east', 'classique', '80 s fresh new', 'classwar karaoke', 'elc chritmas', 'futebol', 'gospel religious', 'armin van buuren', 'absolute reggae', 'hot hits', 'celtic spirit vol 7', 'es lebe der punk', 'tejano', 'devotional', 'alirio diaz', 'jucanto', 'educacion', 'andrade', 'sunshine', 'marilyn manson', 'cobles', 'kinderchöre', 'die drei', 'sonic seducer cold hands vi', 'andre powels', 'hillbilly', 'birthday', 'foreign language', 'andrew york', 'fjord', 'shwetabh sucks', 'dedicated to you vol 1', 'adam beyer', 'billboard 1 hits', ""don't rate the va artist ffs what"", '50cents', 'breakout artists', 'desperado', '101 moments in music', 'greatest ever! punk & new wave: the definitive collection', 'volkstümliche musik', '2014', 'likedis auto', 'a crooner collection', 'bravo hits 82', 'devotional buddhist chants', 'fail tags', 'fix tags', 'stop using this for artist credits you are to lazy to look-up/make', ""don't rate the va artist"", ""don't tag the va artist"", 'messy tags', '2001 space odyssey', '2017', 'no this is still a mess', 'stop using this for artist credits you are to lazy to look-up/make. srsly', 'faaaaaail', 'failtags', 'fix mess', 'don t tag the va artist (yes i am aware of this irony)', 'don t rate the va artist', ""don't use this for artist credits you are to lazy to look-up/make"", 'stop using this for artist credits period!', '[various artists]', 'f to the i to the x to the m to the e', 'do not using this for artist credits', 'please rename to [various artists]', ""don't tag or rate the various artist"", '21 throwback jams', ""bring up on-par with the other spa's and put this in brackets"", ""every-time you and others downvote. it registers in your tags. then i remove my vote. presto! you're the only one keeping it here!"", 'chillout', 'meta artist', 'blues', 'ska', 'electro', 'bluegrass', 'rockabilly', 'fusion', 'blues rock', 'country rock', 'rock and roll', 'club', 'candombe', 'berlin school', 'binaural beats', 'local music of iran', 'backstreet boys', 'fuzzy artist', 'apparently people are unable to comprehend what ""various artists"" is', ""don't tag the va artist wtf"", 'no matter how long you keep voting down the ""fixme"" tag i will fight you. this should be fixed', 'jungle', 'eurodance', 'soft rock', 'stop using this for artist credits you are to lazy to look-up/make. ffs!', 'tango', 'alternative pop ballad club dance electro france chanson german trance hip-hop rnb rock music soul vocal house', 'http musicbrainz org release-group b2aa521d-001b-34ad-a5e9-ca310e55b254 html', 'http://www.musik-sammler.de/cover/734500/734011.jpg', 'mess', '1 16 217528 150 13231 25894 39556 62358 75112 86121 96491 108473 122788 134485 144086 155376 166189 186497 197822']",special purpose artist,NM,,,,,True,False
4821782,"Natos y Waor, C.R.O (Bardero$) & Homer el Mero Mero",Dispuestos a morir,9,3362,05/09/19,2019,2010,Dispuestos a morir,España,grupo,['rap'],rap,M,1,0,1,Y,False,True
4822826,Bryant Myers (Ft. Anuel AA),Gan-Ga (Remix),7,3027,11/11/19,2019,2010,Gan-Ga (remix),Puerto Rico,hombre,"['latin urban', 'reggaeton', 'trap', 'trap latino']",latin urban,M,1,0,1,N,False,True
4824873,Cornelio Vega Con Banda,Fue un Error Amarte,9,1394,01/04/18,2018,2010,Who I AM,España,hombre,"['latin pop', '2010s', 'dance-pop', 'pop', 'art pop', 'folk', 'pop rock', 'contemporary folk', 'folk pop', 'downtempo', 'chamber pop', 'alternative folk', 'singer/songwriter', '2008 universal fire victim', 'classic pop and rock', 'stay awake']",latin pop,NM,,,,,True,False
4828101,"Leona Lewis, Cali y El Dandee & Juan Magán",Solo Quiero (Somebody to Love),8,1686,28/08/19,2019,2010,Solo Quiero (Somebody to Love),Colombia,mujer,"['pop', 'rnb', 'soul', 'british', 'leona lewis', 'r&b', 'female vocalist', 'x factor', 'contemporary r&b', 'dance-pop', 'electropop', 'female vocals', 'pop soul', 'english', 'pop and chart']",pop,M,1,0,0,N,False,True
4838628,Zion & Lennox,Que Bella,9,2549,,2003,2000,DJ 007 & DJ Outlaw present Most Wanted Reggaeton,Puerto Rico,grupo,"['reggaeton', 'en espanol', 'zion and lennox', 'metalcore', 'aventura', 'world', 'latin urban', 'urbano latino']",reggaeton,NM,0,0,0,N,False,True
4852917,Pekeño 77 & C.R.O (Bardero$),Arriba Las Manos,7,2087,31/10/19,2019,2010,Ta' Cañon,Estados Unidos,hombre,"['hip hop', 'trap', 'uruguayan', 'white rapper']",hip hop,M,1,1,1,Y,True,False
4854659,"C. Tangana, Paloma Mami & Alizzz",No Te Debí Besar,8,1744,12/09/19,2019,2010,No te debí besar,España,hombre,"['rap', 'hip-hop', 'rnb', 'hip hop', 'flamenco pop', 'trap', 'pop rap']",rap,M,1,0,0,N,True,False
4857847,Rochy RD (Ft. Kiko El Crazy),Trucho,11,3298,05/08/19,2019,2010,Rochy Rd - EP,República Dominicana,hombre,['dembow'],dembow,M,1,1,0,Y,True,False
4866248,"DEKKO, Beéle & Montano (Ft. DEKKO & Montano)",Atrevida,12,2664,28/02/20,2020,2020,Turn Up the Bass,Reino Unido,hombre,"['drum and bass', 'eurodance', 'pop', 'ambient', 'experimental', 'electronic', 'dance', 'electronica', 'garage', 'downtempo']",drum and bass,M,1,0,1,Y,False,True
4873176,Los Tigres Del Norte,Golpes en el Corazón (Live At Folsom Prison),10,955,13/09/19,2019,2010,Los Tigres del Norte At Folsom Prison (Original Soundtrack/Live),Estados Unidos,grupo,"['norteño', 'corridos', 'folk', 'los tigres del norte', 'el nino y la boda', 'contrabando y traicion']",norteño,NM,,,,,True,False
4878965,"De La Ghetto, El Alfa & Miky Woodz",FEKA,10,4439,24/10/19,2019,2010,Los Chulitos,Puerto Rico,hombre,"['reggaeton', 'hip hop', 'reggaeton  top-50', 'de la ghetto', 'hip-hop', 'rnb', 'r&b', 'latin urban']",reggaeton,M,1,1,1,Y,True,False
4880963,PXXR GVNG,Timesburger,7,2782,05/05/15,2015,2010,Inéditos,España,grupo,"['trap', 'hip hop', 'electronic', 'barcelona', 'mierda', 'meme music', 'buena musica']",trap,M,1,0,1,Y,True,False
4881643,Junior H,El de la Chevy,5,781,31/05/19,2019,2010,Mi Vida En Un Cigarro,México,hombre,"['corridos tumbados', 'trap', 'pop rap', 'corrido tumbado', 'corridos', 'sierreno', 'american', 'regional mexicano']",corridos tumbados,NM,,,,,True,False
4883046,Yung Beef,Soy Bichote (Remix),14,6884,08/11/19,2019,2010,Perreo de la Muerte 2.5,España,hombre,"['trap', 'reggaeton', 'rap', 'cloud rap', 'spanish trap', 'hip-hop', 'g o a t', 'hip hop']",trap,M,1,1,1,Y,False,True
4884820,Paulo Londra,Party,10,2517,26/09/19,2019,2010,MLB 20: The Show (Soundtrack),Argentina,hombre,"['trap', 'white rapper', 'trap latino', 'trap argentino', 'rap', 'cordoba', 'ended', 'messi']",trap,M,0,0,1,Y,True,False
491069,Yung Beef,Intro (A.D.R.O.M.I.C.F.M.S.),6,4023,06/12/13,2013,2010,A.D.R.O.M.I.C.F.M.S.,España,hombre,"['trap', 'reggaeton', 'rap', 'cloud rap', 'spanish trap', 'hip-hop', 'g o a t', 'hip hop', 'trap latino']",trap,M,1,0,1,Y,True,False
4916414,Ak4:20,Buscando El Ki,6,2215,14/05/19,2019,2010,Modo Aladdin,República Dominicana,grupo,"['reggaeton', 'flaitecore', 'regueton', 'merengue']",reggaeton,M,1,0,1,Y,True,False
492316,Violadores del Verso,Un Gran Plan,5,4099,,1998,1990,Violadores del Verso,España,grupo,"['hip-hop', 'rap', 'spanish hip-hop', 'hip hop', 'spanish rap', 'zaragoza', 'doble v', 'violadores del verso', 'rap solo']",hip-hop,M,1,0,1,Y,True,False
492321,Violadores del Verso,Moved El Ano,11,5149,01/03/01,2001,2000,Violadores del Verso,España,grupo,"['hip-hop', 'rap', 'spanish hip-hop', 'hip hop', 'spanish rap', 'zaragoza', 'doble v', 'violadores del verso', 'rap solo']",hip-hop,M,1,0,1,Y,True,False
492409,Violadores del Verso,Ballantains,8,4640,,1998,1990,Violadores del Verso presenta a Kase.O en: Mierda,España,grupo,"['hip-hop', 'rap', 'spanish hip-hop', 'hip hop', 'spanish rap', 'zaragoza', 'doble v', 'violadores del verso', 'rap solo']",hip-hop,M,1,0,0,Y,True,False
4935014,Beret,Desde Cero,6,1779,25/10/19,2019,2010,Prisma,España,hombre,"['rap', 'japanese', 'jazz', 'j-pop', 'hardcore', 'chillout', 'pop', 'reggae']",rap,NM,,,,,True,False
494689,PXXR GVNG,Pxxrin,5,2021,03/04/14,2014,2010,Los Pobres,España,grupo,"['trap', 'hip hop', 'electronic', 'barcelona', 'mierda', 'meme music', 'buena musica']",trap,M,1,0,1,Y,False,True
494700,PXXR GVNG,Luv Me,7,1249,27/11/13,2013,2010,Inéditos,España,grupo,"['trap', 'hip hop', 'electronic', 'barcelona', 'mierda', 'meme music', 'buena musica']",trap,M,1,1,1,Y,True,False
4949633,Natanael Cano,El Drip,6,1337,15/10/19,2019,2010,Corridos Tumbados,México,hombre,"['corridos tumbados', 'corridos', 'regional mexicano', 'mierda', 'trap', 'sierreno', 'reggaeton', 'corrido tumbado', 'trap latino']",corridos tumbados,M,1,0,1,Y,True,False
4958141,"Lunay, Ozuna & Anuel AA",Aventura,11,3531,25/10/19,2019,2010,Épico,Puerto Rico,hombre,"['reggaeton', 'anitta', 'racist', 'urban', 'latin urban']",reggaeton,M,1,1,1,Y,True,False
4963685,"C. Tangana, Duki & Neo Pistea",5 Stars,15,4948,20/11/19,2019,2010,5 Stars,España,hombre,"['rap', 'hip-hop', 'rnb', 'hip hop', 'flamenco pop', 'trap', 'pop rap']",rap,M,1,0,0,N,True,False
4965592,Rocío Jurado,Punto de partida (Ft. Mónica Naranjo),6,1107,31/01/06,2006,2000,Renaissance (25 Aniversario),España,mujer,"['pop', 'flamenco', 'copla', 'female vocalist', 'world', 'oldies']",pop,NM,,,,,True,False
4969980,Natanael Cano & Bad Bunny,Soy el Diablo (Remix),5,2214,25/10/19,2019,2010,Soy El Diablo (Remix),México,hombre,"['corridos tumbados', 'corridos', 'regional mexicano', 'mierda', 'trap', 'sierreno', 'reggaeton', 'corrido tumbado', 'trap latino']",corridos tumbados,M,0,0,1,Y,True,False
4976096,El Alfa & Lil Pump,Coronao Now,15,4461,07/11/19,2019,2010,El Androide,República Dominicana,hombre,"['dembow', 'reggaeton', 'world', 'hip-hop', 'e', 'd', 'o']",dembow,M,1,1,1,Y,True,False
4980887,D PAIN,RETORCIDO,3,1210,20/12/18,2018,2010,Encarnación,Estados Unidos,hombre,['trap'],trap,NM,,,,,True,False
4981098,David Bisbal,Mucho más allá,10,1170,08/11/19,2019,2010,Frozen 2 (Banda Sonora Original en Castellano),España,hombre,"['pop', 'latin pop', 'davis bisbal', 'david bisbal', 'operacion triunfo', 'spanish pop']",pop,NM,,,,,True,False
499836,Andrés Calamaro,Te Quiero Igual,6,1141,16/04/99,1999,1990,Honestidad Brutal,Argentina,hombre,"['rock argentino', 'rock', 'rock en español', 'rock en espanol', 'andres calamaro', 'pop']",rock argentino,NM,0,0,0,N,False,True
5003154,Jorge Medina,Así O Más Claro,5,1123,,2018,2010,Así O Más Claro,México,hombre,"['banda sinaloense', 'regional mexicano']",banda sinaloense,NM,,,,,True,False
5005438,Brytiago & Myke Towers,Tóxico,8,2813,15/11/19,2019,2010,METRO BOOMIN PRESENTS SPIDER-MAN: ACROSS THE SPIDER-VERSE (SOUNDTRACK FROM AND INSPIRED BY THE MOTION PICTURE / DELUXE EDITION),JM,mujer,"['reggaeton', 'trap', 'latin trap', 'latin urban', 'dancehall', 'trap latino', 'latin pop', 'latin dance', 'urbano latino', 'trap (latin)']",reggaeton,M,1,0,1,Y,True,False
5006709,Rauw Alejandro & Trippie Redd,Un Sueño,8,2392,13/11/20,2020,2020,Afrodisíaco,Puerto Rico,hombre,"['reggaeton', 'dance', 'sexy', 'catchy', 'rnb', 'pop', 'trap latino', 'latin urban', 'hip hop']",reggaeton,M,1,0,0,Y,True,False
5010511,Natanael Cano & Junior H,Disfruto Lo Malo,5,901,31/10/19,2019,2010,Corridos Tumbados,México,hombre,"['corridos tumbados', 'corridos', 'regional mexicano', 'mierda', 'trap', 'sierreno', 'reggaeton', 'corrido tumbado', 'trap latino']",corridos tumbados,M,1,0,1,Y,True,False
5019087,"Luny Tunes (Ft. Arcángel, Daddy Yankee, De La Ghetto, Héctor ""El Father"", Ivy Queen, Randy & Tonny Tun Tun)",Noche de Entierro (Remix),10,3514,,2001,2000,Noche De Entierro (Nuestro Amor Remixes),Puerto Rico,mujer,"['hip hop', 'reggaeton', 'international', 'latin pop', 'latin rap', 'latin urban', 'tropical', 'urbano', 'urbano latino']",hip hop,M,1,0,1,Y,True,False
5027880,Alejandro Sanz,Contigo,9,1691,13/12/19,2019,2010,Tributo a Sabina: Ni Tan Joven Ni Tan Viejo,España,hombre,"['pop', 'latin pop', 'alejandro sanz', 'romantic', 'balada romántica', 'flamenco pop', 'rock', 'soft rock']",pop,NM,,,,,True,False
5029404,Pantoja,Te Vas,7,786,15/11/19,2019,2010,Tan Difícil de Entender,España,hombre,['bolero'],bolero,NM,0,0,0,N,False,True
5034493,Xenon (Ft. Gema Tomás),Sin Tu Calor,5,1851,08/11/18,2018,2010,Atlántida,República Dominicana,grupo,"['house', 'merengue', 'merenhouse']",house,NM,,,,,True,False
5037892,Bad Bunny,Vete,7,1962,21/11/19,2019,2010,YHLQMDLG,Puerto Rico,hombre,"['reggaeton', 'trap', 'trap latino', 'latin pop', 'rap', 'latin rap', 'pop rap', 'latin trap', 'hip hop']",reggaeton,NM,,,,,True,False
5039897,Los Rodríguez,Princesa,12,1462,13/12/19,2019,2010,Tributo a Sabina: Ni Tan Joven Ni Tan Viejo,España,grupo,"['rock argentino', 'rock', 'rock en espanol', 'spanish rock', 'rock en español', 'pop']",rock argentino,M,0,0,1,N,True,False
5043043,Kidd Keo,24H,6,2718,29/11/19,2019,2010,BACK TO ROCKPORT,España,hombre,"['trap', 'rap', 'drill', 'alicante', 'spanish trap']",trap,M,1,0,1,Y,True,False
5045204,Girl Ultra,Morena Mía,11,3658,22/11/19,2019,2010,Nuevos Aires,México,mujer,"['rnb', 'alternative rnb', 'pop', 'indie pop', 'alternative', 'electronic', 'r&b']",rnb,M,1,0,0,Y,True,False
5052516,El Cherry Scom & Kiko El Crazy,Bajé Con Trenzas,12,2577,26/11/19,2019,2010,Cosmo & Wanda*,República Dominicana,hombre,['dembow'],dembow,M,1,0,1,Y,False,True
5052538,HELIOS MAR,TU ÁNGEL GUARDIÁN,11,1339,17/08/17,2017,2010,Marvel Stomp / My Guardian Angel,Estados Unidos,grupo,['ambient'],ambient,NM,,,,,True,False
5053171,Kidd Keo,MONEY TILL I DIE,5,2004,24/01/20,2020,2020,BACK TO ROCKPORT,España,hombre,"['trap', 'rap', 'drill', 'alicante', 'spanish trap']",trap,NM,,,,,True,False
5056314,Mr. Blacky el Dj,Regalame un Beso,15,1979,01/07/19,2019,2010,Se soltaron,República Dominicana,grupo,"['bachata', 'merengue', 'trance', 'doujin']",bachata,NM,0,0,0,N,False,True
5068354,Marcos Velásquez,La rastrojera,15,1195,,1939,1930,Nuestro camino,Uruguay,hombre,['folclore'],folclore,M,1,0,0,N,True,False
506842,Yung Beef,^.^,10,2233,06/12/13,2013,2010,A.D.R.O.M.I.C.F.M.S.,España,hombre,"['trap', 'reggaeton', 'rap', 'cloud rap', 'spanish trap', 'hip-hop', 'g o a t', 'hip hop']",trap,M,0,0,1,Y,True,False
5070800,Nathy Peluso,Copa Glasé,5,851,04/12/19,2019,2010,Copa glasé,España,mujer,"['pop', 'rnb', 'argentinian', 'espana', 'from spain', 'spaniard', 'latin pop']",pop,NM,,,,,True,False
5081382,David Bisbal,En Tus Planes,7,1414,03/01/20,2020,2020,En Tus Planes,España,hombre,"['pop', 'latin pop', 'davis bisbal', 'david bisbal', 'operacion triunfo', 'spanish pop']",pop,NM,,,,,True,False
5082105,Aitana & Cali y El Dandee,+,7,2604,,2019,2010,Sencillos del Año 2019,España,mujer,"['pop', 'rock', 'pop rock', 'latin pop', 'trash pop', 'electro-pop', 'electropop', 'female vocals', '2020s']",pop,NM,,,,,True,False
5096230,Rebe,Corazón partío (En directo),8,2040,04/10/19,2019,2010,Directo en mi habitación,España,mujer,"['pop', 'clinical archives', 'bedroom pop', 'indie pop', 'rock latina', 'wish ill see them one day', 'underground']",pop,NM,0,0,0,N,False,True
5096543,Myke Towers,Rutina,8,3175,13/12/19,2019,2010,LA VIDA ES UNA,Puerto Rico,hombre,"['reggaeton', 'trap', 'rap', 'hip hop', 'hip-hop', 'latin rap', 'dancehall', 'pop rap', 'latin urban', 'trap latino']",reggaeton,M,1,1,0,N,True,False
5098087,Cartel de Santa & Millonario,Burbujas de Cristal,9,3242,13/12/19,2019,2010,Burbujas de Cristal,México,grupo,"['hip-hop', 'rap', 'hip hop', 'cronica babilonia', 'cartel de santa', 'hip hop latino', 'conexion puerto rico', 'mexican rap']",hip-hop,M,1,0,0,Y,True,False
5110091,Ha-Ash,Destino o Casualidad (En Vivo),10,1617,06/12/19,2019,2010,Ha*Ash: En Vivo,México,grupo,"['latin pop', 'pop', 'ha-ash', 'country pop', 'folk pop', 'latin rock']",latin pop,NM,0,0,0,N,False,True
5110132,Ha-Ash,Si Tú No Vuelves (En Vivo),11,1564,06/12/19,2019,2010,Ha*Ash: En Vivo,México,grupo,"['latin pop', 'pop', 'ha-ash', 'country pop', 'folk pop', 'latin rock']",latin pop,NM,,,,,True,False
5111624,Paulo Londra & LIT killah,Necio,9,2103,23/11/22,2022,2020,Back To The Game,Argentina,hombre,"['trap', 'white rapper', 'trap latino', 'trap argentino', 'rap', 'cordoba', 'ended', 'messi', 'hip hop', 'latin urban']",trap,NM,,,,,True,False
5113364,"Eix, Brytiago & Rauw Alejandro (Ft. Los Fantastikos)",Infiel,9,2709,20/12/19,2019,2010,Yo Soy Eix,Puerto Rico,hombre,['reggaeton'],reggaeton,M,1,0,0,Y,True,False
5130771,Nil Moliner,Soldadito de Hierro (RMX),10,1537,12/09/19,2019,2010,Bailando en la batalla: Ahora más que nunca,España,hombre,"['pop', 'indie pop', 'pop rock']",pop,NM,,,,,True,False
5132027,Jary Franco,Amigo Con Derechos,9,1117,08/11/19,2019,2010,Siendo Franco,México,grupo,['banda'],banda,M,0,0,1,Y,False,True
5136466,"Nio García, Brray & Juanka",La Jeepeta,8,3092,01/01/20,2020,2020,La jeepeta,Puerto Rico,hombre,"['latin urban', 'reggaeton', 'trap latino']",latin urban,M,1,0,0,Y,True,False
514135,Prince Royce,Incondicional,6,959,12/06/12,2012,2010,Phase II,Estados Unidos,hombre,"['bachata', 'latin music', 'prince royce', 'pop', 'latin pop', 'new york', 'mio']",bachata,NM,0,0,0,N,False,True
5143604,J Balvin,Morado,9,2652,09/01/20,2020,2020,Colores,Colombia,hombre,"['reggaeton', 'pop', 'latin pop', 'hot', 'dancehall', 'trap', 'hip hop']",reggaeton,M,1,0,1,Y,True,False
5144913,David Bisbal,Si Tú La Quieres,10,1749,03/01/20,2020,2020,En Tus Planes,España,hombre,"['pop', 'latin pop', 'davis bisbal', 'david bisbal', 'operacion triunfo', 'spanish pop']",pop,NM,,,,,True,False
5144914,David Bisbal,Sabrás,8,1222,03/01/20,2020,2020,En Tus Planes,España,hombre,"['pop', 'latin pop', 'davis bisbal', 'david bisbal', 'operacion triunfo', 'spanish pop']",pop,NM,,,,,True,False
5144915,David Bisbal,Amor Amé,12,1969,,2020,2020,En Tus Planes,España,hombre,"['pop', 'latin pop', 'davis bisbal', 'david bisbal', 'operacion triunfo', 'spanish pop']",pop,NM,0,0,0,N,False,True
5144917,David Bisbal,Cuentas Claras,9,1336,,2020,2020,En Tus Planes,España,hombre,"['pop', 'latin pop', 'davis bisbal', 'david bisbal', 'operacion triunfo', 'spanish pop']",pop,NM,,,,,True,False
5145674,Yung Beef,METALLICA (Und Prueba),7,2612,13/01/21,2021,2020,El Plugg 2,España,hombre,"['trap', 'reggaeton', 'rap', 'cloud rap', 'spanish trap', 'hip-hop', 'g o a t', 'hip hop']",trap,M,1,0,1,Y,True,False
5153100,PXXR GVNG,Gypsiest,5,1637,11/09/14,2014,2010,Inéditos,España,grupo,"['trap', 'hip hop', 'electronic', 'barcelona', 'mierda', 'meme music', 'buena musica']",trap,M,1,1,1,Y,True,False
5153105,PXXR GVNG,Like Yo,6,2285,26/11/14,2014,2010,Inéditos,España,grupo,"['trap', 'hip hop', 'electronic', 'barcelona', 'mierda', 'meme music', 'buena musica']",trap,M,1,1,1,Y,True,False
5159425,Yung Beef (Ft. Albany),NO TE QUIERO VER MAL,5,1346,16/04/21,2021,2020,El Plugg 2,España,hombre,"['reggaeton', 'trap', 'trap latino']",reggaeton,M,1,0,1,N,True,False
5162626,Rauw Alejandro & Anuel AA,Reloj,9,2959,22/10/20,2020,2020,Afrodisíaco,Puerto Rico,hombre,"['reggaeton', 'dance', 'sexy', 'catchy', 'rnb', 'pop', 'trap latino', 'latin urban', 'hip hop']",reggaeton,M,1,1,1,Y,True,False
5163070,"David Bisbal, Ha-Ash & Reik","Te Mueves Tú, Se Mueven Todos",17,2275,,2023,2020,Te acuerdas,México,grupo,"['pop', 'latin pop', 'davis bisbal', 'david bisbal', 'operacion triunfo', 'spanish pop', 'country pop', 'folk pop', 'latin rock', 'ballad']",pop,NM,0,0,0,N,False,True
5165198,"NATTI NATASHA, Nicky Jam & Manuel Turizo (Ft. DJ Luian, Mambo Kingz & Myke Towers)",Despacio,11,4051,17/02/20,2020,2020,Despacio,República Dominicana,mujer,"['reggaeton', 'pop', 'bachata', 'dominican', 'natti natasha', 'latin pop', 'david guetta', 'latin urban']",reggaeton,M,1,0,0,N,True,False
5170759,Rafa Romera & Hugo Cobo,Tu Calorro,4,1383,19/01/20,2020,2020,Sus Canciones (Operación Triunfo 2020),España,grupo,['flamenco pop'],flamenco pop,M,1,0,0,N,False,True
517231,PXNDX,Los Malaventurados No Lloran,7,1149,02/10/06,2006,2000,Amantes Sunt Amentes,México,grupo,"['rock', 'pop punk', 'punk rock', 'punk', 'emo', 'alternative rock', 'pxndx', 'poetics']",rock,NM,,,,,True,False
517990,PXXR GVNG,Bixes,6,1322,15/05/14,2014,2010,Inéditos,España,grupo,"['trap', 'hip hop', 'electronic', 'barcelona', 'mierda', 'meme music', 'buena musica']",trap,M,1,0,1,Y,False,True
5182150,Los Ángeles Azules,Morir de Amor,6,998,08/06/18,2018,2010,Esto Sí Es Cumbia,México,grupo,"['cumbia', 'los angeles negros', 'spanish music', 'los muecas', 'tropical', 'marco antonio solis', 'chill906', 'de microbusero', 'cumbia mexicana', 'cumbia sonidera']",cumbia,NM,,,,,True,False
518257,PXXR GVNG,Double,5,1746,12/06/14,2014,2010,Inéditos,España,grupo,"['trap', 'hip hop', 'electronic', 'barcelona', 'mierda', 'meme music', 'buena musica']",trap,M,1,0,1,Y,True,False
5185823,Bad Bunny & Sech,Ignorantes,7,2073,14/02/20,2020,2020,YHLQMDLG,AU,hombre,"['reggaeton', 'trap', 'trap latino', 'latin pop', 'rap', 'latin rap', 'pop rap', 'latin trap', 'hip hop', 'pop', 'english', 'latin urban']",reggaeton,M,1,1,0,Y,True,False
5197469,Cali y El Dandee & Reik,Borracho de Amor,8,2338,24/01/20,2020,2020,Colegio,Colombia,grupo,"['french', 'chanson francaise', 'alternative', 'rock', 'nouvelle scene francaise', 'france', 'pop', 'francais', 'chanson française', 'latin pop', 'latin urban', 'alternative rock', 'visual kei', 'experimental rock', 'major', 'misshitsu kei']",french,NM,,,,,True,False
5198916,Kidd Keo,LOCO,11,3765,28/02/20,2020,2020,BACK TO ROCKPORT,España,hombre,"['trap', 'rap', 'drill', 'alicante', 'spanish trap']",trap,M,1,0,1,Y,True,False
5199819,Myke Towers,Diosa,10,1996,24/01/20,2020,2020,Easy Money Baby,Puerto Rico,hombre,"['reggaeton', 'trap', 'rap', 'hip hop', 'hip-hop', 'latin rap', 'dancehall', 'pop rap', 'latin urban', 'trap latino']",reggaeton,M,1,0,1,Y,True,False
5199820,Myke Towers,Hechizo,8,1804,24/01/20,2020,2020,Easy Money Baby,Puerto Rico,hombre,"['reggaeton', 'trap', 'rap', 'hip hop', 'hip-hop', 'latin rap', 'dancehall', 'pop rap', 'latin urban', 'trap latino']",reggaeton,M,1,0,1,Y,True,False
5232157,Nathy Peluso,BUSINESS WOMAN,8,2805,06/02/20,2020,2020,Calambre,España,mujer,"['pop', 'rnb', 'argentinian', 'espana', 'from spain', 'spaniard', 'latin pop']",pop,NM,,,,,True,False
5233014,"JHAYCO, Anuel AA & J Balvin",Medusa,9,4317,05/02/20,2020,2020,Mashups en español,Puerto Rico,hombre,"['reggaeton', 'rap', 'no pega solo', 'trap', 'pop', 'electropop', 'sex', 'hip hop', 'mashup', 'trap latino']",reggaeton,M,1,1,1,Y,True,False
5238790,Jordan (CHL),Te Haré el Amor / Tarjetita de Invitación / Pastorcita / Nunca Me Faltes (Mix Ídolos),15,1373,,2016,2010,Éxitos del Sound,Estados Unidos,grupo,['author'],author,M,1,1,0,N,True,False
5239110,Américo,Miseria de Amor,6,1048,,2013,2010,Por una Mujer,Chile,hombre,"['cumbia', 'salsa', 'pop', 'metalcore', 'tropical', 'latin pop', 'rock progresivo', 'cumbia chilena']",cumbia,M,0,0,1,Y,True,False
5254576,Ptazeta,Dura,6,1231,05/08/19,2019,2010,Dura Dura Dura,España,grupo,"['rap', 'pop', 'spanish rap', 'trap']",rap,M,1,0,0,N,True,False
5254615,Ptazeta,Tu Cuerpo,7,2105,28/08/19,2019,2010,Sin tabú,Venezuela,hombre,"['rap', 'pop', 'spanish rap', 'trap', 'salsa']",rap,M,1,0,0,N,True,False
5254669,Ptazeta & Juacko,Mami,9,2341,29/12/19,2019,2010,Mami,España,mujer,"['rap', 'pop', 'spanish rap', 'trap']",rap,M,1,0,0,N,True,False
5261869,Rvfv & Keen Levy,No Quiero Verte,12,2465,14/02/20,2020,2020,NASTU,España,hombre,"['rap', 'hip-hop', 'javilda', 'trap latino']",rap,M,0,0,1,Y,True,False
526203,PXXR GVNG,Pobres,8,2767,28/08/15,2015,2010,Los Pobres,España,grupo,"['trap', 'hip hop', 'electronic', 'barcelona', 'mierda', 'meme music', 'buena musica']",trap,M,1,1,0,Y,True,False
526217,Yung Beef & Steve Lean,Amor a Quemarropa,6,2349,12/08/14,2014,2010,#Freemolly,España,hombre,"['trap', 'reggaeton', 'rap', 'cloud rap', 'spanish trap', 'hip-hop', 'g o a t', 'hip hop', 'trap latino']",trap,M,1,1,1,Y,True,False
5263218,Kidd Keo,Como vas?,7,2234,08/03/20,2020,2020,BACK TO ROCKPORT,España,hombre,"['trap', 'rap', 'drill', 'alicante', 'spanish trap']",trap,M,1,0,0,N,True,False
5264134,Ptazeta & Juacko,Todo Bien,10,1810,31/01/20,2020,2020,Todo bien,España,mujer,"['rap', 'pop', 'spanish rap', 'trap']",rap,M,1,0,0,Y,True,False
5264838,La Bala,La Chancla,6,1831,24/05/18,2018,2010,Me Saludas A La Tuya,México,mujer,"['ranchera', 'bolero', 'regional mexicano', 'indie rock', 'dream pop', 'noise pop', 'the lost generation', 'rock', 'american', 'classic pop and rock']",ranchera,M,0,1,0,Y,True,False
5273756,"Tainy, Lauren Jauregui & C. Tangana",NADA,10,2287,21/02/20,2020,2020,NEON16 TAPE: THE KIDS THAT GREW UP ON REGGAETON,Puerto Rico,hombre,"['reggaeton', 'producer', 'pop', 'pop rap', 'hip hop', 'trap', 'synthpop', 'latin urban', 'english']",reggaeton,M,1,0,1,Y,False,True
528826,Los Auténticos Decadentes,La Guitarra,6,1733,,1986,1980,Mi Vida Loca,Argentina,grupo,"['rock argentino', 'rock', 'ska', 'rock en espanol', 'los autenticos decadentes', 'rock argento', 'cumbia', 'latin rock']",rock argentino,NM,,,,,True,False
529457,PXXR GVNG,PIMPIN,6,2662,30/09/14,2014,2010,Inéditos,España,grupo,"['trap', 'hip hop', 'electronic', 'barcelona', 'mierda', 'meme music', 'buena musica']",trap,M,1,0,0,Y,True,False
5305001,Bad Bunny,La Difícil,8,1738,29/02/20,2020,2020,YHLQMDLG,Puerto Rico,hombre,"['reggaeton', 'trap', 'trap latino', 'latin pop', 'rap', 'latin rap', 'pop rap', 'latin trap', 'hip hop']",reggaeton,M,1,0,1,Y,True,False
5305004,Bad Bunny & Daddy Yankee,La Santa,10,3006,29/02/20,2020,2020,YHLQMDLG,Puerto Rico,hombre,"['reggaeton', 'trap latino', 'latin trap', 'hip hop']",reggaeton,M,1,0,1,Y,False,True
5305013,"Bad Bunny, Jowell & Randy & Ñengo Flow",Safaera,13,4350,29/02/20,2020,2020,YHLQMDLG,Puerto Rico,hombre,"['merge', 'reggaeton', 'trap latino', 'latin trap', 'hip hop']",merge,M,1,1,1,Y,True,False
5305036,"Bad Bunny, Duki & Pablo Chill-E",Hablamos Mañana,8,3281,29/02/20,2020,2020,YHLQMDLG,Puerto Rico,hombre,"['reggaeton', 'trap', 'trap latino', 'latin pop', 'rap', 'latin rap', 'pop rap', 'latin trap', 'hip hop', 'pop', 'english', 'latin urban']",reggaeton,M,1,0,1,Y,True,False
5305039,"Bad Bunny, Kendo Kaponi & Arcángel",P FKN R,8,3788,29/02/20,2020,2020,YHLQMDLG,Puerto Rico,hombre,"['reggaeton', 'trap', 'trap latino', 'latin pop', 'rap', 'latin rap', 'pop rap', 'latin trap', 'hip hop', 'pop', 'english', 'latin urban']",reggaeton,M,1,0,1,Y,False,True
5305119,Porte Diferente,Por Tu Culpa,6,1264,26/02/20,2020,2020,Con Un Porte Diferente,México,grupo,['corridos tumbados'],corridos tumbados,M,0,1,1,Y,True,False
5321753,"La Sista, Miky Woodz & Darkiel (Ft. Casper Mágico & Pusho)",Se Desvive Por Ella (Remix),13,5619,06/03/20,2020,2020,Se desvive por ella (remix),Puerto Rico,mujer,"['latin urban', 'reggaeton', 'indie rock', 'dream pop', 'noise pop', 'the lost generation', 'rock', 'american', 'classic pop and rock']",latin urban,M,0,0,1,Y,True,False
5327293,Cartel de Santa,Soy Quien Soy,7,2341,18/11/16,2016,2010,Viejo Marihuano,México,grupo,"['hip-hop', 'rap', 'hip hop', 'cronica babilonia', 'cartel de santa', 'hip hop latino', 'conexion puerto rico', 'mexican rap']",hip-hop,NM,,,,,True,False
5329500,Ptazeta & Juacko,Mensaje Enviado,6,1892,05/03/20,2020,2020,Todo bien,España,mujer,"['rap', 'pop', 'spanish rap', 'trap']",rap,NM,,,,,True,False
5330257,JXHN P & KolomB (Ft. Rojuu),No Voy a Llorar,5,1659,08/03/20,2020,2020,Unreleased (BTC),España,hombre,"['hyperpop', 'pop', 'pop rock', 'dance-pop', 'rock', 'electropop', '2000s', 'contemporary r&b', '2010s', 'female vocals', 'pop and chart', 'sober', 'music for soccer moms', 'united states']",hyperpop,NM,,,,,True,False
5341588,Nicolás Jaar,Cenizas,6,403,27/03/20,2020,2020,Cenizas,Estados Unidos,hombre,"['amman', 'electronic']",amman,NM,0,0,0,N,False,True
534331,Pitbull (Ft. Don Miguelo),Como Yo Le Doy,10,3407,08/07/14,2014,2010,Dale,Estados Unidos,hombre,"['dance-pop', 'electropop', 'dance', 'electro house', 'eurodance', 'hip hop', 'latin pop', 'pop rap', 'southern hip hop', '2000s', '2010s', 'hip house', 'hiphop', 'maltido', 'pitbull', 'global warming meltdown']",dance-pop,M,1,0,0,Y,False,True
5350875,"Lola Indigo, Rauw Alejandro & Lalo Ebratt",4 besos,12,2862,27/03/20,2020,2020,La Niña,España,mujer,"['pop', 'dance', 'latin pop', 'reggaeton', 'lola indigo', 'brazilian funk', 'upcoming album 2023', 'electropop', 'dance-pop', 'funk carioca']",pop,M,1,0,0,N,True,False
535238,La Mafia del Amor,La Vendedora de Rosas,7,2854,07/10/14,2014,2010,Mafioseo (Volumen 1),España,grupo,"['pop', 'hip hop', 'electronic', 'reggaeton', 'mambo', 'trap']",pop,M,1,1,1,Y,True,False
535496,Álvaro Díaz (Ft. Deborah Blues & Joyce Santana),Mal Necesario,10,3243,13/10/14,2014,2010,Hato Rey,Puerto Rico,hombre,"['reggaeton', 'progressive rock', 'art rock', 'pop rock', 'progressive pop', 'psychedelic rock', 'baroque pop', 'rock', 'classic rock', 'british invasion', 'symphonic prog', 'pop', 'psychedelic', 'album rock', 'symphonic rock', 'rock music', 'british psychedelia', 'orchestral pop', 'am pop', 'r&b', 'contemporary pop/rock', 'british rhythm & blues', 'progressive rock music', 'psychedelic rock music', 'british', 'progressive', 'english', 'crossover prog', 'classic pop and rock', 'pop/rock', '2008 universal fire victim']",reggaeton,M,1,0,1,Y,True,False
5360571,Lauren Jauregui & Tainy,Lento,7,1465,20/03/20,2020,2020,Lento - Single,AU,mujer,"['pop', 'latin pop']",pop,M,1,0,0,N,False,True
5360998,Lenin Ramírez (Ft. Grupo Firme),Yo Ya No Vuelvo Contigo (En Vivo),4,978,01/11/19,2019,2010,En Vivo desde Mi Ranchito,México,hombre,"['norteño', 'norteño-banda', 'regional mexicano', 'sierreño', 'sierreño-banda']",norteño,M,0,1,1,N,True,False
5361125,Riff (ARG),Mal Romance,8,1043,,1983,1980,Contenidos,Argentina,grupo,"['hard rock', 'heavy metal', 'classic rock', 'latin rock', 'metal', 'rock', 'thrash metal']",hard rock,M,1,1,0,N,True,False
5366302,Sech,Relación,8,2446,02/04/20,2020,2020,1 of 1,Panamá,hombre,"['reggaeton', 'rap', 'bulgarian', 'ete sech', 'hip hop', 'the avengers', 'bellakeo', 'panamanian', 'latin urban']",reggaeton,M,0,1,1,Y,True,False
5366444,PXXR GVNG,Luv Music,8,3390,11/05/15,2015,2010,Inéditos,España,grupo,"['trap', 'hip hop', 'electronic', 'barcelona', 'mierda', 'meme music', 'buena musica']",trap,M,1,0,1,Y,True,False
5366739,Kidd Keo & Sick Luke,VAMONOS,7,2275,28/08/20,2020,2020,BACK TO ROCKPORT,España,hombre,"['trap', 'rap', 'drill', 'alicante', 'spanish trap']",trap,M,1,0,0,N,False,True
5367088,Cali y El Dandee & Mike Bahía,Tu Nombre,8,2008,19/03/20,2020,2020,Colegio,Colombia,grupo,"['french', 'chanson francaise', 'alternative', 'rock', 'nouvelle scene francaise', 'france', 'pop', 'francais', 'chanson française', 'latin pop', 'latin urban', 'alternative rock', 'visual kei', 'experimental rock', 'major', 'misshitsu kei']",french,NM,,,,,True,False
5368128,Ayzak Ewan,Sufriendo por ti,2,531,,2008,2000,Cuídala por mi,España,hombre,"['folk', 'actor', 'banjo', 'gitarre', 'komponist', 'sänger', 'singstimme', 'folk song collector', 'labour activist', 'schauspieler', 'dramatiker', 'theaterdirektor', 'scottish folk', 'celtic', 'traditional', 'celtic traditional']",folk,NM,,,,,True,False
5376531,"Héctor ""El Father"" (Ft. Yomo)",Que Se Sienta,7,2956,20/12/05,2005,2000,Gold Star Music: La Familia Reggaeton Hits,Estados Unidos,hombre,"['reggaeton', 'latin urban', 'classical', 'composer', 'french', 'french composer', 'opera', 'romantic classical', 'european', 'production music']",reggaeton,M,1,1,1,Y,False,True
5381913,C.R.O (Bardero$),Poesía de la Oscuridad,4,1420,29/03/20,2020,2020,Poesía de la Oscuridad,Argentina,hombre,"['trap latino', 'hip hop', 'pop rap', 'rap', 'german', 'deutsch']",trap latino,NM,,,,,True,False
5386093,"Alemán (Ft. Dee, Fntxy, Muelas De Gallo & Yoga Fire)",Humo en la Trampa 2,9,3390,20/04/20,2020,2020,Humo en la Trampa 2,México,hombre,"['hip hop', 'trap latino', 'west coast hip hop', 'jazz', 'american', 'vocal jazz']",hip hop,M,1,0,1,N,True,False
5402014,Rels B & Nathy Peluso,No Se Perdona,7,1643,02/04/20,2020,2020,No se perdona,España,hombre,"['rap', 'pop', 'rnb', 'hip hop', 'hip-hop', 'video', 'spanish rap', 'afrobeat']",rap,NM,,,,,True,False
5402145,Ptazeta & Juacko,Déjate Ser,8,1963,29/03/20,2020,2020,Déjate ser,España,mujer,"['rap', 'pop', 'spanish rap', 'trap']",rap,M,1,0,0,N,False,True
5405380,David Bisbal & Aitana,Si Tú La Quieres,9,1861,03/04/20,2020,2020,"Caribe 2020 + Disco Estrella, Vol. 23",España,hombre,"['pop', 'latin pop', 'davis bisbal', 'david bisbal', 'operacion triunfo', 'spanish pop', 'ballad']",pop,NM,,,,,True,False
5406920,Manuel Turizo,Quiéreme Mientras Se Pueda,9,2065,01/05/20,2020,2020,Dopamina,Colombia,hombre,"['reggaeton', 'pop', 'latin pop', 'bachata', 'colombian pop', 'latin urban']",reggaeton,NM,,,,,True,False
5413768,Resistiré 2020,Resistiré (2020),9,1572,01/04/20,2020,2020,Happy Holidays,Estados Unidos,hombre,['pop'],pop,NM,,,,,True,False
5418176,Morat,Nunca Te Olvidé,9,2083,02/04/20,2020,2020,¿A Dónde Vamos?,Colombia,grupo,"['latin pop', 'folk pop', 'pop', 'amazing', 'death metal', 'colombian pop', 'morat']",latin pop,NM,0,0,0,N,False,True
541929,Portavoz,Dando Cara,5,4586,19/08/12,2012,2010,Escribo Rap con R de Revolución,Chile,hombre,"['hip hop', 'rap politico', 'hip hop activista', 'hip-hop', 'indie', 'political', 'underground', 'political hip hop']",hip hop,NM,,,,,True,False
5424122,Ptazeta & Juacko,Mensaje Enviado (Juacko Remix),8,1870,03/04/20,2020,2020,After Party en la Casa - EP,España,hombre,"['rap', 'pop', 'spanish rap', 'trap']",rap,M,0,0,1,Y,True,False
5429643,Mi.amargo,Muerte entre Las Flores,4,1075,05/04/20,2020,2020,Muerte Entre las Flores,España,grupo,"['rap', 'hip hop', 'trap', 'spanish rap']",rap,M,0,1,0,N,True,False
5431542,PXXR GVNG,Xanax,6,1391,23/01/14,2014,2010,Inéditos,España,grupo,"['trap', 'hip hop', 'electronic', 'barcelona', 'mierda', 'meme music', 'buena musica']",trap,M,1,1,1,N,True,False
5435212,José Alfredo Jiménez,Amor de pobre,8,706,,2009,2000,Mas Éxitos De,México,hombre,"['mariachi', 'ranchera', 'jose alfredo jimenez', 'classic', 'chillout', 'chill', 'chillosophy', 'global fusion']",mariachi,M,0,0,1,Y,True,False
5435454,"Jay Wheeler, DJ Nelson & Myke Towers",La Curiosidad,7,2100,12/06/20,2020,2020,Platónicos,Puerto Rico,hombre,"['latin pop', 'reggaeton', 'pop rap', 'east coast hip hop', 'hip hop', 'grammy winner', 'boom bap', 'pop', 'hardcore hip hop', 'chipmunk soul', 'rap', 'rapper', 'us', 'mashup', 'new york hip hop', 'luxury rap', 'relic inn', 'hip-hop', 'hiphop', 'hip hop rnb and dance hall', 'united states']",latin pop,M,1,0,0,N,True,False
5435576,José Alfredo Jiménez,Cuatro copas,6,844,,1977,1970,Siempre te recordaremos,México,hombre,"['mariachi', 'ranchera', 'jose alfredo jimenez', 'classic', 'chillout', 'chill', 'chillosophy', 'global fusion']",mariachi,NM,0,0,0,N,False,True
5446992,Rels B & Morad,No Te Imaginas,8,2251,28/06/20,2020,2020,LA ISLA LP,España,hombre,"['rap', 'pop', 'rnb', 'hip hop', 'hip-hop', 'video', 'spanish rap', 'afrobeat']",rap,NM,,,,,True,False
5447677,Grupo Firme (Ft. Marca MP),El Güero,7,1520,01/01/19,2019,2010,El Güero,México,grupo,"['banda sinaloense', 'regional mexicano', 'sierreño', 'sierreño-banda', 'campirano-banda', 'campirano']",banda sinaloense,NM,,,,,True,False
5448465,Klave & Aywa,Ya Me Cansé,5,1311,08/04/20,2020,2020,Sabotage,Puerto Rico,grupo,"['artistes', 'latin urban', 'reggaeton']",artistes,NM,,,,,True,False
5451043,Bryant Myers,WOW,6,3038,01/05/20,2020,2020,WOW,Puerto Rico,hombre,"['reggaeton', 'trap', 'pandereta', 'duro con la boca', 'latin urban', 'el rap e como ma acelerao y el trap e como ma lento ma ocuro', 'el que pego el tra', 'brayansito', 'trap latino']",reggaeton,M,1,0,1,N,True,False
5460313,LEGADO 7 (Ft. Fuerza Regida & Los Chavalos De La Perla),Barrios Bajos,3,1126,28/02/20,2020,2020,Duetos Con La Clika,México,grupo,['regional mexicano'],regional mexicano,NM,,,,,True,False
5466917,Natos y Waor,Kurt Cobain,7,2243,17/04/20,2020,2020,Martes 13,España,grupo,"['rap', 'spanish rap', 'hardcore', 'underground rap', 'hip-hop', 'espana', 'underground hip-hop', 'madrid']",rap,M,1,0,1,Y,True,False
5473729,T3r Elemento & Farruko,Del Barrio a La Ciudad,10,2186,20/04/20,2020,2020,Underground,México,grupo,"['sierreno', 'corridos', 'corrido', 'regional mexican', 'corridos verdes']",sierreno,NM,,,,,True,False
5479316,C. Tangana,Nunca Estoy,7,1254,23/04/20,2020,2020,El Madrileño,España,hombre,"['rap', 'hip-hop', 'rnb', 'hip hop', 'flamenco pop', 'trap', 'pop rap']",rap,NM,,,,,True,False
5490951,Cali y El Dandee & Lalo Ebratt,Colegio,10,2805,07/05/20,2020,2020,Colegio,Colombia,grupo,"['french', 'chanson francaise', 'alternative', 'rock', 'nouvelle scene francaise', 'france', 'pop', 'francais', 'chanson française', 'latin pop', 'latin urban', 'alternative rock', 'visual kei', 'experimental rock', 'major', 'misshitsu kei']",french,NM,,,,,True,False
5494603,Cazzu,Bounce,7,1927,23/04/20,2020,2020,Bonus Trap - EP,Argentina,mujer,"['pop', 'hip-hop', 'trap', 'rnb', 'trap latino', 'reggaeton', 'booba', 'latin rnb', 'latin dance', 'urbano']",pop,M,1,0,1,Y,True,False
5497922,Cali y El Dandee & Sebastián Yatra,Locura,7,2330,07/05/20,2020,2020,Colegio,Colombia,grupo,"['french', 'chanson francaise', 'alternative', 'rock', 'nouvelle scene francaise', 'france', 'pop', 'francais', 'chanson française', 'latin pop', 'latin urban', 'alternative rock', 'visual kei', 'experimental rock', 'major', 'misshitsu kei']",french,NM,,,,,True,False
5497923,Cali y El Dandee,Besos Tristes,5,1435,07/05/20,2020,2020,Colegio,Colombia,grupo,"['pop', 'male vocalist', 'reggaeton', 'electronic', 'cali', 'spanish hip-hop', 'latin pop', 'latin urban']",pop,NM,,,,,True,False
5497924,Cali y El Dandee,Solamente Tú,10,1859,07/05/20,2020,2020,Colegio,Colombia,grupo,"['pop', 'male vocalist', 'reggaeton', 'electronic', 'cali', 'spanish hip-hop', 'latin pop', 'latin urban']",pop,NM,0,0,0,N,False,True
5499169,Kiko El Crazy,La Popi,14,3145,24/04/20,2020,2020,Llegó el Domi,República Dominicana,hombre,"['dembow', 'dominican pop', 'trap latino']",dembow,M,1,0,0,N,False,True
5516331,Danilo Ordoñez,No Sufras Más,6,1689,17/06/04,2004,2000,Soy Más que Vencedor,Guatemala,grupo,"['christian music', 'latin music', 'worship latin', 'ipuc music', 'jazz']",christian music,NM,,,,,True,False
5518630,Banda El Recodo de Cruz Lizárraga,Seis pies abajo,7,938,,1938,1930,De México Y Para El Mundo,México,grupo,"['world music', 'banda', 'regional mexican', 'banda sinaloense', 'regional mexicano']",world music,NM,,,,,True,False
5518661,Banda El Recodo de Cruz Lizárraga,La Gitanilla,3,878,,1938,1930,"¡Pa’ Puros Compas!, Vol. 1: Por Una Mujer Casada y Otras Rancheras",México,grupo,"['world music', 'banda', 'regional mexican', 'banda sinaloense', 'regional mexicano']",world music,NM,,,,,True,False
5531002,Duki (Ft. Monkid),Marca de la Cadena,8,2922,24/06/20,2020,2020,24,Argentina,hombre,"['trap latino', 'hip hop', 'argentine trap', 'freestyle rap', 'latin freestyle', 'latin hip-hop', 'latin rap', 'pop rap', 'pop rock', 'reggaeton', 'trap', 'trap (latin)']",trap latino,M,1,0,1,Y,True,False
5534051,Natanael Cano,Arriba,7,1664,05/05/20,2020,2020,Arriba,México,hombre,"['corridos tumbados', 'corridos', 'regional mexicano', 'mierda', 'trap', 'sierreno', 'reggaeton', 'corrido tumbado', 'trap latino']",corridos tumbados,M,1,0,1,Y,True,False
5537836,Chiki Wanted,Mi Cabeza Está Mal,4,2627,05/05/20,2020,2020,Eclectic Energy,Estados Unidos,mujer,"['boy band', 'electropop', 'dance-pop', 'synthpop', 'pop']",boy band,NM,,,,,True,False
5538756,PXXR GVNG & Takers,TRA TRA TRA,8,2890,17/03/16,2016,2010,Vuelven Los Mejores,España,mujer,"['trap', 'hip hop', 'electronic', 'barcelona', 'mierda', 'meme music', 'buena musica']",trap,M,1,0,1,N,True,False
554975,Yung Beef & Steve Lean,#Freemolly (Intro),10,1764,18/10/14,2014,2010,#Freemolly,España,hombre,"['trap', 'reggaeton', 'rap', 'cloud rap', 'spanish trap', 'hip-hop', 'g o a t', 'hip hop', 'trap latino']",trap,M,1,0,1,Y,True,False
555003,Yung Beef & Steve Lean,Lana del Ray,6,2414,18/10/14,2014,2010,#Freemolly,España,hombre,"['trap', 'reggaeton', 'rap', 'cloud rap', 'spanish trap', 'hip-hop', 'g o a t', 'hip hop', 'trap latino']",trap,M,1,1,1,N,False,True
5551111,Kidd Keo,Bando Boyz Free,11,3443,09/05/20,2020,2020,BACK TO ROCKPORT,España,hombre,"['trap', 'rap', 'drill', 'alicante', 'spanish trap']",trap,M,1,1,1,N,True,False
5566678,The Cast of Sofia the First,"Princesita Sofía, Canción Apertura",1,426,21/01/13,2013,2010,Princesita Sofía,Estados Unidos,mujer,"['rock', 'pop', 'pop rock', 'british', 'psychedelic pop', 'merseybeat', 'british invasion', 'psychedelic rock', 'classic rock', 'rock and roll', 'folk rock', 'britpop', 'experimental rock', 'beat', 'rock music', 'liverpool', 'europe', 'film soundtrack', 'psychedelia', 'mainstream rock', 'n.', 'popular music', 'rock groups', 'vyrzukhisuc-artiest', '1960s', 'english', 'british psychedelia', 'am pop', 'boys band', 'abbey road', 'contemporary pop/rock', 'early pop/rock', 'traditional folk music', 'reino unido', 'art rock', 'baroque pop', 'europop', 'united kingdom', 'bbc', 'classic pop and rock', 'singer songwriter', 'instrumental pop', 'adult alternative pop rock', 'orchestral pop', 'rock & roll', 'pop/rock', 'psychedelic/garage', 'british rhythm & blues', 'beat music', 'get back', 'the beatles - primal colours', 'hard rock', 'blues rock', 'folk-rock', 'folk pop', '1', 'classical pop', 'overrated', 'art pop', 'one beatles', 'favoritos', 'progressive rock', 'pop-rock', 'experimental', 'psychedelic', 'sunshine pop', 'tribute albums', 'pop-metal', 'rhythm & blues', 'indie rock', 'rock roll', 'parlophone', 'hair metal', 'the-beatles', 'a filk artist', 'orchestral', 'heavy metal']",rock,NM,,,,,True,False
5579324,Ptazeta & Juacko,Be Yourself,9,1803,29/05/20,2020,2020,Be Yourself,España,mujer,"['rap', 'pop', 'spanish rap', 'trap']",rap,M,1,0,1,N,True,False
5579720,PXXR GVNG,FUKK AT ME NOW,8,3728,06/05/15,2015,2010,Inéditos,España,grupo,"['trap', 'hip hop', 'electronic', 'barcelona', 'mierda', 'meme music', 'buena musica']",trap,M,1,1,1,Y,False,True
5580296,Kidd Keo,Ma Vie,10,1872,12/06/20,2020,2020,Rockport Espacial,España,hombre,"['trap', 'rap', 'drill', 'alicante', 'spanish trap']",trap,NM,,,,,True,False
5583393,Morat & Sebastián Yatra,Bajo La Mesa,9,2009,22/05/20,2020,2020,¿A Dónde Vamos?,Colombia,grupo,"['latin pop', 'folk pop', 'pop', 'amazing', 'death metal', 'colombian pop', 'morat']",latin pop,NM,,,,,True,False
5584484,JHAYCO,Kobe En LA,7,2997,12/11/20,2020,2020,Kobe En LA - Single,Puerto Rico,hombre,"['reggaeton', 'rap', 'no pega solo', 'trap', 'pop', 'electropop', 'sex', 'hip hop', 'trap latino']",reggaeton,M,1,0,1,Y,True,False
5592420,Aiko el grupo,Si me conoces tanto (¿por qué me haces sufrir​?​),5,758,10/03/20,2020,2020,Va totalmente en serio...,España,grupo,"['indie pop', 'garage', 'garage pop', 'garage punk', 'punk', 'pop', 'power pop', 'indie rock']",indie pop,NM,0,0,0,N,False,True
5598210,Los Jaivas,Todos Americanos,7,1139,,2003,2000,Arrebol,Chile,grupo,"['progressive rock', 'folk', 'rock chileno', 'rock', 'folk rock', 'progressive folk', 'progressive', 'rock andino']",progressive rock,NM,,,,,True,False
5612572,Natos y Waor,Hasta el amanecer,6,2190,29/05/20,2020,2020,Barras Bravas,España,grupo,"['rap', 'spanish rap', 'hardcore', 'underground rap', 'hip-hop', 'espana', 'underground hip-hop', 'madrid']",rap,M,1,0,1,Y,True,False
5613646,Nathy Peluso,BUENOS AIRES,7,1342,28/05/20,2020,2020,Calambre,España,mujer,"['pop', 'rnb', 'argentinian', 'espana', 'from spain', 'spaniard', 'latin pop']",pop,NM,0,0,0,N,False,True
5615196,Kany García (Ft. Carlos Vives),Búscame,8,1795,28/05/20,2020,2020,Mesa Para Dos,Puerto Rico,mujer,"['latin pop', 'pop', 'reggaeton', 'world', 'vallenato', 'rock', 'salsa', 'international', 'tropical', 'cumbia', 'pop en español', 'colombian pop', 'south american traditions']",latin pop,NM,,,,,True,False
5624441,Dulce,Amor de Mentiras,8,1292,,1985,1980,Lobo,México,mujer,"['puro pop', 'my mix', 'songs to work to', 'plancha', 'chillout', 'groove', 'indie', 'ballad', 'latin ballad', 'pop']",puro pop,M,0,1,0,Y,True,False
5642211,Santamarta,Ellos No Saben,7,818,,1999,1990,¡Que Te Muevas!,España,grupo,"['metal', 'america', 'las vegas', 'cumbia', '2016']",metal,NM,,,,,True,False
5677866,Rauw Alejandro & Camilo,Tattoo (Remix),8,2345,09/07/20,2020,2020,Afrodisíaco,Puerto Rico,hombre,"['reggaeton', 'dance', 'sexy', 'catchy', 'rnb', 'pop', 'trap latino', 'latin urban', 'hip hop']",reggaeton,M,1,0,0,N,False,True
5691508,Verónica Ávila,La Atorranta,7,733,07/10/15,2015,2010,Renacer,Argentina,grupo,['cumbia'],cumbia,M,1,1,1,Y,True,False
5699565,MamboLosco & Boro,Lento RMX,8,2047,03/07/20,2020,2020,Caldo,Italia,hombre,"['trap', 'rap', 'hip hop', 'hip-hop', 'italian rap', 'italo rap', 'italian', 'italian trap', 'horrivel', 'people with stupid face tats']",trap,M,1,0,1,Y,True,False
570977,PXXR GVNG,Brand New Bixes,3,2237,27/10/14,2014,2010,Inéditos,España,grupo,"['trap', 'hip hop', 'electronic', 'barcelona', 'mierda', 'meme music', 'buena musica']",trap,M,1,1,1,Y,True,False
5717364,JHAYCO,Dime a Ve,7,2723,03/07/20,2020,2020,Dime a ve,Puerto Rico,hombre,"['reggaeton', 'rap', 'no pega solo', 'trap', 'pop', 'electropop', 'sex', 'hip hop', 'trap latino']",reggaeton,M,1,0,1,Y,True,False
5743232,"Sech, Daddy Yankee & J Balvin (Ft. Farruko & ROSALÍA)",Relación (Remix),11,4011,04/09/20,2020,2020,sencillo,Panamá,hombre,"['reggaeton', 'rap', 'bulgarian', 'ete sech', 'hip hop', 'the avengers', 'bellakeo', 'panamanian', 'latin urban']",reggaeton,M,1,1,1,Y,True,False
5744509,Aniel,Pierde El Control,9,1596,09/11/04,2004,2000,La Misión 4 - The Take Over,Puerto Rico,hombre,"['christian pop', 'christian dance', 'poland', 'reggaeton']",christian pop,M,1,0,1,Y,True,False
5745540,Bely Basarte,Que ni para odiarle se me da licencia,3,384,04/09/20,2020,2020,El camino que no me llevó a Roma,España,mujer,"['acoustic', 'rock', 'female vocalist', 'alternative rock', 'latin pop']",acoustic,NM,0,0,0,N,False,True
5771441,Zaramay & Natos y Waor,Freestyle Session #13,7,4859,13/09/20,2020,2020,Martes 13,España,grupo,"['rap', 'hip-hop', 'trap', 'reggaeton', 'cuckold', 'fantasma', 'malianteo', 'cuck', 'rkt', 'beta cuck']",rap,M,1,0,0,Y,True,False
5776363,Rvfv & Lola Indigo,Trendy,9,2545,24/07/20,2020,2020,Trendy,España,hombre,"['rap', 'hip-hop', 'javilda', 'trap latino']",rap,M,1,0,1,Y,True,False
578097,PXXR GVNG,I'm In Luv Wit Da MoMo,7,1507,11/11/14,2014,2010,Inéditos,España,grupo,"['trap', 'hip hop', 'electronic', 'barcelona', 'mierda', 'meme music', 'buena musica']",trap,M,1,0,1,Y,True,False
5789286,Maldito Fen,Impunes,6,2875,,2006,2000,La Autopsia De Caliope,Argentina,grupo,"['atmospheric black metal', 'black metal', 'post-rock', 'metal', 'folk metal', 'post-metal', 'post-black metal', 'blackgaze']",atmospheric black metal,NM,,,,,True,False
579954,"Yung Beef, Khaled (ESP) & Javielito",Poliéster,7,2011,02/04/14,2014,2010,Khaled Compilation,España,hombre,"['trap', 'reggaeton', 'rap', 'cloud rap', 'spanish trap', 'hip-hop', 'g o a t', 'hip hop', 'trap latino']",trap,M,1,0,1,Y,False,True
5804016,Kidd Keo,Bando Boyz Free 2,14,3674,02/04/21,2021,2020,BACK TO ROCKPORT (Deluxe)*,España,hombre,"['trap', 'rap', 'drill', 'alicante', 'spanish trap']",trap,M,1,1,1,Y,False,True
5811015,Aitana & Morat,Más De Lo Que Aposté,11,2253,30/07/20,2020,2020,Más de lo que aposté,España,mujer,"['pop', 'rock', 'pop rock', 'latin pop', 'trash pop', 'electro-pop', 'electropop', 'female vocals', '2020s']",pop,NM,,,,,True,False
5815779,"Manuel Turizo, Rauw Alejandro & Myke Towers",La Nota,11,3011,08/10/20,2020,2020,Dopamina,Colombia,hombre,"['reggaeton', 'pop', 'latin pop', 'bachata', 'colombian pop', 'latin urban']",reggaeton,M,1,0,0,Y,True,False
5818554,"Cali y El Dandee, Sebastián Yatra & Dalex",Locura (Remix),8,2311,31/07/20,2020,2020,Vibras primaverales,Colombia,grupo,"['french', 'chanson francaise', 'alternative', 'rock', 'nouvelle scene francaise', 'france', 'pop', 'francais', 'chanson française', 'latin pop', 'latin urban', 'alternative rock', 'visual kei', 'experimental rock', 'major', 'misshitsu kei']",french,M,1,0,0,N,True,False
5823906,Las Guanábanas,Vente Vamos A Bella^%#...,10,2734,02/03/04,2004,2000,Flow La Discoteka,Puerto Rico,grupo,"['spa', 'latin urban', 'reggaeton']",spa,M,1,0,1,Y,True,False
5847654,Rochy RD,Ella No Es Tuya,6,3243,08/07/20,2020,2020,Ella no es tuya (remix),República Dominicana,hombre,"['dembow', 'reggaeton', 'rap']",dembow,M,0,0,1,Y,True,False
584991,La Mafia del Amor,Pimpstagram,5,1145,17/11/14,2014,2010,La Mafia Del Amor Mixtape,España,grupo,"['pop', 'hip hop', 'electronic', 'reggaeton', 'mambo', 'trap']",pop,M,1,0,0,N,False,True
585074,La Mafia del Amor,No Me Dejes Solo,4,1383,17/11/14,2014,2010,La Mafia Del Amor Mixtape,España,grupo,"['pop', 'hip hop', 'electronic', 'reggaeton', 'mambo', 'trap']",pop,M,1,0,1,Y,False,True
585079,La Mafia del Amor,LMDA,5,1359,17/11/14,2014,2010,La Mafia Del Amor Mixtape,España,grupo,"['pop', 'hip hop', 'electronic', 'reggaeton', 'mambo', 'trap']",pop,M,1,1,0,Y,True,False
5851425,Cali y El Dandee & Danna Paola,Nada,8,1866,13/08/20,2020,2020,Malibu,Colombia,grupo,"['french', 'chanson francaise', 'alternative', 'rock', 'nouvelle scene francaise', 'france', 'pop', 'francais', 'chanson française', 'latin pop', 'latin urban', 'alternative rock', 'visual kei', 'experimental rock', 'major', 'misshitsu kei']",french,NM,,,,,True,False
5851601,Ptazeta & Juacko,Ayer la ví,11,1817,14/08/20,2020,2020,Ayer la vi,España,mujer,"['rap', 'pop', 'spanish rap', 'trap']",rap,M,1,0,0,N,True,False
5872266,Mozart La Para (Ft. Light GM),Sin Piedad,8,6249,15/08/20,2020,2020,NIVELES - EP,Colombia,grupo,"['classical', 'composer', 'austrian', 'classical period', 'european', 'german', 'opera', 'composers', 'composition', 'austrian composer', 'complete violin wind', 'series-mozart-complete works-philips', 'symphony', '1991', 'complete mozart edition', 'concerto', 'complete', 'sonata', 'volume 15', 'gould', 'karl ristenpart', 'rothenberger', 'ascanio in alba', 'requiem', 'late symphonies']",classical,M,0,1,1,Y,True,False
5885699,Lenny Tavárez,La Neta,7,2089,14/01/21,2021,2020,KRACK,Puerto Rico,hombre,"['reggaeton', 'latin pop', 'trap latino']",reggaeton,M,1,0,1,Y,True,False
5900199,"Maria Becerra, TINI & Lola Indigo",High (Remix),12,2295,03/09/20,2020,2020,High (remix),Argentina,mujer,"['reggaeton', 'dancehall', 'pop', 'trap', 'argentinian', 'sieb', 'maria becerra', 'm', 'trap latino']",reggaeton,NM,,,,,True,False
5901893,"Lola Indigo, Danna Paola & Denise Rosenthal",Santería,11,2182,28/08/20,2020,2020,Akelarre (Edición Especial),España,mujer,"['pop', 'dance', 'latin pop', 'reggaeton', 'lola indigo', 'brazilian funk', 'upcoming album 2023', 'electropop', 'dance-pop', 'funk carioca']",pop,NM,,,,,True,False
5913832,PXXR GVNG,Alo Solo,7,2759,24/06/16,2016,2010,Inéditos,España,grupo,"['trap', 'hip hop', 'electronic', 'barcelona', 'mierda', 'meme music', 'buena musica']",trap,M,1,1,1,Y,True,False
5920449,Caro Valenzuela,Es Temprano (Para Llorar),7,700,11/08/20,2020,2020,Todoes: Triste (Nosiempre) - EP,México,mujer,"['pop', 'rock alternativo', 'sonora']",pop,NM,,,,,True,False
5927034,Ozuna,Un Get,8,3492,04/09/20,2020,2020,ENOC,Puerto Rico,hombre,"['reggaeton', 'urbano latino', 'latin urban', 'trap latino', 'caribbean', 'reggae', 'latin trap']",reggaeton,M,1,1,0,Y,True,False
5927548,David Otero & Dani Fernández,La Noche Suena,10,1203,11/09/20,2020,2020,Otero Y Yo,España,hombre,"['rock', 'indie', 'pop', 'pop rock', 'glam rock', 'art rock', 'alternative rock', 'art pop', 'british', 'new wave', 'classic rock', 'actors', 'rock music', 'composers', 'singers', 'rock musicians', 'arrangers', 'sound recording executives and producers', 'glam rock music', 'glam rock musicians', 'permanent wave', 'electronic', 'experimental', 'funk', 'alternative', 'soul', 'psychedelic pop', 'experimental rock', 'blue-eyed soul', 'post-disco', 'avant-garde pop', 'aln-sh', 'britannique', 'english', 'classic pop and rock', 'pop/rock', 'server name', 'death by liver cancer', 'killed by 2016!']",rock,NM,,,,,True,False
5929713,"Ozuna, J Balvin & Chencho Corleone",Una Locura,10,3327,04/09/20,2020,2020,ENOC,Puerto Rico,hombre,"['reggaeton', 'urbano latino', 'latin urban', 'trap latino', 'caribbean', 'reggae', 'latin trap']",reggaeton,M,1,1,0,Y,False,True
593105,La Mafia del Amor,Maldades,6,2582,20/11/14,2014,2010,La Mafia Del Amor Mixtape,España,grupo,"['pop', 'hip hop', 'electronic', 'reggaeton', 'mambo', 'trap']",pop,M,1,1,0,Y,True,False
5931086,Bayron Fire,Dame un Chance,9,2379,04/09/20,2020,2020,El enemy de los guasíbiri,Puerto Rico,hombre,"['funk', 'soul', 'disco', 'r&b', 'jazz', 'dance', 'big band', 'afro pop', 'progressive soul', 'quiet storm', 'psychedelic soul', 'smooth soul', 'pop', 'american', 'rnb', 'hip hop rnb and dance hall', 'pop soul', 'september', 'contemporary r&b']",funk,M,1,1,0,Y,False,True
5936815,"Robert Morr, David Marley & Yasiris",Salgo Sin Ti,8,1434,25/06/20,2020,2020,30 Mejores,Puerto Rico,hombre,"['salsa', 'classical', 'composer', 'romantic', 'romantic classical', 'german', 'to clean up', 'german composer']",salsa,NM,,,,,True,False
5941337,"Yomel El Meloso, Distin Prada & Royel 27 (Ft. Pablo Piddy)",Chuky Bobo (Remix),13,4585,20/03/20,2020,2020,La Parita Mixtape,República Dominicana,hombre,"['dembow', 'don forty five', 'kaly ocho', 'eleven one', 'yomel el meloso', 'young gatillo', 'tivi gunz', 'you r']",dembow,M,1,1,1,Y,True,False
5941613,"Fino Como El Haze, JHAYCO & Lunay",Prendemos,7,2704,11/09/20,2020,2020,Gárgolas Forever,Puerto Rico,hombre,"['reggaeton', 'latin urban']",reggaeton,M,1,0,0,Y,True,False
5948180,TINI & Alejandro Sanz,Un Beso en Madrid,4,1253,29/10/20,2020,2020,TINI TINI TINI,Argentina,mujer,"['deep house', 'pop', 'latin pop', 'tini', 'reggaeton', 'tech house', 'cocaine', 'trap latino']",deep house,NM,,,,,True,False
5962636,Dani Fernández,Vértigo,8,1662,18/09/20,2020,2020,Incendios y cenizas,España,hombre,"['little star', 'treble', 'twink', 'under 3000 plays', 'youngstar', 'under 90 listeners', 'sapanish', 'under 100 listeners', 'spanish male vocalists']",little star,NM,,,,,True,False
5971144,DAPS (ESP),SO DOPe,6,1983,19/03/20,2020,2020,The Unreleased,Estados Unidos,mujer,"['club rap', 'electro-hop', 'electropop', 'female vocals', 'hip hop', 'pop rap', 'queer', 'trap']",club rap,NM,,,,,True,False
5972580,Nathy Peluso,SANA SANA,13,1940,17/09/20,2020,2020,Calambre,Estados Unidos,grupo,"['pop', 'rnb', 'argentinian', 'espana', 'from spain', 'spaniard', 'latin pop', 'progressive metal', 'ambient', 'djent', 'instrumental']",pop,M,1,0,1,N,True,False
5976566,Nathy Peluso,CELEBRÉ,11,2136,02/10/20,2020,2020,Calambre,España,mujer,"['pop', 'rnb', 'argentinian', 'espana', 'from spain', 'spaniard', 'latin pop']",pop,NM,,,,,True,False
5976573,Nathy Peluso,DELITO,13,2110,02/10/20,2020,2020,Calambre,España,mujer,"['pop', 'rnb', 'argentinian', 'espana', 'from spain', 'spaniard', 'latin pop']",pop,M,1,0,0,N,True,False
5976617,Nathy Peluso,AMOR SALVAJE,8,1923,02/10/20,2020,2020,Calambre,España,mujer,"['pop', 'rnb', 'argentinian', 'espana', 'from spain', 'spaniard', 'latin pop']",pop,NM,,,,,True,False
5976621,Nathy Peluso,PURO VENENO,8,1797,02/10/20,2020,2020,Calambre,España,mujer,"['pop', 'rnb', 'argentinian', 'espana', 'from spain', 'spaniard', 'latin pop']",pop,NM,0,0,0,N,False,True
5976624,Nathy Peluso,AGARRATE,5,1664,02/10/20,2020,2020,Calambre,España,mujer,"['pop', 'rnb', 'argentinian', 'espana', 'from spain', 'spaniard', 'latin pop']",pop,M,0,0,1,N,True,False
5978348,LIT killah (Ft. Kodigo),Se Terminó,8,2828,24/09/20,2020,2020,Se Terminó,Argentina,hombre,['trap'],trap,NM,,,,,True,False
6007127,Cali y El Dandee & Danna Paola,Nada (Acústica),8,1643,29/09/20,2020,2020,Nada,Colombia,grupo,"['french', 'chanson francaise', 'alternative', 'rock', 'nouvelle scene francaise', 'france', 'pop', 'francais', 'chanson française', 'latin pop', 'latin urban', 'alternative rock', 'visual kei', 'experimental rock', 'major', 'misshitsu kei']",french,NM,,,,,True,False
6009939,Aitana & Sebastián Yatra,Corazón Sin Vida,8,1927,02/10/20,2020,2020,11 RAZONES,España,mujer,"['pop', 'rock', 'pop rock', 'latin pop', 'trash pop', 'electro-pop', 'electropop', 'female vocals', '2020s']",pop,NM,,,,,True,False
6015927,Kidd Keo & Yung Sarria,Yo Con Mi Man,10,3305,04/10/20,2020,2020,B & W - EP,España,hombre,"['trap', 'rap', 'drill', 'alicante', 'spanish trap']",trap,M,1,1,1,N,True,False
602068,Calle 13,La Vuelta Al Mundo,4,2051,19/11/10,2010,2010,Entren los Que Quieran,Puerto Rico,grupo,"['reggaeton', 'hip hop', 'hip-hop', 'rap', 'electronic', 'chill906']",reggaeton,NM,,,,,True,False
6021653,"Rochy RD, Myke Towers & NICKI NICOLE",Ella No Es Tuya (Remix),10,4410,03/02/21,2021,2020,Barack Obama’s Summer 2021 Playlist,República Dominicana,hombre,"['dembow', 'reggaeton', 'rap']",dembow,M,0,0,1,Y,True,False
6024437,C-Kan & Dharius,Quiúboles Que,7,3558,19/02/21,2021,2020,Directo Hasta Arriba,México,hombre,"['hip-hop', 'rap', 'hip hop', 'guadalajara', 'french', 'birdsong', 'field recording', 'nature sounds']",hip-hop,M,0,0,1,Y,True,False
6030243,C. Tangana,Demasiadas Mujeres,6,1162,08/10/20,2020,2020,El Madrileño,España,hombre,"['rap', 'hip-hop', 'rnb', 'hip hop', 'flamenco pop', 'trap', 'pop rap']",rap,M,1,1,0,N,True,False
6030259,"Joey Montana, Greeicy & Cali y El Dandee",Desesperado (Voy a Tomar),8,2497,08/10/20,2020,2020,Desesperado (Voy a tomar),Panamá,hombre,"['reggaeton', 'reggae', 'espagnol', 'lo mejor', 'joey', 'plena', 'latin pop', 'latin urban']",reggaeton,NM,,,,,True,False
6039330,Rc La Sensación,Disimulando,9,2099,08/10/20,2020,2020,Le Petit Detail qui change tout,Uruguay,grupo,"['latin urban', 'reggaeton']",latin urban,M,1,0,0,N,True,False
6051631,Yung Beef,CARAMELITO,3,1545,16/04/21,2021,2020,El Plugg 2,España,hombre,"['trap', 'reggaeton', 'rap', 'cloud rap', 'spanish trap', 'hip-hop', 'g o a t', 'hip hop']",trap,M,1,1,1,Y,True,False
6056125,Portavoz,Solo para ti,11,2892,,1995,1990,Mongo's Greatest Hits,Cuba,hombre,"['hip hop', 'rap politico', 'hip hop activista', 'hip-hop', 'indie', 'political', 'underground', 'political hip hop', 'afro-cuban jazz', 'boogaloo', 'charanga', 'guaguancó', 'jazz', 'latin jazz', 'mambo', 'pachanga', 'rumba cubana', 'salsa']",hip hop,NM,0,0,0,N,False,True
6065522,El Jincho,El Cuaderno,5,2266,16/10/20,2020,2020,La Gente Fuerte,España,hombre,"['orcasitas', 'rap', 'hip hop', 'hip-hop', 'trap', 'spanish rap', 'kinky', 'spanish hip hop', 'madrid', 'spanish hip-hop']",orcasitas,M,0,0,1,Y,True,False
6075765,KAROL G,BICHOTA,9,1982,23/10/20,2020,2020,KG0516,Colombia,mujer,"['reggaeton', 'pop', 'latin pop', 'trap latino', 'reggaeton colombiano', 'dancehall', 'latin urban', 'r&b']",reggaeton,NM,0,0,0,N,False,True
6075829,Ptazeta & Juacko,Mami (Acústico),6,1944,16/10/20,2020,2020,Mami,España,mujer,"['rap', 'pop', 'spanish rap', 'trap']",rap,M,1,0,0,N,False,True
6092392,"Leo RD, Tokischa & Yomel El Meloso",Desacato Escolar,8,2386,14/10/20,2020,2020,Desacato escolar,República Dominicana,mujer,"['dembow', 'pop rap', 'reggaeton', 'trap latino', 'chanson', 'french', 'chanson française', 'chanson à texte', 'european', 'france', 'monaco', 'poetry', 'singer/songwriter', 'modern classical', 'français', 'pop', 'symphonic rock', 'classical', 'francophone', 'poète', 'anarchiste', 'monégasque']",dembow,M,1,1,1,Y,True,False
6099606,Lola Indigo & Beret,cómo te va?,11,2131,29/10/20,2020,2020,La Niña,España,mujer,"['pop', 'dance', 'latin pop', 'reggaeton', 'lola indigo', 'brazilian funk', 'upcoming album 2023', 'electropop', 'dance-pop', 'funk carioca']",pop,NM,,,,,True,False
6100325,"Danna Paola, Luísa Sonza & Aitana",Friend De Semana,10,2190,29/10/20,2020,2020,K.O.,México,mujer,"['funk', 'pop', 'dannapaola', 'luisasonza', 'calaboracion', 'aitana', 'latin pop']",funk,NM,,,,,True,False
6102290,Paris Boy,Problemas,8,1802,11/10/20,2020,2020,Problemas,Estados Unidos,hombre,"['trap', 'spanish trap', 'pop punk', 'alternative rock', 'pop rock', 'emo pop', 'electropop', 'pop', 'punk', 'indie rock', 'emo', 'alternative', 'emo-pop', 'alternative/indie rock', 'rock', 'power pop', 'hardcore punk', 'acoustic rock', 'punk rock', 'pop and chart', 'post-emo']",trap,M,1,0,0,N,False,True
6110630,Lucas Arnau & J Alvarez,Una Aventura,7,1863,30/10/20,2020,2020,Despierta,Colombia,hombre,"['latin pop', 'pop', 'tropipop', 'lucas arnau', 'colombia tropipop']",latin pop,M,1,0,0,Y,True,False
6111573,Ptazeta & Juacko,Lo que vivo,6,2118,30/10/20,2020,2020,Estoy bien,España,mujer,"['rap', 'pop', 'spanish rap', 'trap']",rap,NM,,,,,True,False
6123667,"C. Tangana, La Húngara & Niño de Elche",Tú Me Dejaste de Querer,9,1873,06/11/20,2020,2020,El Madrileño,España,hombre,"['rap', 'hip-hop', 'rnb', 'hip hop', 'flamenco pop', 'trap', 'pop rap']",rap,NM,,,,,True,False
6130751,Maluma & The Weeknd,Hawái (Remix),6,2285,05/11/20,2020,2020,sencillo,Colombia,hombre,"['reggaeton', 'pop', 'sexy', 'latin pop', 'hot', 'brutal death metal', 'latin urban', 'trap latino', 'english', 'pop rock', 'trap music', 'urbano', 'urbano latino', 'urbano music']",reggaeton,NM,,,,,True,False
6137564,"El Mayor Clásico, Juanka & Ceky Viciny (Ft. Haraca Kiko, La Insuperable, Musicólogo The Libro, Pablo Chill-E & Pacho El Antifeka)",Vayase de Ahí (Remix),21,7599,05/11/20,2020,2020,La Gente Ta' Loca (remix),República Dominicana,hombre,['dembow'],dembow,M,1,1,1,Y,True,False
6143558,Charly Black & Sak Noel,Diggy Dee (Remix),12,2774,06/11/20,2020,2020,So Many Reasons,JM,hombre,"['dancehall', 'reggae', 'jamaica', 'dancehall-', 'american', 'charly black', 'knocklife ent', 'wata vybz radio', 'soca', 'heavy metal', 'hard rock', 'traditional doom metal', 'metal', 'proto doom', 'doom metal', 'rock', 'classic rock', 'british', 'blues rock', 'psychedelic rock', 'birmingham', 'black sabbath', 'untied kingdom', 'reino unido', 'heavy', 'heavy blues', 'english', 'dark', 'england', 'ominous', 'proto-doom', 'nwobhm', 'pop rock', 'jazz-rock', 'want to listen', 'classic pop and rock', 'new wave of british heavy metal', 'reunion']",dancehall,M,1,0,0,Y,True,False
6149004,Ptazeta,Mi huella,9,2254,12/11/20,2020,2020,Mi huella,España,mujer,"['rap', 'pop', 'spanish rap', 'trap']",rap,NM,,,,,True,False
6151585,Rauw Alejandro,Dile a Él,6,1693,13/11/20,2020,2020,Afrodisíaco,Puerto Rico,hombre,"['reggaeton', 'dance', 'sexy', 'catchy', 'rnb', 'pop', 'trap latino', 'latin urban', 'hip hop']",reggaeton,M,1,1,0,Y,True,False
6154423,Hugo Cobo,No Quiero Perderme Ni Un Segundo Más De Ti,6,1093,15/11/18,2018,2010,Destinos Cruzados,Argentina,grupo,['pop'],pop,NM,,,,,True,False
6159535,Aitana,11 RAZONES,9,1720,06/12/20,2020,2020,11 RAZONES,España,mujer,"['pop', 'rock', 'pop rock', 'latin pop', 'trash pop', 'electro-pop']",pop,NM,,,,,True,False
6159681,CNCO,Tan Enamorados,7,1291,13/11/20,2020,2020,Déjà Vu,Estados Unidos,grupo,"['pop', 'reggaeton', 'latin pop', 'boybands', 'boy band', 'teen pop', 'teen', 'dance-pop', 'latin urban', 'pop idol']",pop,NM,0,0,0,N,False,True
6177504,TINI,Te Olvidaré,6,1230,03/12/20,2020,2020,TINI TINI TINI,Argentina,mujer,"['deep house', 'pop', 'latin pop', 'tini', 'reggaeton', 'tech house', 'cocaine']",deep house,NM,0,0,0,N,False,True
6182936,Eslabon Armado,Me Matas,5,704,18/12/20,2020,2020,Corta Venas,Estados Unidos,grupo,"['corridos tumbados', 'sierreno', 'corridos', 'corrido', 'sad sierreno', 'folk', 'california']",corridos tumbados,M,1,0,0,N,True,False
6184344,Lenny Tavárez,Solo*,4,786,,2024,2020,BRILLAR,Puerto Rico,hombre,"['reggaeton', 'latin pop', 'trap latino']",reggaeton,M,0,0,1,Y,True,False
6187014,Xavibo & El Hombre Viento,Aceleras,5,2147,20/11/20,2020,2020,El Viaje De Trece,España,hombre,"['hiphop', 'mallorca', 'hip hop']",hiphop,NM,,,,,True,False
6190117,Bizarrap & Nathy Peluso,"Nathy Peluso: Bzrp Music Sessions, Vol. 36",7,2185,27/11/20,2020,2020,BZRP Music Sessions,Argentina,hombre,"['merge', 'trap latino', 'argentine trap', 'hip hop', 'latin dance', 'pop', 'reggaeton', 'trap', 'trap (latin)', 'trap edm', 'urbano latino']",merge,M,1,0,0,Y,True,False
6190874,Los Dos Carnales,El Borracho,8,1720,20/11/20,2020,2020,El Borracho,Estados Unidos,grupo,"['banda sinaloense', 'norteño', 'regional mexicano']",banda sinaloense,NM,,,,,True,False
6199254,Belén Aguilera & Lola Indigo,LA TIRITA,10,1910,27/11/20,2020,2020,SUPERPOP,España,mujer,"['pop', 'spanish female vocalists', 'spanish or latin artists', 'soul', 'electropop', 'dance-pop', 'teen pop', 'contemporary r&b', 'adult contemporary', 'rock', 'female vocals', 'pop and chart']",pop,M,1,0,0,N,True,False
6206318,Chimbala & Bulin 47,El Juidero,10,2213,19/10/20,2020,2020,Se acabó el amor,República Dominicana,hombre,"['reggaeton', 'dominican']",reggaeton,M,0,1,1,Y,True,False
6210649,Anaju,Si Supieras,7,853,18/12/20,2020,2020,MOOD,Puerto Rico,grupo,"['rapper', 'brazilian', 'brasileira', 'spanish or latin artists', 'trapper', 'trap de gostosa', 'bolero', 'salsa']",rapper,NM,,,,,True,False
6211022,Bad Bunny,TE DESEO LO MEJOR,6,959,27/11/20,2020,2020,EL ÚLTIMO TOUR DEL MUNDO,Puerto Rico,hombre,"['reggaeton', 'trap', 'trap latino', 'latin pop', 'rap', 'latin rap', 'pop rap', 'latin trap', 'hip hop']",reggaeton,NM,,,,,True,False
6212088,Marca MP,El Muchacho de la Barba (En Vivo),9,1486,26/11/20,2020,2020,Desde el Cantón (En Vivo),México,grupo,"['norteño', 'regional mexicano']",norteño,NM,0,0,0,N,False,True
6215068,Chino El Negro & Darell,Dinero Limpio / Sucio,10,3887,23/03/18,2018,2010,Dirty Cash,Puerto Rico,hombre,['reggaeton'],reggaeton,M,1,0,1,Y,False,True
6218233,Hijos De Barrón,Cortinas Guindas,9,862,,2020,2020,En vivo desde Sinaloa,México,grupo,"['regional mexicano', 'banda sinaloense', 'campirano', 'campirano-banda']",regional mexicano,NM,,,,,True,False
6230011,Franky Style & C.R.O (Bardero$),Claro que sí,7,3552,04/12/20,2020,2020,EXPLÍCITO,Argentina,hombre,"['trap', 'mdbcrew', 'latin trap']",trap,M,1,0,1,Y,False,True
6246205,Rochy RD & Tokischa,El Rey De La Popola,10,3581,15/12/20,2020,2020,El Coba,República Dominicana,hombre,"['dembow', 'reggaeton', 'rap']",dembow,M,1,1,1,Y,True,False
6255293,Brytiago & Jay Wheeler,Desnudarte,8,2392,11/12/20,2020,2020,DELUXE - EP,Puerto Rico,hombre,"['reggaeton', 'trap', 'latin trap', 'latin urban', 'trap latino', 'latin dance', 'latin pop', 'trap (latin)', 'urbano latino']",reggaeton,M,1,0,1,N,True,False
6255324,Myke Towers & Juhn,Bandido,8,3246,11/12/20,2020,2020,Para Mi Ex,Puerto Rico,hombre,"['reggaeton', 'trap', 'rap', 'hip hop', 'hip-hop', 'latin rap', 'dancehall', 'pop rap', 'latin urban', 'trap latino']",reggaeton,M,1,1,0,Y,True,False
6255621,"Benny Benni (Ft. Christian Ponce, Cosculluela, Daddy Yankee, D.OZi, Farruko & Pusho)",El Combo Me Llama (Remix),11,6653,17/05/14,2014,2010,Reggaeton Y Calle 2014,Puerto Rico,hombre,"['latin urban', 'reggaeton', 'swing', 'jazz', 'big band', 'classical', 'composer', 'vocal jazz', 'clarinetist', 'bandleader', 'modern classical', 'cotm', 'american composer', 'clarinet', '2008 universal fire victim', 'death by heart attack']",latin urban,M,1,1,1,Y,False,True
6256696,El Mayor Clásico & NATTI NATASHA,Tanto Que Me Gusta,12,3438,11/12/20,2020,2020,Me gusta,República Dominicana,mujer,"['latin pop', 'reggaeton', 'latin urban']",latin pop,M,1,1,0,Y,True,False
6258487,Daddy Yankee & Marc Anthony,De Vuelta Pa' La Vuelta,9,2904,11/12/20,2020,2020,De vuelta pa' la vuelta,Puerto Rico,hombre,"['reggaeton', 'hip-hop', 'rap', 'daddy yankee', 'hip hop', 'latin urban', 'latin pop', 'reggae', 'dance', 'electronic', 'englisch', 'english', 'hip hop rnb and dance hall']",reggaeton,M,0,1,1,Y,True,False
6277857,Ptazeta & Juacko,Nena no me llores,8,2006,18/12/20,2020,2020,Me llama,España,mujer,"['rap', 'pop', 'spanish rap', 'trap']",rap,M,1,0,0,N,True,False
6283426,Natos y Waor & Recycled J,Déjà vu,8,2030,18/12/20,2020,2020,Mal de amores,España,grupo,['rap'],rap,NM,,,,,True,False
6298574,PXXR GVNG & Lo$ Zafiro$,LLEGARON LOS YUMAS,6,2874,01/02/15,2015,2010,LOS YUMAS EL MIXTAPE,España,grupo,"['trap', 'hip hop', 'electronic', 'barcelona', 'mierda', 'meme music', 'buena musica']",trap,M,1,0,1,Y,True,False
6303435,"Myke Towers, Rauw Alejandro & Lunay (Ft. Brytiago & Revol)",Fantasía Sexual,9,3440,13/01/21,2021,2020,Fantasía sexual,Puerto Rico,hombre,"['reggaeton', 'trap', 'rap', 'hip hop', 'hip-hop', 'latin rap', 'dancehall', 'pop rap', 'latin urban', 'trap latino']",reggaeton,M,1,0,1,Y,True,False
6319980,"Juliito, Hozwal & Freestyle Mania",El Final,5,3234,30/10/20,2020,2020,El Casti Burlao - EP,Puerto Rico,hombre,"['trap', 'latin trap', 'reggaeton']",trap,M,1,1,0,Y,True,False
6321266,Joaqo & Paulo Londra,Cansado,8,2581,28/07/22,2022,2020,Back To The Game,Argentina,hombre,['trap'],trap,M,1,0,0,Y,True,False
6328876,PXXR GVNG,Me Muero,6,1216,27/07/14,2014,2010,sencillo,España,grupo,"['trap', 'hip hop', 'electronic', 'barcelona', 'mierda', 'meme music', 'buena musica']",trap,NM,0,0,0,N,False,True
6350926,Kidd Keo,Bando Boyz Free 3,8,4277,10/12/21,2021,2020,Back To Rockport,España,hombre,"['trap', 'rap', 'drill', 'alicante', 'spanish trap']",trap,M,1,0,1,Y,True,False
6364448,C. Tangana & Toquinho,Comerte Entera,10,906,15/01/21,2021,2020,El Madrileño,España,hombre,"['rap', 'hip-hop', 'rnb', 'hip hop', 'flamenco pop', 'trap', 'pop rap']",rap,M,1,0,0,N,True,False
6371251,Gus,​​el jardinero,7,1041,06/11/20,2020,2020,El cantante del siglo,México,hombre,"['emo', 'hardcore punk', 'rock', 'indie', 'not listened to yet', 'in recommendation of rpu4', 'southern rock', 'indie rock', 'hardcore', 'canadian', 'ranchera']",emo,NM,0,0,0,N,False,True
6374252,PXXR GVNG,Se Siente Sola,7,2904,03/07/15,2015,2010,Inéditos,España,grupo,"['trap', 'hip hop', 'electronic', 'barcelona', 'mierda', 'meme music', 'buena musica']",trap,M,1,1,1,Y,True,False
6374784,PXXR GVNG,Mejor Que Como Novios,5,1240,10/09/14,2014,2010,Inéditos,España,grupo,"['trap', 'hip hop', 'electronic', 'barcelona', 'mierda', 'meme music', 'buena musica']",trap,M,1,0,1,Y,True,False
6374839,PXXR GVNG,Suge Knight,6,2511,21/12/14,2014,2010,Inéditos,España,grupo,"['trap', 'hip hop', 'electronic', 'barcelona', 'mierda', 'meme music', 'buena musica']",trap,M,1,1,1,N,True,False
6391450,La Mafia del Amor,La Dama y El Vagabundo,9,1518,14/10/14,2014,2010,Mafioseo (Volumen 1),España,hombre,"['pop', 'hip hop', 'electronic', 'reggaeton', 'mambo', 'trap']",pop,NM,,,,,True,False
6401349,DAPS & PMP,Gorila,3,1494,09/10/20,2020,2020,DCLXVI,España,hombre,['trap'],trap,NM,0,0,0,N,False,True
6407033,Cali y El Dandee & Beret,Primera Carta,8,2684,17/01/21,2021,2020,Malibu,Colombia,grupo,"['french', 'chanson francaise', 'alternative', 'rock', 'nouvelle scene francaise', 'france', 'pop', 'francais', 'chanson française', 'latin pop', 'latin urban', 'alternative rock', 'visual kei', 'experimental rock', 'major', 'misshitsu kei']",french,NM,,,,,True,False
6410803,Nio García & Flow La Movie,AM,9,1742,28/01/21,2021,2020,AM,Puerto Rico,hombre,"['latin urban', 'reggaeton', 'trap latino']",latin urban,M,1,0,0,Y,False,True
6423830,C. Tangana & Ed Maverick,Párteme La Cara,7,1115,25/02/21,2021,2020,El Madrileño,España,hombre,"['rap', 'hip-hop', 'rnb', 'hip hop', 'flamenco pop', 'trap', 'pop rap']",rap,NM,,,,,True,False
6423831,"C. Tangana, Gipsy Kings, Nicolás Reyes & Tonino Baliardo",Ingobernable,10,2109,26/02/21,2021,2020,El Madrileño,España,hombre,"['rap', 'hip-hop', 'rnb', 'hip hop', 'flamenco pop', 'trap', 'pop rap']",rap,NM,,,,,True,False
6423833,C. Tangana & Jorge Drexler,Nominao,8,1569,23/02/21,2021,2020,El Madrileño,España,hombre,"['rap', 'hip-hop', 'rnb', 'hip hop', 'flamenco pop', 'trap', 'pop rap']",rap,M,1,0,0,N,True,False
6423834,"C. Tangana, Carín León & Adriel Favela",CAMBIA!,5,1358,26/02/21,2021,2020,El Madrileño,España,hombre,"['rap', 'hip-hop', 'rnb', 'hip hop', 'flamenco pop', 'trap', 'pop rap']",rap,M,0,0,1,Y,False,True
6424008,C. Tangana & Omar Apollo,Te Olvidaste,8,1698,26/02/21,2021,2020,El Madrileño,España,hombre,"['rap', 'hip-hop', 'rnb', 'hip hop', 'flamenco pop', 'trap', 'pop rap']",rap,NM,,,,,True,False
6424022,C. Tangana & Kiko Veneno,Los Tontos,9,1893,26/02/21,2021,2020,El Madrileño,España,hombre,"['rap', 'hip-hop', 'rnb', 'hip hop', 'flamenco pop', 'trap', 'pop rap']",rap,M,0,1,1,N,False,True
6424023,C. Tangana & Andrés Calamaro,Hong Kong,5,1131,23/02/21,2021,2020,El Madrileño,España,hombre,"['rap', 'hip-hop', 'rnb', 'hip hop', 'flamenco pop', 'trap', 'pop rap']",rap,M,1,0,0,N,True,False
6424032,C. Tangana & Pepe Blanco,Cuándo Olvidaré,5,2044,26/02/21,2021,2020,El Madrileño,España,hombre,"['rap', 'hip-hop', 'rnb', 'hip hop', 'flamenco pop', 'trap', 'pop rap']",rap,M,0,0,1,Y,False,True
6510306,KYOTTO & SUSHIKING (Ft. Rele),No Eres Tú,5,2481,26/02/21,2021,2020,deidad,España,hombre,"['melodic house', 'progressive house']",melodic house,M,0,1,0,N,True,False
6515957,"El Experimento, Ceky Viciny & La Insuperable (Ft. Bulin 47, El Bloonel, El Boke, Gatillero 23, Jc La Nevula, La Sabiduria, Onguito Wa, Químico Ultra Mega, Rochy RD & Yofrangel)",Bobote (Remix),23,8380,24/01/21,2021,2020,Reggaeton Nation (20 Latin Hits - Club Edition),República Dominicana,grupo,['dembow'],dembow,M,1,1,1,Y,True,False
6528359,Teresa Parodi (Ft. Carlos Aguirre),El Viaje,8,974,28/07/17,2017,2010,Todo Lo Que Tengo,Argentina,mujer,['folclore'],folclore,NM,,,,,True,False
6529701,Raphael (ESP),Si Dios me quita la vida,7,1061,,2010,2010,Te llevo en el corazón: Tango/Bolero/Ranchera,España,hombre,"['latin ballad', 'canción melódica', 'pop']",latin ballad,M,0,1,0,Y,True,False
6550124,Kidd Keo,Olvídate,5,4940,05/03/21,2021,2020,FEAR OF THE WALKING TAPE,España,hombre,"['trap', 'rap', 'drill', 'alicante', 'spanish trap']",trap,NM,0,0,0,N,False,True
6568468,DAPS & PMP,MDMA,8,2810,09/10/20,2020,2020,DCLXVI,España,hombre,['trap'],trap,M,1,0,1,Y,False,True
6568478,DAPS & PMP,Jimmy Neutron,3,433,09/10/20,2020,2020,DCLXVI,España,hombre,['trap'],trap,M,0,0,1,N,True,False
6568479,DAPS & PMP,Bonzo,11,1778,09/10/20,2020,2020,DCLXVI,España,hombre,['trap'],trap,NM,0,0,0,N,False,True
6568483,DAPS & PMP,Borderline,7,2568,09/10/20,2020,2020,DCLXVI,España,hombre,['trap'],trap,NM,,,,,True,False
6568510,"Ptazeta, FARIANA & Juacko",Trakatá,9,2388,12/03/21,2021,2020,Estoy bien,España,mujer,"['rap', 'pop', 'spanish rap', 'trap']",rap,M,1,0,0,Y,True,False
6568755,Natos y Waor & Recycled J,Nosotros,3,3158,11/03/21,2021,2020,"Hijos de la ruina, vol. 3",España,grupo,['rap'],rap,M,1,0,0,N,True,False
6577941,PXXR GVNG,DNI,5,1497,13/04/16,2016,2010,Inéditos,España,grupo,"['trap', 'hip hop', 'electronic', 'barcelona', 'mierda', 'meme music', 'buena musica']",trap,M,0,0,1,N,True,False
6583795,Matt Monro,La estrella del sur,5,446,,2022,2020,En España,Reino Unido,hombre,"['oldies', 'swing', 'crooners', 'easy listening', 'james bond', 'british', 'jazz', 'matt monro', 'classic pop and rock']",oldies,NM,,,,,True,False
6583993,Fuyen,Chaca que machaca,8,1341,15/03/21,2021,2020,Bondi cultural,México,hombre,['corridos tumbados'],corridos tumbados,NM,,,,,True,False
6584003,C.R.O (Bardero$) & Franky Style,Muriendo Lento,5,1383,28/03/21,2021,2020,Muriendo Lento,Argentina,hombre,"['trap latino', 'hip hop', 'pop rap', 'rap', 'german', 'deutsch']",trap latino,M,1,1,1,Y,True,False
6590454,El Villanord & Yailin la Mas Viral,Chivirika,10,3275,13/03/21,2021,2020,Halloween Fiesta Mix,República Dominicana,hombre,['dembow'],dembow,M,1,0,1,Y,False,True
6592405,PXXR GVNG,Pablo,7,1812,06/03/16,2016,2010,Inéditos,España,grupo,"['trap', 'hip hop', 'electronic', 'barcelona', 'mierda', 'meme music', 'buena musica']",trap,NM,,,,,True,False
6601650,Natos y Waor & Recycled J,"Fuego, fuego",7,2921,13/04/21,2021,2020,"Hijos de la ruina, vol. 3",España,grupo,['rap'],rap,M,1,0,0,Y,True,False
6601652,Natos y Waor & Recycled J,Cuestión de Fe,5,3588,13/04/21,2021,2020,"Hijos de la ruina, vol. 3",España,grupo,['rap'],rap,M,1,0,1,N,True,False
6601655,Natos y Waor & Recycled J,Sudores fríos,8,3504,13/04/21,2021,2020,"Hijos de la ruina, vol. 3",España,grupo,['rap'],rap,NM,,,,,True,False
6601656,Natos y Waor & Recycled J,Más Alcohol,9,2239,26/03/21,2021,2020,"Hijos de la ruina, vol. 3",España,grupo,['rap'],rap,M,1,0,0,N,True,False
6601658,Natos y Waor & Recycled J,A la tumba,8,2971,13/04/21,2021,2020,"Hijos de la ruina, vol. 3",España,grupo,['rap'],rap,NM,,,,,True,False
6601659,Natos y Waor & Recycled J,Dime que sí,7,3113,13/04/21,2021,2020,"Hijos de la ruina, vol. 3",España,grupo,['rap'],rap,M,1,0,0,N,True,False
6606962,Carmen DeLeon & Cali y El Dandee,Pasado,5,1092,19/03/21,2021,2020,Pasado,Venezuela,mujer,"['latin pop', 'dancehall', 'jazz', 'vocal jazz', 'pop', 'bebop', 'american', 'ballads', '2008 universal fire victim', 'death by stroke', 'death by emphysema']",latin pop,NM,,,,,True,False
6613410,Kitty110,Dos Caminos,5,2038,19/12/19,2019,2010,Dos Caminos,España,mujer,['trap'],trap,NM,,,,,True,False
6622473,KAROL G & Nathy Peluso,GATO MALO,5,1814,25/03/21,2021,2020,KG0516,Colombia,mujer,"['reggaeton', 'pop', 'latin pop', 'trap latino', 'reggaeton colombiano', 'dancehall', 'latin urban', 'r&b', 'english']",reggaeton,NM,,,,,True,False
6622519,KAROL G & Mariah Angeliq,EL MAKINON,7,2566,25/03/21,2021,2020,KG0516,Colombia,mujer,"['reggaeton', 'pop', 'latin pop', 'trap latino', 'reggaeton colombiano', 'dancehall', 'latin urban', 'r&b', 'english']",reggaeton,M,1,0,0,Y,True,False
6622526,"KAROL G, Juanka & Brray",ARRANCA PAL CARAJO,9,3209,26/03/21,2021,2020,KG0516,Colombia,mujer,"['reggaeton', 'pop', 'latin pop', 'trap latino', 'reggaeton colombiano', 'dancehall', 'latin urban', 'r&b', 'english']",reggaeton,M,1,1,1,Y,False,True
6622528,"KAROL G, Nicky Jam & Wisin & Yandel (Ft. Alberto Stylee, Ivy Queen & Zion)",LEYENDAS,17,4385,25/03/21,2021,2020,KG0516,Colombia,mujer,"['reggaeton', 'pop', 'latin pop', 'trap latino', 'reggaeton colombiano', 'dancehall', 'latin urban', 'r&b', 'english']",reggaeton,M,1,1,0,Y,True,False
6639859,La Mafia del Amor,Te Amo,9,2271,14/07/17,2017,2010,808 & Xapiadoras - EP,España,grupo,"['pop', 'hip hop', 'electronic', 'reggaeton', 'mambo', 'trap']",pop,M,1,0,1,Y,True,False
6639869,La Mafia del Amor,Disisamor,9,2594,14/07/17,2017,2010,808 & Xapiadoras - EP,España,grupo,"['pop', 'hip hop', 'electronic', 'reggaeton', 'mambo', 'trap']",pop,M,1,1,1,Y,False,True
6639871,La Mafia del Amor,Enganchá,7,2541,14/07/17,2017,2010,808 & Xapiadoras - EP,España,grupo,"['pop', 'hip hop', 'electronic', 'reggaeton', 'mambo', 'trap']",pop,M,1,1,1,Y,True,False
6639872,La Mafia del Amor,Quien Te Trata Como Yo,9,3322,14/07/17,2017,2010,808 & Xapiadoras - EP,España,grupo,"['pop', 'hip hop', 'electronic', 'reggaeton', 'mambo', 'trap']",pop,M,1,1,1,N,True,False
6639873,La Mafia del Amor,Fuk Telecom,5,1791,14/07/17,2017,2010,808 & Xapiadoras - EP,España,grupo,"['pop', 'hip hop', 'electronic', 'reggaeton', 'mambo', 'trap']",pop,M,1,0,1,Y,True,False
6640142,La Mafia del Amor & El Combo Perfecto,Traicionera,7,1611,20/01/15,2015,2010,Khaled Compilation Vol. 2,España,grupo,"['pop', 'hip hop', 'electronic', 'reggaeton', 'mambo', 'trap']",pop,M,1,1,1,Y,True,False
6640185,La Mafia del Amor,Maldades (El Combo Remix),11,3294,14/08/15,2015,2010,Amor Bandido,España,grupo,"['pop', 'hip hop', 'electronic', 'reggaeton', 'mambo', 'trap']",pop,M,1,1,1,Y,True,False
6640186,La Mafia del Amor,Independiente,10,2555,14/08/15,2015,2010,Amor Bandido,España,grupo,"['pop', 'hip hop', 'electronic', 'reggaeton', 'mambo', 'trap']",pop,M,1,0,1,Y,True,False
6640225,La Mafia del Amor & El Combo Perfecto,¿Qué es el Amor?,8,1558,09/04/15,2015,2010,Mafioseo (Volumen 2),España,grupo,"['pop', 'hip hop', 'electronic', 'reggaeton', 'mambo', 'trap']",pop,M,1,0,1,Y,True,False
6640283,La Mafia del Amor,Dejate Llevar,10,2659,15/10/15,2015,2010,Mafioseo (Volumen 1),Argentina,mujer,"['pop', 'hip hop', 'electronic', 'reggaeton', 'mambo', 'trap']",pop,M,1,1,1,Y,True,False
6640292,La Mafia del Amor,Pensando en Ti,9,2641,11/03/16,2016,2010,Mafioseo (Volumen 2),España,grupo,"['pop', 'hip hop', 'electronic', 'reggaeton', 'mambo', 'trap']",pop,M,1,1,1,Y,True,False
6644806,Hombres G & Ana Torroja,Si No Te Tengo A Ti,8,1658,,2011,2010,En La Playa,España,grupo,"['hombres g', 'ana torroja']",hombres g,NM,,,,,True,False
6644908,Hombres G,Temblando,6,593,,1982,1980,Estamos Locos... ¿O qué?,España,grupo,"['rock', 'rock en espanol', 'pop', 'spanish rock', 'rock en español', 'pop rock', 'spanish pop']",rock,NM,,,,,True,False
6644921,Hombres G,Te Necesito,7,708,,1982,1980,Voy a Pasármelo Bien,España,grupo,"['rock', 'rock en espanol', 'pop', 'spanish rock', 'rock en español', 'pop rock', 'spanish pop']",rock,NM,0,0,0,N,False,True
6644923,Hombres G & Los Enanitos Verdes,Devuélveme a Mi Chica (En Vivo),7,1017,15/06/18,2018,2010,Huevos Revueltos (En Vivo),Argentina,grupo,"['rock', 'rock en espanol', 'pop', 'spanish rock', 'rock en español', 'pop rock', 'spanish pop']",rock,M,0,1,1,Y,True,False
6644937,Hombres G,Esperando un Milagro,7,866,21/03/14,2014,2010,30 años y un día,España,grupo,"['rock', 'rock en espanol', 'pop', 'spanish rock', 'rock en español', 'pop rock', 'spanish pop']",rock,NM,,,,,True,False
6645114,Hombres G & Los Enanitos Verdes,Venezia (En Vivo),7,1443,15/06/18,2018,2010,Huevos Revueltos (En Vivo),Argentina,grupo,"['rock', 'rock en espanol', 'pop', 'spanish rock', 'rock en español', 'pop rock', 'spanish pop']",rock,M,0,1,0,N,False,True
6645116,Hombres G & Los Enanitos Verdes,Lamento Boliviano (En Vivo),8,1211,15/06/18,2018,2010,Huevos Revueltos (En Vivo),Argentina,grupo,"['rock', 'rock en espanol', 'pop', 'spanish rock', 'rock en español', 'pop rock', 'spanish pop']",rock,NM,,,,,True,False
6645287,Hombres G,Te Vi,7,657,,2020,2020,Peligrosamente Juntos (Versión España),España,hombre,"['rock', 'rock en espanol', 'pop', 'spanish rock', 'rock en español', 'pop rock', 'spanish pop']",rock,NM,,,,,True,False
6659019,Hombres G,Lo mejor Qué puedo hacer (Maqueta inédita),10,986,02/06/15,2015,2010,30 años y un día,España,grupo,"['rock', 'rock en espanol', 'pop', 'spanish rock', 'rock en español', 'pop rock', 'spanish pop']",rock,NM,,,,,True,False
6671463,"El Alfa, CJ & Chael Produciendo (Ft. El Cherry Scom)",La Mamá de la Mamá,16,4337,08/04/21,2021,2020,SAGITARIO,República Dominicana,hombre,"['dembow', 'reggaeton', 'world', 'hip-hop', 'e', 'd', 'o']",dembow,M,1,0,1,Y,True,False
6678670,L-Gante,Vengo del Barrio,7,3005,15/01/20,2020,2020,Me estoy acostumbrando,Cuba,grupo,"['rkt', 'latin rap', 'cumbia 420', 'reggaeton', 'remix', 'joda', 'in jail', 'preso', 'better than nas', 'salsa']",rkt,M,1,0,1,Y,False,True
6690855,David Bisbal & Danna Paola,"Vuelve, Vuelve",7,1539,16/04/21,2021,2020,"Vuelve, vuelve",España,hombre,"['pop', 'latin pop', 'davis bisbal', 'david bisbal', 'operacion triunfo', 'spanish pop', 'ballad']",pop,NM,,,,,True,False
6695988,Benny Benni (Ft. Anuel AA),Maliante HP,11,3732,19/03/16,2016,2010,Real hasta la muerte: Éxitos,Puerto Rico,hombre,"['latin urban', 'reggaeton', 'trap latino']",latin urban,M,1,1,1,Y,False,True
6708196,"Aitana, Alejandro Sanz, Antonio José, Antonio Orozco & Pablo López",Himno A La Alegría,7,838,15/04/21,2021,2020,Himno a la alegría,España,mujer,"['pop', 'rock', 'pop rock', 'latin pop', 'trash pop', 'electro-pop', 'electropop', 'female vocals', '2020s']",pop,NM,0,0,0,N,False,True
6719119,"C. Tangana, Antonio Carmona & NPR",Me Maten (Live at NPR's Tiny Desk),9,2061,20/04/21,2021,2020,El Madrileño (Live at NPR’s Tiny Desk) – Single,España,hombre,"['rap', 'hip-hop', 'rnb', 'hip hop', 'flamenco pop', 'trap', 'pop rap']",rap,NM,,,,,True,False
6721340,"C. Tangana, Kiko Veneno & NPR",Los Tontos (Live at NPR's Tiny Desk),12,2465,20/04/21,2021,2020,El Madrileño (Live at NPR’s Tiny Desk) – Single,España,hombre,"['rap', 'hip-hop', 'rnb', 'hip hop', 'flamenco pop', 'trap', 'pop rap']",rap,M,0,1,1,N,True,False
6728152,Elilluminari & VillaBanks,Perros,7,1931,23/04/21,2021,2020,Filtri,España,hombre,['trap'],trap,M,1,1,1,Y,True,False
6733774,Dani Fernández,Clima Tropical,9,1252,23/04/21,2021,2020,Entre las dudas y el azar,España,hombre,"['little star', 'treble', 'twink', 'under 3000 plays', 'youngstar', 'under 90 listeners', 'sapanish', 'under 100 listeners', 'spanish male vocalists']",little star,NM,,,,,True,False
6734934,"Tatiana Delalvz, Ptazeta & Lérica",Madre Mía,10,2345,22/04/21,2021,2020,Planète Rap 2018,España,hombre,"['pop', 'spanish pop', 'flamenco', 'comedy hip hop', 'hardcore hip hop', 'hip hop', ""children's"", 'rock']",pop,M,1,0,0,N,False,True
6738513,Kiry Curu & Rochy RD,Decomputao,9,4867,20/04/21,2021,2020,El Coba,República Dominicana,hombre,['dembow'],dembow,M,1,1,1,Y,False,True
6739524,Ters (ESP),Gira que gira,7,2319,08/10/20,2020,2020,Fibres del cor,España,grupo,"['catalan', 'jazz', 'jazz fusion', 'jazz rock', 'rock']",catalan,NM,,,,,True,False
6743812,"Foreign Teck, Justin Quiles & Jay Wheeler (Ft. Bryant Myers, Eladio Carrión & Tory Lanez)",Conexión,11,4684,29/04/21,2021,2020,Animal,Puerto Rico,hombre,"['hip hop', 'hip-hop', 'producer tag', 'reggaeton', 'trap latino']",hip hop,M,1,0,1,Y,True,False
6756895,"Cali y El Dandee, Mau Montaner, Ricky Montaner & Guaynaa",Despiértate,9,2361,29/04/21,2021,2020,Malibu,Colombia,grupo,"['french', 'chanson francaise', 'alternative', 'rock', 'nouvelle scene francaise', 'france', 'pop', 'francais', 'chanson française', 'latin pop', 'latin urban', 'alternative rock', 'visual kei', 'experimental rock', 'major', 'misshitsu kei']",french,M,1,0,0,N,False,True
6763205,Bulin 47 & Breyco En Producidera,Bajo Mundo,10,3291,22/04/21,2021,2020,Se acabó el amor,República Dominicana,hombre,"['hip-hop', 'world', 'reggaeton', 'ilg']",hip-hop,M,1,1,1,Y,True,False
6778493,PXXR GVNG,Chanel,4,1849,20/12/13,2013,2010,Inéditos,España,grupo,"['trap', 'hip hop', 'electronic', 'barcelona', 'mierda', 'meme music', 'buena musica']",trap,M,1,0,1,Y,True,False
6794033,Yuri (MEX) & Natalia Jiménez,Una Mentira Más,4,1148,23/08/19,2019,2010,Una mentira más,México,mujer,"['latin pop', 'pop', 'ranchera', 'mexican pop', 'salsa', 'mariachi']",latin pop,NM,0,0,0,N,False,True
6801829,Grupo Firme & Lenin Ramírez,En Tu Perra Vida,3,870,11/04/21,2021,2020,Bailando merengue,México,grupo,"['norteno', 'musica mexicana', 'sierreno', 'mambo', 'merengue', 'salsa', 'sound-alike', 'banda sinaloense', 'sierreño', 'regional mexicano', 'sierreño-banda']",norteno,M,0,0,1,N,True,False
6809046,"Lola Indigo, TINI & Belinda",La Niña de la Escuela,8,2579,02/07/21,2021,2020,La Niña,España,mujer,"['pop', 'dance', 'latin pop', 'reggaeton', 'lola indigo', 'brazilian funk', 'upcoming album 2023', 'electropop', 'dance-pop', 'funk carioca']",pop,NM,,,,,True,False
6828082,Ricardo Claure Peñaloza,"Mi alma está asombrada, mi Dios Creador, Escritor e inmensamente Grande"" (SFC No.62 Cap.9 en MIm con variaciòn en popurrì SFC No.47)",1,9338,,2009,2000,Deutsch-Schwedisches Freikorps : Vol.2,Guatemala,grupo,"['latin ballad', 'latin pop']",latin ballad,NM,0,0,0,N,False,True
6831658,Alvaro Soler,Mañana,12,2234,02/07/21,2021,2020,Magia,España,hombre,"['pop', 'latin pop', 'the worst thing ever to happen to music', 'l', 'alternative', 'not my cup of tea']",pop,M,1,0,0,N,True,False
6851775,Esteman (Ft. Lila Downs),Si Volviera a Nacer,10,1085,,1968,1960,Si Volviera a Nacer,Colombia,hombre,"['world', 'pop', 'folk', 'mariachi', 'female vocals', 'latin rock']",world,NM,,,,,True,False
6851936,Carlos Rivera (Ft. Franco De Vita),Tú de Qué Vas,13,1415,28/05/21,2021,2020,Leyendas,México,hombre,"['latin pop', 'ranchera', 'pop', 'ballad', 'pop music', 'latin ballad']",latin pop,NM,,,,,True,False
6855805,Luis Figueroa,Si Tú Me Dices Ven,5,997,28/05/21,2021,2020,Canciones del Alma,Venezuela,hombre,"['canción melódica', 'latin ballad', 'latin pop', 'ballad', 'pop', 'film composer', 'academy award winner']",canción melódica,M,0,1,1,Y,True,False
6862415,"Nio García, J Balvin & Bad Bunny",AM Remix,11,3690,24/06/21,2021,2020,Flow La Movie Remixes,Puerto Rico,hombre,"['latin urban', 'reggaeton', 'trap latino']",latin urban,M,1,0,0,Y,False,True
6863489,Lola Indigo & KHEA,CULO,9,3081,17/06/21,2021,2020,La Niña,AU,mujer,"['pop', 'dance', 'latin pop', 'reggaeton', 'lola indigo', 'brazilian funk', 'upcoming album 2023', 'electropop', 'dance-pop', 'funk carioca']",pop,M,1,0,0,Y,True,False
686737,Graciela Olmos Villareal,El siete leguas,5,779,,1935,1930,Antonio Aguilar,México,hombre,"['banda', 'corrido', 'mariachi', 'ranchera']",banda,NM,,,,,True,False
6869463,"Ptazeta, Foyone & Juacko",Cha Cha,8,2412,04/06/21,2021,2020,Barbara & Bas,España,grupo,"['rap', 'pop', 'spanish rap', 'trap']",rap,M,0,0,1,N,False,True
6880250,"Duki, De La Ghetto & Quevedo",Si Quieren Frontear,11,3131,31/03/22,2022,2020,Temporada de Reggaetón 2,Argentina,hombre,"['trap', 'latin trap', 'palermo', 'hip hop latino', 'rap', 'bruh', 'hip hop argentino', 'rap argentino', 'trap latino', 'hip hop', 'argentine trap', 'freestyle rap', 'latin freestyle', 'latin hip-hop', 'latin rap', 'pop rap', 'pop rock', 'reggaeton', 'trap (latin)']",trap,M,1,0,1,Y,True,False
6891964,Feid,EL PADRINO,6,1445,20/08/21,2021,2020,INTER SHIBUYA - LA MAFIA,Colombia,hombre,"['reggaeton', 'groove metal', 'ferxxo', 'thrash metal', 'reggaeton colombiano', 'anglais', 'latin urban', 'trap latino']",reggaeton,M,1,1,1,N,True,False
690329,Los Tigres Del Norte,El jefe de jefes,7,1383,,2019,2010,Lo Más Escuchado De,Estados Unidos,grupo,"['norteño', 'corridos', 'folk', 'los tigres del norte', 'el nino y la boda', 'contrabando y traicion']",norteño,NM,,,,,True,False
6907925,Cony la Tuquera,El amor es libertad,6,1246,26/05/16,2016,2010,Días de Colores,Chile,grupo,"['nueva cumbia chilena', 'indie rock', 'dream pop', 'noise pop', 'the lost generation', 'rock', 'american', 'classic pop and rock']",nueva cumbia chilena,NM,,,,,True,False
691366,"Pitbull (Ft. Dayami La Musa, Osmani Garcia ""La Voz"" & Sensato)",El Taxi,16,4346,17/05/16,2016,2010,El Taxi (Remixes),Cuba,hombre,"['latin urban', 'reggaeton', 'dance-pop', 'electropop', 'dance', 'eurodance', 'electro house', 'hip hop', 'southern hip hop', 'pop rap', 'latin pop', '2000s', 'hip house', '2010s', 'hiphop', 'maltido', 'pitbull', 'global warming meltdown']",latin urban,M,1,0,1,Y,True,False
691615,La Mafia del Amor,Bambola,4,1468,26/01/15,2015,2010,Inéditos,España,grupo,"['pop', 'hip hop', 'electronic', 'reggaeton', 'mambo', 'trap']",pop,M,1,1,1,Y,True,False
6933183,Yung Beef,Sunydeis,6,3029,29/10/21,2021,2020,Gangster Original,España,hombre,"['trap', 'reggaeton', 'rap', 'cloud rap', 'spanish trap', 'hip-hop', 'g o a t', 'hip hop']",trap,M,1,1,1,Y,True,False
6940800,Mda & IAMTOMMY,El Adios,3,1763,23/06/21,2021,2020,Heart Nation,España,hombre,"['swedish', 'electronic', 'rave', '2', 'trap', 'hyperpop', 'nu rave', 'twittercore']",swedish,M,0,0,1,Y,True,False
6941504,David Bisbal & Luis Fonsi,Dos Veces,6,1555,23/06/21,2021,2020,Dos veces,España,hombre,"['pop', 'latin pop', 'davis bisbal', 'david bisbal', 'operacion triunfo', 'spanish pop', 'ballad']",pop,NM,,,,,True,False
6960353,Tony Loya,El Movido*,1,69,,2020,2020,Manzanita The Label,Estados Unidos,hombre,"['corridos tumbados', 'jazz', 'vocal jazz', 'traditional pop', 'easy listening', 'big band', 'pop', 'ballad', 'swing', 'christmas music', 'american', 'standards', 'aln-sh']",corridos tumbados,NM,,,,,True,False
696120,La Mafia del Amor & El Combo Perfecto,La Disco Resplandece,9,2459,23/12/14,2014,2010,Khaled Compilation Vol. 2,España,grupo,"['pop', 'hip hop', 'electronic', 'reggaeton', 'mambo', 'trap']",pop,M,1,0,1,Y,False,True
696124,La Mafia del Amor & El Combo Perfecto,Amor Bandido,6,1346,09/01/15,2015,2010,Amor Bandido,España,grupo,"['pop', 'hip hop', 'electronic', 'reggaeton', 'mambo', 'trap']",pop,M,1,0,0,N,True,False
6965805,Andy Boy,Mami Tu Quiere,11,2292,,2006,2000,The Collection,Puerto Rico,hombre,"['reggaeton', 'blues', 'harmonica blues', 'latin urban']",reggaeton,M,1,1,1,Y,True,False
6974375,Nathy Peluso,MAFIOSA,8,1997,07/07/21,2021,2020,Mafiosa,España,mujer,"['pop', 'rnb', 'argentinian', 'espana', 'from spain', 'spaniard', 'latin pop']",pop,NM,,,,,True,False
697737,PXXR GVNG & Lo$ Zafiro$,DUELE (Hardly Remix),8,2146,01/02/15,2015,2010,LOS YUMAS EL MIXTAPE,España,grupo,"['trap', 'hip hop', 'electronic', 'barcelona', 'mierda', 'meme music', 'buena musica']",trap,NM,,,,,True,False
6988935,Ptazeta & Juacko,Me llama,6,1591,09/07/21,2021,2020,Me llama,España,mujer,"['rap', 'pop', 'spanish rap', 'trap']",rap,M,1,0,1,Y,True,False
6999466,Bizarrap & Anuel AA,"Anuel AA: Bzrp Music Sessions, Vol. 46",8,3025,03/11/21,2021,2020,BZRP Music Sessions,Argentina,hombre,"['rap', 'trap', 'my top songs', 'pinga', 'trap latino', 'migeks', 'bizarrap', 'spanish or latin artists', 'argentine trap', 'hip hop', 'latin dance', 'pop', 'reggaeton', 'trap (latin)', 'trap edm', 'urbano latino']",rap,M,1,0,1,Y,True,False
7003179,"L-Gante, DT.Bilardo & Eric Santana",ALTA DATA,8,1778,13/07/21,2021,2020,NRJ Latino Hits 2022,España,hombre,"['rkt', 'latin rap', 'cumbia 420', 'reggaeton', 'remix', 'joda', 'in jail', 'preso', 'better than nas', 'cumbia', 'pop', 'rap', 'hip hop', 'tech house', 'trap music', 'trap latino', 'cumbia villera', 'cumbia argentina', 'argentine cumbia', 'turreo', 'argentine trap']",rkt,M,1,0,1,Y,True,False
7011531,Celia Cruz y La Sonora Matancera,La Clave de Oro,7,1324,,1963,1960,"La Tierna, Conmovedora, Bamboleadora",Cuba,mujer,"['salsa', 'celia cruz', 'chillout', 'dance', 'chill', 'bolero', 'guaracha', 'latin pop', 'classic pop and rock']",salsa,M,0,1,1,N,True,False
7021075,DannyLux,Triste Navidad,7,712,16/11/22,2022,2020,Triste navidad,España,grupo,"['pop', 'rnb', 'alternative', 'california', 'sierreno', 'sad sierreno', 'bachata']",pop,NM,,,,,True,False
7031473,Ptazeta & Juacko,Estoy Bien,10,2691,22/07/21,2021,2020,Estoy bien,España,mujer,"['rap', 'pop', 'spanish rap', 'trap']",rap,M,1,0,0,Y,True,False
7038295,AleXa,TUSA (KAROL G & Nicki Minaj) Cover,9,1845,25/05/21,2021,2020,"Tusa (Karol G, Nicki Minaj feat. Anitta, Becky G & Ozuna)",KR,grupo,"['pop', 'rock', 'korean', 'aor', 'k-pop', 'hard rock', 'american', 'indonesia', 'glam', 'female fronted', 'mashup', '2020s', 'electropop', 'dance-pop']",pop,M,1,0,1,Y,False,True
7050140,JHAYCO & Anuel AA,Ley Seca,9,4345,03/09/21,2021,2020,Timelezz,Puerto Rico,hombre,"['reggaeton', 'rap', 'no pega solo', 'trap', 'pop', 'electropop', 'sex', 'hip hop', 'trap latino']",reggaeton,M,1,1,1,Y,False,True
7071071,"El Villano RD, Mariah Angeliq & Lola Indigo",Chivirika Remix,18,6072,06/08/21,2021,2020,sencillo,Estados Unidos,mujer,"['reggaeton', 'trap latino']",reggaeton,M,1,1,1,Y,True,False
7077723,Cali y El Dandee & Boza,Por Ella,11,2690,05/08/21,2021,2020,Malibu,Colombia,grupo,"['french', 'chanson francaise', 'alternative', 'rock', 'nouvelle scene francaise', 'france', 'pop', 'francais', 'chanson française', 'latin pop', 'latin urban', 'alternative rock', 'visual kei', 'experimental rock', 'major', 'misshitsu kei']",french,M,1,1,0,N,False,True
7083237,Quevedo & La Pantera,Piel de Cordero,6,3018,06/08/21,2021,2020,Piel de cordero,España,hombre,"['reggaeton', 'rap', 'hip-hop', 'hip hop', 'dance pop', 'latin trap']",reggaeton,M,1,1,0,Y,True,False
7092976,"CT Media (ESP), Maydawa & Watamaloune","Lágrimas que derramar (De ""La novia cadáver"")",18,1779,31/07/20,2020,2020,"Sueña en grande, princesa (Vol. 2)",México,hombre,"['spoken word', 'gospel']",spoken word,M,0,0,1,Y,False,True
7097422,Justin Quiles & Maluma,La Botella,9,2726,19/08/21,2021,2020,La Última Promesa,Puerto Rico,hombre,"['reggaeton', 'latin urban', 'sex', 'dance']",reggaeton,M,1,0,0,Y,False,True
7104036,Empresarios del Corrido,El Corrido De Cheo,6,1092,01/01/10,2010,2010,Corridos Enfermos Vol. 8,México,grupo,"['indie pop', 'pop', 'alternative', 'dream pop', 'electronic', 'trip hop', 'alternative pop', 'chamber pop', 'art pop', 'neo-psychedelia', 'sad girl pop', 'rock', 'dance', 'house', 'indie rock', 'country', 'electronica', 'baroque pop', 'ballad', 'psychedelic pop', 'slowcore', 'edm', 'sadcore', 'r&b', 'alternative/indie rock', 'adult alternative pop/rock', 'contemporary singer/songwriter', 'alternative singer/songwriter', '2010s', 'trap', 'melodic techno', 'future bass', 'melodic house', 'tumblr', 'millennial', 'left-field pop', '2020s', 'hawaiian glam metal', 'american', 'singer', 'remix', 'next', 'karen', 'question for the culture', 'americana', 'alternative country', 'film soundtrack', 'pop. alternative', 'indie/dream-pop', '+usa (new york:manhatten)']",indie pop,M,1,0,1,Y,False,True
7115949,DAPS (ESP),La fiesta del amor,7,1584,04/06/21,2021,2020,Sabor del Sur,España,grupo,['trap'],trap,M,1,0,0,N,True,False
7115988,"DAPS (ESP), PMP & GARABATTO",Tan Sensual,7,1278,30/07/21,2021,2020,22 Layers of Sunlight,España,grupo,['trap'],trap,M,1,0,1,Y,False,True
7116895,​zzoilo & Aitana,Mon Amour (Remix),15,2661,18/08/21,2021,2020,Disco Estrella Vol. 25 - Caribe 2022,España,hombre,['pop'],pop,NM,,,,,True,False
7118955,RENEE,​mucho texto,8,1318,18/08/21,2021,2020,mucho texto - EP,España,hombre,"['pop', 'home collection', 'techno', 'new wave', 'alternative', 'akai', 'boi', 'brazilian instrumental', 'brazilian music', 'crioulo', 'drumm', 'drummer', 'elza soares', 'experimental', 'frevo', 'industrial', 'instrumental', 'instrumental sample', 'latin grammy', 'maracatu', 'mpc', 'musical production', 'percussion', 'popular brazilian music', 'samba', 'samba makossa', 'samba sujo', 'sample', 'vanguarda paulista']",pop,NM,,,,,True,False
7125261,Rochy RD (Ft. Chuky De Lewa),Uva Bombom,10,3043,20/08/21,2021,2020,El Coba,República Dominicana,hombre,['dembow'],dembow,M,1,0,1,Y,True,False
7125512,Juan De Ron,El Cochinero,9,1306,20/08/21,2021,2020,En El Radio Un Cochinero,México,hombre,"['campirano', 'corrido tumbado', 'norteño', 'norteño-banda', 'regional mexicano']",campirano,NM,,,,,True,False
712823,PXXR GVNG & Lo$ Zafiro$,LOS FOREIGN,9,3282,08/02/15,2015,2010,LOS YUMAS EL MIXTAPE,España,grupo,"['trap', 'hip hop', 'electronic', 'barcelona', 'mierda', 'meme music', 'buena musica']",trap,M,1,0,1,Y,True,False
7136596,JHAYCO,Dilema,4,1115,03/09/21,2021,2020,Timelezz,Puerto Rico,hombre,"['reggaeton', 'rap', 'no pega solo', 'trap', 'pop', 'electropop', 'sex', 'hip hop', 'trap latino']",reggaeton,NM,,,,,True,False
7137102,Big Soto & ADSO,La Desconocida,8,2136,27/08/21,2021,2020,The Good Trip Deluxe,Colombia,hombre,"['trap', 'is venezuela real trampa', 'phonk', 'vallenato', 'new wave', 'celtic rock', 'rock', 'alternative rock', 'scottish', 'pop rock', 'big music', 'post-punk', '1980s', '1990s', 'new romantic', 'classic pop and rock', 'big country']",trap,M,1,1,1,Y,True,False
7142882,J Balvin & Tokischa,Perra,11,2769,26/08/21,2021,2020,JOSE,Colombia,hombre,"['reggaeton', 'pop', 'latin pop', 'hot', 'dancehall', 'trap', 'hip hop', 'columbia', 'kolumbien', 'spanisch', 'latin urban', 'rnb']",reggaeton,M,1,0,1,Y,True,False
7153252,Mau y Ricky & Maria Becerra,Mal Acostumbrao,9,1849,02/09/21,2021,2020,DESGENERADOS MIXTAPE,Venezuela,grupo,"['electronic', 'electro-pop', 'portuguese', 'portugal', 'pop', 'doom', 'instrumental', 'sludge', 'indie rock', 'hip-hop', 'latin pop']",electronic,M,1,0,0,N,True,False
716820,PXXR GVNG,Guapo,7,2739,15/12/14,2014,2010,Inéditos,España,grupo,"['trap', 'hip hop', 'electronic', 'barcelona', 'mierda', 'meme music', 'buena musica']",trap,NM,,,,,True,False
7175498,El Alfa & Farruko,Curazao,13,4937,06/09/21,2021,2020,SAGITARIO,República Dominicana,hombre,"['dembow', 'reggaeton', 'world', 'hip-hop', 'e', 'd', 'o']",dembow,M,1,0,0,N,True,False
7187621,Ptazeta & Juacko,Niveles,5,1601,05/09/21,2021,2020,Todo bien,España,mujer,"['rap', 'pop', 'spanish rap', 'trap']",rap,NM,,,,,True,False
7199522,Alex Rose & CNCO,Pa Que Guaye,8,2090,16/09/21,2021,2020,ENR,Estados Unidos,hombre,"['reggaeton', 'urban', 'indie folk', 'sxsw', 'latin trap', 'latin urban', '2010s', '2020s', 'dembow', 'trap latino']",reggaeton,M,1,0,1,Y,True,False
7211763,Bizarrap & Paulo Londra,"Paulo Londra: Bzrp Music Sessions, Vol. 23",9,2767,25/04/22,2022,2020,BZRP Music Sessions,Argentina,hombre,"['rap', 'trap', 'my top songs', 'pinga', 'trap latino', 'migeks', 'bizarrap', 'spanish or latin artists', 'argentine trap', 'hip hop', 'latin dance', 'pop', 'reggaeton', 'trap (latin)', 'trap edm', 'urbano latino']",rap,NM,,,,,True,False
7231123,Destino San Javier (Ft. Nahuel Pennisi),"Mujer, Niña y Amiga",6,906,12/10/18,2018,2010,Instinto,Argentina,grupo,['folclore'],folclore,NM,,,,,True,False
723271,J Balvin,Ay Vamos,9,2056,22/07/14,2014,2010,La Familia (B Sides),Colombia,hombre,"['reggaeton', 'pop', 'latin pop', 'hot', 'dancehall', 'trap', 'hip hop']",reggaeton,NM,0,0,0,N,False,True
724363,Pablo Alborán (Ft. Jesse & Joy),Dónde Está El Amor,7,1564,01/01/13,2013,2010,Tanto,España,hombre,"['pop', 'latin pop']",pop,NM,,,,,True,False
7250364,Jenny69,La 69,5,887,01/10/21,2021,2020,Real hasta la muerte: The Mixtape,Puerto Rico,hombre,"['experimental', 'latin pop', 'art pop', 'banda', 'neoperreo', 'reggaeton', 'trap latino']",experimental,NM,,,,,True,False
7252312,​suei & AG Sixteen,Y Te Vas :P,9,1704,01/10/21,2021,2020,Trece,España,mujer,['pop'],pop,NM,,,,,True,False
7261199,C. Tangana & Nathy Peluso,Ateo,9,1856,08/10/21,2021,2020,El Madrileño (La Sobremesa),España,hombre,"['rap', 'hip-hop', 'rnb', 'hip hop', 'flamenco pop', 'trap', 'pop rap']",rap,M,1,0,0,N,False,True
7261371,Bizarrap & Ptazeta,"Ptazeta: Bzrp Music Sessions, Vol. 45",9,2869,06/10/21,2021,2020,BZRP Music Sessions,Argentina,hombre,"['merge', 'trap latino', 'argentine trap', 'hip hop', 'latin dance', 'pop', 'reggaeton', 'trap', 'trap (latin)', 'trap edm', 'urbano latino']",merge,M,1,1,0,N,True,False
7262247,"Fonseca, Greeicy & Cali y El Dandee",2005,10,2151,07/10/21,2021,2020,VIAJANTE,Colombia,hombre,"['latin pop', 'pop', 'fonseca', 'world', 'vallenato']",latin pop,NM,0,0,0,N,False,True
7273563,Fuego (CR),Estar Presente,11,1058,06/10/21,2021,2020,Estar presente,Costa Rica,grupo,"['reggaeton', 'merengue', 'latin urban']",reggaeton,NM,,,,,True,False
727415,Miguel Bosé,Aire Soy (Papitwo Version),8,1159,30/07/12,2012,2010,Papitwo,España,hombre,"['pop', 'latin pop', 'balada', 'ballad', 'latin ballad', 'nuno']",pop,NM,,,,,True,False
727417,Wisin (Ft. Jennifer Lopez & Ricky Martin),Adrenalina,13,3225,18/03/14,2014,2010,El Regreso del Sobreviviente,Puerto Rico,hombre,"['reggaeton', 'latin urban', 'pop', 'latin pop', 'electronic', 'dance', 'dance-pop', 'pop rap', 'electro house', 'contemporary r&b', 'pop and chart']",reggaeton,M,1,0,0,Y,True,False
728130,PXXR GVNG,I Love Pussy,7,1940,28/08/15,2015,2010,Los Pobres,España,grupo,"['trap', 'hip hop', 'electronic', 'barcelona', 'mierda', 'meme music', 'buena musica']",trap,M,1,1,0,Y,True,False
7285245,Ptazeta & Juacko,Ri Ri,9,1845,19/09/21,2021,2020,Area,España,mujer,"['rap', 'pop', 'spanish rap', 'trap']",rap,M,1,0,0,Y,True,False
7286304,"Fuego, Manuel Turizo & Duki",Una Vaina Loca,11,3017,21/10/21,2021,2020,Una vaina loca,Estados Unidos,hombre,"['merengue', 'reggaeton', 'electronic', 'romanian', 'blues', 'worship', 'mambo', 'dc', 'latin urban']",merengue,M,1,0,0,Y,True,False
729262,Cali y El Dandee,Yo Te Esperaré,7,2655,04/04/11,2011,2010,3:00 a.m.,Colombia,grupo,"['pop', 'male vocalist', 'reggaeton', 'electronic', 'cali', 'spanish hip-hop', 'latin pop', 'latin urban']",pop,NM,,,,,True,False
7302199,"NICKI NICOLE, Ptazeta & Snow Tha Product",Tengo To,8,3133,28/10/21,2021,2020,Parte de Mí,Argentina,mujer,"['pop', 'rnb', 'indie pop', 'booba', 'trap', 'alternative r&b', 'latin pop', 'pop rap', 'trap latino', 'hip hop', 'electronic', 'queen of rap', 'r&b', '2010s', 'rap', 'sxsw', 'caribbean', 'contemporary r&b', 'east coast hip hop', 'hardcore hip hop', 'trap music', 'late 2000s', 'best female rapper', 'a filk artist', 'relic inn', 'cousin in trinidad wont get the vaccine', 'hip-hop']",pop,M,1,1,1,Y,True,False
7308962,"Christina Aguilera, Becky G & NICKI NICOLE",Pa Mis Muchachas,11,2217,22/10/21,2021,2020,AGUILERA,Estados Unidos,mujer,"['pop', 'latin pop', 'pop in spanish', 'contemporary r&b', 'dance-pop', 'electropop', 'soul', 'teen pop', 'adult contemporary', 'female vocals', 'pop and chart', 'rock']",pop,NM,,,,,True,False
7313991,Duki,Celosa,8,2643,23/06/22,2022,2020,Temporada de Reggaetón 2,Argentina,hombre,"['trap', 'latin trap', 'palermo', 'hip hop latino', 'rap', 'bruh', 'hip hop argentino', 'rap argentino', 'trap latino', 'hip hop', 'argentine trap', 'freestyle rap', 'latin freestyle', 'latin hip-hop', 'latin rap', 'pop rap', 'pop rock', 'reggaeton', 'trap (latin)']",trap,M,0,1,0,Y,True,False
7323797,Dakhóta Romero,La Mujer de Tu Vida,8,1140,15/01/21,2021,2020,La mujer de tu vida,Estados Unidos,mujer,['pop'],pop,NM,,,,,True,False
7330770,DAPS (ESP),Generación Nintendo,7,1566,20/10/21,2021,2020,Generación Nintendo,España,hombre,['trap'],trap,NM,,,,,True,False
7335150,Cali y El Dandee & Aitana,Coldplay,8,2321,28/10/21,2021,2020,Malibu,Colombia,grupo,"['french', 'chanson francaise', 'alternative', 'rock', 'nouvelle scene francaise', 'france', 'pop', 'francais', 'chanson française', 'latin pop', 'latin urban', 'alternative rock', 'visual kei', 'experimental rock', 'major', 'misshitsu kei']",french,NM,,,,,True,False
7337391,Alan Gomez & Kaleb Di Masi,Kaleb Di Masi Mission 07,8,1760,11/05/22,2022,2020,Missions,Argentina,hombre,"['cumbia', 'reggaeton', 'perreo', 'fiesta', 'joda', 'boliche', 'cachengue', 'soundtrack', 'classical', 'jazz', 'american', 'soundtrack composer', 'score', 'film composer', 'score composer', 'not easy listening', 'easy listening soundtracks and musicals', '_not_ god-damn easy listening']",cumbia,M,1,0,1,Y,True,False
7341316,María Sánchez (Ft. Dellachaouen),PÉRDONAME,6,1646,29/10/21,2021,2020,1954/1956,Argentina,hombre,['tango'],tango,NM,,,,,True,False
734145,Nicky Jam,Travesuras,13,2031,03/07/14,2014,2010,Nicky Jam: Hits,Puerto Rico,hombre,"['reggaeton', 'pop', 'nicky jam', 'oldies', 'rock and roll', 'mierda', 'puerto rico music']",reggaeton,M,1,0,0,N,True,False
7342663,"Edwin Luna y La Trakalosa de Monterrey, Dharius & Tiro Loko",Ve Como Ando,7,1983,05/11/21,2021,2020,Ve Como Ando,México,grupo,"['banda', 'rock', 'alternative rock', 'visual kei', 'gothic', 'j-rock', 'major', 'soft visual', 'kurofuku kei']",banda,NM,,,,,True,False
7357420,Dani Fernández,Plan Fatal,8,1087,18/02/22,2022,2020,Entre las dudas y el azar,España,hombre,"['little star', 'treble', 'twink', 'under 3000 plays', 'youngstar', 'under 90 listeners', 'sapanish', 'under 100 listeners', 'spanish male vocalists']",little star,M,1,0,0,N,True,False
7357421,Dani Fernández,Frío,8,1417,24/09/21,2021,2020,Entre las dudas y el azar,España,hombre,"['little star', 'treble', 'twink', 'under 3000 plays', 'youngstar', 'under 90 listeners', 'sapanish', 'under 100 listeners', 'spanish male vocalists']",little star,NM,,,,,True,False
7357422,Dani Fernández,Grace,9,1083,16/07/21,2021,2020,Entre las dudas y el azar,España,hombre,"['little star', 'treble', 'twink', 'under 3000 plays', 'youngstar', 'under 90 listeners', 'sapanish', 'under 100 listeners', 'spanish male vocalists']",little star,NM,0,0,0,N,False,True
7357423,Dani Fernández,Dile a los demás,9,1362,17/12/21,2021,2020,Entre las dudas y el azar,España,hombre,"['little star', 'treble', 'twink', 'under 3000 plays', 'youngstar', 'under 90 listeners', 'sapanish', 'under 100 listeners', 'spanish male vocalists']",little star,NM,,,,,True,False
7357424,Dani Fernández,Artificial,6,1393,18/02/22,2022,2020,Entre las dudas y el azar,España,hombre,"['little star', 'treble', 'twink', 'under 3000 plays', 'youngstar', 'under 90 listeners', 'sapanish', 'under 100 listeners', 'spanish male vocalists']",little star,M,0,1,1,Y,False,True
7357425,Dani Fernández,Perdón por no llamar,6,1302,18/02/22,2022,2020,Entre las dudas y el azar,España,hombre,"['little star', 'treble', 'twink', 'under 3000 plays', 'youngstar', 'under 90 listeners', 'sapanish', 'under 100 listeners', 'spanish male vocalists']",little star,NM,0,0,0,N,False,True
7357426,Dani Fernández,Si tus piernas,8,1533,18/02/22,2022,2020,Entre las dudas y el azar,España,hombre,"['little star', 'treble', 'twink', 'under 3000 plays', 'youngstar', 'under 90 listeners', 'sapanish', 'under 100 listeners', 'spanish male vocalists']",little star,NM,,,,,True,False
7357427,Dani Fernández,Guarda una parte,8,1767,18/02/22,2022,2020,Entre las dudas y el azar,España,hombre,"['little star', 'treble', 'twink', 'under 3000 plays', 'youngstar', 'under 90 listeners', 'sapanish', 'under 100 listeners', 'spanish male vocalists']",little star,NM,,,,,True,False
7357428,Dani Fernández,Sin mirar,7,1520,18/02/22,2022,2020,Entre las dudas y el azar,España,hombre,"['little star', 'treble', 'twink', 'under 3000 plays', 'youngstar', 'under 90 listeners', 'sapanish', 'under 100 listeners', 'spanish male vocalists']",little star,NM,,,,,True,False
7357429,Dani Fernández,Supersubmarina,5,1145,18/02/22,2022,2020,Entre las dudas y el azar,España,hombre,"['little star', 'treble', 'twink', 'under 3000 plays', 'youngstar', 'under 90 listeners', 'sapanish', 'under 100 listeners', 'spanish male vocalists']",little star,M,1,0,0,N,True,False
7369649,"Camin, El Bobe & Ptazeta",Ella (Remix),11,2239,11/11/21,2021,2020,Ángel malherido,España,hombre,"['oshare kei', 'visual kei', 'j-rock', 'eroguro kei', 'vk', 'j-metal', 'nagoya kei', 'all female', 'female j-rock', 'flamenco', 'new flamenco']",oshare kei,M,1,1,0,Y,True,False
7376835,Foyone & Sceno,#RapSinCorte L,23,7298,12/11/21,2021,2020,RAPSINCORTE. EL ALBUM,España,hombre,"['hip-hop', 'spanish rap', 'hardcore hip hop', 'hardcore hip-hop', 'malaga', 'rap hardcore', 'spanish hardcore rap', 'hip hop hardcore', 'hip-hop hardcore']",hip-hop,M,1,0,1,N,False,True
7388379,"La Pantera, Quevedo & Juseph",Cayó La Noche,8,2810,26/06/21,2021,2020,sencillo,España,hombre,"['groove metal', 'heavy metal', 'thrash metal', 'metal', 'glam metal', 'southern metal', 'american', 'nu metal', 'power metal', 'hardcore punk', 'glam', 'dance and electronica', 'trash speed metal', 'estados unidos']",groove metal,M,1,0,1,Y,True,False
7400329,"DAPS, YAY",El Gran Juanowsky,5,1731,17/11/21,2021,2020,Generación Nintendo,España,hombre,['trap'],trap,NM,0,0,0,N,False,True
7404126,Ptazeta & Juacko,Home,7,1908,19/11/21,2021,2020,The Party en la Casa,España,mujer,"['rap', 'pop', 'spanish rap', 'trap']",rap,M,0,0,1,Y,True,False
740609,PXXR GVNG,Sin Hook,5,1989,16/03/14,2014,2010,Inéditos,España,grupo,"['trap', 'hip hop', 'electronic', 'barcelona', 'mierda', 'meme music', 'buena musica']",trap,M,1,0,1,N,True,False
742150,Willie Colón,Idilio,7,1896,,1950,1950,Hecho en Puerto Rico,Estados Unidos,hombre,"['salsa', 'jazz', 'fania', 'willie colon', 'latin jazz', 'classic', 'boogaloo', 'trombone', 'dance', 'bolero', 'global jazz', 'latin soul', 'merengue', 'música tropical', 'new york salsa', 'pop', 'puerto rican traditions', 'son cubano', 'tropical']",salsa,NM,0,0,0,N,False,True
742234,Azúcar Moreno,Tú Quieres Más (Porque Te Amo),18,1553,,1992,1990,Mucho Azúcar,España,grupo,"['pop', 'eurovision', 'flamenco', 'dance', 'duos', 'espagnol']",pop,NM,,,,,True,False
743832,David Bisbal,Dígale,6,2241,11/11/02,2002,2000,Condenado a tu amor,España,hombre,"['pop', 'latin pop', 'davis bisbal', 'david bisbal', 'operacion triunfo', 'spanish pop']",pop,NM,0,0,0,N,False,True
744314,Rocío Jurado,Como Una Ola,5,985,,1943,1940,Como una ola,España,mujer,"['pop', 'flamenco', 'copla', 'female vocalist', 'world', 'oldies']",pop,NM,,,,,True,False
7444439,Nathy Peluso,VIVIR ASÍ ES MORIR DE AMOR,7,1510,10/12/21,2021,2020,Vivir así es morir de amor,España,mujer,"['pop', 'rnb', 'argentinian', 'espana', 'from spain', 'spaniard', 'latin pop']",pop,NM,,,,,True,False
7467537,Sebastián Yatra & Aitana,Las Dudas,9,1775,28/01/22,2022,2020,Dharma,Colombia,hombre,"['guys i would fuck', 'sebastian yatra', 'latin pop', 'reggaeton', 'colombian pop', 'edm', 'international', 'latin ballad', 'latin urban', 'pop', 'r&b', 'teen pop', 'classical', 'baroque', 'composer', 'german', 'european', 'gramophone selection', 'german composer', 'orchestral', 'organist', 'bach', 'mass', 'wagner', 'six', 'motet', 'mathäuspassion', 'messe h-moll', 'vox', 'cantata', 'cantata 147', 'helmut walcha', 'bertalan hock', '134a', 'bach double violin concerto', '1036']",guys i would fuck,NM,,,,,True,False
7467731,Quevedo & Linton,Ahora y Siempre,6,2518,10/12/21,2021,2020,FIFA 23 Soundtrack,España,hombre,"['reggaeton', 'rap', 'hip-hop', 'hip hop', 'dance pop', 'latin trap']",reggaeton,M,1,0,0,Y,True,False
7475670,Azúcar Moreno,Postureo,11,1252,21/12/21,2021,2020,Benidorm Fest 2022,España,grupo,"['pop', 'eurovision', 'flamenco', 'dance', 'duos', 'espagnol']",pop,M,1,0,0,N,True,False
747830,Pepe Aguilar,Siempre en Mi Mente,4,573,27/10/14,2014,2010,MTV Unplugged,Estados Unidos,hombre,"['pepe aguilar', 'ranchera', 'mariachi', 'de cantina', 'latin pop', 'pop']",pepe aguilar,NM,,,,,True,False
748962,Natos y Waor,Quién soy,7,2851,02/04/15,2015,2010,Barras Bravas,España,grupo,"['rap', 'spanish rap', 'hardcore', 'underground rap', 'hip-hop', 'espana', 'underground hip-hop', 'madrid']",rap,NM,,,,,True,False
7490090,El compadre enamorado Jose Luis Chavez,Corrido de Nicolaza,6,800,01/01/12,2012,2010,"México, 2010: El corrido",México,hombre,"['death by covid-19', 'songwriter', 'singer', 'folklore', 'trova', 'protesta', 'mexican singer', 'mexican songwriter']",death by covid-19,M,0,1,1,Y,True,False
750136,Calibre 50,El Infiernito,7,1047,,2010,2010,Renovar o morir,México,grupo,"['banda', 'mentalidad enferma', 'corridos', 'world music', 'norteño', 'regional mexican', 'corrido', 'regional mexicano', 'serrieno-banda', 'sierreño']",banda,NM,0,0,0,N,False,True
7515564,Ptazeta & Juacko,Cae la noche,8,1616,21/12/21,2021,2020,The Party en la Casa,España,mujer,"['rap', 'pop', 'spanish rap', 'trap']",rap,NM,,,,,True,False
7515590,"Cyril Kamer, Rvfv & Cano",Bandido (Remix),9,3846,22/12/21,2021,2020,Thalía (remix),España,hombre,"['urban', 'drill', 'spanish drill', 'latin urban']",urban,M,1,1,0,Y,True,False
751789,Miguel Aceves Mejía,Los Laureles,4,577,,2003,2000,Entre Copa Y Copa,México,hombre,"['mariachi', 'ranchera', 'folk', 'miguel aceves mejia', 'huapango', 'mexican folk', 'singer-songwriters']",mariachi,M,0,1,1,Y,True,False
7521552,"Carín León (Ft. Chuy Lizárraga y Su Banda Tierra Sinaloense, El Coyote Y Su Banda Tierra Santa, El Mimoso Luis Antonio López, Gera MX, Joel Elizalde, Jovanny Cadena Y Su Estilo Privado & Mario ""El Cachorro"" Delgado)",Mi Ranchito / La Feria de las Flores / Los Pájaros / La Vaquilla / Mi Gusto Es / Árboles de la Barranca (En Vivo),48,5945,17/12/21,2021,2020,Pistiembre Todo el Año (En Vivo),México,hombre,"['norteño', 'mariachi', 'regional mexicano', 'sierreño', 'alternative country', 'americana', 'banda sinaloense', 'bolero', 'contemporary folk', 'corrido', 'cumbia norteña mexicana', 'latin music', 'latin pop', 'ranchera', 'reggaeton', 'vallenato', 'regional mexican', 'norteño-banda', 'campirano', 'campirano-banda', 'sierreño-banda']",norteño,M,1,1,0,Y,True,False
752342,Miguel Aceves Mejía,Flor Silvestre,6,641,,1955,1950,"Tú, sólo tú",México,hombre,"['mariachi', 'ranchera', 'folk', 'miguel aceves mejia', 'huapango', 'mexican folk', 'singer-songwriters']",mariachi,NM,,,,,True,False
753407,Antonio Aguilar,Triste Recuerdo,5,818,,1991,1990,"Con tambora, volumen 3",México,hombre,"['ranchera', 'mariachi', 'antonio aguilar', 'chill906', 'rancheras', 'banda', 'corrido']",ranchera,NM,0,0,0,N,False,True
7549987,"Pipe Bueno (Ft. Alzate, Carín León, Darío Gómez, El Charrito Negro, Jessi Uribe, Jhon Alex Castaño, Jhonny Rivera, Juan Pablo Navarrete, Luis Alberto Posada Hernández & Yeison Jimenez)",Guaro (Remix),11,2038,16/09/21,2021,2020,Guaro (remix),Colombia,hombre,"['norteña', 'popular', 'ranchera']",norteña,M,1,0,0,Y,True,False
7560503,"La Pantera, Quevedo & Juseph",Cayó La Noche (Remix),13,5881,14/01/22,2022,2020,sencillo,España,hombre,"['groove metal', 'heavy metal', 'thrash metal', 'metal', 'glam metal', 'southern metal', 'american', 'nu metal', 'power metal', 'hardcore punk', 'glam', 'dance and electronica', 'trash speed metal', 'estados unidos']",groove metal,M,1,0,1,Y,True,False
7573521,Lola Indigo,LAS SOLTERAS,9,1801,16/02/22,2022,2020,EL DRAGÓN,España,mujer,"['pop', 'dance', 'latin pop', 'reggaeton', 'lola indigo', 'brazilian funk', 'upcoming album 2023']",pop,M,1,0,0,Y,False,True
758009,Los Acosta,Caprichos De Mujer,8,884,,1979,1970,Una Chica Está Llorando,México,grupo,"['romantico grupero', 'mexicano', 'argentinos', 'los acosta', 'romantico frupero', 'onda grupera', 'cumbia', 'cumbia mexicana']",romantico grupero,M,0,0,1,Y,True,False
758390,Miguel Aceves Mejía,Rogaciano,6,601,,1958,1950,"Tú, sólo tú",México,hombre,"['mariachi', 'ranchera', 'folk', 'miguel aceves mejia', 'huapango', 'mexican folk', 'singer-songwriters']",mariachi,NM,,,,,True,False
7592509,Alvaro Soler & David Bisbal,A Contracorriente,9,1806,14/01/22,2022,2020,The Best Of 2015 - 2022,España,hombre,"['pop', 'latin pop', 'the worst thing ever to happen to music', 'l', 'alternative', 'not my cup of tea']",pop,NM,,,,,True,False
7600744,DAPS (ESP),Drugs N' Kids,5,1777,22/12/21,2021,2020,Generación Nintendo,España,hombre,['trap'],trap,M,1,0,1,N,False,True
7619393,"Alice Wonder, DAPS (ESP) & PMP",BOO,12,1592,20/01/22,2022,2020,Generación Nintendo,Estados Unidos,hombre,"['wrong name', 'soul', 'funk', 'contemporary r&b', 'rhythm & blues', 'pop', 'film soundtrack', 'pop soul', 'vegan', 'grammy winner', 'rock and indie']",wrong name,NM,,,,,True,False
7624122,Junior H & Luis R Conriquez,Los Botones Azules,6,1246,11/02/22,2022,2020,Mi Vida En Un Cigarro 2,México,hombre,"['corridos tumbados', 'trap', 'pop rap', 'corrido tumbado', 'corridos', 'sierreno', 'american', 'regional mexicano', 'blues', 'chicago blues', 'electric blues', 'rhythm & blues']",corridos tumbados,M,1,0,0,N,True,False
763499,Caos,La Planta,12,1289,,2011,2010,La Vida Gacha,España,grupo,"['punk', 'punk rock', 'rock mexicano', 'dubstep', '2000s', 'rock en español', 'rock en tu idioma', 'j-pop', 'girl group']",punk,M,1,0,1,Y,True,False
7637786,Rochy RD,El Coba,10,2981,25/01/22,2022,2020,El Coba,República Dominicana,hombre,"['dembow', 'reggaeton', 'rap']",dembow,M,1,0,1,Y,True,False
7639303,Ptazeta & Juacko,Tilín,8,2094,26/01/22,2022,2020,The Party en la Casa,España,mujer,"['rap', 'pop', 'spanish rap', 'trap']",rap,M,1,1,0,Y,False,True
765260,Celia Cruz (Ft. Mikey Perfecto),La Negra Tiene Tumbao,10,2677,01/01/01,2001,2000,La Negra Tiene Tumbao,Cuba,mujer,"['bolero', 'guaracha', 'latin pop', 'salsa', 'classic pop and rock']",bolero,M,1,0,0,N,True,False
765320,Celia Cruz (Ft. La India),La Voz de la Experiencia,9,1999,,1955,1950,Celia’s Duets,Cuba,mujer,"['bolero', 'guaracha', 'latin pop', 'salsa', 'classic pop and rock']",bolero,NM,,,,,True,False
765684,Celia Cruz y La Sonora Matancera,Tu Voz,6,1022,,1967,1960,Con la Sonora Matancera,Cuba,mujer,"['salsa', 'celia cruz', 'chillout', 'dance', 'chill', 'bolero', 'guaracha', 'latin pop', 'classic pop and rock']",salsa,NM,0,0,0,N,False,True
766275,Celia Cruz y La Sonora Matancera,La Cumbanchera de Belén,6,895,,1958,1950,La Incomparable Celia,Cuba,mujer,"['salsa', 'celia cruz', 'chillout', 'dance', 'chill', 'bolero', 'guaracha', 'latin pop', 'classic pop and rock']",salsa,NM,,,,,True,False
7666522,"Quevedo, La Pantera & O2 TBB",Cógelo Suave,9,2979,30/01/21,2021,2020,Cógelo Suave,España,hombre,"['reggaeton', 'rap', 'hip-hop', 'hip hop', 'dance pop', 'latin trap']",reggaeton,M,1,1,1,Y,True,False
7667389,Ptazeta & Juacko,Input,10,2266,10/02/22,2022,2020,The Party en la Casa,España,mujer,"['rap', 'pop', 'spanish rap', 'trap']",rap,NM,0,0,0,N,False,True
766968,Banda El Recodo de Cruz Lizárraga,No Me Se Rajar,4,935,,2008,2000,No Me Sé Rajar,México,grupo,"['world music', 'banda', 'regional mexican', 'banda sinaloense', 'regional mexicano']",world music,M,0,1,0,Y,True,False
7670404,Laura Canales,Cuando Yo Quiera Has De Volver,5,596,10/09/87,1987,1980,Laura Canales,España,mujer,['tejano'],tejano,M,0,1,0,Y,True,False
7671208,The Change (RD) & Leon Leiden,Niña de Mis Ojos,8,1401,03/02/22,2022,2020,Los Muertos También Dejan Flores,México,mujer,"['rock', 'pop', 'pop rock', 'british', 'psychedelic pop', 'merseybeat', 'british invasion', 'psychedelic rock', 'classic rock', 'rock and roll', 'folk rock', 'britpop', 'experimental rock', 'beat', 'rock music', 'liverpool', 'europe', 'film soundtrack', 'psychedelia', 'mainstream rock', 'n.', 'popular music', 'rock groups', 'vyrzukhisuc-artiest', '1960s', 'english', 'british psychedelia', 'am pop', 'boys band', 'abbey road', 'contemporary pop/rock', 'early pop/rock', 'traditional folk music', 'reino unido', 'art rock', 'baroque pop', 'europop', 'united kingdom', 'bbc', 'classic pop and rock', 'singer songwriter', 'instrumental pop', 'adult alternative pop rock', 'orchestral pop', 'rock & roll', 'pop/rock', 'psychedelic/garage', 'british rhythm & blues', 'beat music', 'get back', 'the beatles - primal colours', 'hard rock', 'blues rock', 'folk-rock', 'folk pop', '1', 'classical pop', 'overrated', 'art pop', 'one beatles', 'favoritos', 'progressive rock', 'pop-rock', 'experimental', 'psychedelic', 'sunshine pop', 'tribute albums', 'pop-metal', 'rhythm & blues', 'indie rock', 'rock roll', 'parlophone', 'hair metal', 'the-beatles', 'a filk artist', 'orchestral', 'heavy metal']",rock,M,1,1,0,N,True,False
767349,Banda El Recodo de Cruz Lizárraga,El Sinaloense,7,1075,22/07/83,1983,1980,"¡Pa’ Puros Compas!, Vol. 2: Corridos y Rancheras",México,grupo,"['world music', 'banda', 'regional mexican', 'banda sinaloense', 'regional mexicano']",world music,NM,0,0,0,N,False,True
767540,Banda El Recodo de Cruz Lizárraga,Te Presumo,7,868,,2008,2000,Billboard Latin Music Awards Finalists 2010,México,grupo,"['world music', 'banda', 'regional mexican', 'banda sinaloense', 'regional mexicano']",world music,M,1,0,0,Y,True,False
7676334,Becky G & KAROL G,MAMIII,8,2485,10/02/22,2022,2020,MAMIII,Colombia,mujer,"['pop', 'rap', 'hip-hop', 'hip hop', 'american', 'reggaeton', 'latin pop', 'latin urban', 'r&b']",pop,NM,,,,,True,False
7687301,Luis Fonsi & Cali y El Dandee,Ley de Gravedad,6,1257,10/02/22,2022,2020,Ley de Gravedad,Puerto Rico,hombre,"['pop', 'latin pop', 'romantica', 'luis fonsi', 'balada', 'yo no me doy por vencido']",pop,NM,,,,,True,False
7689609,Nathy Peluso,"EMERGENCIA (Presented by PlayStation, Horizon Forbidden West)",6,1916,17/02/22,2022,2020,Emergencia,España,mujer,"['pop', 'rnb', 'argentinian', 'espana', 'from spain', 'spaniard', 'latin pop']",pop,M,0,0,1,Y,True,False
7701247,El Cuarteto de Nos,La Ciudad Sin Alma,10,2215,17/02/22,2022,2020,Lámina Once,Uruguay,grupo,"['rock', 'rock en espanol', 'rock uruguayo', 'indie', 'alternative rock', 'rap rock', 'alternative', 'uruguayan', 'latin rock']",rock,NM,,,,,True,False
7711048,Ptazeta & Juacko,Azucar,8,2196,18/02/22,2022,2020,The Party en la Casa,España,mujer,"['rap', 'pop', 'spanish rap', 'trap']",rap,M,1,0,1,Y,True,False
7711079,Ptazeta & Juacko,Que voy a hacer,8,2366,18/02/22,2022,2020,The Party en la Casa,España,mujer,"['rap', 'pop', 'spanish rap', 'trap']",rap,NM,,,,,True,False
7711156,Ptazeta & Juacko,Shorty,10,2313,18/02/22,2022,2020,The Party en la Casa,España,mujer,"['rap', 'pop', 'spanish rap', 'trap']",rap,M,1,0,0,N,True,False
7711158,Ptazeta & Juacko,Fin de Fiesta (Mujer),9,756,18/02/22,2022,2020,The Party en la Casa,España,mujer,"['rap', 'pop', 'spanish rap', 'trap']",rap,M,1,0,0,Y,False,True
7728884,DAPS (ESP),Bonsai,7,1708,16/02/22,2022,2020,Generación Nintendo,España,hombre,['trap'],trap,M,1,0,0,N,True,False
7728885,DAPS (ESP),2050,4,724,16/02/22,2022,2020,Generación Nintendo,España,hombre,['trap'],trap,NM,,,,,True,False
7728886,DAPS (ESP),Do you love me?,6,948,16/02/22,2022,2020,Generación Nintendo,España,hombre,['trap'],trap,M,1,0,1,N,True,False
7728887,DAPS (ESP),Ruiseñor,5,1711,16/02/22,2022,2020,Generación Nintendo,España,hombre,['trap'],trap,NM,0,0,0,N,False,True
7728888,DAPS (ESP),1312,3,1106,16/02/22,2022,2020,Generación Nintendo,España,hombre,['trap'],trap,NM,,,,,True,False
7728889,DAPS (ESP),Blasfemia,9,1525,16/02/22,2022,2020,Generación Nintendo,España,hombre,['trap'],trap,NM,,,,,True,False
7728891,DAPS (ESP),Oh my,9,1800,16/02/22,2022,2020,Generación Nintendo,España,hombre,['trap'],trap,NM,,,,,True,False
7728892,DAPS (ESP),Inmortal,4,1303,,1993,1990,Generación Nintendo,España,hombre,['trap'],trap,NM,0,0,0,N,False,True
774585,Wisin & Yandel,Besos Mojados,9,3257,26/05/09,2009,2000,La Revolución,Puerto Rico,grupo,"['reggaeton', 'dance', 'wisin y yandel', 'hip-hop', 'pop', 'latin urban']",reggaeton,M,1,1,1,Y,True,False
7751850,Quevedo,Ahora 2 (Freestyle),4,1855,11/05/21,2021,2020,Freestyles,Estados Unidos,hombre,"['reggaeton', 'rap', 'hip-hop', 'hip hop', 'dance pop', 'emo rap', '2010s', 'gen z', 'alternative hip hop', 'chicago drill', 'east coast hip hop', 'trap']",reggaeton,M,1,0,0,N,True,False
7751980,"O2 TBB, La Pantera, Quevedo & Juseph",Polaris,6,3522,21/05/21,2021,2020,Cógelo Suave,España,hombre,['reggaeton'],reggaeton,M,1,0,0,Y,False,True
775219,Alejandro Fernández,No Sé Olvidar,6,846,23/09/97,1997,1990,Me Estoy Enamorando,México,hombre,"['mariachi', 'pop', 'alejandro fernandez', 'ranchera', 'latin pop', '1990s', '2000s', 'ballad', 'bolero', 'norteña', 'pop rock']",mariachi,NM,,,,,True,False
775329,Alejandro Fernández,Me dediqué a perderte,5,1305,01/09/04,2004,2000,A Corazón Abierto,México,hombre,"['mariachi', 'pop', 'alejandro fernandez', 'ranchera', 'latin pop', '1990s', '2000s', 'ballad', 'bolero', 'norteña', 'pop rock']",mariachi,NM,,,,,True,False
775385,Los Alegres de Terán,"Amor, Ingrato",5,342,,1964,1960,"Los máximos interpretes de la canción norteña, vol. VI",Estados Unidos,grupo,"['folk', 'ranchogr', 'accordeon', 'norteno', 'grupera', 'tejano']",folk,NM,,,,,True,False
775575,Aleks Syntek y la Gente Normal,El camino,6,767,,1987,1980,Más fuerte de lo que pensaba,México,grupo,"['alternative', 'progressive rock', 'new prog', 'latin pop', 'latin rock']",alternative,NM,,,,,True,False
775846,Miguel Bosé,Amante Bandido,7,1126,11/03/85,1985,1980,Bandido,España,hombre,"['pop', 'latin pop', 'balada', 'ballad', 'latin ballad', 'nuno']",pop,NM,,,,,True,False
776017,Miguel Bosé,Este Mundo Va,7,1615,,1996,1990,Laberinto,España,hombre,"['pop', 'latin pop', 'balada', 'ballad', 'latin ballad', 'nuno']",pop,NM,,,,,True,False
7760295,Marshmello (Ft. Tokischa),ESTILAZO,8,1696,29/04/22,2022,2020,Estilazo,Estados Unidos,hombre,"['edm', 'future bass', 'hip hop', 'progressive house', 'english', 'trap edm', 'independent artist']",edm,M,1,0,1,Y,True,False
776222,Miguel Bosé,Gulliver,7,1541,29/01/02,2002,2000,Sereno,España,hombre,"['pop', 'latin pop', 'balada', 'ballad', 'latin ballad', 'nuno']",pop,NM,0,0,0,N,False,True
7765089,Ismael Rivera,La Perla,13,2335,,2008,2000,Esto Sí Es Lo Mío,Puerto Rico,grupo,"['salsa', 'fania', 'latin jazz', 'guaracha', 'dime por que', 'ismael rivera']",salsa,NM,0,0,0,N,False,True
776750,Miguel Bosé,Morenamía,7,1822,29/01/02,2002,2000,Sereno,España,hombre,"['pop', 'latin pop', 'balada', 'ballad', 'latin ballad', 'nuno']",pop,M,1,0,0,N,True,False
7777868,La Vela Puerca & Arquero,La Pastilla,8,1525,09/03/22,2022,2020,Discopático,Uruguay,grupo,"['ska', 'rock', 'ska rock', 'ska punk', 'rock uruguayo', 'uruguayan', 'la vela puerca']",ska,NM,,,,,True,False
7778713,Luar La L & Alura El Sol,Stripper,9,3106,18/12/22,2022,2020,L3tra 2,Puerto Rico,hombre,"['reggaeton', 'trap', 'trap latino']",reggaeton,M,1,1,1,Y,True,False
778285,Miguel Bosé,Sevilla,9,922,,1956,1950,Bandido,España,hombre,"['pop', 'latin pop', 'balada', 'ballad', 'latin ballad', 'nuno']",pop,NM,,,,,True,False
778845,Monchy & Alexandra,No Es Una Novela,8,1435,09/11/04,2004,2000,Exitos y Mas,República Dominicana,grupo,"['bachata', 'salsa', 'merengue', 'monchy y alexandra', 'dominican', 'reggataun', 'monch y alexandra']",bachata,NM,,,,,True,False
779087,Monchy & Alexandra,Hoja En Blanco,5,2397,26/05/98,1998,1990,Hoja en Blanco,República Dominicana,grupo,"['bachata', 'salsa', 'merengue', 'monchy y alexandra', 'dominican', 'reggataun', 'monch y alexandra']",bachata,NM,,,,,True,False
780726,Alacranes Musical,Sin tu amor,4,675,,2007,2000,Ahora y siempre,México,grupo,"['duranguense', 'alacranes musical', 'regional mexican', 'reggaeton', 'cumbia', 'las tontas no van al cielo', 'mexicanos', 'durango']",duranguense,NM,,,,,True,False
7820791,Paulo Londra,Plan A,7,1585,23/03/22,2022,2020,Back To The Game,Argentina,hombre,"['trap', 'white rapper', 'trap latino', 'trap argentino', 'rap', 'cordoba', 'ended', 'messi']",trap,NM,,,,,True,False
7824899,Daddy Yankee,EL ABUSADOR DEL ABUSADOR,9,2237,24/03/22,2022,2020,LEGENDADDY,Puerto Rico,hombre,"['reggaeton', 'hip-hop', 'rap', 'daddy yankee', 'hip hop', 'latin urban', 'latin pop', 'reggae', 'dance', 'electronic', 'englisch', 'english', 'hip hop rnb and dance hall']",reggaeton,NM,,,,,True,False
782550,Albert Pla,Sufre como yo,4,634,24/07/95,1995,1990,Supone Fonollosa,España,hombre,"['catalan', 'catala', 'rock', 'albert pla', 'experimental']",catalan,M,0,1,1,N,True,False
7827036,La Pantera & LOWLIGHT,Fuera De Liga,9,2524,24/03/22,2022,2020,Wannabe Suicida,España,hombre,"['hip-hop', 'groove metal', 'heavy metal', 'thrash metal', 'metal', 'glam metal', 'southern metal', 'american', 'nu metal', 'power metal', 'hardcore punk', 'glam', 'dance and electronica', 'trash speed metal', 'estados unidos']",hip-hop,M,1,1,0,N,False,True
783887,Julión Álvarez y su Norteño Banda,La María,6,998,,2010,2010,El Rey Del Carnaval,México,grupo,"['banda', 'regional mexican', 'norteno', 'world', 'world music', 'norteño']",banda,NM,,,,,True,False
783899,Miguel Bosé,Te amaré,7,997,,1956,1950,Miguel,España,hombre,"['pop', 'latin pop', 'balada', 'ballad', 'latin ballad', 'nuno']",pop,NM,,,,,True,False
7839152,Alan Gomez & La Joaqui,La Joaqui Mission 08,8,1901,01/06/22,2022,2020,Missions,SN,mujer,"['cumbia', 'reggaeton', 'perreo', 'fiesta', 'joda', 'boliche', 'cachengue', 'soundtrack', 'classical', 'jazz', 'american', 'soundtrack composer', 'score', 'film composer', 'score composer', 'not easy listening', 'easy listening soundtracks and musicals', '_not_ god-damn easy listening']",cumbia,M,1,0,0,N,True,False
784239,Akwid,No Hay Manera,8,2673,,2000,2000,Proyecto Akwid,Estados Unidos,grupo,"['hip-hop', 'rap', 'chicano rap', 'hip hop', 'akwid', 'hecho en mexico', 'julio', 'pop']",hip-hop,M,1,0,1,Y,True,False
784283,Miguel Bosé,Nena,9,1323,,1956,1950,Salamandra,España,hombre,"['pop', 'latin pop', 'balada', 'ballad', 'latin ballad', 'nuno']",pop,M,1,0,0,N,True,False
784435,Miguel Bosé,Morir de amor,8,1057,,1981,1980,Miguel,España,hombre,"['pop', 'latin pop', 'balada', 'ballad', 'latin ballad', 'nuno']",pop,NM,,,,,True,False
7844388,Mora & Sech,TUS LÁGRIMAS,6,1925,01/04/22,2022,2020,Microdosis,Puerto Rico,hombre,"['noise', 'reggaeton', 'trap', 'progressive metalcore', 'goth', 'urban', 'atmospheric black metal', 'drone', 'trap latino', 'pop rock', ""children's music""]",noise,M,1,0,0,Y,True,False
784765,Miguel Bosé,Aire Soy,8,1108,,1956,1950,Salamandra,España,hombre,"['pop', 'latin pop', 'balada', 'ballad', 'latin ballad', 'nuno']",pop,NM,,,,,True,False
784840,Miguel Bosé,No Hay Ni Un Corazon Que Valga La Pena,8,1550,,1999,1990,Lo mejor de Bosé,España,hombre,"['pop', 'latin pop', 'balada', 'ballad', 'latin ballad', 'nuno']",pop,NM,0,0,0,N,False,True
785160,Miguel Bosé,Manos Vacías,8,1435,,2014,2010,Los Chicos No Lloran,España,hombre,"['pop', 'latin pop', 'balada', 'ballad', 'latin ballad', 'nuno']",pop,NM,,,,,True,False
785220,Alejandro Fernández,Cascos Ligeros,6,879,03/01/93,1993,1990,Piel De Niña,México,hombre,"['mariachi', 'pop', 'alejandro fernandez', 'ranchera', 'latin pop', '1990s', '2000s', 'ballad', 'bolero', 'norteña', 'pop rock']",mariachi,M,0,0,1,Y,True,False
785239,Alejandro Sanz,Yo te traigo... 20 años,9,1497,01/01/12,2012,2010,La Música No Se Toca,España,hombre,"['pop', 'latin pop', 'alejandro sanz', 'romantic', 'balada romántica', 'flamenco pop', 'rock', 'soft rock']",pop,NM,,,,,True,False
785308,Alejandro Fernández,Abrázame,8,880,10/12/96,1996,1990,Muy Dentro De Mi Corazón,México,hombre,"['mariachi', 'pop', 'alejandro fernandez', 'ranchera', 'latin pop', '1990s', '2000s', 'ballad', 'bolero', 'norteña', 'pop rock']",mariachi,NM,,,,,True,False
7853536,Andynsane,Si Te Gusta,8,1994,27/08/17,2017,2010,Te gusta,Estados Unidos,hombre,"['hip hop', 'merengue', 'reggaeton']",hip hop,M,1,1,1,Y,True,False
785420,Shakira,La Tortura (Alternate Version),8,1810,28/11/05,2005,2000,"Oral Fixation, Vol. 2 (Expanded Edition)",Colombia,mujer,"['pop', 'rock', 'dance', 'shakira', 'sexy', 'latin pop', 'pop rock', 'dance-pop']",pop,NM,,,,,True,False
785468,Alejandro Fernández,Si He Sabido Amor,12,761,11/05/99,1999,1990,Mi Verdad,México,hombre,"['mariachi', 'pop', 'alejandro fernandez', 'ranchera', 'latin pop', '1990s', '2000s', 'ballad', 'bolero', 'norteña', 'pop rock']",mariachi,M,1,0,0,N,True,False
7856377,Cazzu,Nena Trampa,2,1769,30/05/22,2022,2020,Nena Trampa,Argentina,mujer,"['pop', 'hip-hop', 'trap', 'rnb', 'trap latino', 'reggaeton', 'booba', 'latin rnb', 'latin dance', 'urbano']",pop,NM,,,,,True,False
7856381,"Cazzu, De La Ghetto & Randy",Peli-Culeo,8,2102,30/05/22,2022,2020,Nena Trampa,Argentina,mujer,"['pop', 'hip-hop', 'trap', 'rnb', 'trap latino', 'reggaeton', 'booba', 'latin rnb', 'latin dance', 'urbano']",pop,M,1,1,1,Y,False,True
785840,Miguel Bosé,Como Un Lobo,8,1215,08/02/88,1988,1980,XXX,España,hombre,"['pop', 'latin pop', 'balada', 'ballad', 'latin ballad', 'nuno']",pop,M,1,0,0,N,True,False
785889,Alaska y Dinarama,Ni Tú Ni Nadie,6,1143,,1982,1980,Deseo Carnal,España,grupo,"['new wave', 'pop', 'spanish pop', 'electropop', 'gothic', '80s spanish pop-rock', 'popes', 'pop rock']",new wave,NM,,,,,True,False
785931,Akwid,Me Gustas Para Mi,8,2725,,2006,2000,Komp 104.9 Radio Compa,Estados Unidos,grupo,"['hip-hop', 'rap', 'chicano rap', 'hip hop', 'akwid', 'hecho en mexico', 'julio', 'pop']",hip-hop,M,1,0,0,Y,True,False
786440,Miguel Bosé,Salamandra,9,1522,,1956,1950,Salamandra,España,hombre,"['pop', 'latin pop', 'balada', 'ballad', 'latin ballad', 'nuno']",pop,NM,,,,,True,False
786679,Albert Pla,El bar de la esquina,6,1841,,1966,1960,No sólo de rumba vive el hombre,España,hombre,"['catalan', 'catala', 'rock', 'albert pla', 'experimental']",catalan,M,1,0,0,N,False,True
786853,Alexis y Fido,5 Letras,10,2831,21/07/07,2007,2000,Sobrenatural,Puerto Rico,grupo,"['reggaeton', 'hip-hop', 'psytrance', 'hip hop', 'alexis y fido', 'el vrother', 'latin urban']",reggaeton,M,1,0,0,N,True,False
7871124,El Alfa,Gogo Dance,10,3290,04/04/22,2022,2020,Sabiduria,República Dominicana,hombre,"['dembow', 'reggaeton', 'world', 'hip-hop', 'e', 'd', 'o']",dembow,M,1,0,1,Y,True,False
7872737,Liván El Mesias,Sigue moviéndome el piso,10,1718,,2014,2010,La nueva adquisición,Puerto Rico,hombre,"['latin urban', 'reggaeton']",latin urban,M,1,0,0,N,True,False
7874132,Paulo Londra,Chance,8,1697,06/04/22,2022,2020,Back To The Game,Argentina,hombre,"['trap', 'white rapper', 'trap latino', 'trap argentino', 'rap', 'cordoba', 'ended', 'messi']",trap,M,1,0,0,N,True,False
7895520,"Jonna Torres, Jota Rivers, Palerrmo, Dei V, Clue (PR), Rvsell, YOVNGCHIMI, Espano, JonLee (PR) & Mathew (Ft. KAY KAY (PR) & Sahir)",Descansa en Paz Yeruza,1,10574,12/02/21,2021,2020,Made in Palestine,Puerto Rico,hombre,['reggaeton'],reggaeton,NM,,,,,True,False
790158,Alexis y Fido,Bartender,7,2172,31/03/09,2009,2000,Down to Earth,Puerto Rico,grupo,"['reggaeton', 'hip-hop', 'psytrance', 'hip hop', 'alexis y fido', 'el vrother', 'latin urban']",reggaeton,M,0,0,1,Y,True,False
7907913,"Kabasaki, Juseph & SAIKO",Turbulencias,15,6632,20/04/22,2022,2020,Temperatura,España,hombre,"['beats', 'hip hop', 'trap', 'instrumental trap', 'spanish trap']",beats,M,1,1,1,Y,True,False
7912285,Trueno & Nathy Peluso,ARGENTINA,10,3500,12/05/22,2022,2020,BIEN O MAL,Argentina,hombre,"['rap', 'hip-hop', 'white rapper', 'trap argentino', 'trap latino', 'trap', 'boca juniors', 'wigga', 'rap latino']",rap,NM,0,0,0,N,False,True
7914761,La Mafia del Amor,MENCANTA CUANDO TE VAS,7,2365,23/05/15,2015,2010,Mafioseo (Volumen 2),España,grupo,"['pop', 'hip hop', 'electronic', 'reggaeton', 'mambo', 'trap']",pop,M,1,1,1,Y,True,False
7923942,Angeles De La Bachata,Si Quisieras,7,1402,,2011,2010,Confesión,Cuba,grupo,['bachata'],bachata,NM,,,,,True,False
7931478,Alejo & Lil Joujou,Deja el misterio,8,2075,22/04/22,2022,2020,Mi evolución,Argentina,hombre,"['bass', 'latin pop', 'glitch hop', 'reggaeton']",bass,M,1,0,1,Y,True,False
793414,Miguel Bosé,Si Tú No Vuelves,5,1031,08/06/93,1993,1990,Bajo El Signo De Caín,España,hombre,"['pop', 'latin pop', 'balada', 'ballad', 'latin ballad', 'nuno']",pop,NM,,,,,True,False
793624,Miguel Bosé,Los chicos no lloran,9,1422,,1956,1950,Los Chicos No Lloran,España,hombre,"['pop', 'latin pop', 'balada', 'ballad', 'latin ballad', 'nuno']",pop,NM,,,,,True,False
793644,Miguel Bosé,Que no hay... (XXX),7,894,,1987,1980,XXX,España,hombre,"['pop', 'latin pop', 'balada', 'ballad', 'latin ballad', 'nuno']",pop,NM,0,0,0,N,False,True
793811,Miguel Bosé,Don Diablo,16,4451,,1956,1950,Miguel,España,hombre,"['pop', 'latin pop', 'balada', 'ballad', 'latin ballad', 'nuno']",pop,NM,,,,,True,False
7938806,Amaury Gutiérrez,Llorando por Dentro,6,621,,2018,2010,Amaury Con Banda,Cuba,hombre,"['pop', 'latin pop', 'rock', 'alternative', 'jazz', 'acoustic', 'folk']",pop,NM,,,,,True,False
793974,Miguel Bosé,Duende,11,1570,,1956,1950,XXX,España,hombre,"['pop', 'latin pop', 'balada', 'ballad', 'latin ballad', 'nuno']",pop,NM,0,0,0,N,False,True
794069,Miguel Bosé,Sol Forastero,5,1378,,1956,1950,Bajo El Signo De Caín,España,hombre,"['pop', 'latin pop', 'balada', 'ballad', 'latin ballad', 'nuno']",pop,NM,,,,,True,False
794638,Alejandro Fernández (Ft. Christina Aguilera),Hoy Tengo Ganas De Ti (Remix),8,1527,08/05/13,2013,2010,Confidencias,México,hombre,"['mariachi', 'ranchera', 'latin pop', 'pop', '1990s', '2000s', 'ballad', 'bolero', 'norteña', 'pop rock', 'soul', 'electropop', 'dance-pop', 'teen pop', 'contemporary r&b', 'adult contemporary', 'rock', 'female vocals', 'pop and chart']",mariachi,M,1,0,0,N,True,False
7947302,Quevedo,Punto G,6,1586,04/11/22,2022,2020,DONDE QUIERO ESTAR,España,hombre,"['reggaeton', 'rap', 'hip-hop', 'hip hop', 'dance pop']",reggaeton,M,1,0,1,Y,True,False
7947922,"Dani MDR, Barroso",Cara Bonita,7,1845,04/03/22,2022,2020,Clássicos Da Renascença,España,hombre,"['symphony orchestra', 'german orchestra']",symphony orchestra,NM,,,,,True,False
7948874,"Sayian Jimmy, Standly, Yishark, Tobal Mj, Benji la Maldita Escritura De Oro & Nysix Music",Flotao,13,5216,27/04/22,2022,2020,HUMILDE,Puerto Rico,hombre,"['hip hop', 'latin urban', 'country', 'soft rock', 'country rock', 'caribbean music', 'folk rock', 'pop rock', 'contemporary folk', 'tropical rock', 'calypso', 'singer/songwriter', '2008 universal fire victim', 'rock', 'pop', 'american', 'beach', 'gulf and western', 'buffettinfo com']",hip hop,M,1,1,1,Y,True,False
795087,Alex Ubago,Dame Tu Aire,5,1172,23/11/03,2003,2000,Fantasía o Realidad,España,hombre,"['pop', 'latin pop', 'espana', 'balada', 'latin ballad', 'pop rock']",pop,NM,0,0,0,N,False,True
795102,Alex Ubago,A Gritos de Esperanza,11,1346,23/11/03,2003,2000,¿Qué Pides Tú?,España,hombre,"['pop', 'latin pop', 'espana', 'balada', 'latin ballad', 'pop rock']",pop,NM,,,,,True,False
795448,Alejandro Fernández,Nube Viajera,4,822,10/12/96,1996,1990,Muy Dentro De Mi Corazón,México,hombre,"['mariachi', 'pop', 'alejandro fernandez', 'ranchera', 'latin pop', '1990s', '2000s', 'ballad', 'bolero', 'norteña', 'pop rock']",mariachi,NM,,,,,True,False
7969116,La Sonora Santanera,Sarta De Mentiras,3,507,29/11/65,1965,1960,La Guapachosa Sonora Santanera,México,grupo,"['cumbia', 'tropical', 'bolero', 'la sonora santanera', 'instrumental', 'chachachá', 'guaracha', 'merengue', 'rumba', 'salsa']",cumbia,NM,,,,,True,False
7970971,Frankie Boy,Pa' Que Aprenda A Bailar,17,3460,,2020,2020,Totally Reggae Mix,Puerto Rico,hombre,"['freestyle music', 'reggaeton', 'hip hop']",freestyle music,M,1,0,0,Y,True,False
7980594,Quevedo,CUÉNTALE,6,1589,20/01/23,2023,2020,DONDE QUIERO ESTAR,España,hombre,"['reggaeton', 'rap', 'hip-hop', 'hip hop', 'dance pop']",reggaeton,NM,,,,,True,False
800657,Ana Gabriel,Y Aquí Estoy,4,748,,1955,1950,Sagitario,México,mujer,"['ana gabriel', 'romantica', 'ranchera', 'pop']",ana gabriel,NM,,,,,True,False
8010421,Herrman,Canto a mi tierra,10,741,03/05/21,2021,2020,Fractales del Alma,España,grupo,['punk'],punk,NM,,,,,True,False
8019065,Rubén Blades (Ft. Boca Livre),Juana Mayo,5,846,,2022,2020,Pasieros (with Boca Livre),Panamá,hombre,['mpb'],mpb,M,0,0,1,Y,True,False
8021590,Quevedo & La Pantera,Ahora 4,6,2703,,2021,2020,Ahora 2,España,hombre,"['reggaeton', 'rap', 'hip-hop', 'hip hop', 'dance pop', 'latin trap']",reggaeton,M,1,1,1,Y,True,False
8022303,Dunamai,Mi Complemento Eres Tú,12,1323,07/05/22,2022,2020,A la vieja escuela,México,grupo,"['banda sinaloense', 'regional mexicano']",banda sinaloense,NM,,,,,True,False
802483,Amar Azul,El Polvito Del Amor,4,566,,2014,2010,Dime Tú,Argentina,grupo,"['cumbia villera', 'cumbia', 'bailanta', 'grupo la noche', 'argentinia', 'amar azul', 'sonidero', 'cumbia argentina']",cumbia villera,NM,,,,,True,False
8028585,Quevedo,Y Si La Ves,9,3023,,2004,2000,Comienzos,Puerto Rico,grupo,"['reggaeton', 'rap', 'hip-hop', 'hip hop', 'dance pop', 'salsa']",reggaeton,M,1,1,1,Y,True,False
8038429,"Luar La L (Ft. De La Ghetto, Jowell & Tito ""El Bambino"")",Caile (Remix),7,2615,25/05/22,2022,2020,L3tra Platinum Reloaded,Puerto Rico,hombre,"['reggaeton', 'trap latino', 'hip hop', 'jazz rap', 'conscious hip hop', 'east coast hip hop', 'boom bap', 'golden age hip hop', 'pop rap', 'alternative hip hop', 'progressive rap', 'american', 'hip-hop', 'turntablism', 'hip hop rnb and dance hall', 'abstract hip hop']",reggaeton,M,1,1,0,Y,True,False
804377,Los Ángeles de Charly,Amor Secreto,4,698,,2022,2020,La Magia del Amor,México,grupo,"['cumbia', 'tropicalia']",cumbia,NM,,,,,True,False
804554,Daddy Yankee,Machucando,11,2110,13/12/05,2005,2000,Barrio Fino En Directo,Puerto Rico,hombre,"['reggaeton', 'hip-hop', 'rap', 'daddy yankee', 'hip hop', 'latin urban', 'latin pop', 'reggae', 'dance', 'electronic', 'englisch', 'english', 'hip hop rnb and dance hall']",reggaeton,M,1,1,0,N,True,False
805355,Daddy Yankee,El Muro,9,2772,13/07/04,2004,2000,Barrio Fino (Bonus Track Version),Puerto Rico,hombre,"['reggaeton', 'hip-hop', 'rap', 'daddy yankee', 'hip hop', 'latin urban', 'latin pop', 'reggae', 'dance', 'electronic', 'englisch', 'english', 'hip hop rnb and dance hall']",reggaeton,M,1,1,0,N,True,False
8055416,Mozart La Para,Yo Soy La Para,11,2042,31/05/22,2022,2020,Next Level,España,grupo,['hiphop dominicano'],hiphop dominicano,NM,,,,,True,False
8056621,​sangiovanni & Aitana,​mariposas,8,1483,03/06/22,2022,2020,Mariposas,Italia,hombre,['pop'],pop,NM,,,,,True,False
805663,Daddy Yankee,Dos Mujeres,11,2339,13/07/04,2004,2000,Barrio Fino (Bonus Track Version),Puerto Rico,hombre,"['reggaeton', 'hip-hop', 'rap', 'daddy yankee', 'hip hop', 'latin urban', 'latin pop', 'reggae', 'dance', 'electronic', 'englisch', 'english', 'hip hop rnb and dance hall']",reggaeton,M,0,1,1,Y,True,False
8064478,"Alice Wonder, DAPS (ESP) & PMP",Long Journey,8,2159,11/09/19,2019,2010,Generación Nintendo,Estados Unidos,hombre,"['wrong name', 'soul', 'funk', 'contemporary r&b', 'rhythm & blues', 'pop', 'film soundtrack', 'pop soul', 'vegan', 'grammy winner', 'rock and indie']",wrong name,NM,0,0,0,N,False,True
8085325,Bizarrap & Quevedo,"Quevedo: Bzrp Music Sessions, Vol. 52",9,2194,06/07/22,2022,2020,BZRP Music Sessions,Argentina,hombre,"['merge', 'trap latino', 'argentine trap', 'hip hop', 'latin dance', 'pop', 'reggaeton', 'trap', 'trap (latin)', 'trap edm', 'urbano latino']",merge,M,1,0,0,N,True,False
8086408,Maluma (Ft. Jay Wheeler & Lenny Tavárez),Sexo Sin Título,9,2244,10/06/22,2022,2020,The Love & Sex Tape,Colombia,hombre,"['reggaeton', 'latin urban', 'latin pop', 'trap latino', 'english', 'pop rock', 'trap music', 'urbano', 'urbano latino', 'urbano music']",reggaeton,M,1,1,1,Y,True,False
813004,Un pinguino en mi ascensor,Atrapados En El Ascensor,6,754,,1988,1980,El Balneario,España,grupo,"['pop', 'new wave', 'synthpop', 'humor', 'movida', 'bizarro', 'humour']",pop,M,0,1,1,N,True,False
8144740,Paulo Londra,Nublado,7,2029,29/06/22,2022,2020,Back to the Game,Argentina,hombre,"['trap', 'white rapper', 'trap latino', 'trap argentino', 'rap', 'cordoba', 'ended', 'messi']",trap,NM,,,,,True,False
8152387,Paulo Londra,Luces,5,1944,29/06/22,2022,2020,Back To The Game,Argentina,hombre,"['trap', 'white rapper', 'trap latino', 'trap argentino', 'rap', 'cordoba', 'ended', 'messi']",trap,M,0,1,0,N,True,False
8181122,Isabella Castillo (Ft. Andrés Mercado),Tú Eres Para Mí,9,1254,21/07/11,2011,2010,Grachi: La Vida es Maravillosamente Mágica (Banda Sonora Original),Estados Unidos,hombre,"['modern classical', 'romanticism', 'classical period', 'western classical music', 'baroque music', 'spanish classical music', 'classical', 'european']",modern classical,NM,,,,,True,False
8195772,"Rojuu, Saramalacara & Orslok",Ya no te aguanto*,3,440,,2023,2020,Shadowban,España,hombre,"['emo rap', 'cloud rap', 'hyperpop', 'shadow pop', 'indie pop', 'trap', 'shoegaze', 'spanish trap', 'experimental', 'pop']",emo rap,NM,0,0,0,N,False,True
8203224,"Aitana, Emilia & Ptazeta",Quieres,9,2608,22/07/22,2022,2020,A3 (Descartado),España,mujer,"['pop', 'rock', 'pop rock', 'latin pop', 'trash pop', 'electro-pop', 'electropop', 'female vocals', '2020s']",pop,M,1,0,0,N,True,False
8219911,Quevedo & Ovy On The Drums,Sin Señal,8,1836,22/07/22,2022,2020,DONDE QUIERO ESTAR,España,hombre,"['reggaeton', 'rap', 'hip-hop', 'hip hop', 'dance pop', 'latin trap']",reggaeton,NM,,,,,True,False
8220248,Abörigen,Eterno lamento,5,854,,2021,2020,Misantropía,Argentina,grupo,"['black metal', 'death metal', 'grindcore', 'hardcore', 'crust', 'spanish death metal', 'murcian', 'murcian death metal']",black metal,NM,,,,,True,False
8232989,Paulo Londra & Ed Sheeran,Noche de Novela,9,2447,11/08/22,2022,2020,Back To The Game,Argentina,hombre,"['trap', 'white rapper', 'trap latino', 'trap argentino', 'rap', 'cordoba', 'ended', 'messi', 'hip hop', 'latin urban']",trap,NM,,,,,True,False
8233919,Héroes Del Silencio,El Mar No Cesa,8,823,18/02/88,1988,1980,El Mar No Cesa - Edición Especial,España,grupo,"['rock', 'spanish rock', 'hard rock', 'rock en espanol', 'gothic rock', 'rock en español', 'alternative rock', 'rock español']",rock,NM,,,,,True,False
8236476,Ledesma (Ft. Rude Girl (La Atrevida)),Ansias,17,3497,,1984,1980,Fuera De Lo Común,Perú,mujer,"['indie rock', 'dream pop', 'noise pop', 'the lost generation', 'rock', 'american', 'classic pop and rock']",indie rock,NM,,,,,True,False
8238219,Marcos Vidal,Lléname De Ti,5,1562,,1965,1960,Alabanza y Adoracion En Vivo desde España,España,hombre,"['christian', 'worship', 'brasil', 'ccm', 'perfect', 'smooth jazz', 'songwriter', 'christian music', 'mpb']",christian,NM,0,0,0,N,False,True
8253434,Tale$ & Kidd Keo,Hope,6,2167,05/11/22,2022,2020,The Lil Kid,España,hombre,['trap'],trap,NM,0,0,0,N,False,True
826064,Aleks Syntek,"Sexo, Pudor Y Lágrimas",6,795,,1969,1960,89-99,México,hombre,"['pop', 'rock en espanol', 'aleks syntek', 'latin pop', '3', 'latin rock']",pop,NM,,,,,True,False
8266240,Descemer Bueno (Ft. Reyli Barba),Te Dejare de Amar,7,844,,2017,2010,360 Grados,Cuba,hombre,"['latin pop', 'latin rock']",latin pop,NM,,,,,True,False
8266371,TINI,Suéltate el Pelo (TINI Tour 2022 Versión),6,1230,,2020,2020,TINI TINI TINI,Argentina,mujer,"['deep house', 'pop', 'latin pop', 'tini', 'reggaeton', 'tech house', 'cocaine']",deep house,NM,,,,,True,False
8267554,Alejandro Sanz,La Despedida,7,1234,,2022,2020,Bullet Train (Original Motion Picture Soundtrack),España,hombre,"['pop', 'latin pop', 'alejandro sanz', 'romantic', 'balada romántica', 'flamenco pop', 'rock', 'soft rock']",pop,M,0,0,1,Y,True,False
827029,Baby Rasta y Gringo,El Carnaval,10,2488,11/05/04,2004,2000,Sentenciados,Puerto Rico,grupo,"['reggaeton', 'hip-hop', 'spanish crap', 'sir speedy', 'latin urban']",reggaeton,M,1,1,0,Y,True,False
8275101,Cartel de Santa,Piensa en Mi,7,1758,13/01/23,2023,2020,Volumen proIIIbido,México,grupo,"['hip-hop', 'rap', 'hip hop', 'cronica babilonia', 'cartel de santa', 'hip hop latino', 'conexion puerto rico', 'mexican rap']",hip-hop,M,1,1,1,Y,True,False
8278135,Ptazeta & Villano Antillano,Mujerón,9,2712,17/08/22,2022,2020,GORGONA,España,mujer,"['rap', 'pop', 'spanish rap', 'trap']",rap,M,1,1,1,Y,True,False
8287030,Standly,Baila Para Mi,7,1868,12/08/22,2022,2020,Hasta Que Salga el Sol,Cuba,hombre,['dembow'],dembow,M,1,0,0,Y,True,False
828799,Plan B,Es Un Secreto,8,2111,20/07/10,2010,2010,House of Pleasure,Puerto Rico,grupo,"['hip-hop', 'british', 'grime', 'rap', 'hip hop', 'soul', 'reggaeton', 'pop', 'uk hip-hop', 'latin urban', 'reggae', 'pina records', 'house of pleasure']",hip-hop,M,1,0,0,Y,True,False
8295755,Lola Indigo & Maria Becerra,DISCOTEKA,10,2294,26/08/22,2022,2020,EL DRAGÓN,España,mujer,"['pop', 'dance', 'latin pop', 'reggaeton', 'lola indigo', 'brazilian funk', 'upcoming album 2023', 'electropop', 'dance-pop', 'funk carioca']",pop,M,1,0,0,N,True,False
8337643,Quevedo,DONDE QUIERO ESTAR,10,2542,20/01/23,2023,2020,DONDE QUIERO ESTAR,España,hombre,"['reggaeton', 'rap', 'hip-hop', 'hip hop', 'dance pop']",reggaeton,NM,,,,,True,False
8341836,Mora & Quevedo,APA,5,2185,03/11/22,2022,2020,PARAÍSO,Puerto Rico,hombre,"['noise', 'reggaeton', 'trap', 'progressive metalcore', 'goth', 'urban', 'atmospheric black metal', 'drone', 'trap latino', 'pop rock', ""children's music""]",noise,M,1,1,1,Y,False,True
8354375,Lola Indigo,LA SANTA,10,1792,17/03/23,2023,2020,EL DRAGÓN,España,mujer,"['pop', 'dance', 'latin pop', 'reggaeton', 'lola indigo', 'brazilian funk', 'upcoming album 2023']",pop,M,1,0,1,Y,False,True
8357473,Quevedo,Vista Al Mar,8,2345,08/09/22,2022,2020,DONDE QUIERO ESTAR,España,hombre,"['reggaeton', 'rap', 'hip-hop', 'hip hop', 'dance pop']",reggaeton,M,1,0,1,Y,True,False
8360756,Pole. & Dani Fernández,San Blas,7,1755,14/10/22,2022,2020,Esta Vida Es Un Jaleo,España,hombre,"['pop', 'electronic', 'german', 'idm', 'mastering', 'dub', 'electronica', 'glitch', 'ambience', 'microsound']",pop,NM,0,0,0,N,False,True
8360790,Beret & Estopa,Diablo,7,1507,02/09/22,2022,2020,Resiliencia,España,hombre,"['rap', 'japanese', 'jazz', 'j-pop', 'hardcore', 'chillout', 'pop', 'reggae']",rap,M,0,0,1,Y,True,False
8362358,Viva Suecia & Dani Fernández,Lo Siento,6,1292,01/09/22,2022,2020,El Amor De La Clase Que Sea,España,grupo,"['indie rock', 'indie', 'murcia', 'latin pop', 'directo', 'seen live 15', '2015', '2015-02-21']",indie rock,NM,0,0,0,N,False,True
8366330,Paulo Londra & Duki,Party en el Barrio,12,3628,14/09/22,2022,2020,Back To The Game,Argentina,hombre,['trap'],trap,NM,,,,,True,False
8369431,Los Plebes del Rancho de Ariel Camacho & Enigma Norteño,El Doble R (En Vivo),8,1416,12/08/22,2022,2020,Amor pasajero,México,grupo,"['retarded', 'stupid', 'corridos', 'norteño', 'mierda', 'regional mexicano', 'sirreño', 'banda sinaloense', 'sierreño']",retarded,NM,,,,,True,False
837562,Alicia Villarreal,No Vuelvo Contigo,9,1269,,1974,1970,Soy lo prohibido,México,mujer,"['alicia villarreal', 'ranchera', 'nortenas', 'alternative rock']",alicia villarreal,NM,,,,,True,False
8396625,Aitana,La úItima,6,1500,11/11/22,2022,2020,La Última (Banda Sonora Original),España,mujer,"['pop', 'rock', 'pop rock', 'latin pop', 'trash pop', 'electro-pop']",pop,NM,,,,,True,False
8405567,DAPS (ESP),Circus,6,2281,06/08/18,2018,2010,Generación Nintendo,España,hombre,['trap'],trap,M,1,0,1,N,True,False
842256,Aventura,Cuándo Volverás,9,1464,09/11/99,1999,1990,Generation Next,Estados Unidos,grupo,"['bachata', 'pop', 'aventura', 'reggaeton', 'dominican', 'dance', 'rnb']",bachata,NM,,,,,True,False
842717,Aventura,Amor Bonito,11,1748,,1994,1990,Bachatamania,Estados Unidos,grupo,"['bachata', 'pop', 'aventura', 'reggaeton', 'dominican', 'dance', 'rnb']",bachata,NM,,,,,True,False
8456126,SAIKO,Ódiame,6,1434,28/12/22,2022,2020,2 Opciones - Single,España,hombre,"['rock chileno', 'rock', 'beats', 'reggaeton', 'saiko', 'rock-pop chileno', 'trap latino']",rock chileno,NM,,,,,True,False
845697,Axel Fernando,Amo,4,1251,,2003,2000,Amo,Argentina,hombre,"['romantic', 'pop', 'ballad', 'argentinian', 'adult alternative pop/rock', 'adult contemporary', 'alternative/indie rock', 'latin pop']",romantic,NM,,,,,True,False
846112,Axel Fernando,Celebra La Vida (colaboración),7,789,,2008,2000,Todo mi universo,Argentina,hombre,"['romantic', 'pop', 'ballad', 'argentinian', 'adult alternative pop/rock', 'adult contemporary', 'alternative/indie rock', 'latin pop']",romantic,NM,,,,,True,False
8505243,Rauw Alejandro,DIME QUIÉN????,7,1631,28/10/22,2022,2020,SATURNO,Puerto Rico,hombre,"['reggaeton', 'dance', 'sexy', 'catchy', 'rnb', 'pop', 'trap latino', 'latin urban', 'hip hop']",reggaeton,M,1,0,0,Y,False,True
851186,The Breeders,Regalame Esta Noche,6,725,07/04/08,2008,2000,Mountain Battles,Estados Unidos,grupo,"['alternative', 'indie', 'indie rock', 'alternative rock', 'rock', 'american', 'grunge', 'post-punk', '4ad', 'noise pop', 'rock and indie']",alternative,NM,,,,,True,False
8513877,De La Ghetto,Hacerte de To',7,1332,04/11/22,2022,2020,La revolución del reggaeton,Puerto Rico,grupo,"['reggaeton', 'hip hop', 'reggaeton  top-50', 'de la ghetto', 'hip-hop', 'rnb', 'r&b', 'latin urban']",reggaeton,M,1,0,0,N,True,False
851722,Antonio Cartagena,Pídele Perdón,6,857,,2017,2010,Antonio Cartagena,Perú,hombre,"['salsa', 'salsa peruana', 'salsa sensual', 'pnp']",salsa,NM,0,0,0,N,False,True
8521156,​calle x vida & Foudeqush,No Digas Mi Nombre,6,1631,04/11/22,2022,2020,Black Panther: Wakanda Forever - Music From and Inspired By,Puerto Rico,hombre,"['hip hop', 'rock', 'alternative hip hop', 'comedy hip hop']",hip hop,NM,0,0,0,N,False,True
8525975,La Pantera & BDP Music (Producer),Candela Pal Barrio,9,3343,27/10/22,2022,2020,LONDON BLUE,España,hombre,"['groove metal', 'heavy metal', 'thrash metal', 'metal', 'glam metal', 'southern metal', 'american', 'nu metal', 'power metal', 'hardcore punk', 'glam', 'dance and electronica', 'trash speed metal', 'estados unidos']",groove metal,M,1,0,0,N,False,True
855272,Banda Los Recoditos,La Escuelita,4,928,,2010,2010,Ando bien pedo,México,grupo,"['banda', 'mexicana', 'folk', 'traditional', 'regional mexican', 'latin grammy winner', 'latin grammy nominee', 'banda sinaloense', 'regional mexicano']",banda,M,1,0,0,Y,True,False
855323,Banda Los Recoditos,Mi Último Deseo,4,1635,01/01/13,2013,2010,El Free,México,grupo,"['banda', 'mexicana', 'folk', 'traditional', 'regional mexican', 'latin grammy winner', 'latin grammy nominee', 'banda sinaloense', 'regional mexicano']",banda,NM,0,0,0,N,False,True
855835,Banda Los Recoditos,Cuando Te Entregues A Él,7,1202,,2013,2010,El Free,México,grupo,"['banda', 'mexicana', 'folk', 'traditional', 'regional mexican', 'latin grammy winner', 'latin grammy nominee', 'banda sinaloense', 'regional mexicano']",banda,NM,,,,,True,False
8562529,"Ergo Pro, Ill Pekeño & Dano",El Manual,6,2845,17/11/22,2022,2020,Ópera Fidelio,España,hombre,['hip hop'],hip hop,NM,,,,,True,False
856347,Banda Los Recoditos,La Mitotera,6,953,,2013,2010,El Free,México,grupo,"['banda', 'mexicana', 'folk', 'traditional', 'regional mexican', 'latin grammy winner', 'latin grammy nominee', 'banda sinaloense', 'regional mexicano']",banda,M,0,0,1,Y,True,False
861663,Los Tigres Del Norte,A ellas,6,825,,2005,2000,Directo al Corazón,Estados Unidos,grupo,"['norteño', 'corridos', 'folk', 'los tigres del norte', 'el nino y la boda', 'contrabando y traicion']",norteño,NM,,,,,True,False
862321,Cartel de Santa,Subele a la Greibol,7,2526,20/03/06,2006,2000,Volumen Prohibido,México,grupo,"['hip-hop', 'rap', 'hip hop', 'cronica babilonia', 'cartel de santa', 'hip hop latino', 'conexion puerto rico', 'mexican rap']",hip-hop,NM,,,,,True,False
8623719,Drew K. & Piru,Ya no eres la misma,5,1860,09/12/22,2022,2020,3ntropía,Colombia,hombre,"['author', 'audiobook', 'non-musician', 'terf', 'fantasy', 'deu', 'british', 'english', 'has german audiobooks', 'transphobe', 'queerphobe', 'fascist']",author,NM,,,,,True,False
862902,Camila,Todo Cambió,6,1246,02/10/09,2009,2000,Todo Cambió,México,grupo,"['pop', 'latin pop', 'camila', 'rock', 'romantica', 'soft rock']",pop,NM,,,,,True,False
863102,Camilo Sesto,¿Quieres Ser Mi Amante?,7,990,,1946,1940,Camilo,España,hombre,"['romantico', 'pop', 'pop espanol', 'camilo sesto', 'balada', 'camilo', 'canción melódica', 'latin ballad']",romantico,NM,,,,,True,False
863458,RBD,Cuando el Amor Se Acaba,9,1632,30/11/04,2004,2000,Rebelde,México,grupo,"['pop', 'latin pop', 'rbd', 'rebelde', 'pop rock', 'teen pop']",pop,NM,0,0,0,N,False,True
8638073,Quevedo & Myke Towers,Playa Del Inglés,8,2513,15/12/22,2022,2020,DONDE QUIERO ESTAR,España,hombre,['merge'],merge,M,1,0,0,N,True,False
864908,Juan Gabriel,Se Me Olvido Otra Vez,5,833,20/02/74,1974,1970,Juan Gabriel con el Mariachi Vargas de Tecalitlán,México,hombre,"['juan gabriel', 'mariachi', 'ranchera', 'pop', 'latin pop', 'pepe aguilar']",juan gabriel,NM,,,,,True,False
8658579,Lola Indigo & Luis Fonsi,CORAZONES ROTOS,14,2055,06/01/23,2023,2020,EL DRAGÓN,España,mujer,"['pop', 'dance', 'latin pop', 'reggaeton', 'lola indigo', 'brazilian funk', 'upcoming album 2023', 'electropop', 'dance-pop', 'funk carioca']",pop,NM,0,0,0,N,False,True
8674817,Quevedo,AHORA QUÉ,7,2643,20/01/23,2023,2020,DONDE QUIERO ESTAR,España,hombre,"['reggaeton', 'rap', 'hip-hop', 'hip hop', 'dance pop']",reggaeton,NM,,,,,True,False
867562,Pibes Chorros,Andrea,8,1060,07/03/01,2001,2000,Arriba las Manos,Argentina,grupo,"['cumbia villera', 'cumbia', 'los pibes chorros', 'comedy', 'dance', 'salsa', 'cumbia argentina', 'lol']",cumbia villera,M,1,0,1,Y,False,True
8681006,La Mafia del Amor,PORQUE YA NO ME QUIERES,7,3498,01/01/15,2015,2010,Pegao en YouTube,España,grupo,"['pop', 'hip hop', 'electronic', 'reggaeton', 'mambo', 'trap']",pop,NM,0,0,0,N,False,True
868308,Azúcar Moreno,Solo se vive una vez,9,1854,25/06/96,1996,1990,Esclava de tu piel,España,grupo,"['pop', 'eurovision', 'flamenco', 'dance', 'duos', 'espagnol']",pop,NM,,,,,True,False
869588,Los Rodríguez,Buena Suerte,5,818,,1990,1990,Buena Suerte,España,grupo,"['rock argentino', 'rock', 'rock en espanol', 'spanish rock', 'rock en español', 'pop']",rock argentino,NM,,,,,True,False
8707720,Dano & Dj Swet,Skip Intro,4,2211,27/01/23,2023,2020,"El Hombre Hace Planes, Dios Se Ríe",España,hombre,"['gabber', 'rap', 'hardcore', 'spanish rap', 'techno', 'hip hop', 'electronic', 'rave', 'cloud rap']",gabber,NM,,,,,True,False
870989,Héroes Del Silencio,Flor Venenosa,6,1033,31/10/88,1988,1980,El Mar No Cesa,España,grupo,"['rock', 'spanish rock', 'hard rock', 'rock en espanol', 'gothic rock', 'rock en español', 'alternative rock', 'rock español']",rock,NM,,,,,True,False
871701,Lucybell,Tu Sangre,8,757,,1991,1990,Sesión Futura,Chile,grupo,"['rock chileno', 'rock', 'alternative rock', 'rock en espanol', 'alternative', 'latin rock', 'shoegaze', 'electronic', 'pop rock']",rock chileno,NM,,,,,True,False
8719679,Quevedo,YANKEE,6,2354,20/01/23,2023,2020,DONDE QUIERO ESTAR,España,hombre,"['reggaeton', 'rap', 'hip-hop', 'hip hop', 'dance pop']",reggaeton,M,1,0,0,N,True,False
8719683,Quevedo,WANDA,6,2005,20/01/23,2023,2020,DONDE QUIERO ESTAR,España,hombre,"['reggaeton', 'rap', 'hip-hop', 'hip hop', 'dance pop']",reggaeton,M,1,0,0,N,True,False
8719684,Quevedo,ME FALTA ALGO,6,2119,20/01/23,2023,2020,DONDE QUIERO ESTAR,España,hombre,"['reggaeton', 'rap', 'hip-hop', 'hip hop', 'dance pop']",reggaeton,NM,,,,,True,False
873059,Julio Iglesias,De Nina A Mujer,6,928,01/08/81,1981,1980,De Niña a Mujer,España,hombre,"['pop', 'julio iglesias', 'latin pop', 'romantic', 'easy listening', 'tango']",pop,NM,,,,,True,False
875114,Julio Iglesias,El Amor,8,832,,1997,1990,Begin the Beguine,España,hombre,"['pop', 'julio iglesias', 'latin pop', 'romantic', 'easy listening', 'tango']",pop,NM,,,,,True,False
8751347,Zambayonny,"Una fiesta de la gran puta (Picnic en el cuarto ""C"")",8,1709,,2006,2000,Milanesa de pija,Argentina,hombre,"['humor', 'folk rock', 'folk', 'punk rock', 'indie', 'bizarro', 'zamba']",humor,M,1,0,1,N,True,False
875255,Chayanne,Y Tú Te Vas,7,1250,11/02/02,2002,2000,Grandes Éxitos,Puerto Rico,hombre,"['latin pop', 'chayanne', 'pop', 'romantica', 'queen']",latin pop,NM,,,,,True,False
8755449,Gonzalo Tambornini,Como Animales,9,1636,24/11/22,2022,2020,Sabe a pogo,Cuba,grupo,"['jazz', 'afro-cuban jazz', 'latin jazz']",jazz,NM,,,,,True,False
87563,Wisin & Yandel,Me Estás Tentando,9,2715,20/10/08,2008,2000,La Revolución (Deluxe),Puerto Rico,grupo,"['reggaeton', 'dance', 'wisin y yandel', 'hip-hop', 'pop', 'latin urban']",reggaeton,M,1,0,0,Y,True,False
875793,Los Rodríguez,Dulce Condena,12,1833,03/09/93,1993,1990,Sin Documentos,España,grupo,"['rock argentino', 'rock', 'rock en espanol', 'spanish rock', 'rock en español', 'pop']",rock argentino,NM,,,,,True,False
8774559,Ptazeta & Lola Indigo,Tiki Tiki,9,1910,02/02/23,2023,2020,GORGONA,España,mujer,"['rap', 'pop', 'spanish rap', 'trap']",rap,M,1,0,0,N,True,False
878811,Los Rodríguez,Rock del ascensor,7,978,21/05/92,1992,1990,Disco Pirata,España,grupo,"['rock argentino', 'rock', 'rock en espanol', 'spanish rock', 'rock en español', 'pop']",rock argentino,M,1,0,0,N,True,False
878928,Charly García,Necesito Tu Amor,8,629,27/08/87,1987,1980,Parte de la Religión,Argentina,hombre,"['rock argentino', 'rock', 'rock en espanol', 'rock argento', 'new wave', 'rock en español', 'charly garcia', '1980s', 'argentinian', 'latin rock', 'argentinian rock', 'latin pop', 'alternative rock', 'aor', 'art pop', 'art rock', 'blues rock', 'experimental rock', 'funk', 'funk rock', 'gothic rock', 'hard rock', 'latin american rock', 'opera rock', 'operatic pop', 'pop', 'pop rock', 'progressive pop', 'progressive rock', 'soft rock', 'symphonic rock', 'synth-pop', 'tango rock']",rock argentino,NM,,,,,True,False
8793644,Quevedo & SAIKO,Buenas,8,2138,22/09/23,2023,2020,Buenas,España,hombre,"['reggaeton', 'rap', 'hip-hop', 'hip hop', 'dance pop', 'latin trap']",reggaeton,NM,,,,,True,False
8794119,Kidd Samu,Seguimos Aca,4,1619,10/02/23,2023,2020,Maksimum Vibrasie,España,grupo,['production music'],production music,NM,,,,,True,False
8814244,KAROL G & Quevedo,PERO TÚ,9,1890,24/02/23,2023,2020,MAÑANA SERÁ BONITO,Colombia,mujer,"['reggaeton', 'pop', 'latin pop', 'trap latino', 'reggaeton colombiano', 'dancehall', 'latin urban', 'r&b', 'english']",reggaeton,M,1,0,0,Y,True,False
8814263,KAROL G,CAROLINA,5,1363,24/02/23,2023,2020,MAÑANA SERÁ BONITO,Colombia,mujer,"['reggaeton', 'pop', 'latin pop', 'trap latino', 'reggaeton colombiano', 'dancehall', 'latin urban', 'r&b']",reggaeton,NM,,,,,True,False
881765,Melendi,Lágrimas Desordenadas,8,1629,13/11/12,2012,2010,Lágrimas desordenadas,España,hombre,"['pop', 'flamenco', 'new flamenco', 'rumba', 'melendi', 'rock']",pop,M,1,0,1,Y,True,False
882312,Pimpinela,Olvídame y pega la vuelta,7,1620,15/07/82,1982,1980,Pimpinela,Argentina,grupo,"['pimpinela', 'pop', 'proto prog', 'near', 'para hacer aseo', 'peleas', 'plancha']",pimpinela,NM,,,,,True,False
8834029,Jean Carlos,CALIENTA ESTO,3,651,,1999,1990,TU AMANTE EN SECRETO,Argentina,hombre,"['cumbia', 'vallenato', 'finnish', 'classical', 'composer', 'european', 'romantic classical', 'finnish composer']",cumbia,NM,,,,,True,False
8856311,MYA (ARG) & Cali y El Dandee,Legendaria,7,1945,22/02/23,2023,2020,Legendaria,Argentina,grupo,['soul'],soul,M,1,0,0,N,False,True
885833,Héroes Del Silencio,Opio,5,1101,18/09/95,1995,1990,Avalancha,España,grupo,"['rock', 'spanish rock', 'hard rock', 'rock en espanol', 'gothic rock', 'rock en español', 'alternative rock', 'rock español']",rock,NM,,,,,True,False
8859295,"Pitbull (Ft. Mark B, Musicólogo The Libro, Nfasis & Sensato)",El Taxi (Gregor Salto Remix),29,4058,,2016,2010,El Taxi (Remixes),Estados Unidos,hombre,"['dance-pop', 'electropop', 'dance', 'electro house', 'eurodance', 'hip hop', 'latin pop', 'pop rap', 'southern hip hop', '2000s', '2010s', 'hip house', 'hiphop', 'maltido', 'pitbull', 'global warming meltdown']",dance-pop,M,1,0,1,Y,True,False
8871035,Nicolicio,No Soy un Buen Amigo,6,627,25/11/22,2022,2020,Bildungsroman,España,hombre,['indie rock'],indie rock,NM,,,,,True,False
8875319,"Junior H, Gabito Ballesteros & Peso Pluma",El Tsurito,8,1915,07/04/23,2023,2020,El Tsurito,México,hombre,"['corridos tumbados', 'trap', 'pop rap', 'corrido tumbado', 'corridos', 'sierreno', 'american', 'regional mexicano', 'blues', 'chicago blues', 'electric blues', 'rhythm & blues']",corridos tumbados,NM,,,,,True,False
8876360,Lola Indigo & Quevedo,EL TONTO,8,2064,14/04/23,2023,2020,EL DRAGÓN,España,mujer,"['pop', 'dance', 'latin pop', 'reggaeton', 'lola indigo', 'brazilian funk', 'upcoming album 2023', 'electropop', 'dance-pop', 'funk carioca']",pop,M,1,0,1,Y,False,True
8876361,Lola Indigo,DRAGÓN,8,1876,14/04/23,2023,2020,EL DRAGÓN,España,mujer,"['pop', 'dance', 'latin pop', 'reggaeton', 'lola indigo', 'brazilian funk', 'upcoming album 2023']",pop,M,0,1,0,N,True,False
8878505,Ricardo Darín,Nos Faltó Tiempo,6,864,,1936,1930,De a dos,Estados Unidos,hombre,"['pop', 'swing', 'folk', 'singer', 'rock and roll', 'teen pop', 'standards', 'traditional pop', 'rock & roll', 'rock', 'jazz', 'american', 'big band', 'oldies', 'easy listening soundtracks and musicals', 'brill building', 'country music', '2008 universal fire victim', 'death by blood poisoning']",pop,NM,,,,,True,False
8886617,Verónica castro,Soñadora,10,1368,,1990,1990,Mamma Mia!,México,mujer,"['pop', 'soundtrack', 'oldies', 'actress', 'television host', 'veronica castro', 'cristian castro', 'latin ballad']",pop,NM,,,,,True,False
8889111,Calle 24,Mujer De Todos Mujer De Nadie,3,710,04/03/23,2023,2020,AMOR DE LA CALLE,México,mujer,"['corridos tumbados', 'corridos', 'corridos belicos', 'latin ballad', 'pop']",corridos tumbados,M,1,0,1,Y,False,True
8897093,Kidd Keo,Celine,8,2172,07/07/23,2023,2020,FEAR OF THE WALKING TAPE,España,hombre,"['trap', 'rap', 'drill', 'alicante', 'spanish trap']",trap,NM,,,,,True,False
8902644,Myke Towers,CENIZAS QUEDAN,7,2029,23/03/23,2023,2020,LA VIDA ES UNA,Puerto Rico,hombre,"['reggaeton', 'trap', 'rap', 'hip hop', 'hip-hop', 'latin rap', 'dancehall', 'pop rap', 'latin urban', 'trap latino']",reggaeton,M,1,1,0,Y,True,False
8912378,Maikel Delacalle & Quevedo,Mi Nena Remix,7,2633,24/03/23,2023,2020,CÓDIGOS,España,hombre,"['hip-hop', 'trap latino', 'reggaeton', 'latin urban']",hip-hop,M,1,0,0,Y,True,False
891933,Luis Miguel,Me muero por ti,4,416,11/09/84,1984,1980,Palabra de Honor,México,hombre,"['boleros', 'baladas', 'pop', 'luis miguel', 'latin pop']",boleros,M,0,1,0,N,False,True
8924031,Melendi,Volveremos (Himno eventual del Real Oviedo),10,1361,01/09/06,2006,2000,Yo me veo contigo,España,hombre,"['pop', 'flamenco', 'new flamenco', 'rumba', 'melendi', 'rock']",pop,NM,,,,,True,False
8924306,Tatiana,Sueño Feliz,4,453,,1968,1960,Espapirifáctico,México,mujer,"['pop', 'puta de mierda ojala y te mueras con un pinche dildo electrico atorado en tu ronosa pucha', 'dance', 'brazilian', 'pop espanol', 'national socialistic black metal', 'balada', ""children's"", 'rock']",pop,NM,,,,,True,False
8928883,Peso Pluma,Con Dinero Baila el Perro,8,1183,19/03/21,2021,2020,Efectos Secundarios,México,hombre,"['reggaeton', 'corridos tumbados', 'mierda', 'corrido tumbado', 'corridos belicos', 'corridos', 'regional mexicano', 'pop']",reggaeton,M,0,0,1,Y,False,True
8942059,Aitana,Los Ángeles,8,1139,30/03/23,2023,2020,alpha,España,mujer,"['pop', 'rock', 'pop rock', 'latin pop', 'trash pop', 'electro-pop']",pop,M,1,0,1,Y,True,False
8942356,Quevedo,Te Deseo Más De Lo Normal,7,3565,15/03/23,2023,2020,Retrov Antología,Chile,grupo,"['reggaeton', 'rap', 'hip-hop', 'hip hop', 'dance pop']",reggaeton,M,1,1,0,Y,True,False
8950107,Ptazeta & LIT killah,La Respuesta,7,2576,30/03/23,2023,2020,GORGONA,España,mujer,"['rap', 'pop', 'spanish rap', 'trap']",rap,M,1,0,0,N,True,False
895036,Héroes Del Silencio,Despertar,5,557,04/12/90,1990,1990,Senderos de Traición,España,grupo,"['rock', 'spanish rock', 'hard rock', 'rock en espanol', 'gothic rock', 'rock en español', 'alternative rock', 'rock español']",rock,NM,,,,,True,False
895254,Hombres G,En La Playa,7,1235,28/04/86,1986,1980,La Cagaste... Burt Lancaster,España,grupo,"['rock', 'rock en espanol', 'pop', 'spanish rock', 'rock en español', 'pop rock', 'spanish pop']",rock,NM,,,,,True,False
8955612,Lola Indigo & Emilia,ULTRAVIOLETA,10,1806,14/04/23,2023,2020,EL DRAGÓN,España,mujer,"['pop', 'dance', 'latin pop', 'reggaeton', 'lola indigo', 'brazilian funk', 'upcoming album 2023', 'electropop', 'dance-pop', 'funk carioca']",pop,M,1,0,0,Y,True,False
8961004,Voces del Rancho,El Hijo de la Sierra,7,1136,20/01/23,2023,2020,El Parrandero,México,grupo,"['rancheras', 'corridos', 'corrido', 'corrido tumbado', 'narcocorrido', 'norteño', 'regional mexicano']",rancheras,M,0,0,1,N,False,True
896561,José Alfredo Jiménez,Te Solté La Rienda,5,1029,,1994,1990,El Cantinero,México,hombre,"['mariachi', 'ranchera', 'jose alfredo jimenez', 'classic', 'chillout', 'chill', 'chillosophy', 'global fusion']",mariachi,NM,,,,,True,False
8969454,Estopa,El Del Medio De Los Chichos (Maqueta),4,813,,1999,1990,La Maqueta,España,grupo,"['flamenco', 'pop', 'rock', 'rumba', 'estopa', 'pop rock']",flamenco,NM,,,,,True,False
897389,Héroes Del Silencio,Culpable,9,1519,14/06/93,1993,1990,El Espíritu del Vino,España,grupo,"['rock', 'spanish rock', 'hard rock', 'rock en espanol', 'gothic rock', 'rock en español', 'alternative rock', 'rock español']",rock,NM,,,,,True,False
8974604,Quevedo & Aitana,GRAN VÍA,9,2590,22/11/24,2024,2020,BUENAS NOCHES,España,hombre,"['reggaeton', 'rap', 'hip-hop', 'hip hop', 'dance pop', 'latin trap']",reggaeton,M,1,0,0,Y,True,False
897630,Los Rodríguez,Especies Que Desaparecen,6,790,03/09/93,1993,1990,Sin Documentos,España,grupo,"['rock argentino', 'rock', 'rock en espanol', 'spanish rock', 'rock en español', 'pop']",rock argentino,NM,,,,,True,False
8979881,"BM (ARG), Callejero Fino & La Joaqui",M.A (Remix),14,3807,05/04/23,2023,2020,M.A (remix),Argentina,hombre,['thrash metal'],thrash metal,M,1,1,1,Y,True,False
898686,Reyli,No Era Necesario,4,485,,2006,2000,En la luna,México,hombre,"['latin pop', 'pop', 'latin rock', 'mexicano']",latin pop,NM,,,,,True,False
8987486,Ismael Rivera,La Vaca Lechera,7,1605,31/12/72,1972,1970,Esto Fué Lo Que Trajo El Barco,Puerto Rico,grupo,"['salsa', 'fania', 'latin jazz', 'guaracha', 'dime por que', 'ismael rivera']",salsa,M,1,0,1,Y,True,False
898896,Pibes Chorros,La Colcha Sucia,5,591,06/06/02,2002,2000,Solo Le Pido a Dios,Argentina,grupo,"['cumbia villera', 'cumbia', 'los pibes chorros', 'comedy', 'dance', 'salsa', 'cumbia argentina', 'lol']",cumbia villera,M,1,0,1,Y,True,False
900238,Mecano,J.C.,6,916,,1992,1990,Aidalai,España,grupo,"['pop', 'spanish pop', 'post-punk', 'new wave', 'mecano', 'synthpop']",pop,NM,0,0,0,N,False,True
900847,Ricardo Arjona,Te Conozco,6,1294,17/09/91,1991,1990,Del otro lado del sol,Guatemala,hombre,"['pop', 'latin pop', 'ricardo arjona', 'romantica', 'arjona', 'baladas']",pop,NM,,,,,True,False
9025827,Sean Paul & J Balvin,Contra la Pared (GTA Remix),9,2142,17/06/19,2019,2010,Contra La Pared (Remixes),JM,hombre,"['dancehall', 'reggae', 'hip-hop', 'rnb', 'rap', 'jamaican', 'hip hop', 'sean paul', 'jamaica', 'dance', 'pop', 'dance-pop', 'electropop', 'ragga', 'reggaeton', 'hip hop rnb and dance hall', 'r&b', 'pop reggae', 'gg']",dancehall,M,1,0,0,N,True,False
9026996,JHAYCO & Quevedo,Mami Chula,8,1960,27/04/23,2023,2020,Le Clique: Vida Rockstar (X),Puerto Rico,hombre,"['reggaeton', 'rap', 'no pega solo', 'trap', 'pop', 'electropop', 'sex', 'hip hop', 'trap latino']",reggaeton,M,1,0,1,Y,True,False
9029015,Melendi,Un Violinista En Tu Tejado (Directo A Septiembre),10,3444,04/12/15,2015,2010,Directo a Septiembre,España,hombre,"['pop', 'flamenco', 'new flamenco', 'rumba', 'melendi', 'rock']",pop,NM,,,,,True,False
9029040,Feid & Sean Paul,Niña Bonita,7,1962,20/04/23,2023,2020,"MOR, No Le Temas a La Oscuridad",Colombia,hombre,"['reggaeton', 'groove metal', 'ferxxo', 'thrash metal', 'reggaeton colombiano', 'anglais', 'latin urban', 'trap latino']",reggaeton,M,1,0,0,Y,True,False
9029053,Melendi,Tu Jardín Con Enanitos (Directo A Septiembre),7,3253,04/12/15,2015,2010,Directo a Septiembre,España,hombre,"['pop', 'flamenco', 'new flamenco', 'rumba', 'melendi', 'rock']",pop,M,1,0,0,N,True,False
903762,Azúcar Moreno,Caballo,7,855,,1990,1990,Bandido,España,grupo,"['pop', 'eurovision', 'flamenco', 'dance', 'duos', 'espagnol']",pop,NM,0,0,0,N,False,True
903955,Estopa,Pastillas De Freno,6,1992,03/03/04,2004,2000,¿La Calle Es Tuya?,España,grupo,"['flamenco', 'pop', 'rock', 'rumba', 'estopa', 'pop rock']",flamenco,NM,,,,,True,False
9040264,Aitana,The Killers,7,971,22/09/23,2023,2020,alpha,España,mujer,"['pop', 'rock', 'pop rock', 'latin pop', 'trash pop', 'electro-pop']",pop,NM,,,,,True,False
9046182,El Traidor y Los Pibes,Gata de Qué la Corrés,7,1112,,2009,2000,Cumbia y Marihuana,Argentina,grupo,"['cumbia', 'cumbia villera']",cumbia,M,1,0,1,Y,True,False
9060870,"Wos LasPalmas, Lucho RK & La Pantera",Dejarte marchar remix,7,4304,27/04/23,2023,2020,Dejarte marchar (remix),España,hombre,['canarias'],canarias,NM,,,,,True,False
9061212,ICON & El Clooy,Marquesina,7,1378,28/04/23,2023,2020,Una nota con elegancia,Puerto Rico,hombre,"['hard rock', 'hair metal', 'glam metal', 'rock', 'heavy metal', 'aor', 'melodic rock', 'trance', 'metal', 'latin urban', 'reggaeton', 'glam']",hard rock,M,1,0,1,Y,True,False
906366,David Bisbal,El Ruido,6,1294,,2011,2010,Sin Mirar Atrás (Sin Mirar Atrás Tour Edition),España,hombre,"['pop', 'latin pop', 'davis bisbal', 'david bisbal', 'operacion triunfo', 'spanish pop']",pop,NM,0,0,0,N,False,True
9064544,Kcs,Que te reemplace,8,1354,,1984,1980,Para qué me enamoré / Ya te reemplace,Estados Unidos,grupo,['trap'],trap,NM,,,,,True,False
906480,Intocable,Amor Necio,7,754,,2009,2000,Classic,Estados Unidos,grupo,"['tejano', 'norteno', 'norteño', 'regional mexican', 'intocable', 'grupos']",tejano,NM,,,,,True,False
9073343,Cruz Cafuné & Quevedo,Sangre y Fe,6,3736,26/05/23,2023,2020,Me Muevo Con Dios,España,hombre,"['rnb', 'rap', 'espana', 'trap', 'canarias', 'trap espanol', 'musica urbana', '2020s', 'hip hop', 'r&b']",rnb,M,1,0,1,N,True,False
908752,Héroes Del Silencio,Agosto,7,896,31/10/88,1988,1980,El Mar No Cesa,España,grupo,"['rock', 'spanish rock', 'hard rock', 'rock en espanol', 'gothic rock', 'rock en español', 'alternative rock', 'rock español']",rock,NM,,,,,True,False
908950,Juan Gabriel,He Venido A Pedirte Perdón,9,955,11/01/80,1980,1980,Recuerdos,México,hombre,"['juan gabriel', 'mariachi', 'ranchera', 'pop', 'latin pop', 'pepe aguilar']",juan gabriel,NM,,,,,True,False
90914,Aventura (Ft. Judy Santos),Obsesión,7,2589,02/07/02,2002,2000,We Broke the Rules,Estados Unidos,grupo,"['bachata', 'wisin y yandel']",bachata,M,1,0,0,Y,True,False
9093481,La Pantera & BDP Music (Producer),Pdn,7,2284,05/05/23,2023,2020,Otras Canciones Pa’ Ti,España,hombre,"['groove metal', 'heavy metal', 'thrash metal', 'metal', 'glam metal', 'southern metal', 'american', 'nu metal', 'power metal', 'hardcore punk', 'glam', 'dance and electronica', 'trash speed metal', 'estados unidos']",groove metal,NM,,,,,True,False
9095991,Quevedo,Columbia,8,2260,07/07/23,2023,2020,Columbia,España,hombre,"['reggaeton', 'rap', 'hip-hop', 'hip hop', 'dance pop']",reggaeton,NM,,,,,True,False
9096043,"Delaossa, Quevedo & Bigla The Kid",Still Luvin,8,3039,14/03/25,2025,2020,La Madrugá,España,hombre,"['rap', 'hip hop', 'hip-hop', 'hairy chest', 'spanish rap', 'hip hop spanish rap', 'hunks']",rap,NM,,,,,True,False
9105621,"SAIKO, Feid & Quevedo",POLARIS (Remix),12,3861,09/06/23,2023,2020,SAKURA,España,hombre,"['rock chileno', 'rock', 'beats', 'reggaeton', 'saiko', 'rock-pop chileno', 'trap latino']",rock chileno,M,1,1,0,Y,True,False
9117387,Hades66,Que Te Cuesta,5,1015,,2020,2020,Jorge Negrete,México,hombre,"['trap', 'ranchera']",trap,M,1,1,1,Y,True,False
9124872,Guayo Man,Que Me De Más Que Amor,7,1401,,2008,2000,3: Aplastando,México,hombre,"['banda sinaloense', 'norteño', 'norteño-banda', 'regional mexicano', 'sierreño', 'sierreño-banda', 'reggaeton', 'latin urban']",banda sinaloense,M,1,0,0,Y,True,False
9148263,Cruz Cafuné & La Pantera,G WAGON,6,2647,24/05/23,2023,2020,Me Muevo Con Dios,España,hombre,"['rnb', 'rap', 'espana', 'trap', 'canarias', 'trap espanol', 'musica urbana', '2020s', 'hip hop', 'r&b']",rnb,M,1,0,0,N,True,False
915129,Estopa,Tanta Tinta Tonta,9,2014,03/03/04,2004,2000,¿La Calle Es Tuya?,España,grupo,"['flamenco', 'pop', 'rock', 'rumba', 'estopa', 'pop rock']",flamenco,NM,0,0,0,N,False,True
9151688,"Aqua VS, FloyyMenor & Lewis Somes",RICKY RICON,5,2153,15/06/23,2023,2020,The Master Drum & Bass Selection,España,hombre,"['jungle', 'europop', 'bubblegum dance', 'eurodance', 'pop', 'dance-pop', 'electropop', '2008 universal fire victim', 'denmark', 'norway', 'dance', 'electro', 'synth-pop', 'european', 'edm', 'pop and chart', 'euro house', 'bubblegum pop', 'n2', 'norwegian', 'danish']",jungle,M,1,0,1,Y,True,False
915624,Ricardo Arjona,Si El Norte Fuera El Sur,9,1986,17/06/96,1996,1990,Si El Norte Fuera El Sur,Guatemala,hombre,"['pop', 'latin pop', 'ricardo arjona', 'romantica', 'arjona', 'baladas']",pop,M,0,1,1,Y,True,False
9167434,Ana Emilia & Carolina Ross,Vivir Sin Ti,9,1022,02/06/23,2023,2020,Amor Latino,España,mujer,"['latin ballad', 'española']",latin ballad,NM,,,,,True,False
9168862,Aitana,LAS BABYS,11,1530,07/06/23,2023,2020,alpha,España,mujer,"['pop', 'rock', 'pop rock', 'latin pop', 'trash pop', 'electro-pop']",pop,NM,,,,,True,False
91785,Daddy Yankee,Gasolina,10,2389,13/07/04,2004,2000,Barrio Fino (Bonus Track Version),Puerto Rico,hombre,"['reggaeton', 'hip-hop', 'rap', 'daddy yankee', 'hip hop', 'latin urban', 'latin pop', 'reggae', 'dance', 'electronic', 'englisch', 'english', 'hip hop rnb and dance hall', 'zumba']",reggaeton,M,1,0,0,Y,True,False
91793,Daddy Yankee,"Lo Que Pasó, Pasó",11,2293,23/05/04,2004,2000,Barrio Fino (Bonus Track Version),Puerto Rico,hombre,"['reggaeton', 'hip-hop', 'rap', 'daddy yankee', 'hip hop', 'latin urban', 'latin pop', 'reggae', 'dance', 'electronic', 'englisch', 'english', 'hip hop rnb and dance hall']",reggaeton,M,1,0,1,Y,True,False
918739,Rocío Jurado,Me embrujaste,8,1459,,2000,2000,Canciones de España,España,mujer,"['pop', 'flamenco', 'copla', 'female vocalist', 'world', 'oldies']",pop,NM,,,,,True,False
918772,Rubén Blades,Tiburón,10,2429,,1948,1940,Canciones del Solar de los Aburridos,Panamá,hombre,"['salsa', 'world', 'chillout', 'guitar', 'lounge', 'funky jazz', 'indie']",salsa,NM,,,,,True,False
9189533,Yung MA,NO ESTOY BUSCANDO PAZ,5,457,,2015,2010,Estrés,Puerto Rico,mujer,['rock'],rock,NM,,,,,True,False
919327,Estopa,Suma Y Sigue,6,1637,18/10/99,1999,1990,Estopa,España,grupo,"['flamenco', 'pop', 'rock', 'rumba', 'estopa', 'pop rock']",flamenco,M,1,0,0,Y,True,False
919947,Los Rodríguez,Mala Suerte,6,1297,03/09/93,1993,1990,Sin Documentos,España,grupo,"['rock argentino', 'rock', 'rock en espanol', 'spanish rock', 'rock en español', 'pop']",rock argentino,M,1,0,0,Y,True,False
9217370,Duki & Quevedo,‎don't liE,8,2302,22/06/23,2023,2020,Antes de Ameri,Argentina,hombre,"['trap', 'latin trap', 'palermo', 'hip hop latino', 'rap', 'bruh', 'hip hop argentino', 'rap argentino', 'trap latino', 'hip hop', 'argentine trap', 'freestyle rap', 'latin freestyle', 'latin hip-hop', 'latin rap', 'pop rap', 'pop rock', 'reggaeton', 'trap (latin)']",trap,M,1,0,1,Y,True,False
922400,Azúcar Moreno,Ande Yo Caliente,6,1143,,2001,2000,Ballroom Dance Collection: Cha Cha Cha,España,grupo,"['pop', 'eurovision', 'flamenco', 'dance', 'duos', 'espagnol']",pop,NM,,,,,True,False
9226381,Natanael Cano & Chino Pacas,En Corto,5,1808,30/06/23,2023,2020,Nata Montana,México,hombre,"['corridos tumbados', 'corridos', 'regional mexicano', 'mierda', 'trap', 'sierreno', 'reggaeton', 'corrido tumbado', 'trap latino']",corridos tumbados,M,1,0,0,N,True,False
923316,Azúcar Moreno,"Habbibi, Te Quiero",4,627,,1995,1990,Únicas,España,grupo,"['pop', 'eurovision', 'flamenco', 'dance', 'duos', 'espagnol']",pop,NM,0,0,0,N,False,True
923364,Il Divo,Amor Venme A Buscar (Tell It To My Heart),9,1084,,2006,2000,Siempre,Reino Unido,grupo,"['classical', 'pop opera', 'opera', 'il divo', 'pop', 'italian', 'classical crossover', 'easy listening', 'vocal', 'operatic pop']",classical,NM,,,,,True,False
9238101,"Yng Lvcas, Peso Pluma & David Guetta",La Bebe (David Guetta Remix) [Extended Version],12,2499,08/06/23,2023,2020,La Bebe (David Guetta remix),México,hombre,"['reggaeton', 'rap', 'hip-hop', 'reggaeton mexicano', 'trap latino', 'yng lvcas', 'yng lucas']",reggaeton,M,1,0,0,Y,True,False
9238524,Grupo Firme (Ft. Carín León),El Tóxico,7,1752,27/10/20,2020,2020,El Tóxico,México,grupo,"['banda sinaloense', 'regional mexicano', 'sierreño', 'sierreño-banda', 'norteño', 'mariachi', 'americana', 'contemporary folk', 'alternative country', 'latin pop', 'reggaeton', 'latin music', 'bolero', 'vallenato', 'ranchera', 'corrido', 'cumbia norteña mexicana', 'regional mexican', 'norteño-banda', 'campirano', 'campirano-banda']",banda sinaloense,M,0,1,1,N,True,False
924563,Héroes Del Silencio,Decadencia,5,426,04/12/90,1990,1990,Senderos de Traición,España,grupo,"['rock', 'spanish rock', 'hard rock', 'rock en espanol', 'gothic rock', 'rock en español', 'alternative rock', 'rock español']",rock,NM,,,,,True,False
924587,Mecano,El club de los humildes,6,591,,1981,1980,Ana | José | Nacho,España,grupo,"['pop', 'spanish pop', 'post-punk', 'new wave', 'mecano', 'synthpop']",pop,NM,0,0,0,N,False,True
924608,Chayanne,Dejaría Todo,6,2011,27/07/98,1998,1990,Atado a Tu Amor,Puerto Rico,hombre,"['latin pop', 'chayanne', 'pop', 'romantica', 'queen']",latin pop,NM,,,,,True,False
924829,Frankie Ruiz,Desnudate Mujer,6,1672,01/01/89,1989,1980,...Voy pa’ encima!,Estados Unidos,hombre,"['salsa', 'frankie ruiz', 'salsa boricua', 'latin jazz', 'best salsa', 'franquie ruiz', 'tropicania', 'salsa romantica', 'salsa romántica']",salsa,M,1,0,1,Y,True,False
9256125,Juan Botello & Marcelino Mendoza,Duele Saber,5,725,26/01/22,2022,2020,Perdido,República Dominicana,grupo,"['bachata', 'tango']",bachata,NM,,,,,True,False
9256905,"Ryan Castro, Peso Pluma & SOG",QUEMA,10,2043,13/07/23,2023,2020,EL CANTANTE DEL GHETTO,Colombia,hombre,"['reggaeton', 'pop', 'reggaeton colombiano', 'latin reggaeton', 'bellakeo', 'reggaeton paisa', 'rock', 'alternative country', 'americana', 'alternative rock', 'american', 'indie rock', 'country', 'english', 'folk rock', 'roots rock']",reggaeton,M,1,1,1,Y,True,False
926463,Caifanes,La Bestia Humana,7,970,28/08/88,1988,1980,Caifanes,México,grupo,"['rock en espanol', 'rock', 'rock mexicano', 'rock en español', 'post-punk', 'new wave', 'alternative rock', 'cumbia mexicana', 'gothic rock', 'latin alternative', 'latin rock']",rock en espanol,M,0,0,1,N,True,False
927146,Rocío Jurado,"Madre, en la puerta hay un Niño",12,1298,,1990,1990,Nueva Navidad,España,mujer,"['pop', 'flamenco', 'copla', 'female vocalist', 'world', 'oldies']",pop,NM,,,,,True,False
927732,La Máquina De Hacer Pájaros,¿Qué Se Puede Hacer Salvo Ver Películas?,3,747,,1976,1970,Películas,Argentina,grupo,"['progressive rock', 'rock argentino', 'rock', 'progressive', 'classic rock', 'symphonic rock', 'charly garcia', 'jazz rock', 'latin rock', 'symphonic prog', 'argentine rock', 'argentinian', 'argentinian rock', 'folk rock', 'latin american rock', 'prog rock', 'south american']",progressive rock,M,0,0,1,Y,True,False
927870,Bersuit Vergarabat,Hociquito de Ratón,5,871,,1987,1980,Y Punto...,Argentina,grupo,"['rock argentino', 'rock', 'rock argento', 'bersuit', 'rock en español', 'bersuit vergarabat', 'latin rock', 'cumbia', 'alternative rock']",rock argentino,M,1,0,1,N,True,False
928595,José José,Gavilán o Paloma,8,1073,,1985,1980,Reencuentro,México,hombre,"['bolero', 'jose jose', 'baladas', 'balada', 'el principe', 'latin pop']",bolero,NM,0,0,0,N,False,True
9294473,Martika,Quiero Entregarte Mi Amor,9,1445,,1969,1960,Special Touch,Estados Unidos,mujer,"['pop', 'dance', 'martika', 'american', 'new wave', 'california', 'rock']",pop,NM,,,,,True,False
9297571,Yoshi (MEX) (Ft. Jesse Baez),"Dias malos, Nochebuena",14,1475,25/12/20,2020,2020,HENRY,México,hombre,"['contemporary r&b', 'neo soul', 'r&b', 'trap edm', 'folk', 'acoustic', 'americana', 'rock', 'pop', 'american', 'country', 'gospel', 'roots rock', 'hasta', '2008 universal fire victim']",contemporary r&b,NM,,,,,True,False
9302176,Rauw Alejandro & Miguel Bosé,SI TE PEGAS,9,1589,07/07/23,2023,2020,PLAYA SATURNO,Puerto Rico,hombre,"['reggaeton', 'dance', 'sexy', 'catchy', 'rnb', 'pop', 'trap latino', 'latin urban', 'hip hop']",reggaeton,M,1,0,0,Y,True,False
9305334,"Gotay ""El Autentiko"" & Eladio Carrión",La Hookah,7,2797,,2013,2010,El del vibrato,Puerto Rico,hombre,"['reggaeton', 'latin urban', 'nengo flow', 'arcangel']",reggaeton,M,1,1,1,Y,True,False
931057,Los Pericos,Complicado y aturdido,8,1623,06/12/02,2002,2000,Desde Cero,Argentina,grupo,"['reggae', 'ska', 'rock argentino', 'ska rock', 'rock', 'chill906', 'guitar']",reggae,NM,,,,,True,False
931471,Reik,Sabes,6,1115,14/11/06,2006,2000,Secuencia,México,grupo,"['pop', 'latin pop', 'reik', 'pop latino', 'romantica', 'ballad', 'latin ballad', 'pop rock']",pop,NM,0,0,0,N,False,True
9317193,Dirty Suc,Por Qué No Te Callas,6,2134,13/07/23,2023,2020,Originales de la Ría,España,grupo,"['rap', 'hip hop', 'galiza', 'hip-hop', 'galicia', 'spanish rap', 'vigo', 'spanish hip hop', 'spanish hip-hop']",rap,M,1,0,1,Y,True,False
931847,La Habitación Roja,Nunca Ganaremos El Mundial,8,1022,,2005,2000,Nuevos tiempos,España,grupo,"['spanish indie pop', 'indie', 'indie pop', 'pop', 'valencia', 'indie rock', 'need to rate', 'rock']",spanish indie pop,NM,,,,,True,False
9337370,Chino Pacas,Gorra L.A.,4,1069,20/07/23,2023,2020,Que Sigan Llegando las Pacas,México,hombre,"['corridos', 'corridos tumbados', 'regional mexicano', 'sierreno']",corridos,M,1,0,0,Y,True,False
9346661,Jay Roxxx,Pobre Diablo,9,1750,06/07/23,2023,2020,Grandes éxitos de Emmanuel,México,hombre,"['pop', 'chicano music', 'latin ballad', 'canción melódica', 'latin pop']",pop,M,1,0,1,Y,True,False
9349215,Dani Fernández,Solo tienes que avisar,4,1007,21/07/23,2023,2020,Éxitos rancheros de Pedro Fernández,México,hombre,"['little star', 'treble', 'twink', 'under 3000 plays', 'youngstar', 'under 90 listeners', 'sapanish', 'under 100 listeners', 'spanish male vocalists', 'ranchera']",little star,NM,,,,,True,False
934961,Héroes Del Silencio,Hace Tiempo,7,820,31/10/88,1988,1980,El Mar No Cesa,España,grupo,"['rock', 'spanish rock', 'hard rock', 'rock en espanol', 'gothic rock', 'rock en español', 'alternative rock', 'rock español']",rock,NM,0,0,0,N,False,True
9357364,Chanel & Ptazeta,Ping Pong,10,2362,28/07/23,2023,2020,¡Agua!,España,mujer,"['house', 'funky house', 'pop', 'ambient', 'eurovision', 'chillout', 'bachata', 'eurovision 2022 artists', 'latin pop', 'pop auf spanisch', 'pop en español']",house,M,1,0,0,N,True,False
936129,Banda Machos,Historia Sin Fin,7,1019,,2009,2000,Historia sin fin,México,grupo,"['banda', 'regional mexican', 'banda machos', 'salsa', 'ranchera', 'angeles azules', 'pop', 'regional mexicano', 'technobanda']",banda,NM,,,,,True,False
9361918,Pablo Chill-E (Ft. Pailita),Cora Roto,9,3088,04/08/23,2023,2020,Los Gángsters También Lloran,Chile,hombre,"['trap latino', 'rock', 'heartland rock', 'pop rock']",trap latino,M,1,0,0,N,False,True
9364002,Junior H & Grupo Firme,El Patrocinador,7,1263,04/08/23,2023,2020,El Patrocinador,México,hombre,"['corridos tumbados', 'trap', 'pop rap', 'corrido tumbado', 'corridos', 'sierreno', 'american', 'regional mexicano', 'blues', 'chicago blues', 'electric blues', 'rhythm & blues']",corridos tumbados,M,0,0,1,Y,True,False
936658,Axel Fernando,Tu Amor Por Siempre,4,974,,2005,2000,Hoy,Argentina,hombre,"['romantic', 'pop', 'ballad', 'argentinian', 'adult alternative pop/rock', 'adult contemporary', 'alternative/indie rock', 'latin pop']",romantic,NM,,,,,True,False
9368815,Gonzy,AUNQUE ME DUELA,8,1951,28/07/23,2023,2020,DESAHOGO,Estados Unidos,hombre,"['reggaeton', 'american']",reggaeton,NM,,,,,True,False
937441,Caifanes,Afuera,11,1017,,1987,1980,El Nervio Del Volcán,México,grupo,"['rock en espanol', 'rock', 'rock mexicano', 'rock en español', 'post-punk', 'new wave', 'alternative rock', 'cumbia mexicana', 'gothic rock', 'latin alternative', 'latin rock']",rock en espanol,NM,,,,,True,False
937573,Hombres G,Sin Ti,5,870,11/03/85,1985,1980,Hombres G,España,grupo,"['rock', 'rock en espanol', 'pop', 'spanish rock', 'rock en español', 'pop rock', 'spanish pop']",rock,NM,,,,,True,False
938171,Hombres G,Visite Nuestro Bar,4,1827,28/04/86,1986,1980,La Cagaste... Burt Lancaster,España,grupo,"['rock', 'rock en espanol', 'pop', 'spanish rock', 'rock en español', 'pop rock', 'spanish pop']",rock,NM,,,,,True,False
9382477,"YSY A, Koki LS & SPONSOR DIOS",SUBIDÓN,7,2073,04/08/23,2023,2020,Primera fila,México,mujer,"['trap argentino', 'uk drill', 'trap', 'gordo ingles', 'latin trap', 'margaret thatcher', 'pig', 'british', 'overrated', 'dance-pop', 'pop']",trap argentino,M,1,0,1,Y,True,False
9389150,Lola Indigo & Pepe y Vizio,DE PLASTILINA,10,1968,19/10/23,2023,2020,GRX,España,mujer,"['pop', 'dance', 'latin pop', 'reggaeton', 'lola indigo', 'brazilian funk', 'upcoming album 2023', 'electropop', 'dance-pop', 'funk carioca']",pop,NM,,,,,True,False
9394324,Proximo Nivel & Los K-Bros,Me Vale Madre,6,1753,04/08/23,2023,2020,Norteños Sin Limites,México,grupo,['corrido tumbado'],corrido tumbado,M,1,0,0,Y,True,False
939813,Rocío Jurado,Mañana sale,9,1320,,1981,1980,Canciones de España,España,mujer,"['pop', 'flamenco', 'copla', 'female vocalist', 'world', 'oldies']",pop,NM,,,,,True,False
940202,Rubén Blades y Seis del Solar,El Padre Antonio y El Monaguillo Andrés,9,1778,,1948,1940,Buscando América,Panamá,hombre,['salsa'],salsa,NM,,,,,True,False
9403143,Gabito Ballesteros & Natanael Cano,El Boss,9,1094,28/03/24,2024,2020,THE GB,México,hombre,"['producer', 'corridos', 'corridos tumbados', '2020s', 'rkt']",producer,M,1,0,0,Y,True,False
9405281,Aitana & Danna Paola,AQYNE,7,1298,22/09/23,2023,2020,alpha,España,mujer,"['pop', 'rock', 'pop rock', 'latin pop', 'trash pop', 'electro-pop', 'electropop', 'female vocals', '2020s']",pop,NM,0,0,0,N,False,True
940694,Hombres G & Albert Hammond,Te vi,6,860,29/11/11,2011,2010,En La Playa,España,grupo,"['rock', 'rock en espanol', 'pop', 'spanish rock', 'rock en español', 'pop rock', 'spanish pop']",rock,NM,,,,,True,False
9412774,HERNAN TREJO,El Morral,7,987,11/08/23,2023,2020,Te olvidaré,México,hombre,"['corrido', 'narcocorrido', 'regional mexicano']",corrido,NM,,,,,True,False
9416959,Carlos Vives & Juanes,Las Mujeres,6,1725,17/08/23,2023,2020,Las mujeres,Colombia,hombre,"['vallenato', 'cumbia', 'pop', 'carlos vives', 'rock', 'latin pop', 'colombian pop', 'international', 'pop en español', 'reggaeton', 'salsa', 'south american traditions', 'tropical']",vallenato,M,0,0,1,Y,True,False
941711,Gloria Trevi,Todos Me Miran,7,1494,27/03/06,2006,2000,La Trayectoria,México,mujer,"['pop', 'gloria trevi', 'latin pop', 'rock', 'pop rock', 'latin rock']",pop,NM,,,,,True,False
9434153,Lenny Tavárez (Ft. Wisin),LLAMÉ PA' VERTE,7,3158,17/08/23,2023,2020,BRILLAR,Puerto Rico,hombre,"['reggaeton', 'trap latino']",reggaeton,M,1,0,1,Y,False,True
9440806,"SwaggGlock, Neelo & Kidd Keo",BESOS,7,2532,26/08/23,2023,2020,Bando Boyz: The Trap House Mixtape,España,hombre,['trap'],trap,M,1,1,0,Y,False,True
944470,Armando Manzanero,Esta tarde vi llover,6,413,,1991,1990,A mi amor...Con mi amor,México,hombre,"['bolero', 'armando manzanero', 'boleros', 'pop', 'world', 'latin pop']",bolero,NM,,,,,True,False
9458505,Lola Indigo & DELLAFUENTE,MALA SUERTE,10,2502,01/09/23,2023,2020,GRX,España,mujer,"['pop', 'dance', 'latin pop', 'reggaeton', 'lola indigo', 'brazilian funk', 'upcoming album 2023', 'electropop', 'dance-pop', 'funk carioca']",pop,NM,,,,,True,False
9459410,16 bits,Atado a Tierra (Earthbound),8,656,25/08/23,2023,2020,"Perdiendo Peleas, Ganando Amigos (Vol. 2)",Perú,grupo,"['dubstep', 'electronic', 'bass', '16 bit', 'techno', 'filthstep', 'british', 'heavy dubstep', 'brostep', 'indie rock', 'pop punk', 'rock']",dubstep,NM,,,,,True,False
9459415,Ruben Sam (Ft. Nebula [PR]),La Fundación,5,2416,,1931,1930,Tagwut,Argentina,grupo,"['soul', 'gospel', 'rhythm & blues', 'southern soul', 'vocal jazz', 'rhythm and blues', 'pop soul', 'standards', 'traditional pop', 'r&b', 'black gospel', 'early r&b', 'classic soul', 'vocal', 'soul and reggae', 'aln-sh', 'death by gun']",soul,M,1,0,1,Y,True,False
9460650,La Pantera & BDP Music (Producer),RIU Palace,6,2266,24/08/23,2023,2020,RIU Palace,España,hombre,"['groove metal', 'heavy metal', 'thrash metal', 'metal', 'glam metal', 'southern metal', 'american', 'nu metal', 'power metal', 'hardcore punk', 'glam', 'dance and electronica', 'trash speed metal', 'estados unidos']",groove metal,M,1,1,0,Y,False,True
9463491,Quevedo,SHIBATTO,6,2066,22/11/24,2024,2020,BUENAS NOCHES,España,hombre,"['reggaeton', 'rap', 'hip-hop', 'hip hop', 'dance pop']",reggaeton,M,1,1,1,Y,False,True
9465060,Estopa,Feliz,6,1509,,1999,1990,La maqueta,España,grupo,"['flamenco', 'pop', 'rock', 'rumba', 'estopa', 'pop rock']",flamenco,M,1,0,0,N,False,True
9470794,Aitana,Luna,6,1226,22/09/23,2023,2020,alpha,España,mujer,"['pop', 'rock', 'pop rock', 'latin pop', 'trash pop', 'electro-pop']",pop,NM,,,,,True,False
9473682,Nil Moliner,LUCES DE CIUDAD,11,990,25/08/23,2023,2020,Lugar Paraíso,España,hombre,"['pop', 'indie pop', 'pop rock']",pop,NM,,,,,True,False
947414,Pibes Chorros,Las Pibas Quieren Sexo,6,1040,08/04/03,2003,2000,Criando Cuervos,Argentina,grupo,"['cumbia villera', 'cumbia', 'los pibes chorros', 'comedy', 'dance', 'salsa', 'cumbia argentina', 'lol']",cumbia villera,M,1,0,0,Y,True,False
9487462,Ptazeta,Relajao,8,2096,01/09/23,2023,2020,GORGONA,España,mujer,"['rap', 'pop', 'spanish rap', 'trap']",rap,M,1,0,1,Y,True,False
948891,Bertin Osborne,"Chao, chao bambina",4,522,,2000,2000,Mayor de edad,España,hombre,"['espana', 'navidul', 'grupo1', 'madrid']",espana,NM,,,,,True,False
94950,Violadores del Verso,Trae Ese Ron,9,6239,11/01/01,2001,2000,Vicios y Virtudes,España,grupo,"['hip-hop', 'rap', 'spanish hip-hop', 'hip hop', 'spanish rap', 'zaragoza', 'doble v', 'violadores del verso', 'rap solo']",hip-hop,NM,,,,,True,False
9495894,"Lucho RK, Quevedo & La Pantera",Otra Noche en Madrid*,6,1261,,2000,2000,sencillo,España,hombre,"['canarias', 'urban']",canarias,NM,,,,,True,False
9504991,Mentiras el Musical,Pobre secretaria,6,1350,08/09/09,2009,2000,Mentiras El Musical,México,hombre,"['musical theatre', 'musical', ""80's"", 'obras de teatro', 'musicales']",musical theatre,M,1,0,1,Y,True,False
9513564,"Natos y Waor, Delaossa & Ill Pekeño",Montecarlo,4,2810,14/09/23,2023,2020,Barras Bravas,España,grupo,['rap'],rap,M,1,0,0,N,True,False
9513611,"Juseph, La Pantera & BDP Music (Producer)",All In,8,2869,19/10/23,2023,2020,All In,España,hombre,"['post-metal', 'post-rock', 'doom', 'instrumental', 'atmospheric sludge', 'doom metal', 'sludge', 'atmospheric sludge metal', 'portugal', 'ambient']",post-metal,M,1,1,1,N,True,False
9536985,La Pantera & BlueFire,PLAYA X PLAYA,7,2035,30/11/23,2023,2020,PLAYA X PLAYA,España,hombre,"['groove metal', 'heavy metal', 'thrash metal', 'metal', 'glam metal', 'southern metal', 'american', 'nu metal', 'power metal', 'hardcore punk', 'glam', 'dance and electronica', 'trash speed metal', 'estados unidos']",groove metal,M,1,0,0,N,True,False
9544086,"Dan García, Ptazeta & VV Brujo",Tirando Flow Sesh #13,8,1473,30/05/24,2024,2020,TFS,Estados Unidos,hombre,"['rap', 'hip-hop', 'trap', 'audiobook', 'author', 'has german audiobooks']",rap,M,1,0,0,N,True,False
955614,Bustamante & Alex,Dos hombres Y Un Destino,7,974,20/05/02,2002,2000,Bustamante,España,hombre,"['pop', 'operacion triunfo', 'latin pop', 'need to rate', 'david bustamante']",pop,NM,,,,,True,False
9558307,"Movimiento Original, Chystemc, Portavoz, Rick Santino, Sativanderground, Jet Castillo, Ambar Luna, GRAFY, ZIMAGEN, Semillah Skillz & Sabotage (CHL)",Enfermos Del Rap 2023,11,4512,04/09/23,2023,2020,Sobre el aire,Chile,grupo,"['reggae', 'hip hop chileno', 'hip-hop', 'rap chileno', 'rnb', 'rock chileno', 'pop chileno', 'daft punk']",reggae,NM,,,,,True,False
9559323,Bellakath & Dani Flow,Reggaeton Champagne,6,2564,05/10/23,2023,2020,Kittyponeo,México,mujer,"['reggaeton', 'cumbiaton', 'brutal death metal', 'neoperreo', 'bellakath', 'pop', 'paulina rubio', 'experimental', 'disambiguation spam']",reggaeton,M,1,0,1,N,True,False
956275,Los Rodríguez,Me Estás Atrapando Otra Vez (En Vivo 96),8,1575,,1990,1990,Hasta Luego,España,grupo,"['rock argentino', 'rock', 'rock en espanol', 'spanish rock', 'rock en español', 'pop']",rock argentino,NM,,,,,True,False
9563689,Eladio Romero Santos,La Mujer Policía,8,1595,,2000,2000,"La bailadora, vol. 3",República Dominicana,hombre,['bachata'],bachata,M,0,0,1,Y,True,False
958711,Los Rieleros Del Norte,Ayer La Vi Por La Calle,5,844,,2001,2000,El Maquinista,México,grupo,"['norteño', 'los', 'norteno', 'folk', 'rieleros', 'regional mexican', 'unaaventura', 'regional mexicano']",norteño,M,0,1,1,Y,False,True
959253,Mecano,Naturaleza muerta,11,1157,,2005,2000,Aidalai,España,grupo,"['pop', 'spanish pop', 'post-punk', 'new wave', 'mecano', 'synthpop']",pop,NM,0,0,0,N,False,True
9599615,Once & Valeria,Ese Beso,5,1387,21/09/23,2023,2020,Desde el sótano,Perú,grupo,"['soundtrack', 'a movie that can sing', '5 stars', 'glen hansard', 'sountrack', 'pelicula', 'need to rate', 'rating 5 stars - ok', 'symphonic-metal']",soundtrack,NM,,,,,True,False
9610621,Melendi & Natos y Waor,Sé Lo Que Hicisteis,7,1880,10/11/23,2023,2020,20 Años Sin Noticias,España,hombre,"['pop', 'flamenco', 'new flamenco', 'rumba', 'melendi', 'rock', 'balada romántica', 'pop rock', 'salamanca', 'moko amargo']",pop,M,1,0,0,N,True,False
9610728,XTRIONIKA,Quedate un poco mas,6,639,22/12/22,2022,2020,Laguna Mental,Argentina,grupo,"['pop', 'ambient', 'electropop', 'electronic', 'dream pop', 'experimental']",pop,NM,,,,,True,False
9613520,"Anuel AA, Quevedo & Maluma",OA,8,3598,13/10/23,2023,2020,OA,Puerto Rico,hombre,"['reggaeton', 'trap', 'rap', 'latin trap', 'hip-hop', 'trap latino', 'bellakeo', 'latin urban']",reggaeton,M,1,1,0,Y,True,False
9614081,Bad Bunny,NADIE SABE,4,4328,13/10/23,2023,2020,nadie sabe lo que va a pasar mañana,Puerto Rico,hombre,"['reggaeton', 'trap', 'trap latino', 'latin pop', 'rap', 'latin rap', 'pop rap', 'latin trap', 'hip hop']",reggaeton,NM,,,,,True,False
964487,Timbiriche,Con Todos Menos Conmigo,4,1174,,1982,1980,"Timbiriche, Vol. 7",México,grupo,"['timbiriche', 'mexican pop', 'pop', 'paulina rubio', 'timbiriche 25', 'timbiriche -con todos menos konmigo', 'teen pop']",timbiriche,NM,,,,,True,False
9648808,Ptazeta,Toto,9,2003,20/10/23,2023,2020,GORGONA,España,mujer,"['rap', 'pop', 'spanish rap', 'trap']",rap,M,1,1,1,Y,True,False
9649208,Lola Indigo & Maka,EL CONDENAO,7,1523,15/12/23,2023,2020,GRX,España,mujer,"['pop', 'dance', 'latin pop', 'reggaeton', 'lola indigo', 'brazilian funk', 'upcoming album 2023', 'electropop', 'dance-pop', 'funk carioca']",pop,M,0,1,1,Y,True,False
9650654,Lola Indigo & La Zowi,YO TENGO UN NOVIO,7,2403,15/12/23,2023,2020,GRX,España,mujer,"['pop', 'dance', 'latin pop', 'reggaeton', 'lola indigo', 'brazilian funk', 'upcoming album 2023', 'electropop', 'dance-pop', 'funk carioca']",pop,M,1,0,0,N,True,False
9651793,Lola Indigo & SAIKO,UNA BACHATA,7,1977,02/02/24,2024,2020,GRX,España,mujer,"['pop', 'dance', 'latin pop', 'reggaeton', 'lola indigo', 'brazilian funk', 'upcoming album 2023', 'electropop', 'dance-pop', 'funk carioca']",pop,NM,,,,,True,False
965972,Luis Miguel,Usted,5,990,19/11/91,1991,1990,Romance,México,hombre,"['boleros', 'baladas', 'pop', 'luis miguel', 'latin pop']",boleros,NM,,,,,True,False
9664751,Wilo & Negro,Arma De Fuego,10,2283,,2014,2010,DJ Stefano 5,República Dominicana,grupo,['dembow'],dembow,NM,,,,,True,False
9668059,Maldita Vecindad y Los Hijos del Quinto Patio,El Malasuerte,9,1401,,1985,1980,Mostros,México,grupo,"['rock en espanol', 'ska', 'rock mexicano', 'rock', 'rock en español', 'ciudad de mexico']",rock en espanol,NM,,,,,True,False
968544,Amanda Miguel,El Gato Y Yo,5,823,01/01/83,1983,1980,"Mexicanos, Vol. 2",Argentina,mujer,"['pop', 'para hacer aseo', 'latin pop', 'baladas', 'plancha', 'glam', 'adult contemporary']",pop,M,1,1,0,N,True,False
968950,Cuca,El son del dolor,8,1287,,2001,2000,La Invasión De Los Blátidos,México,grupo,"['rock', 'rock en español', 'rock en espanol', 'hard rock', 'rock mexicano', 'cuca', 'mexican rock']",rock,NM,,,,,True,False
9693787,Los Del Limit,A veces Lloro,5,478,03/11/23,2023,2020,Cantando y Llorando,México,grupo,['corridos tumbados'],corridos tumbados,NM,,,,,True,False
969467,Los Tigres Del Norte,La Banda del Carro Rojo,7,1043,,1968,1960,La Banda Del Carro Rojo,Estados Unidos,grupo,"['norteño', 'corridos', 'folk', 'los tigres del norte', 'el nino y la boda', 'contrabando y traicion']",norteño,NM,,,,,True,False
9697081,"Peso Pluma, Junior H & Óscar Maydon",ROMPE LA DOMPE,9,1440,28/12/23,2023,2020,ÉXODO,México,hombre,"['reggaeton', 'corridos tumbados', 'mierda', 'corrido tumbado', 'corridos belicos', 'corridos', 'regional mexicano', 'pop']",reggaeton,M,1,0,1,Y,True,False
971377,Azúcar Moreno,De Lo Que Te Has Perdido,5,772,,1994,1990,El amor,España,grupo,"['pop', 'eurovision', 'flamenco', 'dance', 'duos', 'espagnol']",pop,NM,0,0,0,N,False,True
9713874,"Soolking, Lola Indigo & Rvfv",Casanova,13,3360,08/12/23,2023,2020,NRJ 300% Hits 2024,DZ,hombre,"['algeria', 'algerian', 'rap', 'french', 'francophone', 'french rap', 'hip-hop', 'artistes', 'hip hop']",algeria,M,0,0,1,Y,True,False
9715841,DAPS (ESP),BENDITO DESORDEN,9,1600,09/11/23,2023,2020,EL JARDÍN DEL ÁNGEL CAÍDO,Estados Unidos,hombre,['trap'],trap,NM,,,,,True,False
9715849,DAPS (ESP),EL DIARIO DE DVPS,3,512,09/11/23,2023,2020,EL JARDÍN DEL ÁNGEL CAÍDO,España,hombre,['trap'],trap,NM,,,,,True,False
9715852,DAPS (ESP),SIN RUMBO,4,815,09/11/23,2023,2020,EL JARDÍN DEL ÁNGEL CAÍDO,España,grupo,['trap'],trap,NM,,,,,True,False
9715857,DAPS (ESP),MI LUGAR,9,1998,09/11/23,2023,2020,EL JARDÍN DEL ÁNGEL CAÍDO,España,grupo,['trap'],trap,NM,,,,,True,False
9715859,DAPS (ESP),DREAMWORKS,13,2424,09/11/23,2023,2020,EL JARDÍN DEL ÁNGEL CAÍDO,España,grupo,['trap'],trap,NM,,,,,True,False
9715860,DAPS (ESP),ÁNGEL CAÍDO,6,2148,09/11/23,2023,2020,EL JARDÍN DEL ÁNGEL CAÍDO,Puerto Rico,mujer,"['hip hop', 'reggaeton', 'international', 'latin pop', 'latin rap', 'latin urban', 'tropical', 'urbano', 'urbano latino']",hip hop,NM,,,,,True,False
9716405,TAWA (ESP),El Precio del Amor,6,993,07/06/20,2020,2020,Hija de la Luna - EP,España,mujer,['trap'],trap,NM,0,0,0,N,False,True
9719980,La Materialista (Ft. Yomel El Meloso),Desacátate,9,3701,09/05/22,2022,2020,Brum Brum,República Dominicana,hombre,['dembow'],dembow,M,1,1,1,Y,True,False
972419,Azúcar Moreno,Piel de Seda,5,1075,,2014,2010,Amén,España,grupo,"['pop', 'eurovision', 'flamenco', 'dance', 'duos', 'espagnol']",pop,NM,,,,,True,False
972606,Marco Antonio Solís,Mi Eterno Amor Secreto,4,841,,2014,2010,Trozos De Mi Alma,México,hombre,"['marco antonio solis', 'romantica', 'pop', 'latin pop', 'juan gabiel', 'los bukis', 'ballad', 'ranchera']",marco antonio solis,NM,,,,,True,False
9738363,Arcángel,El Palo,7,2982,17/11/23,2023,2020,"Sentimiento, Elegancia y Más Maldad",Puerto Rico,hombre,"['flamenco', 'contemporary flamenco', 'reggaeton', 'nuevo flamenco', 'trap', 'cantaor', 'latin urban', 'trap latino']",flamenco,M,0,0,1,Y,True,False
974098,José Luis Perales,Me Llamas,6,1040,02/06/79,1979,1970,Tiempo de Otoño,España,hombre,"['jose luis perales', 'pop', 'recuerdos', 'bolero', 'chanson', 'jazz', 'latin ballad', 'latin pop', 'trova']",jose luis perales,NM,,,,,True,False
9743748,Movimiento Original,Mama Pacha,9,4159,16/11/23,2023,2020,Sobre El Aire,Chile,grupo,"['reggae', 'hip hop chileno', 'hip-hop', 'rap chileno', 'rnb', 'rock chileno', 'pop chileno', 'daft punk']",reggae,NM,,,,,True,False
975142,Estopa,Malabares,9,1811,16/11/05,2005,2000,Voces de Ultrarumba,España,grupo,"['flamenco', 'pop', 'rock', 'rumba', 'estopa', 'pop rock']",flamenco,NM,,,,,True,False
9754248,Andrés Cepeda,Ojalá Que Te Mueras (Guitarra y Voz Live),5,846,24/08/17,2017,2010,Guitarra y Voz Desde el Teatro Colón de Bogotá (Live),Colombia,hombre,"['latin pop', 'pop', 'andres cepeda', 'rock colombiano', 'pop rock']",latin pop,NM,0,0,0,N,False,True
975460,Rata Blanca,La Leyenda del Hada y el Mago,14,1430,24/04/90,1990,1990,"Magos, Espadas y Rosas",Argentina,grupo,"['heavy metal', 'power metal', 'rock', 'metal', 'hard rock', 'spanish metal', 'latin metal', 'rock argentino', 'latin rock']",heavy metal,NM,,,,,True,False
9757757,Álvaro Díaz & Quevedo,QUIZÁS SI QUIZÁS NO,9,2545,23/11/23,2023,2020,SAYONARA,Puerto Rico,hombre,"['alvaro diaz', 'rap', 'hip hop', 'reggaeton']",alvaro diaz,NM,0,0,0,N,False,True
975798,Edith Márquez,Por Hablarle De Ti,9,1203,,2003,2000,Frente a ti,México,mujer,"['edith marquez', 'pop', 'bolero', 'balada', 'soft rock']",edith marquez,NM,0,0,0,N,False,True
976537,Los Rodríguez,El Tiempo Lo Dirá,6,1411,24/04/95,1995,1990,"Palabras Más, Palabras Menos",España,grupo,"['rock argentino', 'rock', 'rock en espanol', 'spanish rock', 'rock en español', 'pop']",rock argentino,NM,,,,,True,False
9768967,"Kaze, Toni Anzis & Ptazeta",GUAPA CABREÁ,6,2203,29/11/23,2023,2020,NOMBRE DIRECCIÓN,España,hombre,"['underground hip-hop', 'free jazz', 'north carolina', 'hip-hop', 'underground hip hop', 'jazz', 'japanese', 'rap', 'percussion', 'hip hop', 'southern hip hop']",underground hip-hop,M,1,0,1,Y,True,False
977013,Julio Iglesias,La Paloma,4,472,,1943,1940,Momentos,España,hombre,"['pop', 'julio iglesias', 'latin pop', 'romantic', 'easy listening', 'tango']",pop,NM,,,,,True,False
9778562,Xavi (MEX),La Diabla,4,886,30/11/23,2023,2020,NEXT,Estados Unidos,hombre,"['corrido tumbado', 'música mexicana contemporánea', 'regional mexicano']",corrido tumbado,M,1,0,1,Y,True,False
978137,Xtreme (Band),No me digas que no,10,1637,,2007,2000,Haciendo Historia,Estados Unidos,grupo,"['bachata', 'rock', 'heartland rock', 'pop rock']",bachata,NM,,,,,True,False
982839,Rocío Jurado,Pastora Imperio,8,1055,,1993,1990,Canciones de España (Inéditas),España,mujer,"['pop', 'flamenco', 'copla', 'female vocalist', 'world', 'oldies']",pop,NM,,,,,True,False
9832231,MECHAYRXMEO & Il Nene De Oro,Fino y Elegante,7,2783,20/01/24,2024,2020,RX (Un lujo) - EP,España,hombre,"['detroit', 'trap']",detroit,M,1,0,1,Y,True,False
983597,Yoskar Sarante,Guitarra,12,868,,2002,2000,... No es Casualidad,República Dominicana,hombre,"['bachata', 'salsa', 'latin-bachata', 'dance', 'el vrother', 'yoskar sarante', 'dominican']",bachata,NM,0,0,0,N,False,True
9838639,Óscar Maydon,Solo Una Noche,6,850,22/12/23,2023,2020,DISTORSIÓN,Argentina,hombre,"['tango', 'tango singer', 'jazz', 'piano jazz', 'canadian', 'bebop', 'cool jazz', 'standards', 'hard bop', 'vocal jazz', 'death by kidney failure']",tango,M,1,0,1,Y,False,True
9841802,Luna de Cáncer,Los Rezos,4,420,,2003,2000,En Lo Profundo,México,grupo,"['gothic rock', 'rock', 'world', 'alternative rock', 'visual kei', 'gothic', 'j-rock', 'major', 'soft visual', 'kurofuku kei']",gothic rock,NM,,,,,True,False
9842701,Robe,El hombre pájaro,10,1736,15/12/23,2023,2020,Se nos lleva el aire,España,hombre,"['drone', 'noise', 'experimental', 'dark ambient', 'ambient', 'rock', 'doom', 'drone doom', 'minimalism', 'progressive rock']",drone,NM,,,,,True,False
9844418,DENNA (ESP),Dragón,6,1469,18/12/23,2023,2020,OT Gala 4 (Operación Triunfo 2023),España,mujer,['trap'],trap,M,0,1,0,N,True,False
9844422,RUSLANA (ESP) & Naiara,Salvaje,6,1131,18/12/23,2023,2020,Lo Mejor de Naiara (Operación Triunfo 2023),España,mujer,['pop'],pop,M,1,0,0,N,True,False
986554,Roxette,Cuánto Lo Siento (I'm Sorry),8,936,21/10/96,1996,1990,Baladas en español (Complete Collection),SE,grupo,"['pop', 'rock', 'swedish', 'pop rock', 'roxette', 'pop-rock', 'soft rock', 'europop', 'adult contemporary', 'contemporary pop/rock', 'dance-pop', 'euro-pop', 'european', 'power pop', 'swedish pop', 'swedish pop/rock']",pop,NM,,,,,True,False
9879424,ALEZ (ESP),Bailemos,7,759,01/01/24,2024,2020,OT Gala 5 (Operación Triunfo 2023),Argentina,hombre,['trap'],trap,NM,,,,,True,False
988148,El Gran Combo de Puerto Rico,Brujeria,5,1109,,2021,2020,Aqui No Se Sienta Nadie!,Puerto Rico,grupo,"['salsa', 'el gran combo de puerto rico', 'el gran combo de pueel gran combo de puerto ricorto rico', 'lounge', 'dance', 'chillosophy', 'global fusion', 'chill906', 'bolero']",salsa,M,0,0,1,Y,True,False
989196,Rubén Blades,Me Recordarás,7,617,,1948,1940,Metiendo Mano,Panamá,hombre,"['salsa', 'world', 'chillout', 'guitar', 'lounge', 'funky jazz', 'indie']",salsa,NM,,,,,True,False
991116,David Bisbal,Cuidar Nuestro Amor,5,898,,1979,1970,Premonición,España,hombre,"['pop', 'latin pop', 'davis bisbal', 'david bisbal', 'operacion triunfo', 'spanish pop']",pop,NM,,,,,True,False
9926007,Paul Thin & RUSLANA (ESP),"Ptazeta: Bzrp Music Sessions, Vol. 45",9,2700,15/01/24,2024,2020,Lo Mejor de Paul Thin (Operación Triunfo 2023),España,hombre,"['pop', 'indie', 'ot 2023', 'operacion triunfo', 'operacion triunfo 2023', 'reality show', 'hard rock', 'rock', 'heavy metal', 'metal', 'classic rock', 'soft rock', 'pop rock', 'celtic rock', 'blues rock', 'classic pop and rock', 'iswcs pending']",pop,M,1,1,0,N,True,False
9930973,Delilah Cabrera,Amor Perdido,5,897,12/01/24,2024,2020,Amor Perdido,Estados Unidos,mujer,"['pop', 'dubstep', 'british', 'singer', 'acoustic', 'soul']",pop,NM,0,0,0,N,False,True
993333,Héroes Del Silencio,Iberia Sumergida,4,776,18/09/95,1995,1990,Avalancha,España,grupo,"['rock', 'spanish rock', 'hard rock', 'rock en espanol', 'gothic rock', 'rock en español', 'alternative rock', 'rock español']",rock,NM,,,,,True,False
9937820,Pedro Alonso (Ft. Tristan Ulloa),Felicidad (De La Serie 'Berlín' De Netflix),4,1372,28/11/23,2023,2020,Berlín (Soundtrack de la serie de Netflix),México,hombre,"['ranchera', 'death by airplane']",ranchera,NM,0,0,0,N,False,True
9950208,Ptazeta & Lali,A Oscuras,8,1207,18/01/24,2024,2020,GORGONA,España,mujer,"['rap', 'pop', 'spanish rap', 'trap']",rap,M,1,0,0,N,True,False
9958118,Dani Fernández,Todo cambia,7,1477,18/01/24,2024,2020,La Jauría,España,hombre,"['little star', 'treble', 'twink', 'under 3000 plays', 'youngstar', 'under 90 listeners', 'sapanish', 'under 100 listeners', 'spanish male vocalists']",little star,NM,,,,,True,False
997242,Rocío Jurado,No me llames Dolores,4,895,,1967,1960,Proceso a una estrella,España,mujer,"['pop', 'flamenco', 'copla', 'female vocalist', 'world', 'oldies']",pop,NM,,,,,True,False
9975550,Gaby Moreno,La Espinita,7,1566,,1981,1980,"Mujeres Por Colombia, Vol. 2",Guatemala,mujer,"['jazz', 'blues', 'soul', 'kgrl', 'luisterpaal', 'american', 'rhythm and blues']",jazz,NM,,,,,True,False
997622,Julio Iglesias,Milonga,16,1564,,1943,1940,Calor,España,hombre,"['pop', 'julio iglesias', 'latin pop', 'romantic', 'easy listening', 'tango']",pop,M,0,0,1,Y,True,False
9978812,Juan Gabriel (Ft. Isabel Pantoja),Así Fue (Dúo),11,1805,03/02/15,2015,2010,Los Dúo (Deluxe Version),México,hombre,"['flamenco', 'sevillanas', 'copla', 'latin ballad']",flamenco,NM,,,,,True,False
998018,Luis Miguel,Dormir contigo,7,876,,1970,1970,Amarte Es Un Placer,México,hombre,"['boleros', 'baladas', 'pop', 'luis miguel', 'latin pop']",boleros,NM,0,0,0,N,False,True
998199,Los Rodríguez,Cuando T Has Ido (Demo '92),5,1150,18/11/96,1996,1990,Sin Documentos,España,grupo,"['rock argentino', 'rock', 'rock en espanol', 'spanish rock', 'rock en español', 'pop']",rock argentino,NM,,,,,True,False
99880,"Héctor ""El Father"" (Ft. Divino)",Noche de Travesura,9,2852,12/10/04,2004,2000,Flow La Discoteka,Puerto Rico,hombre,"['latin urban', 'reggaeton', 'classical', 'composer', 'french', 'french composer', 'opera', 'romantic classical', 'european', 'production music']",latin urban,M,1,1,0,Y,True,False
9990883,Mono Zabaleta,Hoy Te Vi,8,1379,27/01/24,2024,2020,MONO,Argentina,grupo,['vallenato'],vallenato,NM,,,,,True,False
9992704,Luani,Si Me Faltas Tú,9,2047,09/02/24,2024,2020,Soñar,España,hombre,['pop'],pop,NM,,,,,True,False
9999947,Natanael Cano,Ya Te Olvidé,7,1089,15/05/24,2024,2020,Ya te olvide,México,hombre,"['corridos tumbados', 'corridos', 'regional mexicano', 'mierda', 'trap', 'sierreno', 'reggaeton', 'corrido tumbado', 'trap latino']",corridos tumbados,NM,0,0,0,N,False,True
